{"textures":{"0":"modelengine:entity/orc_warrior"},"elements":[{"from":[4.0,6.25,4.0796447],"to":[12.0,11.250002,9.079644],"faces":{"east":{"uv":[5.6895,4.3145,5.998,4.623],"tintindex":0,"rotation":0,"texture":"#0"},"south":{"uv":[2.9395,4.377,3.4355,4.6855],"tintindex":0,"rotation":0,"texture":"#0"},"north":{"uv":[4.377,1.8145,4.873,2.123],"tintindex":0,"rotation":0,"texture":"#0"},"west":{"uv":[5.3145,5.6895,5.623,5.998],"tintindex":0,"rotation":0,"texture":"#0"},"up":{"uv":[4.873,3.248,4.377,2.9395],"tintindex":0,"rotation":0,"texture":"#0"},"down":{"uv":[4.8105,4.377,4.3145,4.6855],"tintindex":0,"rotation":0,"texture":"#0"}}},{"from":[4.0,11.250002,1.0796442],"to":[12.0,16.250002,9.079644],"faces":{"east":{"uv":[0.8145,4.3145,1.3105,4.623],"tintindex":0,"rotation":0,"texture":"#0"},"south":{"uv":[1.377,4.3145,1.873,4.623],"tintindex":0,"rotation":0,"texture":"#0"},"north":{"uv":[4.252,3.627,4.748,3.9355],"tintindex":0,"rotation":0,"texture":"#0"},"west":{"uv":[4.3145,4.002,4.8105,4.3105],"tintindex":0,"rotation":0,"texture":"#0"},"up":{"uv":[2.6855,3.5605,2.1895,3.0645],"tintindex":0,"rotation":0,"texture":"#0"},"down":{"uv":[3.623,0.4395,3.127,0.9355],"tintindex":0,"rotation":0,"texture":"#0"}}},{"from":[0.38082075,10.250002,3.3134732],"to":[5.3808208,16.250002,3.3134732],"faces":{"south":{"uv":[2.998,5.3145,2.6895,5.6855],"tintindex":0,"rotation":0,"texture":"#0"},"north":{"uv":[2.6895,5.3145,2.998,5.6855],"tintindex":0,"rotation":0,"texture":"#0"}},"rotation":{"origin":[8.0,8.25,7.3296447],"angle":22.5,"axis":"y"}},{"from":[7.0,12.250002,2.0796442],"to":[9.0,19.250002,11.079644],"faces":{"east":{"uv":[3.127,1.002,3.6855,1.4355],"tintindex":0,"rotation":0,"texture":"#0"},"south":{"uv":[1.8145,6.377,1.9355,6.8105],"tintindex":0,"rotation":0,"texture":"#0"},"north":{"uv":[2.3145,4.5645,2.4355,4.998],"tintindex":0,"rotation":0,"texture":"#0"},"west":{"uv":[0.002,3.1895,0.5605,3.623],"tintindex":0,"rotation":0,"texture":"#0"},"up":{"uv":[6.1855,6.123,6.0645,5.5645],"tintindex":0,"rotation":0,"texture":"#0"},"down":{"uv":[5.748,6.0645,5.627,6.623],"tintindex":0,"rotation":0,"texture":"#0"}}},{"from":[7.0,11.250002,0.104644775],"to":[9.0,15.250002,1.1046448],"faces":{"east":{"uv":[0.6895,4.377,0.748,4.623],"tintindex":0,"rotation":0,"texture":"#0"},"south":{"uv":[4.377,2.1895,4.498,2.4355],"tintindex":0,"rotation":0,"texture":"#0"},"north":{"uv":[2.002,3.3145,2.123,3.5605],"tintindex":0,"rotation":0,"texture":"#0"},"west":{"uv":[5.0645,0.502,5.123,0.748],"tintindex":0,"rotation":0,"texture":"#0"},"up":{"uv":[3.873,1.4355,3.752,1.377],"tintindex":0,"rotation":0,"texture":"#0"},"down":{"uv":[4.248,0.502,4.127,0.5605],"tintindex":0,"rotation":0,"texture":"#0"}}},{"from":[10.619179,10.250002,3.3134732],"to":[15.619179,16.250002,3.3134732],"faces":{"south":{"uv":[2.6895,5.3145,2.998,5.6855],"tintindex":0,"rotation":0,"texture":"#0"},"north":{"uv":[2.998,5.3145,2.6895,5.6855],"tintindex":0,"rotation":0,"texture":"#0"}},"rotation":{"origin":[8.0,8.25,7.3296447],"angle":-22.5,"axis":"y"}}],"display":{"gui":{"rotation":[30,225,0]}}}