{"textures":{"0":"modelengine:entity/orc_warrior"},"elements":[{"from":[5.9785533,3.6875,4.0249996],"to":[7.9785533,10.687502,12.025],"faces":{"east":{"uv":[3.502,2.6895,3.998,3.123],"tintindex":0,"rotation":0,"texture":"#0"},"south":{"uv":[2.002,6.4395,2.123,6.873],"tintindex":0,"rotation":0,"texture":"#0"},"north":{"uv":[3.627,6.377,3.748,6.8105],"tintindex":0,"rotation":0,"texture":"#0"},"west":{"uv":[2.002,3.627,2.498,4.0605],"tintindex":0,"rotation":0,"texture":"#0"},"up":{"uv":[5.9355,6.5605,5.8145,6.0645],"tintindex":0,"rotation":0,"texture":"#0"},"down":{"uv":[0.123,6.127,0.002,6.623],"tintindex":0,"rotation":0,"texture":"#0"}}},{"from":[3.3964467,5.635647,14.648075],"to":[5.3964467,8.635649,16.648075],"faces":{"east":{"uv":[6.8145,6.5645,6.9355,6.748],"tintindex":0,"rotation":0,"texture":"#0"},"south":{"uv":[6.8145,6.8145,6.9355,6.998],"tintindex":0,"rotation":0,"texture":"#0"},"north":{"uv":[6.8145,6.3145,6.9355,6.498],"tintindex":0,"rotation":0,"texture":"#0"},"west":{"uv":[0.002,6.877,0.123,7.0605],"tintindex":0,"rotation":0,"texture":"#0"},"up":{"uv":[5.873,2.873,5.752,2.752],"tintindex":0,"rotation":0,"texture":"#0"},"down":{"uv":[2.3105,6.9395,2.1895,7.0605],"tintindex":0,"rotation":0,"texture":"#0"}},"rotation":{"origin":[16.766438,-4.5625,7.193679],"angle":-45.0,"axis":"x"}},{"from":[0.9785533,1.6875,4.0249996],"to":[7.9785533,3.6875,12.025],"faces":{"east":{"uv":[4.127,6.127,4.623,6.248],"tintindex":0,"rotation":0,"texture":"#0"},"south":{"uv":[6.4395,5.002,6.873,5.123],"tintindex":0,"rotation":0,"texture":"#0"},"north":{"uv":[6.4395,2.002,6.873,2.123],"tintindex":0,"rotation":0,"texture":"#0"},"west":{"uv":[6.127,4.627,6.623,4.748],"tintindex":0,"rotation":0,"texture":"#0"},"up":{"uv":[3.748,3.8105,3.3145,3.3145],"tintindex":0,"rotation":0,"texture":"#0"},"down":{"uv":[3.9355,1.502,3.502,1.998],"tintindex":0,"rotation":0,"texture":"#0"}}},{"from":[1.9785533,3.6875,5.0249996],"to":[6.9785533,9.687502,11.025],"faces":{"east":{"uv":[4.502,1.377,4.873,1.748],"tintindex":0,"rotation":0,"texture":"#0"},"south":{"uv":[4.502,5.3145,4.8105,5.6855],"tintindex":0,"rotation":0,"texture":"#0"},"north":{"uv":[5.3145,4.3145,5.623,4.6855],"tintindex":0,"rotation":0,"texture":"#0"},"west":{"uv":[4.5645,0.002,4.9355,0.373],"tintindex":0,"rotation":0,"texture":"#0"},"up":{"uv":[5.623,5.623,5.3145,5.252],"tintindex":0,"rotation":0,"texture":"#0"},"down":{"uv":[5.6855,0.002,5.377,0.373],"tintindex":0,"rotation":0,"texture":"#0"}}},{"from":[3.9785533,0.6875,5.525],"to":[8.978554,8.687502,10.525],"faces":{"east":{"uv":[3.877,4.5645,4.1855,5.0605],"tintindex":0,"rotation":0,"texture":"#0"},"south":{"uv":[0.002,4.6895,0.3105,5.1855],"tintindex":0,"rotation":0,"texture":"#0"},"north":{"uv":[3.502,4.5645,3.8105,5.0605],"tintindex":0,"rotation":0,"texture":"#0"},"west":{"uv":[0.377,4.6895,0.6855,5.1855],"tintindex":0,"rotation":0,"texture":"#0"},"up":{"uv":[6.0605,0.3105,5.752,0.002],"tintindex":0,"rotation":0,"texture":"#0"},"down":{"uv":[6.0605,0.877,5.752,1.1855],"tintindex":0,"rotation":0,"texture":"#0"}}},{"from":[3.8964467,10.187502,11.4],"to":[4.8964467,13.187502,12.4],"faces":{"east":{"uv":[7.0645,4.002,7.123,4.1855],"tintindex":0,"rotation":0,"texture":"#0"},"south":{"uv":[3.377,7.0645,3.4355,7.248],"tintindex":0,"rotation":0,"texture":"#0"},"north":{"uv":[7.0645,3.627,7.123,3.8105],"tintindex":0,"rotation":0,"texture":"#0"},"west":{"uv":[3.502,7.0645,3.5605,7.248],"tintindex":0,"rotation":0,"texture":"#0"},"up":{"uv":[7.1855,5.1855,7.127,5.127],"tintindex":0,"rotation":180,"texture":"#0"},"down":{"uv":[7.1855,5.252,7.127,5.3105],"tintindex":0,"rotation":180,"texture":"#0"}}},{"from":[3.3964467,6.7406025,-1.1557617],"to":[5.3964467,9.7406025,0.8442383],"faces":{"east":{"uv":[0.002,6.877,0.123,7.0605],"tintindex":0,"rotation":0,"texture":"#0"},"south":{"uv":[6.8145,6.3145,6.9355,6.498],"tintindex":0,"rotation":0,"texture":"#0"},"north":{"uv":[6.8145,6.8145,6.9355,6.998],"tintindex":0,"rotation":0,"texture":"#0"},"west":{"uv":[6.8145,6.5645,6.9355,6.748],"tintindex":0,"rotation":0,"texture":"#0"},"up":{"uv":[5.873,2.873,5.752,2.752],"tintindex":0,"rotation":180,"texture":"#0"},"down":{"uv":[2.3105,6.9395,2.1895,7.0605],"tintindex":0,"rotation":180,"texture":"#0"}},"rotation":{"origin":[16.766438,-4.5625,7.193679],"angle":45.0,"axis":"x"}},{"from":[3.8964467,10.187502,3.5500002],"to":[4.8964467,13.187502,4.55],"faces":{"east":{"uv":[3.502,7.0645,3.5605,7.248],"tintindex":0,"rotation":0,"texture":"#0"},"south":{"uv":[7.0645,3.627,7.123,3.8105],"tintindex":0,"rotation":0,"texture":"#0"},"north":{"uv":[3.377,7.0645,3.4355,7.248],"tintindex":0,"rotation":0,"texture":"#0"},"west":{"uv":[7.0645,4.002,7.123,4.1855],"tintindex":0,"rotation":0,"texture":"#0"},"up":{"uv":[7.1855,5.1855,7.127,5.127],"tintindex":0,"rotation":0,"texture":"#0"},"down":{"uv":[7.1855,5.252,7.127,5.3105],"tintindex":0,"rotation":0,"texture":"#0"}}}],"display":{"gui":{"rotation":[30,225,0]}}}