{"textures":{"0":"modelengine:entity/orc_warrior"},"elements":[{"from":[10.603554,5.635647,14.648075],"to":[12.603554,8.635649,16.648075],"faces":{"east":{"uv":[0.123,6.877,0.002,7.0605],"tintindex":0,"rotation":0,"texture":"#0"},"south":{"uv":[6.9355,6.8145,6.8145,6.998],"tintindex":0,"rotation":0,"texture":"#0"},"north":{"uv":[6.9355,6.3145,6.8145,6.498],"tintindex":0,"rotation":0,"texture":"#0"},"west":{"uv":[6.9355,6.5645,6.8145,6.748],"tintindex":0,"rotation":0,"texture":"#0"},"up":{"uv":[5.752,2.873,5.873,2.752],"tintindex":0,"rotation":0,"texture":"#0"},"down":{"uv":[2.1895,6.9395,2.3105,7.0605],"tintindex":0,"rotation":0,"texture":"#0"}},"rotation":{"origin":[0.9093294,-4.5625,7.193679],"angle":-45.0,"axis":"x"}},{"from":[8.021446,3.6875,4.0249996],"to":[10.021446,10.687502,12.025],"faces":{"east":{"uv":[2.498,3.627,2.002,4.0605],"tintindex":0,"rotation":0,"texture":"#0"},"south":{"uv":[2.123,6.4395,2.002,6.873],"tintindex":0,"rotation":0,"texture":"#0"},"north":{"uv":[3.748,6.377,3.627,6.8105],"tintindex":0,"rotation":0,"texture":"#0"},"west":{"uv":[3.998,2.6895,3.502,3.123],"tintindex":0,"rotation":0,"texture":"#0"},"up":{"uv":[5.8145,6.5605,5.9355,6.0645],"tintindex":0,"rotation":0,"texture":"#0"},"down":{"uv":[0.002,6.127,0.123,6.623],"tintindex":0,"rotation":0,"texture":"#0"}}},{"from":[11.103554,10.187502,3.5500002],"to":[12.103554,13.187502,4.55],"faces":{"east":{"uv":[7.123,4.002,7.0645,4.1855],"tintindex":0,"rotation":0,"texture":"#0"},"south":{"uv":[7.123,3.627,7.0645,3.8105],"tintindex":0,"rotation":0,"texture":"#0"},"north":{"uv":[3.4355,7.0645,3.377,7.248],"tintindex":0,"rotation":0,"texture":"#0"},"west":{"uv":[3.5605,7.0645,3.502,7.248],"tintindex":0,"rotation":0,"texture":"#0"},"up":{"uv":[7.127,5.1855,7.1855,5.127],"tintindex":0,"rotation":0,"texture":"#0"},"down":{"uv":[7.127,5.252,7.1855,5.3105],"tintindex":0,"rotation":0,"texture":"#0"}}},{"from":[11.103554,10.187502,11.4],"to":[12.103554,13.187502,12.4],"faces":{"east":{"uv":[3.5605,7.0645,3.502,7.248],"tintindex":0,"rotation":0,"texture":"#0"},"south":{"uv":[3.4355,7.0645,3.377,7.248],"tintindex":0,"rotation":0,"texture":"#0"},"north":{"uv":[7.123,3.627,7.0645,3.8105],"tintindex":0,"rotation":0,"texture":"#0"},"west":{"uv":[7.123,4.002,7.0645,4.1855],"tintindex":0,"rotation":0,"texture":"#0"},"up":{"uv":[7.127,5.1855,7.1855,5.127],"tintindex":0,"rotation":180,"texture":"#0"},"down":{"uv":[7.127,5.252,7.1855,5.3105],"tintindex":0,"rotation":180,"texture":"#0"}}},{"from":[8.021446,1.6875,4.0249996],"to":[15.021446,3.6875,12.025],"faces":{"east":{"uv":[6.623,4.627,6.127,4.748],"tintindex":0,"rotation":0,"texture":"#0"},"south":{"uv":[6.873,5.002,6.4395,5.123],"tintindex":0,"rotation":0,"texture":"#0"},"north":{"uv":[6.873,2.002,6.4395,2.123],"tintindex":0,"rotation":0,"texture":"#0"},"west":{"uv":[4.623,6.127,4.127,6.248],"tintindex":0,"rotation":0,"texture":"#0"},"up":{"uv":[3.3145,3.8105,3.748,3.3145],"tintindex":0,"rotation":0,"texture":"#0"},"down":{"uv":[3.502,1.502,3.9355,1.998],"tintindex":0,"rotation":0,"texture":"#0"}}},{"from":[9.021446,3.6875,5.0249996],"to":[14.021446,9.687502,11.025],"faces":{"east":{"uv":[4.9355,0.002,4.5645,0.373],"tintindex":0,"rotation":0,"texture":"#0"},"south":{"uv":[4.8105,5.3145,4.502,5.6855],"tintindex":0,"rotation":0,"texture":"#0"},"north":{"uv":[5.623,4.3145,5.3145,4.6855],"tintindex":0,"rotation":0,"texture":"#0"},"west":{"uv":[4.873,1.377,4.502,1.748],"tintindex":0,"rotation":0,"texture":"#0"},"up":{"uv":[5.3145,5.623,5.623,5.252],"tintindex":0,"rotation":0,"texture":"#0"},"down":{"uv":[5.377,0.002,5.6855,0.373],"tintindex":0,"rotation":0,"texture":"#0"}}},{"from":[7.0214467,0.6875,5.525],"to":[12.021446,8.687502,10.525],"faces":{"east":{"uv":[0.6855,4.6895,0.377,5.1855],"tintindex":0,"rotation":0,"texture":"#0"},"south":{"uv":[0.3105,4.6895,0.002,5.1855],"tintindex":0,"rotation":0,"texture":"#0"},"north":{"uv":[3.8105,4.5645,3.502,5.0605],"tintindex":0,"rotation":0,"texture":"#0"},"west":{"uv":[4.1855,4.5645,3.877,5.0605],"tintindex":0,"rotation":0,"texture":"#0"},"up":{"uv":[5.752,0.3105,6.0605,0.002],"tintindex":0,"rotation":0,"texture":"#0"},"down":{"uv":[5.752,0.877,6.0605,1.1855],"tintindex":0,"rotation":0,"texture":"#0"}}},{"from":[10.603554,6.7406025,-1.1557617],"to":[12.603554,9.7406025,0.8442383],"faces":{"east":{"uv":[6.9355,6.5645,6.8145,6.748],"tintindex":0,"rotation":0,"texture":"#0"},"south":{"uv":[6.9355,6.3145,6.8145,6.498],"tintindex":0,"rotation":0,"texture":"#0"},"north":{"uv":[6.9355,6.8145,6.8145,6.998],"tintindex":0,"rotation":0,"texture":"#0"},"west":{"uv":[0.123,6.877,0.002,7.0605],"tintindex":0,"rotation":0,"texture":"#0"},"up":{"uv":[5.752,2.873,5.873,2.752],"tintindex":0,"rotation":180,"texture":"#0"},"down":{"uv":[2.1895,6.9395,2.3105,7.0605],"tintindex":0,"rotation":180,"texture":"#0"}},"rotation":{"origin":[0.9093294,-4.5625,7.193679],"angle":45.0,"axis":"x"}}],"display":{"gui":{"rotation":[30,225,0]}}}