{"textures":{"0":"modelengine:entity/orc_warrior"},"elements":[{"from":[5.5,6.0,3.5],"to":[10.5,8.0,10.5],"faces":{"east":{"uv":[6.748,6.377,6.3145,6.498],"tintindex":0,"rotation":0,"texture":"#0"},"south":{"uv":[6.873,2.1895,6.5645,2.3105],"tintindex":0,"rotation":0,"texture":"#0"},"north":{"uv":[3.4355,1.502,3.127,1.623],"tintindex":0,"rotation":0,"texture":"#0"},"west":{"uv":[6.6855,3.877,6.252,3.998],"tintindex":0,"rotation":0,"texture":"#0"},"up":{"uv":[5.002,0.4355,5.3105,0.002],"tintindex":0,"rotation":0,"texture":"#0"},"down":{"uv":[5.002,4.752,5.3105,5.1855],"tintindex":0,"rotation":0,"texture":"#0"}}}],"display":{"gui":{"rotation":[30,225,0]}}}