{"textures":{"0":"modelengine:entity/orc_warrior"},"elements":[{"from":[1.0,8.0,4.0],"to":[15.0,15.000002,12.0],"faces":{"east":{"uv":[3.252,2.1895,3.748,2.623],"tintindex":0,"rotation":0,"texture":"#0"},"south":{"uv":[2.1895,1.1895,3.0605,1.623],"tintindex":0,"rotation":0,"texture":"#0"},"north":{"uv":[2.1895,0.6895,3.0605,1.123],"tintindex":0,"rotation":0,"texture":"#0"},"west":{"uv":[2.752,3.3145,3.248,3.748],"tintindex":0,"rotation":0,"texture":"#0"},"up":{"uv":[2.0605,0.498,1.1895,0.002],"tintindex":0,"rotation":0,"texture":"#0"},"down":{"uv":[2.0605,0.5645,1.1895,1.0605],"tintindex":0,"rotation":0,"texture":"#0"}}}],"display":{"gui":{"rotation":[30,225,0]}}}