{"textures":{"0":"modelengine:entity/orc_warrior"},"elements":[{"from":[2.0,7.166666,5.0],"to":[5.0,11.166666,12.0],"faces":{"east":{"uv":[1.8145,5.627,2.248,5.873],"tintindex":0,"rotation":0,"texture":"#0"},"south":{"uv":[0.8145,6.5645,0.998,6.8105],"tintindex":0,"rotation":0,"texture":"#0"},"north":{"uv":[0.5645,6.5645,0.748,6.8105],"tintindex":0,"rotation":0,"texture":"#0"},"west":{"uv":[3.627,5.627,4.0605,5.873],"tintindex":0,"rotation":0,"texture":"#0"},"up":{"uv":[6.1855,3.998,6.002,3.5645],"tintindex":0,"rotation":0,"texture":"#0"},"down":{"uv":[6.1855,5.0645,6.002,5.498],"tintindex":0,"rotation":0,"texture":"#0"}}},{"from":[6.5,7.166666,3.0],"to":[9.5,9.166666,5.0],"faces":{"east":{"uv":[2.5645,3.627,2.6855,3.748],"tintindex":0,"rotation":0,"texture":"#0"},"south":{"uv":[3.8145,2.502,3.998,2.623],"tintindex":0,"rotation":0,"texture":"#0"},"north":{"uv":[3.252,2.6895,3.4355,2.8105],"tintindex":0,"rotation":0,"texture":"#0"},"west":{"uv":[3.0645,5.3145,3.1855,5.4355],"tintindex":0,"rotation":0,"texture":"#0"},"up":{"uv":[6.9355,3.998,6.752,3.877],"tintindex":0,"rotation":0,"texture":"#0"},"down":{"uv":[6.998,3.6895,6.8145,3.8105],"tintindex":0,"rotation":0,"texture":"#0"}}},{"from":[5.0,7.166666,5.0],"to":[11.0,13.166666,12.0],"faces":{"east":{"uv":[4.002,1.377,4.4355,1.748],"tintindex":0,"rotation":0,"texture":"#0"},"south":{"uv":[4.877,4.3145,5.248,4.6855],"tintindex":0,"rotation":0,"texture":"#0"},"north":{"uv":[4.877,3.877,5.248,4.248],"tintindex":0,"rotation":0,"texture":"#0"},"west":{"uv":[4.0645,2.502,4.498,2.873],"tintindex":0,"rotation":0,"texture":"#0"},"up":{"uv":[3.748,4.3105,3.377,3.877],"tintindex":0,"rotation":0,"texture":"#0"},"down":{"uv":[4.498,0.002,4.127,0.4355],"tintindex":0,"rotation":0,"texture":"#0"}}},{"from":[2.5,9.166666,5.5],"to":[13.5,16.166666,11.5],"faces":{"east":{"uv":[3.8145,3.627,4.1855,4.0605],"tintindex":0,"rotation":0,"texture":"#0"},"south":{"uv":[2.752,1.6895,3.4355,2.123],"tintindex":0,"rotation":0,"texture":"#0"},"north":{"uv":[0.002,2.6895,0.6855,3.123],"tintindex":0,"rotation":0,"texture":"#0"},"west":{"uv":[2.9395,3.877,3.3105,4.3105],"tintindex":0,"rotation":0,"texture":"#0"},"up":{"uv":[3.498,0.373,2.8145,0.002],"tintindex":0,"rotation":0,"texture":"#0"},"down":{"uv":[3.4355,2.877,2.752,3.248],"tintindex":0,"rotation":0,"texture":"#0"}}},{"from":[6.0,9.166666,3.0],"to":[10.0,12.166666,5.0],"faces":{"east":{"uv":[2.6895,5.0645,2.8105,5.248],"tintindex":0,"rotation":0,"texture":"#0"},"south":{"uv":[4.0645,2.9395,4.3105,3.123],"tintindex":0,"rotation":0,"texture":"#0"},"north":{"uv":[2.8145,0.4395,3.0605,0.623],"tintindex":0,"rotation":0,"texture":"#0"},"west":{"uv":[6.8145,3.4395,6.9355,3.623],"tintindex":0,"rotation":0,"texture":"#0"},"up":{"uv":[3.748,4.498,3.502,4.377],"tintindex":0,"rotation":0,"texture":"#0"},"down":{"uv":[6.998,3.252,6.752,3.373],"tintindex":0,"rotation":0,"texture":"#0"}}},{"from":[11.0,7.166666,5.0],"to":[14.0,11.166666,12.0],"faces":{"east":{"uv":[0.9395,5.5645,1.373,5.8105],"tintindex":0,"rotation":0,"texture":"#0"},"south":{"uv":[6.5645,0.502,6.748,0.748],"tintindex":0,"rotation":0,"texture":"#0"},"north":{"uv":[6.5645,0.1895,6.748,0.4355],"tintindex":0,"rotation":0,"texture":"#0"},"west":{"uv":[5.5645,3.252,5.998,3.498],"tintindex":0,"rotation":0,"texture":"#0"},"up":{"uv":[0.998,4.123,0.8145,3.6895],"tintindex":0,"rotation":0,"texture":"#0"},"down":{"uv":[0.5605,6.002,0.377,6.4355],"tintindex":0,"rotation":0,"texture":"#0"}}}],"display":{"gui":{"rotation":[30,225,0]}}}