{"textures":{"0":"modelengine:entity/invisible"},"elements":[{"from":[3.5,4.5,6.0],"to":[12.5,11.5,10.0],"faces":{"east":{"uv":[6.5,0.0,8.5,3.5],"tintindex":0,"rotation":0,"texture":"#0"},"south":{"uv":[0.0,0.0,4.5,3.5],"tintindex":0,"rotation":0,"texture":"#0"},"north":{"uv":[0.0,3.5,4.5,7.0],"tintindex":0,"rotation":0,"texture":"#0"},"west":{"uv":[6.5,3.5,8.5,7.0],"tintindex":0,"rotation":0,"texture":"#0"},"up":{"uv":[6.5,4.5,4.5,0.0],"tintindex":0,"rotation":90,"texture":"#0"},"down":{"uv":[6.5,4.5,4.5,9.0],"tintindex":0,"rotation":270,"texture":"#0"}}}],"display":{"gui":{"rotation":[30,225,0]}}}