{"textures":{"1":"modelengine:entity/bonfire"},"elements":[{"from":[6.75,7.95,15.0],"to":[7.75,21.95,17.0],"faces":{"east":{"uv":[8.0,7.0,9.0,14.0],"tintindex":0,"rotation":0,"texture":"#1"},"south":{"uv":[11.5,0.0,12.0,7.0],"tintindex":0,"rotation":0,"texture":"#1"},"north":{"uv":[12.0,0.0,12.5,7.0],"tintindex":0,"rotation":0,"texture":"#1"},"west":{"uv":[9.0,7.0,10.0,14.0],"tintindex":0,"rotation":0,"texture":"#1"},"up":{"uv":[13.0,10.5,12.0,10.0],"tintindex":0,"rotation":90,"texture":"#1"},"down":{"uv":[13.0,10.5,12.0,11.0],"tintindex":0,"rotation":270,"texture":"#1"}},"rotation":{"origin":[7.25,7.95,16.0],"angle":-22.5,"axis":"x"}},{"from":[9.75,7.95,15.0],"to":[10.75,17.95,17.0],"faces":{"east":{"uv":[10.0,7.0,11.0,12.0],"tintindex":0,"rotation":0,"texture":"#1"},"south":{"uv":[13.0,0.0,13.5,5.0],"tintindex":0,"rotation":0,"texture":"#1"},"north":{"uv":[12.5,0.0,13.0,5.0],"tintindex":0,"rotation":0,"texture":"#1"},"west":{"uv":[11.0,7.0,12.0,12.0],"tintindex":0,"rotation":0,"texture":"#1"},"up":{"uv":[12.5,12.0,12.0,11.0],"tintindex":0,"rotation":0,"texture":"#1"},"down":{"uv":[13.0,5.0,12.5,6.0],"tintindex":0,"rotation":0,"texture":"#1"}},"rotation":{"origin":[10.25,7.95,16.0],"angle":-22.5,"axis":"x"}},{"from":[7.75,7.95,5.0],"to":[8.75,21.95,7.0],"faces":{"east":{"uv":[9.0,7.0,8.0,14.0],"tintindex":0,"rotation":0,"texture":"#1"},"south":{"uv":[12.5,0.0,12.0,7.0],"tintindex":0,"rotation":0,"texture":"#1"},"north":{"uv":[12.0,0.0,11.5,7.0],"tintindex":0,"rotation":0,"texture":"#1"},"west":{"uv":[10.0,7.0,9.0,14.0],"tintindex":0,"rotation":0,"texture":"#1"},"up":{"uv":[12.0,10.5,13.0,10.0],"tintindex":0,"rotation":90,"texture":"#1"},"down":{"uv":[12.0,10.5,13.0,11.0],"tintindex":0,"rotation":270,"texture":"#1"}},"rotation":{"origin":[8.25,7.95,6.0],"angle":22.5,"axis":"x"}},{"from":[2.75,7.95,10.0],"to":[4.75,17.95,11.0],"faces":{"east":{"uv":[12.5,0.0,13.0,5.0],"tintindex":0,"rotation":0,"texture":"#1"},"south":{"uv":[10.0,7.0,11.0,12.0],"tintindex":0,"rotation":0,"texture":"#1"},"north":{"uv":[11.0,7.0,12.0,12.0],"tintindex":0,"rotation":0,"texture":"#1"},"west":{"uv":[13.0,0.0,13.5,5.0],"tintindex":0,"rotation":0,"texture":"#1"},"up":{"uv":[12.5,12.0,12.0,11.0],"tintindex":0,"rotation":90,"texture":"#1"},"down":{"uv":[13.0,5.0,12.5,6.0],"tintindex":0,"rotation":270,"texture":"#1"}},"rotation":{"origin":[3.75,7.95,10.5],"angle":-22.5,"axis":"z"}},{"from":[12.75,7.95,12.0],"to":[14.75,21.95,13.0],"faces":{"east":{"uv":[11.5,0.0,12.0,7.0],"tintindex":0,"rotation":0,"texture":"#1"},"south":{"uv":[9.0,7.0,10.0,14.0],"tintindex":0,"rotation":0,"texture":"#1"},"north":{"uv":[8.0,7.0,9.0,14.0],"tintindex":0,"rotation":0,"texture":"#1"},"west":{"uv":[12.0,0.0,12.5,7.0],"tintindex":0,"rotation":0,"texture":"#1"},"up":{"uv":[13.0,10.5,12.0,10.0],"tintindex":0,"rotation":0,"texture":"#1"},"down":{"uv":[13.0,10.5,12.0,11.0],"tintindex":0,"rotation":0,"texture":"#1"}},"rotation":{"origin":[13.75,7.95,12.5],"angle":22.5,"axis":"z"}},{"from":[5.25,7.95,7.5],"to":[12.25,9.95,14.5],"faces":{"east":{"uv":[12.0,8.0,15.5,9.0],"tintindex":0,"rotation":0,"texture":"#1"},"south":{"uv":[12.0,9.0,15.5,10.0],"tintindex":0,"rotation":0,"texture":"#1"},"north":{"uv":[12.0,7.0,15.5,8.0],"tintindex":0,"rotation":0,"texture":"#1"},"west":{"uv":[10.0,12.0,13.5,13.0],"tintindex":0,"rotation":0,"texture":"#1"},"up":{"uv":[11.5,3.5,8.0,0.0],"tintindex":0,"rotation":0,"texture":"#1"},"down":{"uv":[11.5,3.5,8.0,7.0],"tintindex":0,"rotation":0,"texture":"#1"}}},{"from":[0.75,7.95,3.0],"to":[16.75,7.95,19.0],"faces":{"up":{"uv":[8.0,8.0,0.0,0.0],"tintindex":0,"rotation":0,"texture":"#1"},"down":{"uv":[8.0,8.0,0.0,16.0],"tintindex":0,"rotation":0,"texture":"#1"}}}],"display":{"gui":{"rotation":[30,225,0]}}}