{
    "parent": "item/generated",
    "display": {
        "ground": {
            "rotation": [ 0, 0, 0 ],
            "translation": [ 0, 0, 0 ],
            "scale": [ 1.0, 1.0, 0.5 ]
        },
        "fixed": {
            "rotation": [ 0, -180, 0 ],
            "translation": [ 0, 0, 0 ],
            "scale": [ 4.0, 4.0, 2.0 ]
        },
        "gui": {
            "rotation": [ 0, 0, 0 ],
            "translation": [ -1.6, -1.5, 0 ],
            "scale": [ 1.4, 1.4, 1.0 ]
        }
    }

}
