{
	"credit": "Made with Blockbench",
	"parent": "item/handheld",
	"textures": {
		"layer0": "default/weapons/requested/requested_redwing134/redwing134_sword"
	},
	"display": {
		"thirdperson_righthand": {
			"rotation": [-46.25, -90, 0],
			"translation": [0, 14.5, 0],
			"scale": [1.86, 1.86, 0.93]
		},
		"thirdperson_lefthand": {
			"rotation": [-42.25, 90, 0],
			"translation": [0, 14, 0],
			"scale": [1.86, 1.86, 0.93]
		},
		"firstperson_righthand": {
			"rotation": [-67.25, -90, 0],
			"translation": [1, 10.75, 0],
			"scale": [1.2, 1.2, 0.6]
		},
		"firstperson_lefthand": {
			"rotation": [-68.5, 90, 0],
			"translation": [1, 10.25, 0],
			"scale": [1.2, 1.2, 0.6]
		},
		"gui": {
			"translation": [3, 3, 0],
			"scale": [1.32422, 1.32422, 1.32422]
		},
		"fixed": {
			"translation": [3.75, 4.5, 0],
			"scale": [1.67188, 1.67188, 1.67188]
		}
	}
}