{"textures":{"0":"modelengine:entity/medusa_snakehead"},"elements":[{"from":[9.75,10.844359,3.1476898],"to":[11.75,12.844359,6.14769],"faces":{"east":{"uv":[5.0,1.0,5.75,1.5],"tintindex":0,"rotation":0,"texture":"#0"},"south":{"uv":[5.0,8.375,5.5,8.875],"tintindex":0,"rotation":0,"texture":"#0"},"north":{"uv":[4.5,8.375,5.0,8.875],"tintindex":0,"rotation":0,"texture":"#0"},"west":{"uv":[8.0,2.0,8.75,2.5],"tintindex":0,"rotation":0,"texture":"#0"},"up":{"uv":[7.125,9.0,6.625,8.25],"tintindex":0,"rotation":0,"texture":"#0"},"down":{"uv":[7.625,8.25,7.125,9.0],"tintindex":0,"rotation":0,"texture":"#0"}}},{"from":[9.75,9.0,-4.75],"to":[11.75,11.0,-4.25],"faces":{"east":{"uv":[2.125,5.375,2.25,5.875],"tintindex":0,"rotation":0,"texture":"#0"},"south":{"uv":[8.125,8.25,8.625,8.75],"tintindex":0,"rotation":0,"texture":"#0"},"north":{"uv":[7.625,8.25,8.125,8.75],"tintindex":0,"rotation":0,"texture":"#0"},"west":{"uv":[5.75,1.0,5.875,1.5],"tintindex":0,"rotation":0,"texture":"#0"},"up":{"uv":[3.5,2.875,3.0,2.75],"tintindex":0,"rotation":0,"texture":"#0"},"down":{"uv":[4.0,2.75,3.5,2.875],"tintindex":0,"rotation":0,"texture":"#0"}},"rotation":{"origin":[11.0,9.0,-4.5],"angle":22.5,"axis":"x"}},{"from":[6.25,0.7305393,-4.2804337],"to":[6.25,1.7305393,-3.2804337],"faces":{"east":{"uv":[6.25,2.75,6.0,3.0],"tintindex":0,"rotation":0,"texture":"#0"},"west":{"uv":[6.25,2.5,6.0,2.75],"tintindex":0,"rotation":0,"texture":"#0"}},"rotation":{"origin":[5.75,4.4941597,-3.2881165],"angle":-45.0,"axis":"x"}},{"from":[4.25,7.0956707,-4.7309704],"to":[12.25,9.095671,1.2690301],"faces":{"east":{"uv":[7.25,0.5,8.75,1.0],"tintindex":0,"rotation":0,"texture":"#0"},"south":{"uv":[7.125,6.25,9.125,6.75],"tintindex":0,"rotation":0,"texture":"#0"},"north":{"uv":[7.125,5.75,9.125,6.25],"tintindex":0,"rotation":0,"texture":"#0"},"west":{"uv":[7.125,7.25,8.625,7.75],"tintindex":0,"rotation":0,"texture":"#0"},"up":{"uv":[2.0,4.375,0.0,2.875],"tintindex":0,"rotation":0,"texture":"#0"},"down":{"uv":[4.0,2.875,2.0,4.375],"tintindex":0,"rotation":0,"texture":"#0"}}},{"from":[4.75,6.6120853,-4.634779],"to":[7.75,7.6120853,-2.134779],"faces":{"east":{"uv":[9.25,2.75,8.625,3.0],"tintindex":0,"rotation":0,"texture":"#0"},"south":{"uv":[3.375,8.5,2.625,8.75],"tintindex":0,"rotation":0,"texture":"#0"},"north":{"uv":[3.75,2.5,3.0,2.75],"tintindex":0,"rotation":0,"texture":"#0"},"west":{"uv":[9.25,2.5,8.625,2.75],"tintindex":0,"rotation":0,"texture":"#0"},"up":{"uv":[0.0,8.625,0.75,8.0],"tintindex":0,"rotation":0,"texture":"#0"},"down":{"uv":[8.0,1.375,8.75,2.0],"tintindex":0,"rotation":0,"texture":"#0"}},"rotation":{"origin":[5.75,7.1120853,-3.384779],"angle":-22.5,"axis":"x"}},{"from":[4.75,10.470671,-1.2309704],"to":[6.75,12.470671,3.76903],"faces":{"east":{"uv":[5.625,7.875,4.375,8.375],"tintindex":0,"rotation":0,"texture":"#0"},"south":{"uv":[4.5,8.375,4.0,8.875],"tintindex":0,"rotation":0,"texture":"#0"},"north":{"uv":[4.0,8.375,3.5,8.875],"tintindex":0,"rotation":0,"texture":"#0"},"west":{"uv":[8.375,7.75,7.125,8.25],"tintindex":0,"rotation":0,"texture":"#0"},"up":{"uv":[3.0,7.25,3.5,6.0],"tintindex":0,"rotation":0,"texture":"#0"},"down":{"uv":[3.0,7.25,3.5,8.5],"tintindex":0,"rotation":0,"texture":"#0"}},"rotation":{"origin":[5.75,11.095671,2.51903],"angle":-22.5,"axis":"x"}},{"from":[9.75,1.7305393,-4.2804337],"to":[10.75,4.7305393,-2.7804337],"faces":{"east":{"uv":[3.625,4.375,4.0,5.125],"tintindex":0,"rotation":0,"texture":"#0"},"south":{"uv":[0.0,8.625,0.25,9.375],"tintindex":0,"rotation":0,"texture":"#0"},"north":{"uv":[3.75,1.5,4.0,2.25],"tintindex":0,"rotation":0,"texture":"#0"},"west":{"uv":[1.75,8.25,2.125,9.0],"tintindex":0,"rotation":0,"texture":"#0"},"up":{"uv":[4.0,2.625,3.75,2.25],"tintindex":0,"rotation":0,"texture":"#0"},"down":{"uv":[3.875,5.125,3.625,5.5],"tintindex":0,"rotation":0,"texture":"#0"}},"rotation":{"origin":[10.75,4.4941597,-3.2881165],"angle":-45.0,"axis":"x"}},{"from":[5.75,9.095671,-0.7309704],"to":[11.25,11.095671,5.76903],"faces":{"east":{"uv":[7.125,6.75,8.75,7.25],"tintindex":0,"rotation":0,"texture":"#0"},"south":{"uv":[7.5,4.5,8.875,5.0],"tintindex":0,"rotation":0,"texture":"#0"},"north":{"uv":[7.5,4.0,8.875,4.5],"tintindex":0,"rotation":0,"texture":"#0"},"west":{"uv":[7.25,0.0,8.875,0.5],"tintindex":0,"rotation":0,"texture":"#0"},"up":{"uv":[3.625,6.0,2.25,4.375],"tintindex":0,"rotation":0,"texture":"#0"},"down":{"uv":[1.375,5.375,0.0,7.0],"tintindex":0,"rotation":0,"texture":"#0"}}},{"from":[8.75,6.6120853,-4.634779],"to":[11.75,7.6120853,-2.134779],"faces":{"east":{"uv":[8.625,2.5,9.25,2.75],"tintindex":0,"rotation":0,"texture":"#0"},"south":{"uv":[2.625,8.5,3.375,8.75],"tintindex":0,"rotation":0,"texture":"#0"},"north":{"uv":[3.0,2.5,3.75,2.75],"tintindex":0,"rotation":0,"texture":"#0"},"west":{"uv":[8.625,2.75,9.25,3.0],"tintindex":0,"rotation":0,"texture":"#0"},"up":{"uv":[0.75,8.625,0.0,8.0],"tintindex":0,"rotation":0,"texture":"#0"},"down":{"uv":[8.75,1.375,8.0,2.0],"tintindex":0,"rotation":0,"texture":"#0"}},"rotation":{"origin":[10.75,7.1120853,-3.384779],"angle":-22.5,"axis":"x"}},{"from":[10.25,0.7305393,-4.2804337],"to":[10.25,1.7305393,-3.2804337],"faces":{"east":{"uv":[6.0,2.5,6.25,2.75],"tintindex":0,"rotation":0,"texture":"#0"},"west":{"uv":[6.0,2.75,6.25,3.0],"tintindex":0,"rotation":0,"texture":"#0"}},"rotation":{"origin":[10.75,4.4941597,-3.2881165],"angle":-45.0,"axis":"x"}},{"from":[5.75,1.7305393,-4.2804337],"to":[6.75,4.7305393,-2.7804337],"faces":{"east":{"uv":[2.125,8.25,1.75,9.0],"tintindex":0,"rotation":0,"texture":"#0"},"south":{"uv":[0.25,8.625,0.0,9.375],"tintindex":0,"rotation":0,"texture":"#0"},"north":{"uv":[4.0,1.5,3.75,2.25],"tintindex":0,"rotation":0,"texture":"#0"},"west":{"uv":[4.0,4.375,3.625,5.125],"tintindex":0,"rotation":0,"texture":"#0"},"up":{"uv":[3.75,2.625,4.0,2.25],"tintindex":0,"rotation":0,"texture":"#0"},"down":{"uv":[3.625,5.125,3.875,5.5],"tintindex":0,"rotation":0,"texture":"#0"}},"rotation":{"origin":[5.75,4.4941597,-3.2881165],"angle":-45.0,"axis":"x"}},{"from":[4.75,10.844359,3.1476898],"to":[6.75,12.844359,6.14769],"faces":{"east":{"uv":[8.75,2.0,8.0,2.5],"tintindex":0,"rotation":0,"texture":"#0"},"south":{"uv":[5.5,8.375,5.0,8.875],"tintindex":0,"rotation":0,"texture":"#0"},"north":{"uv":[5.0,8.375,4.5,8.875],"tintindex":0,"rotation":0,"texture":"#0"},"west":{"uv":[5.75,1.0,5.0,1.5],"tintindex":0,"rotation":0,"texture":"#0"},"up":{"uv":[6.625,9.0,7.125,8.25],"tintindex":0,"rotation":0,"texture":"#0"},"down":{"uv":[7.125,8.25,7.625,9.0],"tintindex":0,"rotation":0,"texture":"#0"}}},{"from":[5.25,3.959632,-4.1569366],"to":[7.25,7.4596314,-2.1569366],"faces":{"east":{"uv":[6.625,8.25,6.125,9.125],"tintindex":0,"rotation":0,"texture":"#0"},"south":{"uv":[6.125,8.25,5.625,9.125],"tintindex":0,"rotation":0,"texture":"#0"},"north":{"uv":[1.25,8.0,0.75,8.875],"tintindex":0,"rotation":0,"texture":"#0"},"west":{"uv":[1.75,8.25,1.25,9.125],"tintindex":0,"rotation":0,"texture":"#0"},"up":{"uv":[8.375,8.25,8.875,7.75],"tintindex":0,"rotation":0,"texture":"#0"},"down":{"uv":[2.125,8.5,2.625,9.0],"tintindex":0,"rotation":0,"texture":"#0"}}},{"from":[9.25,3.959632,-4.1569366],"to":[11.25,7.4596314,-2.1569366],"faces":{"east":{"uv":[1.25,8.25,1.75,9.125],"tintindex":0,"rotation":0,"texture":"#0"},"south":{"uv":[5.625,8.25,6.125,9.125],"tintindex":0,"rotation":0,"texture":"#0"},"north":{"uv":[0.75,8.0,1.25,8.875],"tintindex":0,"rotation":0,"texture":"#0"},"west":{"uv":[6.125,8.25,6.625,9.125],"tintindex":0,"rotation":0,"texture":"#0"},"up":{"uv":[8.875,8.25,8.375,7.75],"tintindex":0,"rotation":0,"texture":"#0"},"down":{"uv":[2.625,8.5,2.125,9.0],"tintindex":0,"rotation":0,"texture":"#0"}}},{"from":[4.75,4.140336,-3.4158106],"to":[6.75,6.1403365,-2.9158106],"faces":{"east":{"uv":[5.875,1.0,5.75,1.5],"tintindex":0,"rotation":0,"texture":"#0"},"south":{"uv":[8.625,8.25,8.125,8.75],"tintindex":0,"rotation":0,"texture":"#0"},"north":{"uv":[8.125,8.25,7.625,8.75],"tintindex":0,"rotation":0,"texture":"#0"},"west":{"uv":[2.25,5.375,2.125,5.875],"tintindex":0,"rotation":0,"texture":"#0"},"up":{"uv":[3.0,2.875,3.5,2.75],"tintindex":0,"rotation":0,"texture":"#0"},"down":{"uv":[3.5,2.75,4.0,2.875],"tintindex":0,"rotation":0,"texture":"#0"}},"rotation":{"origin":[5.75,9.92388,8.382683],"angle":22.5,"axis":"x"}},{"from":[4.25,6.0956707,1.2690301],"to":[12.25,9.095671,7.26903],"faces":{"east":{"uv":[7.125,2.5,8.625,3.25],"tintindex":0,"rotation":0,"texture":"#0"},"south":{"uv":[6.0,1.75,8.0,2.5],"tintindex":0,"rotation":0,"texture":"#0"},"north":{"uv":[6.0,1.0,8.0,1.75],"tintindex":0,"rotation":0,"texture":"#0"},"west":{"uv":[7.125,3.25,8.625,4.0],"tintindex":0,"rotation":0,"texture":"#0"},"up":{"uv":[5.0,1.5,3.0,0.0],"tintindex":0,"rotation":0,"texture":"#0"},"down":{"uv":[6.0,1.5,4.0,3.0],"tintindex":0,"rotation":0,"texture":"#0"}}},{"from":[5.5,6.0956707,5.76903],"to":[11.0,12.095671,9.26903],"faces":{"east":{"uv":[2.125,6.0,3.0,7.5],"tintindex":0,"rotation":0,"texture":"#0"},"south":{"uv":[5.75,5.5,7.125,7.0],"tintindex":0,"rotation":0,"texture":"#0"},"north":{"uv":[4.375,5.5,5.75,7.0],"tintindex":0,"rotation":0,"texture":"#0"},"west":{"uv":[6.25,2.5,7.125,4.0],"tintindex":0,"rotation":0,"texture":"#0"},"up":{"uv":[5.75,7.875,4.375,7.0],"tintindex":0,"rotation":0,"texture":"#0"},"down":{"uv":[7.125,7.0,5.75,7.875],"tintindex":0,"rotation":0,"texture":"#0"}}},{"from":[9.75,10.470671,-1.2309704],"to":[11.75,12.470671,3.76903],"faces":{"east":{"uv":[7.125,7.75,8.375,8.25],"tintindex":0,"rotation":0,"texture":"#0"},"south":{"uv":[4.0,8.375,4.5,8.875],"tintindex":0,"rotation":0,"texture":"#0"},"north":{"uv":[3.5,8.375,4.0,8.875],"tintindex":0,"rotation":0,"texture":"#0"},"west":{"uv":[4.375,7.875,5.625,8.375],"tintindex":0,"rotation":0,"texture":"#0"},"up":{"uv":[3.5,7.25,3.0,6.0],"tintindex":0,"rotation":0,"texture":"#0"},"down":{"uv":[3.5,7.25,3.0,8.5],"tintindex":0,"rotation":0,"texture":"#0"}},"rotation":{"origin":[10.75,11.095671,2.51903],"angle":-22.5,"axis":"x"}}],"display":{"gui":{"rotation":[30,225,0]}}}