{"textures":{"0":"modelengine:entity/medusa_snakehead"},"elements":[{"from":[6.5,7.25,-2.0],"to":[9.5,7.25,9.5],"faces":{"up":{"uv":[2.125,8.25,1.375,5.375],"tintindex":0,"rotation":0,"texture":"#0"},"down":{"uv":[4.375,5.5,3.625,8.375],"tintindex":0,"rotation":0,"texture":"#0"}}},{"from":[6.5,6.4841714,-5.8475676],"to":[9.5,6.4841714,-1.8475676],"faces":{"up":{"uv":[3.75,2.5,3.0,1.5],"tintindex":0,"rotation":0,"texture":"#0"},"down":{"uv":[3.0,1.5,3.75,2.5],"tintindex":0,"rotation":0,"texture":"#0"}},"rotation":{"origin":[8.0,6.4841714,-3.8475676],"angle":-22.5,"axis":"x"}},{"from":[5.0,5.5,-2.0],"to":[11.0,7.0,6.0],"faces":{"east":{"uv":[6.25,5.0,9.125,5.375],"tintindex":0,"rotation":0,"texture":"#0"},"south":{"uv":[8.0,1.0,9.5,1.375],"tintindex":0,"rotation":0,"texture":"#0"},"north":{"uv":[5.625,7.875,7.125,8.25],"tintindex":0,"rotation":0,"texture":"#0"},"west":{"uv":[7.125,5.375,10.0,5.75],"tintindex":0,"rotation":0,"texture":"#0"},"up":{"uv":[1.5,2.0,0.0,0.0],"tintindex":0,"rotation":0,"texture":"#0"},"down":{"uv":[3.0,0.0,1.5,2.0],"tintindex":0,"rotation":0,"texture":"#0"}}},{"from":[3.5,5.5,6.0],"to":[12.5,9.5,11.0],"faces":{"east":{"uv":[6.25,4.0,7.5,5.0],"tintindex":0,"rotation":0,"texture":"#0"},"south":{"uv":[5.0,0.0,7.25,1.0],"tintindex":0,"rotation":0,"texture":"#0"},"north":{"uv":[0.0,4.375,2.25,5.375],"tintindex":0,"rotation":0,"texture":"#0"},"west":{"uv":[0.0,7.0,1.25,8.0],"tintindex":0,"rotation":0,"texture":"#0"},"up":{"uv":[6.25,4.25,4.0,3.0],"tintindex":0,"rotation":0,"texture":"#0"},"down":{"uv":[6.25,4.25,4.0,5.5],"tintindex":0,"rotation":0,"texture":"#0"}}}],"display":{"gui":{"rotation":[30,225,0]}}}