{"textures":{"0":"modelengine:entity/xiddri_debris_vfx"},"elements":[{"from":[3.5,7.0,3.5],"to":[12.5,9.0,12.5],"faces":{"east":{"uv":[4.75,6.75,7.0,7.25],"tintindex":0,"rotation":0,"texture":"#0"},"south":{"uv":[0.0,7.0,2.25,7.5],"tintindex":0,"rotation":0,"texture":"#0"},"north":{"uv":[4.75,6.25,7.0,6.75],"tintindex":0,"rotation":0,"texture":"#0"},"west":{"uv":[7.0,0.0,9.25,0.5],"tintindex":0,"rotation":0,"texture":"#0"},"up":{"uv":[2.25,2.25,0.0,0.0],"tintindex":0,"rotation":0,"texture":"#0"},"down":{"uv":[2.25,0.0,0.0,2.25],"tintindex":0,"rotation":0,"texture":"#0"}},"rotation":{"origin":[8.0,8.0,8.0],"angle":22.5,"axis":"y"}}],"display":{"gui":{"rotation":[30,225,0]}}}