{"textures":{"0":"modelengine:entity/xiddri_debris_vfx"},"elements":[{"from":[4.5,6.0,4.5],"to":[11.5,10.0,11.5],"faces":{"east":{"uv":[1.75,5.25,3.5,6.25],"tintindex":0,"rotation":0,"texture":"#0"},"south":{"uv":[3.5,5.25,5.25,6.25],"tintindex":0,"rotation":0,"texture":"#0"},"north":{"uv":[0.0,4.5,1.75,5.5],"tintindex":0,"rotation":0,"texture":"#0"},"west":{"uv":[5.25,5.25,7.0,6.25],"tintindex":0,"rotation":0,"texture":"#0"},"up":{"uv":[4.0,1.75,2.25,0.0],"tintindex":0,"rotation":0,"texture":"#0"},"down":{"uv":[4.0,0.0,2.25,1.75],"tintindex":0,"rotation":0,"texture":"#0"}},"rotation":{"origin":[8.0,8.0,8.0],"angle":22.5,"axis":"y"}}],"display":{"gui":{"rotation":[30,225,0]}}}