{"textures":{"0":"modelengine:entity/xiddri_debris_vfx"},"elements":[{"from":[6.5,7.0,6.5],"to":[9.5,9.0,9.5],"faces":{"east":{"uv":[8.0,8.25,8.75,8.75],"tintindex":0,"rotation":0,"texture":"#0"},"south":{"uv":[0.0,8.5,0.75,9.0],"tintindex":0,"rotation":0,"texture":"#0"},"north":{"uv":[7.25,8.25,8.0,8.75],"tintindex":0,"rotation":0,"texture":"#0"},"west":{"uv":[2.0,8.5,2.75,9.0],"tintindex":0,"rotation":0,"texture":"#0"},"up":{"uv":[8.75,1.75,8.0,1.0],"tintindex":0,"rotation":0,"texture":"#0"},"down":{"uv":[8.75,1.0,8.0,1.75],"tintindex":0,"rotation":0,"texture":"#0"}},"rotation":{"origin":[8.0,8.0,8.0],"angle":-22.5,"axis":"y"}}],"display":{"gui":{"rotation":[30,225,0]}}}