{"textures":{"0":"modelengine:entity/xiddri_debris_vfx"},"elements":[{"from":[6.5,7.0,6.5],"to":[9.5,9.0,9.5],"faces":{"east":{"uv":[5.75,8.0,6.5,8.5],"tintindex":0,"rotation":0,"texture":"#0"},"south":{"uv":[6.5,8.0,7.25,8.5],"tintindex":0,"rotation":0,"texture":"#0"},"north":{"uv":[5.0,8.0,5.75,8.5],"tintindex":0,"rotation":0,"texture":"#0"},"west":{"uv":[1.25,8.25,2.0,8.75],"tintindex":0,"rotation":0,"texture":"#0"},"up":{"uv":[2.0,8.25,1.25,7.5],"tintindex":0,"rotation":0,"texture":"#0"},"down":{"uv":[2.0,7.5,1.25,8.25],"tintindex":0,"rotation":0,"texture":"#0"}},"rotation":{"origin":[8.0,8.0,8.0],"angle":22.5,"axis":"y"}}],"display":{"gui":{"rotation":[30,225,0]}}}