{"textures":{"0":"modelengine:entity/xiddri_debris_vfx"},"elements":[{"from":[5.5,7.0,5.5],"to":[10.5,9.0,10.5],"faces":{"east":{"uv":[7.25,7.75,8.5,8.25],"tintindex":0,"rotation":0,"texture":"#0"},"south":{"uv":[0.0,8.0,1.25,8.5],"tintindex":0,"rotation":0,"texture":"#0"},"north":{"uv":[7.5,4.5,8.75,5.0],"tintindex":0,"rotation":0,"texture":"#0"},"west":{"uv":[8.0,0.5,9.25,1.0],"tintindex":0,"rotation":0,"texture":"#0"},"up":{"uv":[7.0,2.5,5.75,1.25],"tintindex":0,"rotation":0,"texture":"#0"},"down":{"uv":[7.0,1.25,5.75,2.5],"tintindex":0,"rotation":0,"texture":"#0"}},"rotation":{"origin":[8.0,8.0,8.0],"angle":-22.5,"axis":"y"}}],"display":{"gui":{"rotation":[30,225,0]}}}