{"textures":{"0":"modelengine:entity/xiddri_debris_vfx"},"elements":[{"from":[6.0,7.0,6.0],"to":[10.0,9.0,10.0],"faces":{"east":{"uv":[8.0,2.5,9.0,3.0],"tintindex":0,"rotation":0,"texture":"#0"},"south":{"uv":[8.0,3.0,9.0,3.5],"tintindex":0,"rotation":0,"texture":"#0"},"north":{"uv":[2.0,8.0,3.0,8.5],"tintindex":0,"rotation":0,"texture":"#0"},"west":{"uv":[4.0,8.0,5.0,8.5],"tintindex":0,"rotation":0,"texture":"#0"},"up":{"uv":[3.25,8.0,2.25,7.0],"tintindex":0,"rotation":0,"texture":"#0"},"down":{"uv":[3.25,7.0,2.25,8.0],"tintindex":0,"rotation":0,"texture":"#0"}},"rotation":{"origin":[8.0,8.0,8.0],"angle":22.5,"axis":"y"}}],"display":{"gui":{"rotation":[30,225,0]}}}