{"textures":{"0":"modelengine:entity/xiddri_debris_vfx"},"elements":[{"from":[6.0,6.5,6.0],"to":[10.0,9.5,10.0],"faces":{"east":{"uv":[4.25,7.25,5.25,8.0],"tintindex":0,"rotation":0,"texture":"#0"},"south":{"uv":[5.25,7.25,6.25,8.0],"tintindex":0,"rotation":0,"texture":"#0"},"north":{"uv":[3.25,7.0,4.25,7.75],"tintindex":0,"rotation":0,"texture":"#0"},"west":{"uv":[6.25,7.25,7.25,8.0],"tintindex":0,"rotation":0,"texture":"#0"},"up":{"uv":[8.0,1.5,7.0,0.5],"tintindex":0,"rotation":0,"texture":"#0"},"down":{"uv":[8.0,0.5,7.0,1.5],"tintindex":0,"rotation":0,"texture":"#0"}},"rotation":{"origin":[8.0,8.0,8.0],"angle":22.5,"axis":"y"}}],"display":{"gui":{"rotation":[30,225,0]}}}