{"textures":{"0":"modelengine:entity/nocsy_skeleton_skull"},"elements":[{"from":[5.3287997,9.706576,6.0764523],"to":[9.7712,11.138976,9.510852],"faces":{"east":{"uv":[6.5,6.0,7.5,6.5],"tintindex":0,"rotation":0,"texture":"#0"},"south":{"uv":[6.0,5.5,7.25,6.0],"tintindex":0,"rotation":0,"texture":"#0"},"north":{"uv":[6.0,2.25,7.25,2.75],"tintindex":0,"rotation":0,"texture":"#0"},"west":{"uv":[6.5,6.5,7.5,7.0],"tintindex":0,"rotation":0,"texture":"#0"},"up":{"uv":[2.25,5.25,1.0,4.25],"tintindex":0,"rotation":0,"texture":"#0"},"down":{"uv":[5.5,1.25,4.25,2.25],"tintindex":0,"rotation":0,"texture":"#0"}},"rotation":{"origin":[7.1,9.960576,7.793652],"angle":-22.5,"axis":"x"}},{"from":[4.938,4.3714,9.8892],"to":[10.162,6.0253997,11.151199],"faces":{"east":{"uv":[3.75,7.25,4.125,7.75],"tintindex":0,"rotation":0,"texture":"#0"},"south":{"uv":[3.25,5.75,4.625,6.25],"tintindex":0,"rotation":0,"texture":"#0"},"north":{"uv":[5.5,1.75,6.875,2.25],"tintindex":0,"rotation":0,"texture":"#0"},"west":{"uv":[4.25,7.25,4.625,7.75],"tintindex":0,"rotation":0,"texture":"#0"},"up":{"uv":[3.125,6.875,1.75,6.5],"tintindex":0,"rotation":0,"texture":"#0"},"down":{"uv":[7.875,4.75,6.5,5.125],"tintindex":0,"rotation":0,"texture":"#0"}}},{"from":[4.20146,6.1158595,5.2314596],"to":[10.8985405,7.98994,7.1585402],"faces":{"east":{"uv":[1.0,3.75,1.5,4.25],"tintindex":0,"rotation":0,"texture":"#0"},"south":{"uv":[4.75,5.0,6.375,5.5],"tintindex":0,"rotation":0,"texture":"#0"},"north":{"uv":[4.5,3.75,6.125,4.25],"tintindex":0,"rotation":0,"texture":"#0"},"west":{"uv":[7.25,0.5,7.75,1.0],"tintindex":0,"rotation":0,"texture":"#0"},"up":{"uv":[7.125,0.5,5.5,0.0],"tintindex":0,"rotation":0,"texture":"#0"},"down":{"uv":[7.125,0.5,5.5,1.0],"tintindex":0,"rotation":0,"texture":"#0"}}},{"from":[4.6879997,6.1253996,5.5271997],"to":[10.412,10.4474,11.2512],"faces":{"east":{"uv":[1.5,3.0,2.875,4.125],"tintindex":0,"rotation":0,"texture":"#0"},"south":{"uv":[3.0,3.0,4.375,4.125],"tintindex":0,"rotation":0,"texture":"#0"},"north":{"uv":[0.0,2.5,1.375,3.625],"tintindex":0,"rotation":0,"texture":"#0"},"west":{"uv":[3.25,0.0,4.625,1.125],"tintindex":0,"rotation":0,"texture":"#0"},"up":{"uv":[3.125,1.375,1.75,0.0],"tintindex":0,"rotation":0,"texture":"#0"},"down":{"uv":[3.125,1.5,1.75,2.875],"tintindex":0,"rotation":0,"texture":"#0"}}},{"from":[5.54,4.5590596,5.43146],"to":[9.56,6.57906,6.45146],"faces":{"east":{"uv":[1.5,2.5,1.75,3.0],"tintindex":0,"rotation":0,"texture":"#0"},"south":{"uv":[5.0,6.25,6.0,6.75],"tintindex":0,"rotation":0,"texture":"#0"},"north":{"uv":[3.25,2.5,4.25,3.0],"tintindex":0,"rotation":0,"texture":"#0"},"west":{"uv":[2.0,5.25,2.25,5.75],"tintindex":0,"rotation":0,"texture":"#0"},"up":{"uv":[2.5,7.5,1.5,7.25],"tintindex":0,"rotation":0,"texture":"#0"},"down":{"uv":[8.25,2.25,7.25,2.5],"tintindex":0,"rotation":0,"texture":"#0"}}},{"from":[5.6265,9.689759,10.400486],"to":[9.4735,11.273759,11.363687],"faces":{"east":{"uv":[7.25,5.5,7.625,6.0],"tintindex":0,"rotation":0,"texture":"#0"},"south":{"uv":[0.5,6.5,1.625,7.0],"tintindex":0,"rotation":0,"texture":"#0"},"north":{"uv":[3.75,6.25,4.875,6.75],"tintindex":0,"rotation":0,"texture":"#0"},"west":{"uv":[6.0,7.25,6.375,7.75],"tintindex":0,"rotation":0,"texture":"#0"},"up":{"uv":[7.875,3.875,6.75,3.5],"tintindex":0,"rotation":0,"texture":"#0"},"down":{"uv":[4.875,6.75,3.75,7.125],"tintindex":0,"rotation":0,"texture":"#0"}},"rotation":{"origin":[8.25,10.023659,9.884986],"angle":45.0,"axis":"x"}},{"from":[4.948,5.1814003,9.2992],"to":[10.151999,6.1153994,11.2411995],"faces":{"east":{"uv":[1.0,7.5,1.5,7.75],"tintindex":0,"rotation":0,"texture":"#0"},"south":{"uv":[1.75,7.0,3.0,7.25],"tintindex":0,"rotation":0,"texture":"#0"},"north":{"uv":[0.5,7.0,1.75,7.25],"tintindex":0,"rotation":0,"texture":"#0"},"west":{"uv":[7.5,1.0,8.0,1.25],"tintindex":0,"rotation":0,"texture":"#0"},"up":{"uv":[7.0,4.75,5.75,4.25],"tintindex":0,"rotation":0,"texture":"#0"},"down":{"uv":[2.0,6.0,0.75,6.5],"tintindex":0,"rotation":0,"texture":"#0"}}},{"from":[4.211,6.5702,5.5134],"to":[10.889,8.9457,10.2834],"faces":{"east":{"uv":[0.75,5.25,2.0,5.875],"tintindex":0,"rotation":0,"texture":"#0"},"south":{"uv":[4.25,2.25,5.875,2.875],"tintindex":0,"rotation":0,"texture":"#0"},"north":{"uv":[2.25,4.25,3.875,4.875],"tintindex":0,"rotation":0,"texture":"#0"},"west":{"uv":[5.5,1.0,6.75,1.625],"tintindex":0,"rotation":0,"texture":"#0"},"up":{"uv":[1.625,1.25,0.0,0.0],"tintindex":0,"rotation":0,"texture":"#0"},"down":{"uv":[1.625,1.25,0.0,2.5],"tintindex":0,"rotation":0,"texture":"#0"}},"rotation":{"origin":[8.027,8.0334,8.3892],"angle":-22.5,"axis":"x"}},{"from":[5.448,4.9354,11.0372],"to":[9.651999,9.8373995,11.7912],"faces":{"east":{"uv":[5.0,6.75,5.25,8.0],"tintindex":0,"rotation":0,"texture":"#0"},"south":{"uv":[0.0,3.75,1.0,5.0],"tintindex":0,"rotation":0,"texture":"#0"},"north":{"uv":[3.25,1.25,4.25,2.5],"tintindex":0,"rotation":0,"texture":"#0"},"west":{"uv":[5.25,6.75,5.5,8.0],"tintindex":0,"rotation":0,"texture":"#0"},"up":{"uv":[8.25,0.5,7.25,0.25],"tintindex":0,"rotation":0,"texture":"#0"},"down":{"uv":[1.5,7.25,0.5,7.5],"tintindex":0,"rotation":0,"texture":"#0"}}},{"from":[5.4265,10.103676,8.225052],"to":[9.6735,11.940677,10.798752],"faces":{"east":{"uv":[6.75,1.0,7.5,1.625],"tintindex":0,"rotation":0,"texture":"#0"},"south":{"uv":[2.0,5.75,3.125,6.375],"tintindex":0,"rotation":0,"texture":"#0"},"north":{"uv":[4.75,5.5,5.875,6.125],"tintindex":0,"rotation":0,"texture":"#0"},"west":{"uv":[6.75,2.75,7.5,3.375],"tintindex":0,"rotation":0,"texture":"#0"},"up":{"uv":[3.375,5.75,2.25,5.0],"tintindex":0,"rotation":0,"texture":"#0"},"down":{"uv":[4.625,5.0,3.5,5.75],"tintindex":0,"rotation":0,"texture":"#0"}},"rotation":{"origin":[7.05,9.960576,7.793652],"angle":22.5,"axis":"x"}}],"display":{"gui":{"rotation":[30,225,0]}}}