{"textures":{"0":"modelengine:entity/nocsy_skeleton_skull"},"elements":[{"from":[6.53774,6.17843,0.86111283],"to":[9.462259,7.11335,5.8304324],"faces":{"east":{"uv":[7.0,1.75,8.25,2.0],"tintindex":0,"rotation":0,"texture":"#0"},"south":{"uv":[7.25,2.5,8.0,2.75],"tintindex":0,"rotation":0,"texture":"#0"},"north":{"uv":[5.75,4.75,6.5,5.0],"tintindex":0,"rotation":0,"texture":"#0"},"west":{"uv":[7.0,2.0,8.25,2.25],"tintindex":0,"rotation":0,"texture":"#0"},"up":{"uv":[5.5,1.25,4.75,0.0],"tintindex":0,"rotation":0,"texture":"#0"},"down":{"uv":[0.75,5.0,0.0,6.25],"tintindex":0,"rotation":0,"texture":"#0"}}},{"from":[4.83774,6.17843,4.661113],"to":[11.16226,8.413349,5.8304324],"faces":{"east":{"uv":[2.75,7.25,3.0,7.875],"tintindex":0,"rotation":0,"texture":"#0"},"south":{"uv":[4.5,3.0,6.125,3.625],"tintindex":0,"rotation":0,"texture":"#0"},"north":{"uv":[4.0,4.25,5.625,4.875],"tintindex":0,"rotation":0,"texture":"#0"},"west":{"uv":[4.75,7.25,5.0,7.875],"tintindex":0,"rotation":0,"texture":"#0"},"up":{"uv":[7.875,4.25,6.25,4.0],"tintindex":0,"rotation":0,"texture":"#0"},"down":{"uv":[8.125,5.25,6.5,5.5],"tintindex":0,"rotation":0,"texture":"#0"}}},{"from":[5.4993815,6.16889,1.0009174],"to":[7.4073815,7.12289,5.8031173],"faces":{"east":{"uv":[6.5,7.0,7.75,7.25],"tintindex":0,"rotation":0,"texture":"#0"},"south":{"uv":[2.0,7.5,2.5,7.75],"tintindex":0,"rotation":0,"texture":"#0"},"north":{"uv":[7.5,1.5,8.0,1.75],"tintindex":0,"rotation":0,"texture":"#0"},"west":{"uv":[7.25,0.0,8.5,0.25],"tintindex":0,"rotation":0,"texture":"#0"},"up":{"uv":[6.75,4.0,6.25,2.75],"tintindex":0,"rotation":0,"texture":"#0"},"down":{"uv":[3.75,6.25,3.25,7.5],"tintindex":0,"rotation":0,"texture":"#0"}},"rotation":{"origin":[6.214882,7.00364,3.5373673],"angle":-22.5,"axis":"y"}},{"from":[6.53774,7.13243,0.86111283],"to":[9.462259,7.6857495,1.4006331],"faces":{"east":{"uv":[3.5,7.5,3.625,7.625],"tintindex":0,"rotation":0,"texture":"#0"},"south":{"uv":[7.5,6.0,8.25,6.125],"tintindex":0,"rotation":0,"texture":"#0"},"north":{"uv":[7.5,3.25,8.25,3.375],"tintindex":0,"rotation":0,"texture":"#0"},"west":{"uv":[7.5,6.5,7.625,6.625],"tintindex":0,"rotation":0,"texture":"#0"},"up":{"uv":[8.25,6.375,7.5,6.25],"tintindex":0,"rotation":0,"texture":"#0"},"down":{"uv":[7.25,7.5,6.5,7.625],"tintindex":0,"rotation":0,"texture":"#0"}}},{"from":[9.537078,7.0179496,0.9913771],"to":[10.510159,7.70483,4.9540577],"faces":{"east":{"uv":[6.5,7.25,7.5,7.375],"tintindex":0,"rotation":0,"texture":"#0"},"south":{"uv":[6.0,2.75,6.25,2.875],"tintindex":0,"rotation":0,"texture":"#0"},"north":{"uv":[0.75,5.0,1.0,5.125],"tintindex":0,"rotation":0,"texture":"#0"},"west":{"uv":[0.0,7.5,1.0,7.625],"tintindex":0,"rotation":0,"texture":"#0"},"up":{"uv":[5.75,7.75,5.5,6.75],"tintindex":0,"rotation":0,"texture":"#0"},"down":{"uv":[6.0,6.75,5.75,7.75],"tintindex":0,"rotation":0,"texture":"#0"}},"rotation":{"origin":[9.785118,7.00364,3.5373673],"angle":22.5,"axis":"y"}},{"from":[8.592618,6.16889,1.0009174],"to":[10.500618,7.12289,5.8031173],"faces":{"east":{"uv":[7.0,4.25,8.25,4.5],"tintindex":0,"rotation":0,"texture":"#0"},"south":{"uv":[1.5,7.5,2.0,7.75],"tintindex":0,"rotation":0,"texture":"#0"},"north":{"uv":[7.5,1.25,8.0,1.5],"tintindex":0,"rotation":0,"texture":"#0"},"west":{"uv":[7.0,4.5,8.25,4.75],"tintindex":0,"rotation":0,"texture":"#0"},"up":{"uv":[6.5,7.25,6.0,6.0],"tintindex":0,"rotation":0,"texture":"#0"},"down":{"uv":[0.5,6.25,0.0,7.5],"tintindex":0,"rotation":0,"texture":"#0"}},"rotation":{"origin":[9.785118,7.00364,3.5373673],"angle":22.5,"axis":"y"}},{"from":[5.4898415,7.0179496,0.9913771],"to":[6.462922,7.70483,4.9540577],"faces":{"east":{"uv":[7.5,2.75,8.5,2.875],"tintindex":0,"rotation":0,"texture":"#0"},"south":{"uv":[3.25,7.5,3.5,7.625],"tintindex":0,"rotation":0,"texture":"#0"},"north":{"uv":[0.5,6.25,0.75,6.375],"tintindex":0,"rotation":0,"texture":"#0"},"west":{"uv":[7.5,3.0,8.5,3.125],"tintindex":0,"rotation":0,"texture":"#0"},"up":{"uv":[3.25,8.0,3.0,7.0],"tintindex":0,"rotation":0,"texture":"#0"},"down":{"uv":[2.75,7.25,2.5,8.25],"tintindex":0,"rotation":0,"texture":"#0"}},"rotation":{"origin":[6.214882,7.00364,3.5373673],"angle":-22.5,"axis":"y"}}],"display":{"gui":{"rotation":[30,225,0]}}}