{"textures":{"0":"modelengine:entity/mso_cave_fly"},"elements":[{"from":[10.5,8.208333,-2.2004223],"to":[10.5,13.208333,7.049578],"faces":{"east":{"uv":[11.5,8.0,13.75,9.25],"tintindex":0,"rotation":0,"texture":"#0"},"west":{"uv":[11.5,9.25,13.75,10.5],"tintindex":0,"rotation":0,"texture":"#0"}},"rotation":{"origin":[9.75,10.708333,3.4245782],"angle":-22.5,"axis":"y"}},{"from":[5.5,8.208333,-2.2004223],"to":[5.5,13.208333,7.049578],"faces":{"east":{"uv":[12.5,10.5,14.75,11.75],"tintindex":0,"rotation":0,"texture":"#0"},"west":{"uv":[12.5,11.75,14.75,13.0],"tintindex":0,"rotation":0,"texture":"#0"}},"rotation":{"origin":[6.25,10.708333,3.4245782],"angle":22.5,"axis":"y"}},{"from":[6.0,5.458333,3.2995782],"to":[10.0,10.208333,8.049578],"faces":{"east":{"uv":[1.25,13.25,2.5,14.5],"tintindex":0,"rotation":0,"texture":"#0"},"south":{"uv":[13.25,2.5,14.25,3.75],"tintindex":0,"rotation":0,"texture":"#0"},"north":{"uv":[2.5,13.25,3.5,14.5],"tintindex":0,"rotation":0,"texture":"#0"},"west":{"uv":[13.25,1.25,14.5,2.5],"tintindex":0,"rotation":0,"texture":"#0"},"up":{"uv":[4.5,14.5,3.5,13.25],"tintindex":0,"rotation":0,"texture":"#0"},"down":{"uv":[14.25,3.75,13.25,5.0],"tintindex":0,"rotation":0,"texture":"#0"}}}],"display":{"gui":{"rotation":[30,225,0]}}}