{"textures":{"0":"modelengine:entity/mso_cave_fly"},"elements":[{"from":[5.5,4.8266897,8.245344],"to":[10.5,9.82669,14.245344],"faces":{"east":{"uv":[8.0,12.75,9.5,14.0],"tintindex":0,"rotation":0,"texture":"#0"},"south":{"uv":[13.25,0.0,14.5,1.25],"tintindex":0,"rotation":0,"texture":"#0"},"north":{"uv":[0.0,13.25,1.25,14.5],"tintindex":0,"rotation":0,"texture":"#0"},"west":{"uv":[9.5,12.75,11.0,14.0],"tintindex":0,"rotation":0,"texture":"#0"},"up":{"uv":[12.25,14.25,11.0,12.75],"tintindex":0,"rotation":0,"texture":"#0"},"down":{"uv":[13.5,13.0,12.25,14.5],"tintindex":0,"rotation":0,"texture":"#0"}},"rotation":{"origin":[8.0,8.57669,11.995344],"angle":22.5,"axis":"x"}},{"from":[10.5,4.3266897,2.7453442],"to":[18.5,4.3266897,11.495344],"faces":{"up":{"uv":[2.0,13.25,0.0,11.0],"tintindex":0,"rotation":0,"texture":"#0"},"down":{"uv":[2.0,11.0,0.0,13.25],"tintindex":0,"rotation":0,"texture":"#0"}},"rotation":{"origin":[13.5,7.0766897,5.995344],"angle":-45.0,"axis":"z"}},{"from":[4.5,3.8266897,11.495344],"to":[11.5,10.82669,20.495344],"faces":{"east":{"uv":[8.0,11.0,10.25,12.75],"tintindex":0,"rotation":0,"texture":"#0"},"south":{"uv":[11.5,6.25,13.25,8.0],"tintindex":0,"rotation":0,"texture":"#0"},"north":{"uv":[11.5,4.5,13.25,6.25],"tintindex":0,"rotation":0,"texture":"#0"},"west":{"uv":[10.25,11.0,12.5,12.75],"tintindex":0,"rotation":0,"texture":"#0"},"up":{"uv":[13.25,2.25,11.5,0.0],"tintindex":0,"rotation":0,"texture":"#0"},"down":{"uv":[13.25,2.25,11.5,4.5],"tintindex":0,"rotation":0,"texture":"#0"}},"rotation":{"origin":[8.0,8.57669,11.995344],"angle":45.0,"axis":"x"}},{"from":[6.5,7.0766897,2.9953442],"to":[9.5,10.07669,8.995344],"faces":{"east":{"uv":[4.5,13.25,6.0,14.0],"tintindex":0,"rotation":0,"texture":"#0"},"south":{"uv":[13.25,7.25,14.0,8.0],"tintindex":0,"rotation":0,"texture":"#0"},"north":{"uv":[6.75,13.25,7.5,14.0],"tintindex":0,"rotation":0,"texture":"#0"},"west":{"uv":[13.25,5.0,14.75,5.75],"tintindex":0,"rotation":0,"texture":"#0"},"up":{"uv":[14.0,7.25,13.25,5.75],"tintindex":0,"rotation":0,"texture":"#0"},"down":{"uv":[6.75,13.25,6.0,14.75],"tintindex":0,"rotation":0,"texture":"#0"}}},{"from":[-2.5,4.3266897,2.7453442],"to":[5.5,4.3266897,11.495344],"faces":{"up":{"uv":[6.0,13.25,4.0,11.0],"tintindex":0,"rotation":0,"texture":"#0"},"down":{"uv":[6.0,11.0,4.0,13.25],"tintindex":0,"rotation":0,"texture":"#0"}},"rotation":{"origin":[2.5,7.0766897,5.995344],"angle":45.0,"axis":"z"}}],"display":{"gui":{"rotation":[30,225,0]}}}