{"textures":{"0":"modelengine:entity/xiddri_electricity_small"},"elements":[{"from":[-9.0,-7.5,8.0],"to":[25.0,26.5,8.0],"faces":{"south":{"uv":[0.0,0.0,8.5,8.5],"tintindex":0,"rotation":0,"texture":"#0"},"north":{"uv":[8.5,0.0,0.0,8.5],"tintindex":0,"rotation":0,"texture":"#0"}}},{"from":[8.0,-7.5,-8.5],"to":[8.0,23.0,24.5],"faces":{"east":{"uv":[8.5,0.0,0.0,8.5],"tintindex":0,"rotation":0,"texture":"#0"},"west":{"uv":[0.0,0.0,8.5,8.5],"tintindex":0,"rotation":0,"texture":"#0"}}}],"display":{"gui":{"rotation":[30,225,0]}}}