{"textures":{"1":"modelengine:entity/astral_archon"},"elements":[{"from":[-0.34314537,12.0,-1.0],"to":[7.656854,20.0,9.0],"faces":{"east":{"uv":[5.6875,2.75,6.3125,3.25],"tintindex":0,"rotation":0,"texture":"#1"},"south":{"uv":[4.375,6.25,4.875,6.75],"tintindex":0,"rotation":0,"texture":"#1"},"north":{"uv":[1.3125,6.25,1.8125,6.75],"tintindex":0,"rotation":0,"texture":"#1"},"west":{"uv":[5.6875,3.25,6.3125,3.75],"tintindex":0,"rotation":0,"texture":"#1"},"up":{"uv":[4.875,6.25,4.375,5.625],"tintindex":0,"rotation":0,"texture":"#1"},"down":{"uv":[6.1875,3.75,5.6875,4.375],"tintindex":0,"rotation":0,"texture":"#1"}},"rotation":{"origin":[3.6568542,16.0,5.5],"angle":45.0,"axis":"z"}},{"from":[-2.0,16.0,-1.0],"to":[16.0,24.0,9.0],"faces":{"east":{"uv":[6.3125,2.25,5.6875,2.75],"tintindex":0,"rotation":0,"texture":"#1"},"south":{"uv":[4.125,0.5,5.25,1.0],"tintindex":0,"rotation":0,"texture":"#1"},"north":{"uv":[4.125,0.0,5.25,0.5],"tintindex":0,"rotation":0,"texture":"#1"},"west":{"uv":[5.6875,2.25,6.3125,2.75],"tintindex":0,"rotation":0,"texture":"#1"},"up":{"uv":[1.125,4.0625,0.0,3.4375],"tintindex":0,"rotation":0,"texture":"#1"},"down":{"uv":[2.25,3.4375,1.125,4.0625],"tintindex":0,"rotation":0,"texture":"#1"}}},{"from":[-2.0,11.0,-1.1000004],"to":[16.0,24.0,-1.1000004],"faces":{"south":{"uv":[14.875,0.0,16.0,0.8125],"tintindex":0,"rotation":0,"texture":"#1"},"north":{"uv":[8.0,0.0,9.125,0.8125],"tintindex":0,"rotation":0,"texture":"#1"}}},{"from":[-2.0,11.0,9.1],"to":[16.0,24.0,9.1],"faces":{"south":{"uv":[8.0,0.0,9.125,0.8125],"tintindex":0,"rotation":0,"texture":"#1"},"north":{"uv":[14.875,0.0,16.0,0.8125],"tintindex":0,"rotation":0,"texture":"#1"}}},{"from":[6.343146,12.0,-1.0],"to":[14.343145,20.0,9.0],"faces":{"east":{"uv":[6.3125,3.25,5.6875,3.75],"tintindex":0,"rotation":0,"texture":"#1"},"south":{"uv":[4.875,6.25,4.375,6.75],"tintindex":0,"rotation":0,"texture":"#1"},"north":{"uv":[1.8125,6.25,1.3125,6.75],"tintindex":0,"rotation":0,"texture":"#1"},"west":{"uv":[6.3125,2.75,5.6875,3.25],"tintindex":0,"rotation":0,"texture":"#1"},"up":{"uv":[4.375,6.25,4.875,5.625],"tintindex":0,"rotation":0,"texture":"#1"},"down":{"uv":[5.6875,3.75,6.1875,4.375],"tintindex":0,"rotation":0,"texture":"#1"}},"rotation":{"origin":[10.343145,16.0,5.5],"angle":-45.0,"axis":"z"}},{"from":[3.0,8.0,1.0],"to":[12.0,16.0,8.0],"faces":{"east":{"uv":[1.0,6.625,0.5625,7.125],"tintindex":0,"rotation":0,"texture":"#1"},"south":{"uv":[5.1875,6.0625,5.75,6.5625],"tintindex":0,"rotation":0,"texture":"#1"},"north":{"uv":[2.0625,5.875,2.625,6.375],"tintindex":0,"rotation":0,"texture":"#1"},"west":{"uv":[0.5625,6.625,1.0,7.125],"tintindex":0,"rotation":0,"texture":"#1"},"up":{"uv":[3.6875,6.875,3.125,6.4375],"tintindex":0,"rotation":0,"texture":"#1"},"down":{"uv":[7.0625,0.0,6.5,0.4375],"tintindex":0,"rotation":0,"texture":"#1"}}}],"display":{"gui":{"rotation":[30,225,0]}}}