{"textures":{"1":"modelengine:entity/astral_archon"},"elements":[{"from":[2.3535533,-4.5,2.8535533],"to":[8.353554,4.5,8.853554],"faces":{"east":{"uv":[1.375,6.75,1.75,7.3125],"tintindex":0,"rotation":0,"texture":"#1"},"south":{"uv":[4.375,6.75,4.75,7.3125],"tintindex":0,"rotation":0,"texture":"#1"},"north":{"uv":[1.0,6.75,1.375,7.3125],"tintindex":0,"rotation":0,"texture":"#1"},"west":{"uv":[6.75,6.0,7.125,6.5625],"tintindex":0,"rotation":0,"texture":"#1"},"up":{"uv":[5.5,7.4375,5.125,7.0625],"tintindex":0,"rotation":0,"texture":"#1"},"down":{"uv":[0.9375,7.125,0.5625,7.5],"tintindex":0,"rotation":0,"texture":"#1"}},"rotation":{"origin":[9.207107,8.0,8.0],"angle":-45.0,"axis":"y"}},{"from":[0.3535533,4.5,0.8535538],"to":[16.353554,11.5,16.853554],"faces":{"east":{"uv":[5.5,0.4375,6.5,0.875],"tintindex":0,"rotation":0,"texture":"#1"},"south":{"uv":[5.5,0.875,6.5,1.3125],"tintindex":0,"rotation":0,"texture":"#1"},"north":{"uv":[5.5,0.0,6.5,0.4375],"tintindex":0,"rotation":0,"texture":"#1"},"west":{"uv":[5.5,1.3125,6.5,1.75],"tintindex":0,"rotation":0,"texture":"#1"},"up":{"uv":[1.0,1.0,0.0,0.0],"tintindex":0,"rotation":0,"texture":"#1"},"down":{"uv":[1.0,1.0,0.0,2.0],"tintindex":0,"rotation":0,"texture":"#1"}},"rotation":{"origin":[9.207107,8.0,8.0],"angle":-45.0,"axis":"y"}}],"display":{"gui":{"rotation":[30,225,0]}}}