{"textures":{"1":"modelengine:entity/astral_archon"},"elements":[{"from":[6.8707647,9.0,0.08031082],"to":[12.870765,32.0,6.080311],"faces":{"east":{"uv":[5.25,1.0,4.875,2.4375],"tintindex":0,"rotation":0,"texture":"#1"},"south":{"uv":[2.0625,4.8125,1.6875,6.25],"tintindex":0,"rotation":0,"texture":"#1"},"north":{"uv":[4.875,4.1875,4.5,5.625],"tintindex":0,"rotation":0,"texture":"#1"},"west":{"uv":[1.6875,4.8125,1.3125,6.25],"tintindex":0,"rotation":0,"texture":"#1"},"up":{"uv":[7.0625,1.0625,7.4375,0.6875],"tintindex":0,"rotation":0,"texture":"#1"},"down":{"uv":[7.0625,1.0625,7.4375,1.4375],"tintindex":0,"rotation":0,"texture":"#1"}},"rotation":{"origin":[9.870765,18.0,3.0803108],"angle":-22.5,"axis":"y"}},{"from":[5.0,13.0,1.0],"to":[11.5,32.0,10.0],"faces":{"east":{"uv":[3.9375,2.75,4.5,3.9375],"tintindex":0,"rotation":0,"texture":"#1"},"south":{"uv":[4.875,3.625,5.3125,4.8125],"tintindex":0,"rotation":0,"texture":"#1"},"north":{"uv":[4.875,2.4375,5.3125,3.625],"tintindex":0,"rotation":0,"texture":"#1"},"west":{"uv":[3.9375,3.9375,4.5,5.125],"tintindex":0,"rotation":0,"texture":"#1"},"up":{"uv":[6.8125,5.4375,6.375,4.875],"tintindex":0,"rotation":0,"texture":"#1"},"down":{"uv":[6.8125,5.4375,6.375,6.0],"tintindex":0,"rotation":0,"texture":"#1"}}},{"from":[3.623588,9.0,0.08031082],"to":[9.623589,32.0,6.080311],"faces":{"east":{"uv":[1.3125,4.8125,1.6875,6.25],"tintindex":0,"rotation":0,"texture":"#1"},"south":{"uv":[1.6875,4.8125,2.0625,6.25],"tintindex":0,"rotation":0,"texture":"#1"},"north":{"uv":[4.5,4.1875,4.875,5.625],"tintindex":0,"rotation":0,"texture":"#1"},"west":{"uv":[4.875,1.0,5.25,2.4375],"tintindex":0,"rotation":0,"texture":"#1"},"up":{"uv":[7.4375,1.0625,7.0625,0.6875],"tintindex":0,"rotation":0,"texture":"#1"},"down":{"uv":[7.4375,1.0625,7.0625,1.4375],"tintindex":0,"rotation":0,"texture":"#1"}},"rotation":{"origin":[6.623588,18.0,3.0803108],"angle":22.5,"axis":"y"}},{"from":[5.0,8.0,7.0],"to":[11.5,13.0,10.0],"faces":{"east":{"uv":[2.0625,4.0625,2.25,4.375],"tintindex":0,"rotation":0,"texture":"#1"},"south":{"uv":[7.1875,2.0,7.625,2.3125],"tintindex":0,"rotation":0,"texture":"#1"},"north":{"uv":[7.1875,1.6875,7.625,2.0],"tintindex":0,"rotation":0,"texture":"#1"},"west":{"uv":[5.5,1.75,5.6875,2.0625],"tintindex":0,"rotation":0,"texture":"#1"},"up":{"uv":[6.125,4.5625,5.6875,4.375],"tintindex":0,"rotation":0,"texture":"#1"},"down":{"uv":[6.75,3.5,6.3125,3.6875],"tintindex":0,"rotation":0,"texture":"#1"}}}],"display":{"gui":{"rotation":[30,225,0]}}}