{"textures":{"1":"modelengine:entity/astral_archon"},"elements":[{"from":[3.5,7.0,4.0],"to":[12.5,16.0,11.0],"faces":{"east":{"uv":[3.6875,6.4375,4.125,7.0],"tintindex":0,"rotation":0,"texture":"#1"},"south":{"uv":[5.625,4.5625,6.1875,5.125],"tintindex":0,"rotation":0,"texture":"#1"},"north":{"uv":[5.1875,5.5,5.75,6.0625],"tintindex":0,"rotation":0,"texture":"#1"},"west":{"uv":[6.5,0.4375,6.9375,1.0],"tintindex":0,"rotation":0,"texture":"#1"},"up":{"uv":[7.0625,1.4375,6.5,1.0],"tintindex":0,"rotation":0,"texture":"#1"},"down":{"uv":[6.3125,6.5,5.75,6.9375],"tintindex":0,"rotation":0,"texture":"#1"}}},{"from":[11.0,4.0,2.0],"to":[23.0,8.0,13.0],"faces":{"east":{"uv":[6.8125,5.625,7.5,5.875],"tintindex":0,"rotation":0,"texture":"#1"},"south":{"uv":[6.8125,4.875,7.5625,5.125],"tintindex":0,"rotation":0,"texture":"#1"},"north":{"uv":[6.5,1.4375,7.25,1.6875],"tintindex":0,"rotation":0,"texture":"#1"},"west":{"uv":[6.9375,0.4375,7.625,0.6875],"tintindex":0,"rotation":0,"texture":"#1"},"up":{"uv":[5.625,5.5,4.875,4.8125],"tintindex":0,"rotation":0,"texture":"#1"},"down":{"uv":[4.375,5.125,3.625,5.8125],"tintindex":0,"rotation":0,"texture":"#1"}},"rotation":{"origin":[10.5,4.0,7.0],"angle":45.0,"axis":"z"}},{"from":[7.0,4.0,2.0],"to":[11.0,20.0,13.0],"faces":{"east":{"uv":[2.25,3.4375,2.9375,4.4375],"tintindex":0,"rotation":0,"texture":"#1"},"south":{"uv":[2.3125,6.375,2.5625,7.375],"tintindex":0,"rotation":0,"texture":"#1"},"north":{"uv":[4.625,1.75,4.875,2.75],"tintindex":0,"rotation":0,"texture":"#1"},"west":{"uv":[3.9375,1.75,4.625,2.75],"tintindex":0,"rotation":0,"texture":"#1"},"up":{"uv":[3.875,5.0625,3.625,4.375],"tintindex":0,"rotation":0,"texture":"#1"},"down":{"uv":[3.3125,6.875,3.0625,7.5625],"tintindex":0,"rotation":0,"texture":"#1"}},"rotation":{"origin":[10.5,4.0,7.0],"angle":45.0,"axis":"z"}}],"display":{"gui":{"rotation":[30,225,0]}}}