{"textures":{"1":"modelengine:entity/astral_archon"},"elements":[{"from":[5.0,3.4617462,1.112989],"to":[11.5,8.461746,7.1129894],"faces":{"east":{"uv":[1.3125,7.3125,1.6875,7.625],"tintindex":0,"rotation":0,"texture":"#1"},"south":{"uv":[6.875,7.125,7.3125,7.4375],"tintindex":0,"rotation":0,"texture":"#1"},"north":{"uv":[7.125,6.8125,7.5625,7.125],"tintindex":0,"rotation":0,"texture":"#1"},"west":{"uv":[4.125,7.3125,4.5,7.625],"tintindex":0,"rotation":0,"texture":"#1"},"up":{"uv":[6.4375,7.3125,6.0,6.9375],"tintindex":0,"rotation":0,"texture":"#1"},"down":{"uv":[3.75,7.0,3.3125,7.375],"tintindex":0,"rotation":0,"texture":"#1"}}},{"from":[2.9630322,3.4617462,0.2608199],"to":[9.963033,8.461746,6.26082],"faces":{"east":{"uv":[7.1875,5.125,7.5625,5.4375],"tintindex":0,"rotation":0,"texture":"#1"},"south":{"uv":[7.125,6.5,7.5625,6.8125],"tintindex":0,"rotation":0,"texture":"#1"},"north":{"uv":[6.4375,7.125,6.875,7.4375],"tintindex":0,"rotation":0,"texture":"#1"},"west":{"uv":[0.9375,7.3125,1.3125,7.625],"tintindex":0,"rotation":0,"texture":"#1"},"up":{"uv":[7.375,4.6875,6.9375,4.3125],"tintindex":0,"rotation":0,"texture":"#1"},"down":{"uv":[6.0,6.9375,5.5625,7.3125],"tintindex":0,"rotation":0,"texture":"#1"}},"rotation":{"origin":[6.623588,3.0,4.0803113],"angle":22.5,"axis":"y"}},{"from":[6.5313206,3.4617462,0.2608199],"to":[13.531321,8.461746,6.26082],"faces":{"east":{"uv":[7.1875,2.75,7.5625,3.0625],"tintindex":0,"rotation":0,"texture":"#1"},"south":{"uv":[7.125,6.1875,7.5625,6.5],"tintindex":0,"rotation":0,"texture":"#1"},"north":{"uv":[7.125,5.875,7.5625,6.1875],"tintindex":0,"rotation":0,"texture":"#1"},"west":{"uv":[7.1875,3.0625,7.5625,3.375],"tintindex":0,"rotation":0,"texture":"#1"},"up":{"uv":[7.375,3.9375,6.9375,3.5625],"tintindex":0,"rotation":0,"texture":"#1"},"down":{"uv":[7.375,3.9375,6.9375,4.3125],"tintindex":0,"rotation":0,"texture":"#1"}},"rotation":{"origin":[9.870765,3.0,4.0803113],"angle":-22.5,"axis":"y"}}],"display":{"gui":{"rotation":[30,225,0]}}}