{"textures":{"1":"modelengine:entity/astral_archon"},"elements":[{"from":[7.5,5.514717,14.0],"to":[13.5,10.485283,14.0],"faces":{"south":{"uv":[1.6875,7.375,2.0625,7.6875],"tintindex":0,"rotation":0,"texture":"#1"},"north":{"uv":[1.6875,7.375,2.0625,7.6875],"tintindex":0,"rotation":0,"texture":"#1"}},"rotation":{"origin":[8.0,8.0,8.0],"angle":45.0,"axis":"x"}},{"from":[7.5,5.514717,14.0],"to":[13.5,10.485283,14.0],"faces":{"south":{"uv":[2.4375,7.375,2.8125,7.6875],"tintindex":0,"rotation":0,"texture":"#1"},"north":{"uv":[2.4375,7.375,2.8125,7.6875],"tintindex":0,"rotation":0,"texture":"#1"}}},{"from":[7.5,2.0,5.5147185],"to":[13.5,2.0,10.485281],"faces":{"up":{"uv":[7.75,4.3125,7.375,4.0],"tintindex":0,"rotation":0,"texture":"#1"},"down":{"uv":[7.75,4.0,7.375,4.3125],"tintindex":0,"rotation":0,"texture":"#1"}}},{"from":[7.5,5.514717,2.0],"to":[13.5,10.485283,2.0],"faces":{"south":{"uv":[4.875,7.3125,4.5,7.625],"tintindex":0,"rotation":0,"texture":"#1"},"north":{"uv":[4.5,7.3125,4.875,7.625],"tintindex":0,"rotation":0,"texture":"#1"}},"rotation":{"origin":[8.0,8.0,8.0],"angle":45.0,"axis":"x"}},{"from":[7.5,5.514717,2.0],"to":[13.5,10.485283,2.0],"faces":{"south":{"uv":[5.875,7.3125,6.25,7.625],"tintindex":0,"rotation":0,"texture":"#1"},"north":{"uv":[5.875,7.3125,6.25,7.625],"tintindex":0,"rotation":0,"texture":"#1"}}},{"from":[7.5,2.0,5.5147185],"to":[13.5,2.0,10.485281],"faces":{"up":{"uv":[4.0625,7.6875,3.6875,7.375],"tintindex":0,"rotation":0,"texture":"#1"},"down":{"uv":[4.0625,7.375,3.6875,7.6875],"tintindex":0,"rotation":0,"texture":"#1"}},"rotation":{"origin":[8.0,8.0,8.0],"angle":45.0,"axis":"x"}},{"from":[7.5,14.0,5.5147185],"to":[13.5,14.0,10.485281],"faces":{"up":{"uv":[7.75,4.625,7.375,4.3125],"tintindex":0,"rotation":0,"texture":"#1"},"down":{"uv":[7.75,4.3125,7.375,4.625],"tintindex":0,"rotation":0,"texture":"#1"}},"rotation":{"origin":[8.0,8.0,8.0],"angle":45.0,"axis":"x"}},{"from":[7.5,14.0,5.5147185],"to":[13.5,14.0,10.485281],"faces":{"up":{"uv":[7.8125,1.3125,7.4375,1.0],"tintindex":0,"rotation":0,"texture":"#1"},"down":{"uv":[7.8125,1.0,7.4375,1.3125],"tintindex":0,"rotation":0,"texture":"#1"}}}],"display":{"gui":{"rotation":[30,225,0]}}}