{"textures":{"1":"modelengine:entity/astral_archon"},"elements":[{"from":[8.0,-1.25,7.0],"to":[14.0,0.75,9.0],"faces":{"east":{"uv":[3.25,3.9375,3.375,4.0625],"tintindex":0,"rotation":0,"texture":"#1"},"south":{"uv":[7.625,1.8125,8.0,1.9375],"tintindex":0,"rotation":0,"texture":"#1"},"north":{"uv":[7.625,1.6875,8.0,1.8125],"tintindex":0,"rotation":0,"texture":"#1"},"west":{"uv":[3.25,4.0625,3.375,4.1875],"tintindex":0,"rotation":0,"texture":"#1"},"up":{"uv":[8.0,2.0625,7.625,1.9375],"tintindex":0,"rotation":0,"texture":"#1"},"down":{"uv":[8.0,2.0625,7.625,2.1875],"tintindex":0,"rotation":0,"texture":"#1"}},"rotation":{"origin":[11.0,-0.25,8.0],"angle":-22.5,"axis":"z"}},{"from":[7.8456783,-0.025829315,7.0],"to":[10.845678,7.9741707,9.0],"faces":{"east":{"uv":[2.8125,4.9375,2.9375,5.4375],"tintindex":0,"rotation":0,"texture":"#1"},"south":{"uv":[3.125,7.5625,3.3125,8.0625],"tintindex":0,"rotation":0,"texture":"#1"},"north":{"uv":[4.875,7.5,5.0625,8.0],"tintindex":0,"rotation":0,"texture":"#1"},"west":{"uv":[4.375,5.125,4.5,5.625],"tintindex":0,"rotation":0,"texture":"#1"},"up":{"uv":[2.0,6.375,1.8125,6.25],"tintindex":0,"rotation":0,"texture":"#1"},"down":{"uv":[6.5,6.5,6.3125,6.625],"tintindex":0,"rotation":0,"texture":"#1"}}}],"display":{"gui":{"rotation":[30,225,0]}}}