{"textures":{"1":"modelengine:entity/astral_archon"},"elements":[{"from":[7.375,4.8933983,0.5],"to":[12.375,11.106602,0.5],"faces":{"south":{"uv":[6.5625,7.4375,6.875,7.8125],"tintindex":0,"rotation":0,"texture":"#1"},"north":{"uv":[6.5625,7.4375,6.875,7.8125],"tintindex":0,"rotation":0,"texture":"#1"}}},{"from":[7.375,15.5,4.8933983],"to":[12.375,15.5,11.106602],"faces":{"up":{"uv":[3.125,7.9375,2.8125,7.5625],"tintindex":0,"rotation":0,"texture":"#1"},"down":{"uv":[3.125,7.5625,2.8125,7.9375],"tintindex":0,"rotation":0,"texture":"#1"}},"rotation":{"origin":[8.0,8.0,8.0],"angle":45.0,"axis":"x"}},{"from":[7.375,0.5,4.8933983],"to":[12.375,0.5,11.106602],"faces":{"up":{"uv":[7.8125,5.8125,7.5,5.4375],"tintindex":0,"rotation":0,"texture":"#1"},"down":{"uv":[7.8125,5.4375,7.5,5.8125],"tintindex":0,"rotation":0,"texture":"#1"}},"rotation":{"origin":[8.0,8.0,8.0],"angle":45.0,"axis":"x"}},{"from":[7.375,4.8933983,0.5],"to":[12.375,11.106602,0.5],"faces":{"south":{"uv":[5.125,7.4375,5.4375,7.8125],"tintindex":0,"rotation":0,"texture":"#1"},"north":{"uv":[5.125,7.4375,5.4375,7.8125],"tintindex":0,"rotation":0,"texture":"#1"}},"rotation":{"origin":[8.0,8.0,8.0],"angle":45.0,"axis":"x"}},{"from":[7.375,15.5,4.8933983],"to":[12.375,15.5,11.106602],"faces":{"up":{"uv":[7.875,6.1875,7.5625,5.8125],"tintindex":0,"rotation":0,"texture":"#1"},"down":{"uv":[7.875,5.8125,7.5625,6.1875],"tintindex":0,"rotation":0,"texture":"#1"}}},{"from":[7.375,4.8933983,15.5],"to":[12.375,11.106602,15.5],"faces":{"south":{"uv":[6.875,7.4375,7.1875,7.8125],"tintindex":0,"rotation":0,"texture":"#1"},"north":{"uv":[6.875,7.4375,7.1875,7.8125],"tintindex":0,"rotation":0,"texture":"#1"}},"rotation":{"origin":[8.0,8.0,8.0],"angle":45.0,"axis":"x"}},{"from":[7.375,0.5,4.8933983],"to":[12.375,0.5,11.106602],"faces":{"up":{"uv":[7.8125,7.8125,7.5,7.4375],"tintindex":0,"rotation":0,"texture":"#1"},"down":{"uv":[7.8125,7.4375,7.5,7.8125],"tintindex":0,"rotation":0,"texture":"#1"}}},{"from":[7.375,4.8933983,15.5],"to":[12.375,11.106602,15.5],"faces":{"south":{"uv":[0.3125,7.5,0.625,7.875],"tintindex":0,"rotation":0,"texture":"#1"},"north":{"uv":[0.3125,7.5,0.625,7.875],"tintindex":0,"rotation":0,"texture":"#1"}}}],"display":{"gui":{"rotation":[30,225,0]}}}