{"textures":{"1":"modelengine:entity/astral_archon"},"elements":[{"from":[6.0,-9.0,5.5],"to":[10.0,8.0,10.5],"faces":{"east":{"uv":[2.8125,5.5,3.125,6.5625],"tintindex":0,"rotation":0,"texture":"#1"},"south":{"uv":[0.0,6.125,0.25,7.1875],"tintindex":0,"rotation":0,"texture":"#1"},"north":{"uv":[4.125,5.8125,4.375,6.875],"tintindex":0,"rotation":0,"texture":"#1"},"west":{"uv":[4.875,5.5,5.1875,6.5625],"tintindex":0,"rotation":0,"texture":"#1"},"up":{"uv":[7.8125,7.0,7.5625,6.6875],"tintindex":0,"rotation":0,"texture":"#1"},"down":{"uv":[7.875,0.3125,7.625,0.625],"tintindex":0,"rotation":0,"texture":"#1"}}}],"display":{"gui":{"rotation":[30,225,0]}}}