{"textures":{"1":"modelengine:entity/astral_archon"},"elements":[{"from":[8.0,-1.25,7.0],"to":[14.0,0.75,9.0],"faces":{"east":{"uv":[3.25,1.75,3.375,1.875],"tintindex":0,"rotation":0,"texture":"#1"},"south":{"uv":[6.9375,4.6875,7.3125,4.8125],"tintindex":0,"rotation":0,"texture":"#1"},"north":{"uv":[3.3125,6.875,3.6875,7.0],"tintindex":0,"rotation":0,"texture":"#1"},"west":{"uv":[3.25,1.875,3.375,2.0],"tintindex":0,"rotation":0,"texture":"#1"},"up":{"uv":[7.9375,7.125,7.5625,7.0],"tintindex":0,"rotation":0,"texture":"#1"},"down":{"uv":[1.5625,7.625,1.1875,7.75],"tintindex":0,"rotation":0,"texture":"#1"}},"rotation":{"origin":[11.0,-0.25,8.0],"angle":-22.5,"axis":"z"}},{"from":[7.8456783,-0.025829315,7.0],"to":[10.845678,7.9741707,9.0],"faces":{"east":{"uv":[3.25,3.4375,3.375,3.9375],"tintindex":0,"rotation":0,"texture":"#1"},"south":{"uv":[2.125,6.875,2.3125,7.375],"tintindex":0,"rotation":0,"texture":"#1"},"north":{"uv":[2.625,5.875,2.8125,6.375],"tintindex":0,"rotation":0,"texture":"#1"},"west":{"uv":[2.8125,4.4375,2.9375,4.9375],"tintindex":0,"rotation":0,"texture":"#1"},"up":{"uv":[6.375,5.0,6.1875,4.875],"tintindex":0,"rotation":0,"texture":"#1"},"down":{"uv":[6.375,5.0,6.1875,5.125],"tintindex":0,"rotation":0,"texture":"#1"}}}],"display":{"gui":{"rotation":[30,225,0]}}}