{"textures":{"1":"modelengine:entity/astral_archon"},"elements":[{"from":[5.0,-12.0,2.0],"to":[11.0,8.0,10.0],"faces":{"east":{"uv":[1.3125,4.0625,0.8125,5.3125],"tintindex":0,"rotation":0,"texture":"#1"},"south":{"uv":[5.6875,3.3125,5.3125,4.5625],"tintindex":0,"rotation":0,"texture":"#1"},"north":{"uv":[5.6875,2.0625,5.3125,3.3125],"tintindex":0,"rotation":0,"texture":"#1"},"west":{"uv":[0.8125,4.0625,0.3125,5.3125],"tintindex":0,"rotation":0,"texture":"#1"},"up":{"uv":[6.8125,5.625,7.1875,5.125],"tintindex":0,"rotation":0,"texture":"#1"},"down":{"uv":[1.75,6.875,2.125,7.375],"tintindex":0,"rotation":0,"texture":"#1"}}}],"display":{"gui":{"rotation":[30,225,0]}}}