{"textures":{"1":"modelengine:entity/astral_archon"},"elements":[{"from":[6.0,-9.0,5.5],"to":[10.0,8.0,10.5],"faces":{"east":{"uv":[5.1875,5.5,4.875,6.5625],"tintindex":0,"rotation":0,"texture":"#1"},"south":{"uv":[0.25,6.125,0.0,7.1875],"tintindex":0,"rotation":0,"texture":"#1"},"north":{"uv":[4.375,5.8125,4.125,6.875],"tintindex":0,"rotation":0,"texture":"#1"},"west":{"uv":[3.125,5.5,2.8125,6.5625],"tintindex":0,"rotation":0,"texture":"#1"},"up":{"uv":[7.5625,7.0,7.8125,6.6875],"tintindex":0,"rotation":0,"texture":"#1"},"down":{"uv":[7.625,0.3125,7.875,0.625],"tintindex":0,"rotation":0,"texture":"#1"}}}],"display":{"gui":{"rotation":[30,225,0]}}}