{"textures":{"1":"modelengine:entity/astral_archon"},"elements":[{"from":[7.25,6.597232,6.4888167],"to":[9.25,14.097231,8.488817],"faces":{"east":{"uv":[5.125,6.5625,4.875,7.5],"tintindex":0,"rotation":0,"texture":"#1"},"south":{"uv":[3.0625,6.5625,2.8125,7.5],"tintindex":0,"rotation":0,"texture":"#1"},"north":{"uv":[2.8125,6.375,2.5625,7.3125],"tintindex":0,"rotation":0,"texture":"#1"},"west":{"uv":[6.75,6.0,6.5,6.9375],"tintindex":0,"rotation":0,"texture":"#1"},"up":{"uv":[5.3125,4.8125,5.5625,4.5625],"tintindex":0,"rotation":0,"texture":"#1"},"down":{"uv":[0.9375,7.625,1.1875,7.875],"tintindex":0,"rotation":0,"texture":"#1"}},"rotation":{"origin":[8.25,11.847231,7.4888167],"angle":-22.5,"axis":"x"}},{"from":[7.25,-8.5,8.0],"to":[9.25,8.0,10.5],"faces":{"east":{"uv":[0.3125,4.0625,0.0,6.125],"tintindex":0,"rotation":0,"texture":"#1"},"south":{"uv":[0.5625,5.3125,0.3125,7.375],"tintindex":0,"rotation":0,"texture":"#1"},"north":{"uv":[5.5,0.0,5.25,2.0625],"tintindex":0,"rotation":0,"texture":"#1"},"west":{"uv":[3.25,3.4375,2.9375,5.5],"tintindex":0,"rotation":0,"texture":"#1"},"up":{"uv":[4.125,7.1875,4.375,6.875],"tintindex":0,"rotation":0,"texture":"#1"},"down":{"uv":[7.5625,3.0625,7.8125,3.375],"tintindex":0,"rotation":0,"texture":"#1"}}}],"display":{"gui":{"rotation":[30,225,0]}}}