{"textures":{"1":"modelengine:entity/astral_archon"},"elements":[{"from":[5.5,-10.0,5.0],"to":[11.5,11.0,14.0],"faces":{"east":{"uv":[3.9375,3.0625,3.375,4.375],"tintindex":0,"rotation":0,"texture":"#1"},"south":{"uv":[1.3125,5.3125,0.9375,6.625],"tintindex":0,"rotation":0,"texture":"#1"},"north":{"uv":[0.9375,5.3125,0.5625,6.625],"tintindex":0,"rotation":0,"texture":"#1"},"west":{"uv":[3.9375,1.75,3.375,3.0625],"tintindex":0,"rotation":0,"texture":"#1"},"up":{"uv":[6.75,7.125,7.125,6.5625],"tintindex":0,"rotation":0,"texture":"#1"},"down":{"uv":[6.8125,3.0,7.1875,3.5625],"tintindex":0,"rotation":0,"texture":"#1"}}}],"display":{"gui":{"rotation":[30,225,0]}}}