{"textures":{"1":"modelengine:entity/astral_archon"},"elements":[{"from":[5.1543217,-0.025829315,7.0],"to":[8.154322,7.9741707,9.0],"faces":{"east":{"uv":[0.3125,7.625,0.1875,8.125],"tintindex":0,"rotation":0,"texture":"#1"},"south":{"uv":[0.1875,7.625,0.0,8.125],"tintindex":0,"rotation":0,"texture":"#1"},"north":{"uv":[7.75,6.1875,7.5625,6.6875],"tintindex":0,"rotation":0,"texture":"#1"},"west":{"uv":[4.875,6.75,4.75,7.25],"tintindex":0,"rotation":0,"texture":"#1"},"up":{"uv":[5.5625,6.6875,5.75,6.5625],"tintindex":0,"rotation":0,"texture":"#1"},"down":{"uv":[1.0,6.625,1.1875,6.75],"tintindex":0,"rotation":0,"texture":"#1"}}},{"from":[2.0,-1.25,7.0],"to":[8.0,0.75,9.0],"faces":{"east":{"uv":[3.25,5.5,3.125,5.625],"tintindex":0,"rotation":0,"texture":"#1"},"south":{"uv":[4.4375,7.625,4.0625,7.75],"tintindex":0,"rotation":0,"texture":"#1"},"north":{"uv":[8.0,2.1875,7.625,2.3125],"tintindex":0,"rotation":0,"texture":"#1"},"west":{"uv":[3.375,4.1875,3.25,4.3125],"tintindex":0,"rotation":0,"texture":"#1"},"up":{"uv":[4.4375,7.75,4.8125,7.625],"tintindex":0,"rotation":0,"texture":"#1"},"down":{"uv":[5.4375,7.625,5.8125,7.75],"tintindex":0,"rotation":0,"texture":"#1"}},"rotation":{"origin":[5.0,-0.25,8.0],"angle":22.5,"axis":"z"}}],"display":{"gui":{"rotation":[30,225,0]}}}