{"textures":{"1":"modelengine:entity/astral_archon"},"elements":[{"from":[2.0,-1.25,7.0],"to":[8.0,0.75,9.0],"faces":{"east":{"uv":[3.375,4.0625,3.25,4.1875],"tintindex":0,"rotation":0,"texture":"#1"},"south":{"uv":[8.0,1.8125,7.625,1.9375],"tintindex":0,"rotation":0,"texture":"#1"},"north":{"uv":[8.0,1.6875,7.625,1.8125],"tintindex":0,"rotation":0,"texture":"#1"},"west":{"uv":[3.375,3.9375,3.25,4.0625],"tintindex":0,"rotation":0,"texture":"#1"},"up":{"uv":[7.625,2.0625,8.0,1.9375],"tintindex":0,"rotation":0,"texture":"#1"},"down":{"uv":[7.625,2.0625,8.0,2.1875],"tintindex":0,"rotation":0,"texture":"#1"}},"rotation":{"origin":[5.0,-0.25,8.0],"angle":22.5,"axis":"z"}},{"from":[5.1543217,-0.025829315,7.0],"to":[8.154322,7.9741707,9.0],"faces":{"east":{"uv":[4.5,5.125,4.375,5.625],"tintindex":0,"rotation":0,"texture":"#1"},"south":{"uv":[3.3125,7.5625,3.125,8.0625],"tintindex":0,"rotation":0,"texture":"#1"},"north":{"uv":[5.0625,7.5,4.875,8.0],"tintindex":0,"rotation":0,"texture":"#1"},"west":{"uv":[2.9375,4.9375,2.8125,5.4375],"tintindex":0,"rotation":0,"texture":"#1"},"up":{"uv":[1.8125,6.375,2.0,6.25],"tintindex":0,"rotation":0,"texture":"#1"},"down":{"uv":[6.3125,6.5,6.5,6.625],"tintindex":0,"rotation":0,"texture":"#1"}}}],"display":{"gui":{"rotation":[30,225,0]}}}