{"textures":{"1":"modelengine:entity/astral_archon"},"elements":[{"from":[-4.560688,0.2858429,1.0],"to":[9.439312,5.285843,15.0],"faces":{"east":{"uv":[6.3125,2.0625,7.1875,2.375],"tintindex":0,"rotation":0,"texture":"#1"},"south":{"uv":[6.3125,2.375,7.1875,2.6875],"tintindex":0,"rotation":0,"texture":"#1"},"north":{"uv":[6.3125,1.75,7.1875,2.0625],"tintindex":0,"rotation":0,"texture":"#1"},"west":{"uv":[6.3125,2.6875,7.1875,3.0],"tintindex":0,"rotation":0,"texture":"#1"},"up":{"uv":[4.125,0.875,3.25,0.0],"tintindex":0,"rotation":0,"texture":"#1"},"down":{"uv":[4.125,0.875,3.25,1.75],"tintindex":0,"rotation":0,"texture":"#1"}},"rotation":{"origin":[2.439312,2.785843,8.0],"angle":45.0,"axis":"y"}},{"from":[-3.988821,7.0329285,2.0],"to":[8.011179,13.032928,14.0],"faces":{"east":{"uv":[6.1875,3.75,6.9375,4.125],"tintindex":0,"rotation":0,"texture":"#1"},"south":{"uv":[6.1875,4.125,6.9375,4.5],"tintindex":0,"rotation":0,"texture":"#1"},"north":{"uv":[5.75,6.125,6.5,6.5],"tintindex":0,"rotation":0,"texture":"#1"},"west":{"uv":[6.1875,4.5,6.9375,4.875],"tintindex":0,"rotation":0,"texture":"#1"},"up":{"uv":[2.0625,4.8125,1.3125,4.0625],"tintindex":0,"rotation":0,"texture":"#1"},"down":{"uv":[4.875,1.0,4.125,1.75],"tintindex":0,"rotation":0,"texture":"#1"}},"rotation":{"origin":[2.011179,9.032928,8.0],"angle":-45.0,"axis":"y"}}],"display":{"gui":{"rotation":[30,225,0]}}}