{"textures":{"1":"modelengine:entity/astral_archon"},"elements":[{"from":[7.988821,7.0329285,2.0],"to":[19.988821,13.032928,14.0],"faces":{"east":{"uv":[6.9375,4.5,6.1875,4.875],"tintindex":0,"rotation":0,"texture":"#1"},"south":{"uv":[6.9375,4.125,6.1875,4.5],"tintindex":0,"rotation":0,"texture":"#1"},"north":{"uv":[6.5,6.125,5.75,6.5],"tintindex":0,"rotation":0,"texture":"#1"},"west":{"uv":[6.9375,3.75,6.1875,4.125],"tintindex":0,"rotation":0,"texture":"#1"},"up":{"uv":[1.3125,4.8125,2.0625,4.0625],"tintindex":0,"rotation":0,"texture":"#1"},"down":{"uv":[4.125,1.0,4.875,1.75],"tintindex":0,"rotation":0,"texture":"#1"}},"rotation":{"origin":[13.988821,9.032928,8.0],"angle":45.0,"axis":"y"}},{"from":[6.560688,0.2858429,1.0],"to":[20.560688,5.285843,15.0],"faces":{"east":{"uv":[7.1875,2.6875,6.3125,3.0],"tintindex":0,"rotation":0,"texture":"#1"},"south":{"uv":[7.1875,2.375,6.3125,2.6875],"tintindex":0,"rotation":0,"texture":"#1"},"north":{"uv":[7.1875,1.75,6.3125,2.0625],"tintindex":0,"rotation":0,"texture":"#1"},"west":{"uv":[7.1875,2.0625,6.3125,2.375],"tintindex":0,"rotation":0,"texture":"#1"},"up":{"uv":[3.25,0.875,4.125,0.0],"tintindex":0,"rotation":0,"texture":"#1"},"down":{"uv":[3.25,0.875,4.125,1.75],"tintindex":0,"rotation":0,"texture":"#1"}},"rotation":{"origin":[13.560688,2.785843,8.0],"angle":-45.0,"axis":"y"}}],"display":{"gui":{"rotation":[30,225,0]}}}