{"textures":{"1":"modelengine:entity/fallenravager"},"elements":[{"from":[2.4250002,4.75,7.7],"to":[13.425,7.75,8.7],"faces":{"east":{"uv":[1.5635,7.501,1.624,7.6865],"tintindex":0,"rotation":0,"texture":"#1"},"south":{"uv":[2.126,2.751,2.8115,2.9365],"tintindex":0,"rotation":0,"texture":"#1"},"north":{"uv":[2.126,2.751,2.8115,2.9365],"tintindex":0,"rotation":0,"texture":"#1"},"west":{"uv":[1.876,7.501,1.9365,7.6865],"tintindex":0,"rotation":0,"texture":"#1"},"up":{"uv":[5.749,3.749,5.0635,3.6885],"tintindex":0,"rotation":0,"texture":"#1"},"down":{"uv":[5.8115,1.4385,5.126,1.499],"tintindex":0,"rotation":0,"texture":"#1"}}},{"from":[1.4250002,1.75,7.7],"to":[14.425,4.75,8.7],"faces":{"east":{"uv":[7.501,7.3135,7.5615,7.499],"tintindex":0,"rotation":0,"texture":"#1"},"south":{"uv":[2.376,2.501,3.1865,2.6865],"tintindex":0,"rotation":0,"texture":"#1"},"north":{"uv":[2.376,2.501,3.1865,2.6865],"tintindex":0,"rotation":0,"texture":"#1"},"west":{"uv":[7.5635,1.0635,7.624,1.249],"tintindex":0,"rotation":0,"texture":"#1"},"up":{"uv":[5.8115,2.624,5.001,2.5635],"tintindex":0,"rotation":0,"texture":"#1"},"down":{"uv":[5.8115,2.6885,5.001,2.749],"tintindex":0,"rotation":0,"texture":"#1"}}}],"display":{"gui":{"rotation":[30,225,0]}}}