{"textures":{"1":"modelengine:entity/fallenravager"},"elements":[{"from":[6.7,-1.0,7.25],"to":[8.7,2.0,8.25],"faces":{"east":{"uv":[3.9385,7.501,3.999,7.6865],"tintindex":0,"rotation":0,"texture":"#1"},"south":{"uv":[6.0635,4.4385,6.1865,4.624],"tintindex":0,"rotation":0,"texture":"#1"},"north":{"uv":[6.0635,4.4385,6.1865,4.624],"tintindex":0,"rotation":0,"texture":"#1"},"west":{"uv":[4.0635,7.501,4.124,7.6865],"tintindex":0,"rotation":0,"texture":"#1"},"up":{"uv":[7.9365,4.999,7.8135,4.9385],"tintindex":0,"rotation":0,"texture":"#1"},"down":{"uv":[7.9365,5.0635,7.8135,5.124],"tintindex":0,"rotation":0,"texture":"#1"}}},{"from":[4.7,5.0,7.25],"to":[9.7,8.0,8.25],"faces":{"east":{"uv":[3.1885,7.501,3.249,7.6865],"tintindex":0,"rotation":0,"texture":"#1"},"south":{"uv":[3.9385,4.876,4.249,5.0615],"tintindex":0,"rotation":0,"texture":"#1"},"north":{"uv":[3.9385,4.876,4.249,5.0615],"tintindex":0,"rotation":0,"texture":"#1"},"west":{"uv":[3.3135,7.501,3.374,7.6865],"tintindex":0,"rotation":0,"texture":"#1"},"up":{"uv":[6.5615,3.874,6.251,3.8135],"tintindex":0,"rotation":0,"texture":"#1"},"down":{"uv":[6.5615,3.9385,6.251,3.999],"tintindex":0,"rotation":0,"texture":"#1"}}},{"from":[7.7,-3.0,7.25],"to":[8.7,-1.0,8.25],"faces":{"east":{"uv":[5.6885,7.8135,5.749,7.9365],"tintindex":0,"rotation":0,"texture":"#1"},"south":{"uv":[7.8135,6.376,7.874,6.499],"tintindex":0,"rotation":0,"texture":"#1"},"north":{"uv":[5.5635,7.8135,5.624,7.9365],"tintindex":0,"rotation":0,"texture":"#1"},"west":{"uv":[7.501,7.8135,7.5615,7.9365],"tintindex":0,"rotation":0,"texture":"#1"},"up":{"uv":[8.249,7.1865,8.1885,7.126],"tintindex":0,"rotation":0,"texture":"#1"},"down":{"uv":[7.249,8.1885,7.1885,8.249],"tintindex":0,"rotation":0,"texture":"#1"}}},{"from":[5.7,2.0,7.25],"to":[9.7,5.0,8.25],"faces":{"east":{"uv":[3.4385,7.501,3.499,7.6865],"tintindex":0,"rotation":0,"texture":"#1"},"south":{"uv":[5.126,1.9385,5.374,2.124],"tintindex":0,"rotation":0,"texture":"#1"},"north":{"uv":[5.126,1.9385,5.374,2.124],"tintindex":0,"rotation":0,"texture":"#1"},"west":{"uv":[3.5635,7.501,3.624,7.6865],"tintindex":0,"rotation":0,"texture":"#1"},"up":{"uv":[7.124,1.0615,6.876,1.001],"tintindex":0,"rotation":0,"texture":"#1"},"down":{"uv":[3.9365,6.876,3.6885,6.9365],"tintindex":0,"rotation":0,"texture":"#1"}}},{"from":[8.7,-4.0,7.25],"to":[9.7,-3.0,8.25],"faces":{"east":{"uv":[8.1885,7.6885,8.249,7.749],"tintindex":0,"rotation":0,"texture":"#1"},"south":{"uv":[7.9385,8.1885,7.999,8.249],"tintindex":0,"rotation":0,"texture":"#1"},"north":{"uv":[7.9385,8.1885,7.999,8.249],"tintindex":0,"rotation":0,"texture":"#1"},"west":{"uv":[8.0635,8.1885,8.124,8.249],"tintindex":0,"rotation":0,"texture":"#1"},"up":{"uv":[8.249,8.249,8.1885,8.1885],"tintindex":0,"rotation":0,"texture":"#1"},"down":{"uv":[0.1865,8.251,0.126,8.3115],"tintindex":0,"rotation":0,"texture":"#1"}}}],"display":{"gui":{"rotation":[30,225,0]}}}