{"textures":{"1":"modelengine:entity/fallenravager"},"elements":[{"from":[0.5,2.1000004,7.25],"to":[15.5,8.1,8.25],"faces":{"east":{"uv":[0.876,6.0635,0.9365,6.4365],"tintindex":0,"rotation":0,"texture":"#1"},"south":{"uv":[1.001,0.4385,1.9365,0.8115],"tintindex":0,"rotation":0,"texture":"#1"},"north":{"uv":[1.001,0.4385,1.9365,0.8115],"tintindex":0,"rotation":0,"texture":"#1"},"west":{"uv":[3.001,6.0635,3.0615,6.4365],"tintindex":0,"rotation":0,"texture":"#1"},"up":{"uv":[4.749,1.3115,3.8135,1.251],"tintindex":0,"rotation":0,"texture":"#1"},"down":{"uv":[5.8115,0.376,4.876,0.4365],"tintindex":0,"rotation":0,"texture":"#1"}}}],"display":{"gui":{"rotation":[30,225,0]}}}