{"textures":{"1":"modelengine:entity/fallenravager"},"elements":[{"from":[4.494,2.994,9.394],"to":[5.506,8.006,10.405999],"faces":{"east":{"uv":[5.751,6.4385,5.8115,6.749],"tintindex":0,"rotation":0,"texture":"#1"},"south":{"uv":[0.5635,6.501,0.624,6.8115],"tintindex":0,"rotation":0,"texture":"#1"},"north":{"uv":[5.626,6.4385,5.6865,6.749],"tintindex":0,"rotation":0,"texture":"#1"},"west":{"uv":[0.6885,6.501,0.749,6.8115],"tintindex":0,"rotation":0,"texture":"#1"},"up":{"uv":[1.6865,8.374,1.626,8.3135],"tintindex":0,"rotation":0,"texture":"#1"},"down":{"uv":[8.374,1.626,8.3135,1.6865],"tintindex":0,"rotation":0,"texture":"#1"}},"rotation":{"origin":[5.0,6.0,9.5],"angle":-45.0,"axis":"y"}},{"from":[5.5,8.0,6.0],"to":[8.5,9.0,10.0],"faces":{"east":{"uv":[5.126,2.1885,5.374,2.249],"tintindex":0,"rotation":0,"texture":"#1"},"south":{"uv":[7.3135,6.1885,7.499,6.249],"tintindex":0,"rotation":0,"texture":"#1"},"north":{"uv":[4.126,3.8135,4.3115,3.874],"tintindex":0,"rotation":0,"texture":"#1"},"west":{"uv":[6.626,5.0635,6.874,5.124],"tintindex":0,"rotation":0,"texture":"#1"},"up":{"uv":[0.624,4.1865,0.4385,3.9385],"tintindex":0,"rotation":0,"texture":"#1"},"down":{"uv":[4.499,4.876,4.3135,5.124],"tintindex":0,"rotation":0,"texture":"#1"}}},{"from":[4.5,4.0,6.0],"to":[8.5,8.0,10.0],"faces":{"east":{"uv":[1.1885,3.9385,1.4365,4.1865],"tintindex":0,"rotation":0,"texture":"#1"},"south":{"uv":[3.9385,2.251,4.1865,2.499],"tintindex":0,"rotation":0,"texture":"#1"},"north":{"uv":[3.9385,0.3135,4.1865,0.5615],"tintindex":0,"rotation":0,"texture":"#1"},"west":{"uv":[3.751,3.9385,3.999,4.1865],"tintindex":0,"rotation":0,"texture":"#1"},"up":{"uv":[4.249,1.874,4.001,1.626],"tintindex":0,"rotation":0,"texture":"#1"},"down":{"uv":[4.3115,2.5635,4.0635,2.8115],"tintindex":0,"rotation":0,"texture":"#1"}}},{"from":[8.5,8.0,10.0],"to":[4.5,4.0,6.0],"faces":{"east":{"uv":[3.751,4.1865,3.999,3.9385],"tintindex":0,"rotation":0,"texture":"#1"},"south":{"uv":[3.9385,0.5615,4.1865,0.3135],"tintindex":0,"rotation":0,"texture":"#1"},"north":{"uv":[3.9385,2.499,4.1865,2.251],"tintindex":0,"rotation":0,"texture":"#1"},"west":{"uv":[1.1885,4.1865,1.4365,3.9385],"tintindex":0,"rotation":0,"texture":"#1"},"up":{"uv":[4.0635,2.5635,4.3115,2.8115],"tintindex":0,"rotation":0,"texture":"#1"},"down":{"uv":[4.001,1.874,4.249,1.626],"tintindex":0,"rotation":0,"texture":"#1"}}},{"from":[4.5,3.0,6.0],"to":[5.5,4.0,10.0],"faces":{"east":{"uv":[6.6885,5.5635,6.9365,5.624],"tintindex":0,"rotation":0,"texture":"#1"},"south":{"uv":[8.001,7.9385,8.0615,7.999],"tintindex":0,"rotation":0,"texture":"#1"},"north":{"uv":[8.001,7.8135,8.0615,7.874],"tintindex":0,"rotation":0,"texture":"#1"},"west":{"uv":[6.751,0.376,6.999,0.4365],"tintindex":0,"rotation":0,"texture":"#1"},"up":{"uv":[6.8115,0.749,6.751,0.501],"tintindex":0,"rotation":0,"texture":"#1"},"down":{"uv":[6.8115,0.8135,6.751,1.0615],"tintindex":0,"rotation":0,"texture":"#1"}}},{"from":[4.494,2.994,5.819],"to":[5.506,8.006,6.831],"faces":{"east":{"uv":[6.4385,4.1885,6.499,4.499],"tintindex":0,"rotation":0,"texture":"#1"},"south":{"uv":[4.251,6.4385,4.3115,6.749],"tintindex":0,"rotation":0,"texture":"#1"},"north":{"uv":[4.126,6.4385,4.1865,6.749],"tintindex":0,"rotation":0,"texture":"#1"},"west":{"uv":[4.376,6.4385,4.4365,6.749],"tintindex":0,"rotation":0,"texture":"#1"},"up":{"uv":[8.374,1.4365,8.3135,1.376],"tintindex":0,"rotation":0,"texture":"#1"},"down":{"uv":[8.374,1.501,8.3135,1.5615],"tintindex":0,"rotation":0,"texture":"#1"}},"rotation":{"origin":[5.0,6.0,6.725],"angle":45.0,"axis":"y"}},{"from":[5.0031357,7.252096,6.005],"to":[6.0031357,8.502096,9.995],"faces":{"east":{"uv":[6.626,5.1885,6.874,5.249],"tintindex":0,"rotation":0,"texture":"#1"},"south":{"uv":[8.001,2.376,8.0615,2.4365],"tintindex":0,"rotation":0,"texture":"#1"},"north":{"uv":[3.3135,4.0635,3.374,4.124],"tintindex":0,"rotation":0,"texture":"#1"},"west":{"uv":[6.6885,1.501,6.9365,1.5615],"tintindex":0,"rotation":0,"texture":"#1"},"up":{"uv":[2.0615,0.8115,2.001,0.5635],"tintindex":0,"rotation":0,"texture":"#1"},"down":{"uv":[6.749,2.376,6.6885,2.624],"tintindex":0,"rotation":0,"texture":"#1"}},"rotation":{"origin":[6.5031357,8.502096,8.0],"angle":-22.5,"axis":"z"}},{"from":[7.5,3.0,6.0],"to":[8.5,4.0,10.0],"faces":{"east":{"uv":[6.6885,5.3135,6.9365,5.374],"tintindex":0,"rotation":0,"texture":"#1"},"south":{"uv":[8.001,7.5635,8.0615,7.624],"tintindex":0,"rotation":0,"texture":"#1"},"north":{"uv":[7.501,8.001,7.5615,8.0615],"tintindex":0,"rotation":0,"texture":"#1"},"west":{"uv":[6.6885,5.4385,6.9365,5.499],"tintindex":0,"rotation":0,"texture":"#1"},"up":{"uv":[0.0615,6.999,0.001,6.751],"tintindex":0,"rotation":0,"texture":"#1"},"down":{"uv":[0.3115,6.751,0.251,6.999],"tintindex":0,"rotation":0,"texture":"#1"}}}],"display":{"gui":{"rotation":[30,225,0]}}}