{"textures":{"0":"modelengine:entity/stone_player"},"elements":[{"from":[8.0,-16.0,6.0],"to":[12.0,-4.0,10.0],"faces":{"east":{"uv":[0.0,9.0,1.0,12.0],"tintindex":0,"rotation":0,"texture":"#0"},"south":{"uv":[3.0,9.0,4.0,12.0],"tintindex":0,"rotation":0,"texture":"#0"},"north":{"uv":[1.0,9.0,2.0,12.0],"tintindex":0,"rotation":0,"texture":"#0"},"west":{"uv":[2.0,9.0,3.0,12.0],"tintindex":0,"rotation":0,"texture":"#0"},"up":{"uv":[2.0,9.0,1.0,8.0],"tintindex":0,"rotation":0,"texture":"#0"},"down":{"uv":[3.0,8.0,2.0,9.0],"tintindex":0,"rotation":0,"texture":"#0"}},"rotation":{"origin":[10.0,-4.0,8.0],"angle":-22.5,"axis":"x"}},{"from":[4.0,-4.0,6.0],"to":[12.0,8.0,10.0],"faces":{"east":{"uv":[0.0,5.0,1.0,8.0],"tintindex":0,"rotation":0,"texture":"#0"},"south":{"uv":[4.0,5.0,6.0,8.0],"tintindex":0,"rotation":0,"texture":"#0"},"north":{"uv":[1.0,5.0,3.0,8.0],"tintindex":0,"rotation":0,"texture":"#0"},"west":{"uv":[3.0,5.0,4.0,8.0],"tintindex":0,"rotation":0,"texture":"#0"},"up":{"uv":[3.0,5.0,1.0,4.0],"tintindex":0,"rotation":0,"texture":"#0"},"down":{"uv":[5.0,4.0,3.0,5.0],"tintindex":0,"rotation":0,"texture":"#0"}}},{"from":[4.0,-16.0,6.0],"to":[8.0,-4.0,10.0],"faces":{"east":{"uv":[3.0,9.0,2.0,12.0],"tintindex":0,"rotation":0,"texture":"#0"},"south":{"uv":[4.0,9.0,3.0,12.0],"tintindex":0,"rotation":0,"texture":"#0"},"north":{"uv":[2.0,9.0,1.0,12.0],"tintindex":0,"rotation":0,"texture":"#0"},"west":{"uv":[1.0,9.0,0.0,12.0],"tintindex":0,"rotation":0,"texture":"#0"},"up":{"uv":[1.0,9.0,2.0,8.0],"tintindex":0,"rotation":0,"texture":"#0"},"down":{"uv":[2.0,8.0,3.0,9.0],"tintindex":0,"rotation":0,"texture":"#0"}},"rotation":{"origin":[6.0,-4.0,8.0],"angle":22.5,"axis":"x"}},{"from":[4.0,8.0,4.0],"to":[12.0,16.0,12.0],"faces":{"east":{"uv":[0.0,2.0,2.0,4.0],"tintindex":0,"rotation":0,"texture":"#0"},"south":{"uv":[6.0,2.0,8.0,4.0],"tintindex":0,"rotation":0,"texture":"#0"},"north":{"uv":[2.0,2.0,4.0,4.0],"tintindex":0,"rotation":0,"texture":"#0"},"west":{"uv":[4.0,2.0,6.0,4.0],"tintindex":0,"rotation":0,"texture":"#0"},"up":{"uv":[4.0,2.0,2.0,0.0],"tintindex":0,"rotation":0,"texture":"#0"},"down":{"uv":[6.0,0.0,4.0,2.0],"tintindex":0,"rotation":0,"texture":"#0"}}},{"from":[12.0,-4.0,6.0],"to":[16.0,8.0,10.0],"faces":{"east":{"uv":[6.0,5.0,7.0,8.0],"tintindex":0,"rotation":0,"texture":"#0"},"south":{"uv":[9.0,5.0,10.0,8.0],"tintindex":0,"rotation":0,"texture":"#0"},"north":{"uv":[7.0,5.0,8.0,8.0],"tintindex":0,"rotation":0,"texture":"#0"},"west":{"uv":[8.0,5.0,9.0,8.0],"tintindex":0,"rotation":0,"texture":"#0"},"up":{"uv":[8.0,5.0,7.0,4.0],"tintindex":0,"rotation":0,"texture":"#0"},"down":{"uv":[9.0,4.0,8.0,5.0],"tintindex":0,"rotation":0,"texture":"#0"}},"rotation":{"origin":[12.0,7.0,8.0],"angle":22.5,"axis":"x"}},{"from":[0.0,-4.0,6.0],"to":[4.0,8.0,10.0],"faces":{"east":{"uv":[9.0,5.0,8.0,8.0],"tintindex":0,"rotation":0,"texture":"#0"},"south":{"uv":[10.0,5.0,9.0,8.0],"tintindex":0,"rotation":0,"texture":"#0"},"north":{"uv":[8.0,5.0,7.0,8.0],"tintindex":0,"rotation":0,"texture":"#0"},"west":{"uv":[7.0,5.0,6.0,8.0],"tintindex":0,"rotation":0,"texture":"#0"},"up":{"uv":[7.0,5.0,8.0,4.0],"tintindex":0,"rotation":0,"texture":"#0"},"down":{"uv":[8.0,4.0,9.0,5.0],"tintindex":0,"rotation":0,"texture":"#0"}},"rotation":{"origin":[4.0,7.0,8.0],"angle":-22.5,"axis":"x"}}],"display":{"gui":{"rotation":[30,225,0]}}}