{"textures":{"0":"modelengine:entity/qmob_silkfang"},"elements":[{"from":[-1.75,-4.643173,-1.1365747],"to":[17.75,11.106827,16.113424],"faces":{"east":{"uv":[1.625,2.75,3.125,4.125],"tintindex":0,"rotation":0,"texture":"#0"},"south":{"uv":[1.625,1.375,3.25,2.75],"tintindex":0,"rotation":0,"texture":"#0"},"north":{"uv":[1.625,0.0,3.25,1.375],"tintindex":0,"rotation":0,"texture":"#0"},"west":{"uv":[0.0,3.0,1.5,4.375],"tintindex":0,"rotation":0,"texture":"#0"},"up":{"uv":[1.625,1.5,0.0,0.0],"tintindex":0,"rotation":0,"texture":"#0"},"down":{"uv":[1.625,1.5,0.0,3.0],"tintindex":0,"rotation":0,"texture":"#0"}}}],"display":{"gui":{"rotation":[30,225,0]}}}