{"textures":{"0":"modelengine:entity/qmob_silkfang"},"elements":[{"from":[2.1875,4.093293,6.9317126],"to":[4.0625,10.843293,8.806713],"faces":{"east":{"uv":[8.25,8.625,8.625,9.75],"tintindex":0,"rotation":0,"texture":"#0"},"south":{"uv":[8.625,8.5,9.0,9.625],"tintindex":0,"rotation":0,"texture":"#0"},"north":{"uv":[7.875,8.625,8.25,9.75],"tintindex":0,"rotation":0,"texture":"#0"},"west":{"uv":[8.75,1.25,9.125,2.375],"tintindex":0,"rotation":0,"texture":"#0"},"up":{"uv":[10.5,2.875,10.125,2.5],"tintindex":0,"rotation":0,"texture":"#0"},"down":{"uv":[3.125,10.125,2.75,10.5],"tintindex":0,"rotation":0,"texture":"#0"}},"rotation":{"origin":[8.1875,6.155793,7.8692126],"angle":45.0,"axis":"z"}},{"from":[0.8350239,-4.5905275,7.1192126],"to":[2.8975239,5.1594725,8.619213],"faces":{"east":{"uv":[8.875,5.75,9.125,7.375],"tintindex":0,"rotation":0,"texture":"#0"},"south":{"uv":[4.5,7.5,4.875,9.125],"tintindex":0,"rotation":0,"texture":"#0"},"north":{"uv":[4.125,7.5,4.5,9.125],"tintindex":0,"rotation":0,"texture":"#0"},"west":{"uv":[3.5,9.0,3.75,10.625],"tintindex":0,"rotation":0,"texture":"#0"},"up":{"uv":[10.875,8.0,10.5,7.75],"tintindex":0,"rotation":0,"texture":"#0"},"down":{"uv":[9.75,10.5,9.375,10.75],"tintindex":0,"rotation":0,"texture":"#0"}}},{"from":[6.6875,0.5307932,7.1192126],"to":[8.5625,8.030793,8.619213],"faces":{"east":{"uv":[9.5,5.375,9.75,6.625],"tintindex":0,"rotation":0,"texture":"#0"},"south":{"uv":[8.125,6.125,8.5,7.375],"tintindex":0,"rotation":0,"texture":"#0"},"north":{"uv":[3.625,7.75,4.0,9.0],"tintindex":0,"rotation":0,"texture":"#0"},"west":{"uv":[9.5,9.0,9.75,10.25],"tintindex":0,"rotation":0,"texture":"#0"},"up":{"uv":[10.875,5.75,10.5,5.5],"tintindex":0,"rotation":0,"texture":"#0"},"down":{"uv":[10.875,5.75,10.5,6.0],"tintindex":0,"rotation":0,"texture":"#0"}},"rotation":{"origin":[8.1875,6.155793,7.8692126],"angle":-22.5,"axis":"z"}}],"display":{"gui":{"rotation":[30,225,0]}}}