{"textures":{"3":"modelengine:entity/cerberus4"},"elements":[{"from":[2.0,0.0,-1.0],"to":[14.0,8.0,13.0],"faces":{"east":{"uv":[6.5625,5.53125,6.9875,5.78125],"tintindex":0,"rotation":0,"texture":"#3"},"south":{"uv":[5.5125,7.7625,5.8625,7.9875],"tintindex":0,"rotation":0,"texture":"#3"},"north":{"uv":[3.7625,7.7625,4.1125,7.9875],"tintindex":0,"rotation":0,"texture":"#3"},"west":{"uv":[7.65625,0.9375,8.09375,1.1875],"tintindex":0,"rotation":0,"texture":"#3"},"up":{"uv":[5.8625,7.7375,5.5125,7.3125],"tintindex":0,"rotation":0,"texture":"#3"},"down":{"uv":[7.6875,7.1375,7.3125,7.5625],"tintindex":0,"rotation":0,"texture":"#3"}}},{"from":[1.0,0.0,-7.0],"to":[15.0,11.0,2.0],"faces":{"east":{"uv":[1.1875,7.71875,1.46875,8.0625],"tintindex":0,"rotation":0,"texture":"#3"},"south":{"uv":[0.7625,7.40625,1.1875,7.7375],"tintindex":0,"rotation":0,"texture":"#3"},"north":{"uv":[7.3875,4.46875,7.8125,4.8125],"tintindex":0,"rotation":0,"texture":"#3"},"west":{"uv":[7.71875,3.3875,7.9875,3.71875],"tintindex":0,"rotation":0,"texture":"#3"},"up":{"uv":[5.0625,7.84375,4.6375,7.5625],"tintindex":0,"rotation":0,"texture":"#3"},"down":{"uv":[7.53125,7.5625,7.09375,7.84375],"tintindex":0,"rotation":0,"texture":"#3"}},"rotation":{"origin":[8.0,5.0,-2.0],"angle":22.5,"axis":"x"}}],"display":{"gui":{"rotation":[30,225,0]}}}