{"textures":{"3":"modelengine:entity/cerberus4","4":"modelengine:entity/cerberus_bits"},"elements":[{"from":[4.54883,4.714482,6.0186777],"to":[11.04883,11.214482,12.018678],"faces":{"east":{"uv":[0.0125,4.40625,0.7375,5.21875],"tintindex":0,"rotation":0,"texture":"#3"},"south":{"uv":[4.34375,4.3125,5.15625,5.1125],"tintindex":0,"rotation":0,"texture":"#3"},"north":{"uv":[3.53125,4.3125,4.34375,5.1125],"tintindex":0,"rotation":0,"texture":"#3"},"west":{"uv":[4.46875,0.8125,5.21875,1.6125],"tintindex":0,"rotation":0,"texture":"#3"},"up":{"uv":[1.5625,5.28125,0.7625,4.53125],"tintindex":0,"rotation":0,"texture":"#3"},"down":{"uv":[5.46875,0.0125,4.65625,0.7375],"tintindex":0,"rotation":0,"texture":"#3"}},"rotation":{"origin":[7.79883,7.9644823,9.018678],"angle":-22.5,"axis":"x"}},{"from":[3.29883,3.4644818,-2.4813223],"to":[12.04883,9.964482,7.7686777],"faces":{"east":{"uv":[1.09375,3.15625,2.3625,3.96875],"tintindex":0,"rotation":0,"texture":"#3"},"south":{"uv":[0.0125,3.59375,1.09375,4.40625],"tintindex":0,"rotation":0,"texture":"#3"},"north":{"uv":[3.3875,0.8125,4.46875,1.6125],"tintindex":0,"rotation":0,"texture":"#3"},"west":{"uv":[3.3875,0.0125,4.65625,0.8125],"tintindex":0,"rotation":0,"texture":"#3"},"up":{"uv":[2.78125,3.15625,1.6875,1.8875],"tintindex":0,"rotation":0,"texture":"#3"},"down":{"uv":[1.09375,2.3125,0.0125,3.59375],"tintindex":0,"rotation":0,"texture":"#3"}}},{"from":[2.29883,12.947252,-1.4152517],"to":[12.04883,12.947252,3.0847478],"faces":{"up":{"uv":[2.3125,4.53125,1.09375,3.96875],"tintindex":0,"rotation":0,"texture":"#3"},"down":{"uv":[2.3125,3.96875,1.09375,4.53125],"tintindex":0,"rotation":0,"texture":"#3"}},"rotation":{"origin":[7.29883,12.947252,0.83474827],"angle":22.5,"axis":"x"}},{"from":[7.29883,2.6668315,-11.5357],"to":[7.29883,10.166831,-7.535701],"faces":{"east":{"uv":[0.9875,5.28125,0.5125,6.21875],"tintindex":0,"rotation":0,"texture":"#3"},"west":{"uv":[0.5125,5.28125,0.9875,6.21875],"tintindex":0,"rotation":0,"texture":"#3"}},"rotation":{"origin":[7.42383,8.416831,-4.160701],"angle":-45.0,"axis":"x"}},{"from":[7.54883,2.6668315,0.2142992],"to":[7.54883,11.666831,3.9642992],"faces":{"east":{"uv":[3.4375,4.8875,2.96875,5.9875],"tintindex":0,"rotation":0,"texture":"#3"},"west":{"uv":[2.96875,4.8875,3.4375,5.9875],"tintindex":0,"rotation":0,"texture":"#3"}},"rotation":{"origin":[7.42383,8.416831,-4.160701],"angle":-45.0,"axis":"x"}},{"from":[2.04883,3.6943855,-8.942968],"to":[12.29883,8.194386,-8.942968],"faces":{"south":{"uv":[2.3875,3.7625,3.65625,4.3125],"tintindex":0,"rotation":0,"texture":"#3"},"north":{"uv":[2.3875,3.7625,3.65625,4.3125],"tintindex":0,"rotation":0,"texture":"#3"}},"rotation":{"origin":[7.42383,4.8193855,-10.692968],"angle":22.5,"axis":"x"}},{"from":[0.29883003,2.4168315,-7.785701],"to":[14.29883,10.416831,1.9642992],"faces":{"east":{"uv":[7.0125,8.0125,11.8625,11.9875],"tintindex":0,"rotation":0,"texture":"#4"},"south":{"uv":[7.0125,4.0125,13.9875,7.9875],"tintindex":0,"rotation":0,"texture":"#4"},"north":{"uv":[7.0125,0.0125,13.9875,3.9875],"tintindex":0,"rotation":0,"texture":"#4"},"west":{"uv":[0.0125,9.7625,4.8625,13.7375],"tintindex":0,"rotation":0,"texture":"#4"},"up":{"uv":[6.9875,4.8625,0.0125,0.0125],"tintindex":0,"rotation":0,"texture":"#4"},"down":{"uv":[6.9875,4.8875,0.0125,9.7375],"tintindex":0,"rotation":0,"texture":"#4"}},"rotation":{"origin":[7.42383,8.416831,-4.160701],"angle":-45.0,"axis":"x"}},{"from":[0.54883003,2.6668315,-7.535701],"to":[14.04883,10.166831,1.7142992],"faces":{"east":{"uv":[2.78125,1.8875,3.9375,2.8125],"tintindex":0,"rotation":0,"texture":"#3"},"south":{"uv":[1.6875,0.9375,3.3625,1.8625],"tintindex":0,"rotation":0,"texture":"#3"},"north":{"uv":[1.6875,0.0125,3.3625,0.9375],"tintindex":0,"rotation":0,"texture":"#3"},"west":{"uv":[2.78125,2.8125,3.9375,3.7375],"tintindex":0,"rotation":0,"texture":"#3"},"up":{"uv":[1.6875,1.15625,0.0125,0.0125],"tintindex":0,"rotation":0,"texture":"#3"},"down":{"uv":[1.6875,1.15625,0.0125,2.3125],"tintindex":0,"rotation":0,"texture":"#3"}},"rotation":{"origin":[7.42383,8.416831,-4.160701],"angle":-45.0,"axis":"x"}}],"display":{"gui":{"rotation":[30,225,0]}}}