{"textures":{"3":"modelengine:entity/cerberus4"},"elements":[{"from":[4.0,8.0,15.5],"to":[12.0,8.0,28.5],"faces":{"up":{"uv":[6.71875,7.8625,6.3125,7.6375],"tintindex":0,"rotation":90,"texture":"#3"},"down":{"uv":[6.3125,7.8625,6.71875,7.6375],"tintindex":0,"rotation":90,"texture":"#3"}}},{"from":[7.9689856,4.4689865,6.5],"to":[7.9689856,12.4689865,19.5],"faces":{"east":{"uv":[6.3125,7.6375,6.71875,7.8625],"tintindex":0,"rotation":0,"texture":"#3"},"west":{"uv":[6.3125,7.6375,6.71875,7.8625],"tintindex":0,"rotation":0,"texture":"#3"}}}],"display":{"gui":{"rotation":[30,225,0]}}}