{"textures":{"3":"modelengine:entity/cerberus4"},"elements":[{"from":[10.837013,-0.39583206,5.2687035],"to":[13.837013,10.604168,10.768703],"faces":{"east":{"uv":[0.90625,6.71875,1.2375,7.40625],"tintindex":0,"rotation":0,"texture":"#3"},"south":{"uv":[6.90625,7.53125,7.09375,8.21875],"tintindex":0,"rotation":0,"texture":"#3"},"north":{"uv":[6.71875,7.53125,6.90625,8.21875],"tintindex":0,"rotation":0,"texture":"#3"},"west":{"uv":[3.09375,6.7625,3.4375,7.4375],"tintindex":0,"rotation":0,"texture":"#3"},"up":{"uv":[1.4375,7.0625,1.2625,6.71875],"tintindex":0,"rotation":0,"texture":"#3"},"down":{"uv":[5.0625,7.84375,4.8875,8.1875],"tintindex":0,"rotation":0,"texture":"#3"}}},{"from":[12.837013,3.604168,-2.6099777],"to":[13.812013,6.604168,0.3900242],"faces":{"east":{"uv":[8.0625,3.96875,8.2375,4.15625],"tintindex":0,"rotation":0,"texture":"#3"},"south":{"uv":[5.96875,6.8125,6.03125,6.9875],"tintindex":0,"rotation":0,"texture":"#3"},"north":{"uv":[5.90625,6.8125,5.96875,6.9875],"tintindex":0,"rotation":0,"texture":"#3"},"west":{"uv":[8.0625,4.15625,8.2375,4.34375],"tintindex":0,"rotation":0,"texture":"#3"},"up":{"uv":[0.8125,7.09375,0.7625,6.90625],"tintindex":0,"rotation":0,"texture":"#3"},"down":{"uv":[0.8625,6.90625,0.8125,7.09375],"tintindex":0,"rotation":0,"texture":"#3"}},"rotation":{"origin":[13.587013,5.104168,-1.1099758],"angle":-45.0,"axis":"x"}},{"from":[12.837013,-0.39583206,-3.2312965],"to":[13.837013,5.104168,5.2687035],"faces":{"east":{"uv":[7.1375,4.1375,7.65625,4.46875],"tintindex":0,"rotation":0,"texture":"#3"},"south":{"uv":[5.59375,2.90625,5.65625,3.2375],"tintindex":0,"rotation":0,"texture":"#3"},"north":{"uv":[5.53125,2.90625,5.59375,3.2375],"tintindex":0,"rotation":0,"texture":"#3"},"west":{"uv":[5.90625,7.1375,6.4375,7.46875],"tintindex":0,"rotation":0,"texture":"#3"},"up":{"uv":[6.6875,8.40625,6.6375,7.8875],"tintindex":0,"rotation":0,"texture":"#3"},"down":{"uv":[6.03125,8.0125,5.96875,8.53125],"tintindex":0,"rotation":0,"texture":"#3"}}},{"from":[2.3370128,-0.39583206,-3.2312965],"to":[3.3370128,5.104168,5.2687035],"faces":{"east":{"uv":[7.0625,6.5125,7.59375,6.84375],"tintindex":0,"rotation":0,"texture":"#3"},"south":{"uv":[2.21875,4.53125,2.28125,4.8625],"tintindex":0,"rotation":0,"texture":"#3"},"north":{"uv":[2.3125,3.96875,2.3625,4.3125],"tintindex":0,"rotation":0,"texture":"#3"},"west":{"uv":[7.1375,0.96875,7.65625,1.3125],"tintindex":0,"rotation":0,"texture":"#3"},"up":{"uv":[5.4875,2.53125,5.4375,2.0125],"tintindex":0,"rotation":0,"texture":"#3"},"down":{"uv":[6.6125,7.8875,6.5625,8.40625],"tintindex":0,"rotation":0,"texture":"#3"}}},{"from":[12.837013,3.604168,1.6326637],"to":[13.812013,6.604168,4.6326637],"faces":{"east":{"uv":[4.1875,8.0625,4.3625,8.2375],"tintindex":0,"rotation":0,"texture":"#3"},"south":{"uv":[7.0125,5.53125,7.0625,5.71875],"tintindex":0,"rotation":0,"texture":"#3"},"north":{"uv":[6.9375,6.1875,6.9875,6.3625],"tintindex":0,"rotation":0,"texture":"#3"},"west":{"uv":[5.28125,8.0625,5.46875,8.2375],"tintindex":0,"rotation":0,"texture":"#3"},"up":{"uv":[7.0625,6.3625,7.0125,6.1875],"tintindex":0,"rotation":0,"texture":"#3"},"down":{"uv":[7.1125,5.53125,7.0625,5.71875],"tintindex":0,"rotation":0,"texture":"#3"}},"rotation":{"origin":[13.587013,5.104168,3.1326637],"angle":-45.0,"axis":"x"}},{"from":[2.3370128,-0.39583206,5.2687035],"to":[5.3370132,10.604168,10.768703],"faces":{"east":{"uv":[5.5625,6.6375,5.90625,7.3125],"tintindex":0,"rotation":0,"texture":"#3"},"south":{"uv":[6.1375,7.46875,6.3125,8.15625],"tintindex":0,"rotation":0,"texture":"#3"},"north":{"uv":[0.5625,7.4375,0.7375,8.1125],"tintindex":0,"rotation":0,"texture":"#3"},"west":{"uv":[0.0125,6.71875,0.34375,7.40625],"tintindex":0,"rotation":0,"texture":"#3"},"up":{"uv":[5.40625,1.6125,5.21875,1.28125],"tintindex":0,"rotation":0,"texture":"#3"},"down":{"uv":[5.84375,3.6875,5.65625,4.03125],"tintindex":0,"rotation":0,"texture":"#3"}}},{"from":[2.3620129,3.604168,-2.6099777],"to":[3.3370128,6.604168,0.3900242],"faces":{"east":{"uv":[0.34375,6.71875,0.53125,6.90625],"tintindex":0,"rotation":0,"texture":"#3"},"south":{"uv":[3.8875,1.6375,3.9375,1.8125],"tintindex":0,"rotation":0,"texture":"#3"},"north":{"uv":[3.8125,1.6375,3.8625,1.8125],"tintindex":0,"rotation":0,"texture":"#3"},"west":{"uv":[2.2625,7.0625,2.4375,7.2375],"tintindex":0,"rotation":0,"texture":"#3"},"up":{"uv":[3.4875,5.0625,3.4375,4.8875],"tintindex":0,"rotation":0,"texture":"#3"},"down":{"uv":[2.15625,6.15625,2.09375,6.34375],"tintindex":0,"rotation":0,"texture":"#3"}},"rotation":{"origin":[2.5870128,5.104168,-1.1099758],"angle":-45.0,"axis":"x"}},{"from":[3.958333,3.604168,-4.1812973],"to":[6.9583335,6.604168,-3.206295],"faces":{"east":{"uv":[5.96875,6.6375,6.03125,6.8125],"tintindex":0,"rotation":0,"texture":"#3"},"south":{"uv":[1.1875,8.0625,1.3625,8.2375],"tintindex":0,"rotation":0,"texture":"#3"},"north":{"uv":[0.0125,8.0625,0.1875,8.2375],"tintindex":0,"rotation":0,"texture":"#3"},"west":{"uv":[6.71875,2.96875,6.78125,3.15625],"tintindex":0,"rotation":0,"texture":"#3"},"up":{"uv":[6.53125,3.6875,6.34375,3.6375],"tintindex":0,"rotation":0,"texture":"#3"},"down":{"uv":[6.6125,4.65625,6.4375,4.71875],"tintindex":0,"rotation":0,"texture":"#3"}},"rotation":{"origin":[5.458333,5.104168,-3.9662971],"angle":-45.0,"axis":"z"}},{"from":[2.3222942,-0.39583206,-4.216297],"to":[13.822294,5.104168,-3.2162971],"faces":{"east":{"uv":[5.15625,4.71875,5.21875,5.0625],"tintindex":0,"rotation":0,"texture":"#3"},"south":{"uv":[4.15625,6.59375,4.8625,6.9375],"tintindex":0,"rotation":0,"texture":"#3"},"north":{"uv":[6.5625,5.1875,7.28125,5.53125],"tintindex":0,"rotation":0,"texture":"#3"},"west":{"uv":[5.21875,4.71875,5.28125,5.0625],"tintindex":0,"rotation":0,"texture":"#3"},"up":{"uv":[8.4375,6.4875,7.71875,6.4375],"tintindex":0,"rotation":0,"texture":"#3"},"down":{"uv":[8.46875,2.71875,7.7625,2.78125],"tintindex":0,"rotation":0,"texture":"#3"}}},{"from":[3.3222942,-0.39583206,-3.2162971],"to":[12.822294,2.604168,5.283703],"faces":{"east":{"uv":[2.2625,7.6875,2.78125,7.8625],"tintindex":0,"rotation":0,"texture":"#3"},"south":{"uv":[7.6375,6.0125,8.21875,6.1875],"tintindex":0,"rotation":0,"texture":"#3"},"north":{"uv":[7.6375,5.8125,8.21875,5.9875],"tintindex":0,"rotation":0,"texture":"#3"},"west":{"uv":[7.6875,2.8875,8.21875,3.0625],"tintindex":0,"rotation":0,"texture":"#3"},"up":{"uv":[6.4375,4.71875,5.84375,4.1875],"tintindex":0,"rotation":0,"texture":"#3"},"down":{"uv":[6.5625,5.2625,5.96875,5.78125],"tintindex":0,"rotation":0,"texture":"#3"}}},{"from":[8.2009735,3.604168,-4.1812973],"to":[11.2009735,6.604168,-3.206295],"faces":{"east":{"uv":[0.90625,6.40625,0.96875,6.59375],"tintindex":0,"rotation":0,"texture":"#3"},"south":{"uv":[7.53125,8.03125,7.71875,8.21875],"tintindex":0,"rotation":0,"texture":"#3"},"north":{"uv":[7.34375,8.03125,7.53125,8.21875],"tintindex":0,"rotation":0,"texture":"#3"},"west":{"uv":[5.90625,6.6375,5.96875,6.8125],"tintindex":0,"rotation":0,"texture":"#3"},"up":{"uv":[6.40625,1.9875,6.21875,1.9375],"tintindex":0,"rotation":0,"texture":"#3"},"down":{"uv":[6.4875,5.1875,6.3125,5.2375],"tintindex":0,"rotation":0,"texture":"#3"}},"rotation":{"origin":[9.7009735,5.104168,-3.9662971],"angle":-45.0,"axis":"z"}},{"from":[2.3620129,3.604168,1.6326637],"to":[3.3370128,6.604168,4.6326637],"faces":{"east":{"uv":[8.0125,7.9375,8.1875,8.1125],"tintindex":0,"rotation":0,"texture":"#3"},"south":{"uv":[0.90625,6.21875,0.96875,6.40625],"tintindex":0,"rotation":0,"texture":"#3"},"north":{"uv":[2.15625,6.15625,2.21875,6.34375],"tintindex":0,"rotation":0,"texture":"#3"},"west":{"uv":[2.7625,8.03125,2.9375,8.21875],"tintindex":0,"rotation":0,"texture":"#3"},"up":{"uv":[2.15625,6.53125,2.09375,6.34375],"tintindex":0,"rotation":0,"texture":"#3"},"down":{"uv":[2.21875,6.34375,2.15625,6.53125],"tintindex":0,"rotation":0,"texture":"#3"}},"rotation":{"origin":[2.5870128,5.104168,3.1326637],"angle":-45.0,"axis":"x"}}],"display":{"gui":{"rotation":[30,225,0]}}}