{"textures":{"3":"modelengine:entity/cerberus4","4":"modelengine:entity/cerberus_bits"},"elements":[{"from":[5.0,-2.0,-14.5],"to":[11.0,3.5,-3.5],"faces":{"east":{"uv":[6.6875,4.5625,7.3625,4.90625],"tintindex":0,"rotation":0,"texture":"#3"},"south":{"uv":[7.5125,4.8125,7.8625,5.15625],"tintindex":0,"rotation":0,"texture":"#3"},"north":{"uv":[7.5125,1.3125,7.8625,1.65625],"tintindex":0,"rotation":0,"texture":"#3"},"west":{"uv":[6.71875,2.6375,7.40625,2.96875],"tintindex":0,"rotation":0,"texture":"#3"},"up":{"uv":[0.90625,6.90625,0.53125,6.21875],"tintindex":0,"rotation":0,"texture":"#3"},"down":{"uv":[6.8125,0.4375,6.4375,1.1125],"tintindex":0,"rotation":0,"texture":"#3"}},"rotation":{"origin":[5.5,19.5,-3.5],"angle":-45.0,"axis":"x"}},{"from":[4.0,-3.5,-11.0],"to":[12.0,1.5,-7.0],"faces":{"east":{"uv":[10.6375,12.0125,11.6125,13.2375],"tintindex":0,"rotation":0,"texture":"#4"},"south":{"uv":[13.3875,12.5125,15.3625,13.7375],"tintindex":0,"rotation":0,"texture":"#4"},"north":{"uv":[13.3875,11.2625,15.3625,12.4875],"tintindex":0,"rotation":0,"texture":"#4"},"west":{"uv":[10.6375,13.2625,11.6125,14.4875],"tintindex":0,"rotation":0,"texture":"#4"},"up":{"uv":[10.1125,14.7375,8.1375,13.7625],"tintindex":0,"rotation":0,"texture":"#4"},"down":{"uv":[15.3625,13.7625,13.3875,14.7375],"tintindex":0,"rotation":0,"texture":"#4"}},"rotation":{"origin":[5.5,19.5,-3.5],"angle":-45.0,"axis":"x"}}],"display":{"gui":{"rotation":[30,225,0]}}}