{"textures":{"3":"modelengine:entity/cerberus4"},"elements":[{"from":[2.0,0.9430995,-0.78617096],"to":[14.0,8.9431,13.213829],"faces":{"east":{"uv":[3.3875,1.6375,3.8125,1.8625],"tintindex":0,"rotation":0,"texture":"#3"},"south":{"uv":[7.7625,2.46875,8.1125,2.71875],"tintindex":0,"rotation":0,"texture":"#3"},"north":{"uv":[7.71875,6.1875,8.09375,6.4375],"tintindex":0,"rotation":0,"texture":"#3"},"west":{"uv":[6.5125,6.1875,6.9375,6.4375],"tintindex":0,"rotation":0,"texture":"#3"},"up":{"uv":[3.8125,7.7375,3.4375,7.3125],"tintindex":0,"rotation":0,"texture":"#3"},"down":{"uv":[4.1875,7.3125,3.8125,7.7375],"tintindex":0,"rotation":0,"texture":"#3"}}},{"from":[1.0,0.9430995,-6.786171],"to":[15.0,11.9431,2.213829],"faces":{"east":{"uv":[2.78125,7.6875,3.0625,8.03125],"tintindex":0,"rotation":0,"texture":"#3"},"south":{"uv":[7.34375,2.1375,7.78125,2.46875],"tintindex":0,"rotation":0,"texture":"#3"},"north":{"uv":[7.34375,1.78125,7.78125,2.1125],"tintindex":0,"rotation":0,"texture":"#3"},"west":{"uv":[7.6875,7.1375,7.96875,7.46875],"tintindex":0,"rotation":0,"texture":"#3"},"up":{"uv":[7.8125,4.09375,7.3875,3.8125],"tintindex":0,"rotation":0,"texture":"#3"},"down":{"uv":[7.96875,0.0125,7.53125,0.28125],"tintindex":0,"rotation":0,"texture":"#3"}},"rotation":{"origin":[8.0,5.9430995,-1.786171],"angle":22.5,"axis":"x"}}],"display":{"gui":{"rotation":[30,225,0]}}}