{"textures":{"3":"modelengine:entity/cerberus4"},"elements":[{"from":[13.569445,3.9183903,22.197273],"to":[17.569445,8.41839,22.197273],"faces":{"south":{"uv":[8.1125,1.1875,7.8875,1.46875],"tintindex":0,"rotation":0,"texture":"#3"},"north":{"uv":[7.9875,7.84375,7.7625,8.1125],"tintindex":0,"rotation":0,"texture":"#3"}}},{"from":[10.194445,13.66839,19.947273],"to":[10.194445,17.66839,24.447273],"faces":{"east":{"uv":[2.5125,7.8875,2.7375,8.15625],"tintindex":0,"rotation":270,"texture":"#3"},"west":{"uv":[2.2625,8.15625,2.4875,7.8875],"tintindex":0,"rotation":270,"texture":"#3"}}},{"from":[-1.4305553,10.54339,19.947273],"to":[2.5694447,10.54339,24.447273],"faces":{"up":{"uv":[2.4875,8.15625,2.2625,7.8875],"tintindex":0,"rotation":0,"texture":"#3"},"down":{"uv":[2.7375,7.8875,2.5125,8.15625],"tintindex":0,"rotation":0,"texture":"#3"}}},{"from":[3.3194447,13.66839,22.197273],"to":[7.8194447,17.66839,22.197273],"faces":{"south":{"uv":[8.1125,1.1875,7.8875,1.46875],"tintindex":0,"rotation":270,"texture":"#3"},"north":{"uv":[7.9875,7.84375,7.7625,8.1125],"tintindex":0,"rotation":90,"texture":"#3"}}},{"from":[-1.4305553,8.41839,22.197273],"to":[2.5694447,12.91839,22.197273],"faces":{"south":{"uv":[7.8875,1.1875,8.1125,1.46875],"tintindex":0,"rotation":0,"texture":"#3"},"north":{"uv":[7.7625,7.84375,7.9875,8.1125],"tintindex":0,"rotation":0,"texture":"#3"}}},{"from":[10.194445,-1.3316097,19.947273],"to":[10.194445,2.6683903,24.447273],"faces":{"east":{"uv":[2.7375,7.8875,2.5125,8.15625],"tintindex":0,"rotation":270,"texture":"#3"},"west":{"uv":[2.4875,8.15625,2.2625,7.8875],"tintindex":0,"rotation":270,"texture":"#3"}}},{"from":[13.569445,8.41839,22.197273],"to":[17.569445,12.91839,22.197273],"faces":{"south":{"uv":[8.1125,1.1875,7.8875,1.46875],"tintindex":0,"rotation":0,"texture":"#3"},"north":{"uv":[7.9875,7.84375,7.7625,8.1125],"tintindex":0,"rotation":0,"texture":"#3"}}},{"from":[-1.4305553,6.0433903,19.947273],"to":[2.5694447,6.0433903,24.447273],"faces":{"up":{"uv":[2.4875,8.15625,2.2625,7.8875],"tintindex":0,"rotation":0,"texture":"#3"},"down":{"uv":[2.7375,7.8875,2.5125,8.15625],"tintindex":0,"rotation":0,"texture":"#3"}}},{"from":[-1.4305553,3.9183903,22.197273],"to":[2.5694447,8.41839,22.197273],"faces":{"south":{"uv":[7.8875,1.1875,8.1125,1.46875],"tintindex":0,"rotation":0,"texture":"#3"},"north":{"uv":[7.7625,7.84375,7.9875,8.1125],"tintindex":0,"rotation":0,"texture":"#3"}}},{"from":[2.5694447,2.6528835,19.546799],"to":[13.569445,13.652884,25.546799],"faces":{"east":{"uv":[6.4375,1.9375,6.8125,2.6125],"tintindex":0,"rotation":0,"texture":"#3"},"south":{"uv":[5.15625,4.03125,5.84375,4.71875],"tintindex":0,"rotation":0,"texture":"#3"},"north":{"uv":[4.6375,5.1375,5.3125,5.8125],"tintindex":0,"rotation":0,"texture":"#3"},"west":{"uv":[6.0625,6.4375,6.4375,7.1125],"tintindex":0,"rotation":0,"texture":"#3"},"up":{"uv":[7.1125,1.4875,6.4375,1.1375],"tintindex":0,"rotation":0,"texture":"#3"},"down":{"uv":[7.1125,4.1875,6.4375,4.5625],"tintindex":0,"rotation":0,"texture":"#3"}}},{"from":[13.569445,10.54339,19.947273],"to":[17.569445,10.54339,24.447273],"faces":{"up":{"uv":[2.2625,8.15625,2.4875,7.8875],"tintindex":0,"rotation":0,"texture":"#3"},"down":{"uv":[2.5125,7.8875,2.7375,8.15625],"tintindex":0,"rotation":0,"texture":"#3"}}},{"from":[4.3194447,4.1528835,8.0468025],"to":[12.319445,12.152884,19.546799],"faces":{"east":{"uv":[3.9375,3.2625,4.65625,3.7375],"tintindex":0,"rotation":0,"texture":"#3"},"south":{"uv":[1.9375,6.5625,2.4375,7.0625],"tintindex":0,"rotation":0,"texture":"#3"},"north":{"uv":[1.4375,6.5625,1.9375,7.0625],"tintindex":0,"rotation":0,"texture":"#3"},"west":{"uv":[5.84375,3.6875,6.5625,4.1875],"tintindex":0,"rotation":0,"texture":"#3"},"up":{"uv":[4.40625,6.5625,3.90625,5.84375],"tintindex":0,"rotation":0,"texture":"#3"},"down":{"uv":[5.59375,5.8875,5.09375,6.59375],"tintindex":0,"rotation":0,"texture":"#3"}}},{"from":[13.569445,6.0433903,19.947273],"to":[17.569445,6.0433903,24.447273],"faces":{"up":{"uv":[2.2625,8.15625,2.4875,7.8875],"tintindex":0,"rotation":0,"texture":"#3"},"down":{"uv":[2.5125,7.8875,2.7375,8.15625],"tintindex":0,"rotation":0,"texture":"#3"}}},{"from":[3.3194447,-1.3316097,22.197273],"to":[7.8194447,2.6683903,22.197273],"faces":{"south":{"uv":[7.8875,1.1875,8.1125,1.46875],"tintindex":0,"rotation":270,"texture":"#3"},"north":{"uv":[7.7625,7.84375,7.9875,8.1125],"tintindex":0,"rotation":90,"texture":"#3"}}},{"from":[7.8194447,-1.3316097,22.197273],"to":[12.319445,2.6683903,22.197273],"faces":{"south":{"uv":[7.8875,1.1875,8.1125,1.46875],"tintindex":0,"rotation":270,"texture":"#3"},"north":{"uv":[7.7625,7.84375,7.9875,8.1125],"tintindex":0,"rotation":90,"texture":"#3"}}},{"from":[7.8194447,13.66839,22.197273],"to":[12.319445,17.66839,22.197273],"faces":{"south":{"uv":[8.1125,1.1875,7.8875,1.46875],"tintindex":0,"rotation":270,"texture":"#3"},"north":{"uv":[7.9875,7.84375,7.7625,8.1125],"tintindex":0,"rotation":90,"texture":"#3"}}},{"from":[5.6944447,13.66839,19.947273],"to":[5.6944447,17.66839,24.447273],"faces":{"east":{"uv":[2.5125,7.8875,2.7375,8.15625],"tintindex":0,"rotation":270,"texture":"#3"},"west":{"uv":[2.2625,8.15625,2.4875,7.8875],"tintindex":0,"rotation":270,"texture":"#3"}}},{"from":[5.6944447,-1.3316097,19.947273],"to":[5.6944447,2.6683903,24.447273],"faces":{"east":{"uv":[2.7375,7.8875,2.5125,8.15625],"tintindex":0,"rotation":270,"texture":"#3"},"west":{"uv":[2.4875,8.15625,2.2625,7.8875],"tintindex":0,"rotation":270,"texture":"#3"}}}],"display":{"gui":{"rotation":[30,225,0]}}}