{"textures":{"3":"modelengine:entity/cerberus4"},"elements":[{"from":[2.75,4.25,-0.5],"to":[13.25,18.75,6.5],"faces":{"east":{"uv":[2.65625,5.65625,2.21875,6.5625],"tintindex":0,"rotation":0,"texture":"#3"},"south":{"uv":[5.4375,1.6375,4.78125,2.53125],"tintindex":0,"rotation":0,"texture":"#3"},"north":{"uv":[2.21875,4.53125,1.5625,5.4375],"tintindex":0,"rotation":0,"texture":"#3"},"west":{"uv":[5.96875,2.0125,5.53125,2.90625],"tintindex":0,"rotation":0,"texture":"#3"},"up":{"uv":[6.0125,1.9375,6.65625,1.5125],"tintindex":0,"rotation":0,"texture":"#3"},"down":{"uv":[6.03125,0.0125,6.6875,0.4375],"tintindex":0,"rotation":0,"texture":"#3"}},"rotation":{"origin":[8.0,16.5,0.0],"angle":-22.5,"axis":"x"}},{"from":[2.75,1.25,-4.5],"to":[13.25,6.25,-0.5],"faces":{"east":{"uv":[4.8625,7.84375,4.6375,8.15625],"tintindex":0,"rotation":0,"texture":"#3"},"south":{"uv":[7.71875,6.1875,7.0625,6.4875],"tintindex":0,"rotation":0,"texture":"#3"},"north":{"uv":[4.84375,6.9375,4.1875,7.2375],"tintindex":0,"rotation":0,"texture":"#3"},"west":{"uv":[3.8625,6.2625,3.6375,6.5625],"tintindex":0,"rotation":0,"texture":"#3"},"up":{"uv":[7.28125,5.4375,7.9375,5.1875],"tintindex":0,"rotation":0,"texture":"#3"},"down":{"uv":[4.6375,7.3125,5.28125,7.5625],"tintindex":0,"rotation":0,"texture":"#3"}},"rotation":{"origin":[8.0,16.5,0.0],"angle":-22.5,"axis":"x"}},{"from":[-2.75,6.25,4.5],"to":[1.25,10.75,4.5],"faces":{"south":{"uv":[8.2375,3.34375,8.0125,3.6125],"tintindex":0,"rotation":0,"texture":"#3"},"north":{"uv":[8.2375,3.0625,8.0125,3.34375],"tintindex":0,"rotation":0,"texture":"#3"}},"rotation":{"origin":[5.5,16.5,0.0],"angle":-22.5,"axis":"x"}},{"from":[5.25,7.75,-8.5],"to":[6.25,9.25,-5.5],"faces":{"east":{"uv":[1.6125,6.0625,1.4375,6.15625],"tintindex":0,"rotation":0,"texture":"#3"},"south":{"uv":[6.03125,2.7625,5.96875,2.84375],"tintindex":0,"rotation":0,"texture":"#3"},"north":{"uv":[1.53125,5.28125,1.46875,5.3625],"tintindex":0,"rotation":0,"texture":"#3"},"west":{"uv":[1.40625,5.28125,1.21875,5.3625],"tintindex":0,"rotation":0,"texture":"#3"},"up":{"uv":[0.7625,7.28125,0.8125,7.09375],"tintindex":0,"rotation":0,"texture":"#3"},"down":{"uv":[0.8125,7.09375,0.8625,7.28125],"tintindex":0,"rotation":0,"texture":"#3"}},"rotation":{"origin":[8.0,16.5,0.0],"angle":-22.5,"axis":"x"}},{"from":[-2.75,6.25,-1.0],"to":[1.25,10.75,-1.0],"faces":{"south":{"uv":[8.21875,1.84375,7.96875,2.1125],"tintindex":0,"rotation":0,"texture":"#3"},"north":{"uv":[1.71875,7.96875,1.46875,8.2375],"tintindex":0,"rotation":0,"texture":"#3"}},"rotation":{"origin":[5.5,16.5,0.0],"angle":-22.5,"axis":"x"}},{"from":[-2.75,8.375,-1.5],"to":[1.25,8.375,3.0],"faces":{"up":{"uv":[7.96875,0.28125,8.21875,0.0125],"tintindex":0,"rotation":0,"texture":"#3"},"down":{"uv":[7.96875,0.46875,8.21875,0.7375],"tintindex":0,"rotation":0,"texture":"#3"}},"rotation":{"origin":[5.5,11.75,0.75],"angle":-22.5,"axis":"x"}},{"from":[9.75,7.75,-8.5],"to":[10.75,9.25,-5.5],"faces":{"east":{"uv":[6.6125,4.5625,6.4375,4.65625],"tintindex":0,"rotation":0,"texture":"#3"},"south":{"uv":[6.09375,2.7625,6.03125,2.84375],"tintindex":0,"rotation":0,"texture":"#3"},"north":{"uv":[6.03125,5.78125,5.96875,5.8625],"tintindex":0,"rotation":0,"texture":"#3"},"west":{"uv":[6.6125,2.6375,6.4375,2.71875],"tintindex":0,"rotation":0,"texture":"#3"},"up":{"uv":[1.1875,7.59375,1.2375,7.40625],"tintindex":0,"rotation":0,"texture":"#3"},"down":{"uv":[7.40625,1.3125,7.46875,1.4875],"tintindex":0,"rotation":0,"texture":"#3"}},"rotation":{"origin":[12.5,16.5,0.0],"angle":-22.5,"axis":"x"}},{"from":[8.25,1.25,-8.5],"to":[8.25,6.25,-4.5],"faces":{"east":{"uv":[7.34375,7.84375,7.09375,8.15625],"tintindex":0,"rotation":0,"texture":"#3"},"west":{"uv":[7.09375,7.84375,7.34375,8.15625],"tintindex":0,"rotation":0,"texture":"#3"}},"rotation":{"origin":[8.0,16.5,0.0],"angle":-22.5,"axis":"x"}},{"from":[1.25,6.25,-5.5],"to":[14.75,10.75,7.5],"faces":{"east":{"uv":[7.6125,0.28125,6.8125,0.5625],"tintindex":0,"rotation":0,"texture":"#3"},"south":{"uv":[7.53125,0.0125,6.6875,0.28125],"tintindex":0,"rotation":0,"texture":"#3"},"north":{"uv":[7.4875,1.5125,6.65625,1.78125],"tintindex":0,"rotation":0,"texture":"#3"},"west":{"uv":[7.4875,4.90625,6.6875,5.1875],"tintindex":0,"rotation":0,"texture":"#3"},"up":{"uv":[3.9375,2.4375,4.78125,1.6375],"tintindex":0,"rotation":0,"texture":"#3"},"down":{"uv":[3.9375,2.4375,4.78125,3.2375],"tintindex":0,"rotation":0,"texture":"#3"}},"rotation":{"origin":[8.0,16.5,0.0],"angle":-22.5,"axis":"x"}},{"from":[14.75,6.25,4.5],"to":[18.75,10.75,4.5],"faces":{"south":{"uv":[8.1125,1.1875,7.8875,1.46875],"tintindex":0,"rotation":0,"texture":"#3"},"north":{"uv":[7.9875,7.84375,7.7625,8.1125],"tintindex":0,"rotation":0,"texture":"#3"}},"rotation":{"origin":[8.0,16.5,0.0],"angle":-22.5,"axis":"x"}},{"from":[14.75,8.375,4.0],"to":[18.75,8.375,8.5],"faces":{"up":{"uv":[2.2625,8.15625,2.4875,7.8875],"tintindex":0,"rotation":0,"texture":"#3"},"down":{"uv":[2.5125,7.8875,2.7375,8.15625],"tintindex":0,"rotation":0,"texture":"#3"}},"rotation":{"origin":[8.0,11.75,0.75],"angle":-22.5,"axis":"x"}},{"from":[6.25,7.75,-8.5],"to":[9.75,9.25,-7.5],"faces":{"east":{"uv":[1.46875,5.28125,1.40625,5.3625],"tintindex":0,"rotation":0,"texture":"#3"},"south":{"uv":[1.21875,5.28125,1.0125,5.3625],"tintindex":0,"rotation":0,"texture":"#3"},"north":{"uv":[0.96875,4.40625,0.7625,4.4875],"tintindex":0,"rotation":0,"texture":"#3"},"west":{"uv":[1.6875,3.03125,1.6375,3.1125],"tintindex":0,"rotation":0,"texture":"#3"},"up":{"uv":[0.0125,6.21875,0.21875,6.15625],"tintindex":0,"rotation":0,"texture":"#3"},"down":{"uv":[0.21875,6.15625,0.4375,6.21875],"tintindex":0,"rotation":0,"texture":"#3"}},"rotation":{"origin":[8.0,16.5,0.0],"angle":-22.5,"axis":"x"}},{"from":[14.75,8.375,-1.5],"to":[18.75,8.375,3.0],"faces":{"up":{"uv":[7.9375,5.34375,8.1875,5.0625],"tintindex":0,"rotation":0,"texture":"#3"},"down":{"uv":[7.9375,7.46875,8.1875,7.7375],"tintindex":0,"rotation":0,"texture":"#3"}},"rotation":{"origin":[8.0,11.75,0.75],"angle":-22.5,"axis":"x"}},{"from":[7.75,8.0,3.375],"to":[7.75,20.5,10.375],"faces":{"east":{"uv":[3.09375,6.0125,2.65625,6.78125],"tintindex":0,"rotation":0,"texture":"#3"},"west":{"uv":[2.65625,6.0125,3.09375,6.78125],"tintindex":0,"rotation":0,"texture":"#3"}},"rotation":{"origin":[-5.0,17.5,-2.0],"angle":-22.5,"axis":"x"}},{"from":[-2.75,8.375,4.0],"to":[1.25,8.375,8.5],"faces":{"up":{"uv":[3.0625,8.2375,3.3125,7.96875],"tintindex":0,"rotation":0,"texture":"#3"},"down":{"uv":[7.96875,7.0125,8.21875,7.28125],"tintindex":0,"rotation":0,"texture":"#3"}},"rotation":{"origin":[5.5,11.75,0.75],"angle":-22.5,"axis":"x"}},{"from":[14.75,6.25,-1.0],"to":[18.75,10.75,-1.0],"faces":{"south":{"uv":[6.5625,7.8875,6.3125,8.15625],"tintindex":0,"rotation":0,"texture":"#3"},"north":{"uv":[8.1125,4.78125,7.8875,5.0625],"tintindex":0,"rotation":0,"texture":"#3"}},"rotation":{"origin":[8.0,16.5,0.0],"angle":-22.5,"axis":"x"}}],"display":{"gui":{"rotation":[30,225,0]}}}