{"textures":{"3":"modelengine:entity/cerberus4","4":"modelengine:entity/cerberus_bits"},"elements":[{"from":[7.75,1.25,-8.5],"to":[7.75,6.25,-4.5],"faces":{"east":{"uv":[7.34375,7.84375,7.09375,8.15625],"tintindex":0,"rotation":0,"texture":"#3"},"west":{"uv":[7.09375,7.84375,7.34375,8.15625],"tintindex":0,"rotation":0,"texture":"#3"}},"rotation":{"origin":[8.0,16.5,0.0],"angle":-22.5,"axis":"x"}},{"from":[-2.75,8.375,-1.5],"to":[1.25,8.375,3.0],"faces":{"up":{"uv":[8.1875,5.34375,7.9375,5.0625],"tintindex":0,"rotation":0,"texture":"#3"},"down":{"uv":[8.1875,7.46875,7.9375,7.7375],"tintindex":0,"rotation":0,"texture":"#3"}},"rotation":{"origin":[8.0,11.75,0.75],"angle":-22.5,"axis":"x"}},{"from":[-2.75,8.375,4.0],"to":[1.25,8.375,8.5],"faces":{"up":{"uv":[2.4875,8.15625,2.2625,7.8875],"tintindex":0,"rotation":0,"texture":"#3"},"down":{"uv":[2.7375,7.8875,2.5125,8.15625],"tintindex":0,"rotation":0,"texture":"#3"}},"rotation":{"origin":[8.0,11.75,0.75],"angle":-22.5,"axis":"x"}},{"from":[9.75,7.75,-8.5],"to":[10.75,9.25,-5.5],"faces":{"east":{"uv":[1.21875,5.28125,1.40625,5.3625],"tintindex":0,"rotation":0,"texture":"#3"},"south":{"uv":[5.96875,2.7625,6.03125,2.84375],"tintindex":0,"rotation":0,"texture":"#3"},"north":{"uv":[1.46875,5.28125,1.53125,5.3625],"tintindex":0,"rotation":0,"texture":"#3"},"west":{"uv":[1.4375,6.0625,1.6125,6.15625],"tintindex":0,"rotation":0,"texture":"#3"},"up":{"uv":[0.8125,7.28125,0.7625,7.09375],"tintindex":0,"rotation":0,"texture":"#3"},"down":{"uv":[0.8625,7.09375,0.8125,7.28125],"tintindex":0,"rotation":0,"texture":"#3"}},"rotation":{"origin":[8.0,16.5,0.0],"angle":-22.5,"axis":"x"}},{"from":[-2.75,6.25,4.5],"to":[1.25,10.75,4.5],"faces":{"south":{"uv":[7.8875,1.1875,8.1125,1.46875],"tintindex":0,"rotation":0,"texture":"#3"},"north":{"uv":[7.7625,7.84375,7.9875,8.1125],"tintindex":0,"rotation":0,"texture":"#3"}},"rotation":{"origin":[8.0,16.5,0.0],"angle":-22.5,"axis":"x"}},{"from":[5.25,7.75,-8.5],"to":[6.25,9.25,-5.5],"faces":{"east":{"uv":[6.4375,2.6375,6.6125,2.71875],"tintindex":0,"rotation":0,"texture":"#3"},"south":{"uv":[6.03125,2.7625,6.09375,2.84375],"tintindex":0,"rotation":0,"texture":"#3"},"north":{"uv":[5.96875,5.78125,6.03125,5.8625],"tintindex":0,"rotation":0,"texture":"#3"},"west":{"uv":[6.4375,4.5625,6.6125,4.65625],"tintindex":0,"rotation":0,"texture":"#3"},"up":{"uv":[1.2375,7.59375,1.1875,7.40625],"tintindex":0,"rotation":0,"texture":"#3"},"down":{"uv":[7.46875,1.3125,7.40625,1.4875],"tintindex":0,"rotation":0,"texture":"#3"}},"rotation":{"origin":[3.5,16.5,0.0],"angle":-22.5,"axis":"x"}},{"from":[2.75,4.25,-0.5],"to":[13.25,18.75,6.5],"faces":{"east":{"uv":[5.53125,2.0125,5.96875,2.90625],"tintindex":0,"rotation":0,"texture":"#3"},"south":{"uv":[4.78125,1.6375,5.4375,2.53125],"tintindex":0,"rotation":0,"texture":"#3"},"north":{"uv":[1.5625,4.53125,2.21875,5.4375],"tintindex":0,"rotation":0,"texture":"#3"},"west":{"uv":[2.21875,5.65625,2.65625,6.5625],"tintindex":0,"rotation":0,"texture":"#3"},"up":{"uv":[6.65625,1.9375,6.0125,1.5125],"tintindex":0,"rotation":0,"texture":"#3"},"down":{"uv":[6.6875,0.0125,6.03125,0.4375],"tintindex":0,"rotation":0,"texture":"#3"}},"rotation":{"origin":[8.0,16.5,0.0],"angle":-22.5,"axis":"x"}},{"from":[4.75,8.75,-6.0],"to":[11.25,11.75,-1.5],"faces":{"east":{"uv":[7.96875,0.7625,8.2375,0.9375],"tintindex":0,"rotation":0,"texture":"#3"},"south":{"uv":[7.34375,7.84375,7.7375,8.03125],"tintindex":0,"rotation":0,"texture":"#3"},"north":{"uv":[7.78125,2.28125,8.1875,2.46875],"tintindex":0,"rotation":0,"texture":"#3"},"west":{"uv":[7.96875,7.28125,8.2375,7.46875],"tintindex":0,"rotation":0,"texture":"#3"},"up":{"uv":[6.4375,0.71875,6.03125,0.4375],"tintindex":0,"rotation":0,"texture":"#3"},"down":{"uv":[7.9375,7.5625,7.53125,7.84375],"tintindex":0,"rotation":0,"texture":"#3"}},"rotation":{"origin":[8.0,15.0,-1.5],"angle":-22.5,"axis":"x"}},{"from":[6.25,7.75,-8.5],"to":[9.75,9.25,-7.5],"faces":{"east":{"uv":[1.6375,3.03125,1.6875,3.1125],"tintindex":0,"rotation":0,"texture":"#3"},"south":{"uv":[1.0125,5.28125,1.21875,5.3625],"tintindex":0,"rotation":0,"texture":"#3"},"north":{"uv":[0.7625,4.40625,0.96875,4.4875],"tintindex":0,"rotation":0,"texture":"#3"},"west":{"uv":[1.40625,5.28125,1.46875,5.3625],"tintindex":0,"rotation":0,"texture":"#3"},"up":{"uv":[0.21875,6.21875,0.0125,6.15625],"tintindex":0,"rotation":0,"texture":"#3"},"down":{"uv":[0.4375,6.15625,0.21875,6.21875],"tintindex":0,"rotation":0,"texture":"#3"}},"rotation":{"origin":[8.0,16.5,0.0],"angle":-22.5,"axis":"x"}},{"from":[-2.75,6.25,-1.0],"to":[1.25,10.75,-1.0],"faces":{"south":{"uv":[6.3125,7.8875,6.5625,8.15625],"tintindex":0,"rotation":0,"texture":"#3"},"north":{"uv":[7.8875,4.78125,8.1125,5.0625],"tintindex":0,"rotation":0,"texture":"#3"}},"rotation":{"origin":[8.0,16.5,0.0],"angle":-22.5,"axis":"x"}},{"from":[14.75,8.375,4.0],"to":[18.75,8.375,8.5],"faces":{"up":{"uv":[3.3125,8.2375,3.0625,7.96875],"tintindex":0,"rotation":0,"texture":"#3"},"down":{"uv":[8.21875,7.0125,7.96875,7.28125],"tintindex":0,"rotation":0,"texture":"#3"}},"rotation":{"origin":[10.5,11.75,0.75],"angle":-22.5,"axis":"x"}},{"from":[3.75,-1.8367558,-4.5044956],"to":[12.25,5.1632442,-4.5044956],"faces":{"south":{"uv":[8.5125,12.0125,10.6125,13.7375],"tintindex":0,"rotation":0,"texture":"#4"},"north":{"uv":[6.3875,12.0125,8.4875,13.7375],"tintindex":0,"rotation":0,"texture":"#4"}}},{"from":[14.75,6.25,4.5],"to":[18.75,10.75,4.5],"faces":{"south":{"uv":[8.0125,3.34375,8.2375,3.6125],"tintindex":0,"rotation":0,"texture":"#3"},"north":{"uv":[8.0125,3.0625,8.2375,3.34375],"tintindex":0,"rotation":0,"texture":"#3"}},"rotation":{"origin":[10.5,16.5,0.0],"angle":-22.5,"axis":"x"}},{"from":[1.25,6.25,-5.5],"to":[14.75,10.75,7.5],"faces":{"east":{"uv":[6.6875,4.90625,7.4875,5.1875],"tintindex":0,"rotation":0,"texture":"#3"},"south":{"uv":[6.6875,0.0125,7.53125,0.28125],"tintindex":0,"rotation":0,"texture":"#3"},"north":{"uv":[6.65625,1.5125,7.4875,1.78125],"tintindex":0,"rotation":0,"texture":"#3"},"west":{"uv":[6.8125,0.28125,7.6125,0.5625],"tintindex":0,"rotation":0,"texture":"#3"},"up":{"uv":[4.78125,2.4375,3.9375,1.6375],"tintindex":0,"rotation":0,"texture":"#3"},"down":{"uv":[4.78125,2.4375,3.9375,3.2375],"tintindex":0,"rotation":0,"texture":"#3"}},"rotation":{"origin":[8.0,16.5,0.0],"angle":-22.5,"axis":"x"}},{"from":[14.75,6.25,-1.0],"to":[18.75,10.75,-1.0],"faces":{"south":{"uv":[7.96875,1.84375,8.21875,2.1125],"tintindex":0,"rotation":0,"texture":"#3"},"north":{"uv":[1.46875,7.96875,1.71875,8.2375],"tintindex":0,"rotation":0,"texture":"#3"}},"rotation":{"origin":[10.5,16.5,0.0],"angle":-22.5,"axis":"x"}},{"from":[8.25,7.75,4.375],"to":[8.25,20.25,11.375],"faces":{"east":{"uv":[3.09375,6.0125,2.65625,6.78125],"tintindex":0,"rotation":0,"texture":"#3"},"west":{"uv":[2.65625,6.0125,3.09375,6.78125],"tintindex":0,"rotation":0,"texture":"#3"}},"rotation":{"origin":[8.0,15.0,-1.5],"angle":-22.5,"axis":"x"}},{"from":[14.75,8.375,-1.5],"to":[18.75,8.375,3.0],"faces":{"up":{"uv":[8.21875,0.28125,7.96875,0.0125],"tintindex":0,"rotation":0,"texture":"#3"},"down":{"uv":[8.21875,0.46875,7.96875,0.7375],"tintindex":0,"rotation":0,"texture":"#3"}},"rotation":{"origin":[10.5,11.75,0.75],"angle":-22.5,"axis":"x"}},{"from":[2.75,1.25,-4.5],"to":[13.25,6.25,-0.5],"faces":{"east":{"uv":[3.6375,6.2625,3.8625,6.5625],"tintindex":0,"rotation":0,"texture":"#3"},"south":{"uv":[7.0625,6.1875,7.71875,6.4875],"tintindex":0,"rotation":0,"texture":"#3"},"north":{"uv":[4.1875,6.9375,4.84375,7.2375],"tintindex":0,"rotation":0,"texture":"#3"},"west":{"uv":[4.6375,7.84375,4.8625,8.15625],"tintindex":0,"rotation":0,"texture":"#3"},"up":{"uv":[7.9375,5.4375,7.28125,5.1875],"tintindex":0,"rotation":0,"texture":"#3"},"down":{"uv":[5.28125,7.3125,4.6375,7.5625],"tintindex":0,"rotation":0,"texture":"#3"}},"rotation":{"origin":[8.0,16.5,0.0],"angle":-22.5,"axis":"x"}}],"display":{"gui":{"rotation":[30,225,0]}}}