{"textures":{"3":"modelengine:entity/cerberus4","4":"modelengine:entity/cerberus_bits"},"elements":[{"from":[11.5,-2.0,13.0],"to":[11.5,9.5,18.5],"faces":{"east":{"uv":[5.21875,6.59375,4.8875,7.3125],"tintindex":0,"rotation":0,"texture":"#3"},"west":{"uv":[4.8875,6.59375,5.21875,7.3125],"tintindex":0,"rotation":0,"texture":"#3"}},"rotation":{"origin":[15.5,7.5,5.0],"angle":-45.0,"axis":"x"}},{"from":[16.0,-8.0,3.5],"to":[18.5,-3.0,10.5],"faces":{"east":{"uv":[8.1125,13.7625,6.3875,14.9875],"tintindex":0,"rotation":0,"texture":"#4"},"south":{"uv":[14.6125,0.0125,14.0125,1.2375],"tintindex":0,"rotation":0,"texture":"#4"},"north":{"uv":[4.4875,13.7625,3.8875,14.9875],"tintindex":0,"rotation":0,"texture":"#4"},"west":{"uv":[3.2375,13.7625,1.5125,14.9875],"tintindex":0,"rotation":0,"texture":"#4"},"up":{"uv":[6.3875,11.4875,6.9875,9.7625],"tintindex":0,"rotation":0,"texture":"#4"},"down":{"uv":[3.2625,13.7625,3.8625,15.4875],"tintindex":0,"rotation":0,"texture":"#4"}},"rotation":{"origin":[15.5,7.5,5.0],"angle":-45.0,"axis":"x"}},{"from":[9.5,-8.5,1.5],"to":[16.0,-2.0,10.0],"faces":{"east":{"uv":[7.2375,6.84375,6.71875,7.2375],"tintindex":0,"rotation":0,"texture":"#3"},"south":{"uv":[3.0625,7.28125,2.65625,7.6875],"tintindex":0,"rotation":0,"texture":"#3"},"north":{"uv":[2.65625,7.28125,2.2625,7.6875],"tintindex":0,"rotation":0,"texture":"#3"},"west":{"uv":[7.34375,0.5625,6.8125,0.96875],"tintindex":0,"rotation":0,"texture":"#3"},"up":{"uv":[2.3875,3.6875,2.78125,3.15625],"tintindex":0,"rotation":0,"texture":"#3"},"down":{"uv":[0.34375,6.90625,0.7375,7.4375],"tintindex":0,"rotation":0,"texture":"#3"}},"rotation":{"origin":[15.5,7.5,5.0],"angle":-45.0,"axis":"x"}},{"from":[10.5,-12.5,5.0],"to":[15.5,-8.5,10.0],"faces":{"east":{"uv":[2.2375,7.84375,1.9375,8.09375],"tintindex":0,"rotation":0,"texture":"#3"},"south":{"uv":[0.53125,7.84375,0.21875,8.09375],"tintindex":0,"rotation":0,"texture":"#3"},"north":{"uv":[3.40625,6.0125,3.09375,6.2375],"tintindex":0,"rotation":0,"texture":"#3"},"west":{"uv":[8.1125,3.71875,7.8125,3.96875],"tintindex":0,"rotation":0,"texture":"#3"},"up":{"uv":[2.65625,5.96875,2.96875,5.65625],"tintindex":0,"rotation":0,"texture":"#3"},"down":{"uv":[7.6875,3.0625,7.9875,3.3625],"tintindex":0,"rotation":0,"texture":"#3"}},"rotation":{"origin":[15.5,7.5,5.0],"angle":-45.0,"axis":"x"}},{"from":[13.5,-12.5,10.0],"to":[13.5,-2.0,14.5],"faces":{"east":{"uv":[7.3625,3.46875,7.09375,4.1125],"tintindex":0,"rotation":0,"texture":"#3"},"west":{"uv":[7.09375,3.46875,7.3625,4.1125],"tintindex":0,"rotation":0,"texture":"#3"}},"rotation":{"origin":[15.5,7.5,5.0],"angle":-45.0,"axis":"x"}},{"from":[7.0,-2.0,1.5],"to":[16.0,9.5,13.0],"faces":{"east":{"uv":[4.6125,5.1375,3.90625,5.84375],"tintindex":0,"rotation":0,"texture":"#3"},"south":{"uv":[5.9875,1.28125,5.4375,1.9875],"tintindex":0,"rotation":0,"texture":"#3"},"north":{"uv":[1.65625,2.3125,1.09375,3.03125],"tintindex":0,"rotation":0,"texture":"#3"},"west":{"uv":[5.65625,3.3125,4.9375,4.03125],"tintindex":0,"rotation":0,"texture":"#3"},"up":{"uv":[1.65625,6.15625,2.21875,5.4375],"tintindex":0,"rotation":0,"texture":"#3"},"down":{"uv":[5.46875,0.0125,6.03125,0.71875],"tintindex":0,"rotation":0,"texture":"#3"}},"rotation":{"origin":[15.5,7.5,5.0],"angle":-45.0,"axis":"x"}},{"from":[12.5,-3.0,0.5],"to":[18.5,3.5,14.0],"faces":{"east":{"uv":[15.2375,9.6375,11.8875,11.2375],"tintindex":0,"rotation":0,"texture":"#4"},"south":{"uv":[1.4875,13.7625,0.0125,15.3625],"tintindex":0,"rotation":0,"texture":"#4"},"north":{"uv":[6.3625,13.1375,4.8875,14.7375],"tintindex":0,"rotation":0,"texture":"#4"},"west":{"uv":[15.2375,8.0125,11.8875,9.6125],"tintindex":0,"rotation":0,"texture":"#4"},"up":{"uv":[4.8875,13.1125,6.3625,9.7625],"tintindex":0,"rotation":0,"texture":"#4"},"down":{"uv":[11.8875,11.2625,13.3625,14.6125],"tintindex":0,"rotation":0,"texture":"#4"}},"rotation":{"origin":[15.5,7.5,5.0],"angle":-45.0,"axis":"x"}}],"display":{"gui":{"rotation":[30,225,0]}}}