{"textures":{"0":"modelengine:entity/pet_hellhound"},"elements":[{"from":[3.5,7.6954613,2.54],"to":[7.5,11.695461,2.54],"faces":{"south":{"uv":[6.75,9.0,7.75,10.0],"tintindex":0,"rotation":0,"texture":"#0"},"north":{"uv":[9.0,6.25,10.0,7.25],"tintindex":0,"rotation":0,"texture":"#0"}}},{"from":[12.5,3.6954613,2.6149998],"to":[17.5,11.695461,2.6149998],"faces":{"south":{"uv":[4.0,6.0,5.25,8.0],"tintindex":0,"rotation":0,"texture":"#0"},"north":{"uv":[2.5,6.0,3.75,8.0],"tintindex":0,"rotation":0,"texture":"#0"}}},{"from":[5.5,3.6954613,-0.38500023],"to":[10.5,7.6954613,2.6149998],"faces":{"east":{"uv":[2.75,10.0,3.5,11.0],"tintindex":0,"rotation":0,"texture":"#0"},"south":{"uv":[8.75,3.75,10.0,4.75],"tintindex":0,"rotation":0,"texture":"#0"},"north":{"uv":[8.75,2.5,10.0,3.5],"tintindex":0,"rotation":0,"texture":"#0"},"west":{"uv":[3.75,10.0,4.5,11.0],"tintindex":0,"rotation":0,"texture":"#0"},"up":{"uv":[11.0,2.0,9.75,1.25],"tintindex":0,"rotation":0,"texture":"#0"},"down":{"uv":[2.5,10.0,1.25,10.75],"tintindex":0,"rotation":0,"texture":"#0"}}},{"from":[3.5,3.6954613,2.6149998],"to":[12.5,12.695461,13.615],"faces":{"east":{"uv":[0.0,0.0,2.75,2.25],"tintindex":0,"rotation":0,"texture":"#0"},"south":{"uv":[5.5,0.0,7.75,2.25],"tintindex":0,"rotation":0,"texture":"#0"},"north":{"uv":[0.0,5.0,2.25,7.25],"tintindex":0,"rotation":0,"texture":"#0"},"west":{"uv":[0.0,2.5,2.75,4.75],"tintindex":0,"rotation":0,"texture":"#0"},"up":{"uv":[5.25,2.75,3.0,0.0],"tintindex":0,"rotation":0,"texture":"#0"},"down":{"uv":[5.25,3.0,3.0,5.75],"tintindex":0,"rotation":0,"texture":"#0"}}},{"from":[-1.5,3.6954613,2.6149998],"to":[3.5,11.695461,2.6149998],"faces":{"south":{"uv":[5.5,4.75,6.75,6.75],"tintindex":0,"rotation":0,"texture":"#0"},"north":{"uv":[5.5,2.5,6.75,4.5],"tintindex":0,"rotation":0,"texture":"#0"}}},{"from":[8.5,7.6954613,2.54],"to":[12.5,11.695461,2.54],"faces":{"south":{"uv":[8.0,9.0,9.0,10.0],"tintindex":0,"rotation":0,"texture":"#0"},"north":{"uv":[9.0,7.5,10.0,8.5],"tintindex":0,"rotation":0,"texture":"#0"}}}],"display":{"gui":{"rotation":[30,225,0]}}}