{"textures":{"0":"modelengine:entity/pet_hellhound"},"elements":[{"from":[5.4413414,7.538061,7.75],"to":[9.441341,11.538061,8.25],"faces":{"east":{"uv":[1.25,8.75,1.5,9.75],"tintindex":0,"rotation":0,"texture":"#0"},"south":{"uv":[9.0,5.0,10.0,6.0],"tintindex":0,"rotation":0,"texture":"#0"},"north":{"uv":[5.5,8.75,6.5,9.75],"tintindex":0,"rotation":0,"texture":"#0"},"west":{"uv":[3.0,11.25,3.25,12.25],"tintindex":0,"rotation":0,"texture":"#0"},"up":{"uv":[11.5,9.5,10.5,9.25],"tintindex":0,"rotation":0,"texture":"#0"},"down":{"uv":[12.25,3.0,11.25,3.25],"tintindex":0,"rotation":0,"texture":"#0"}},"rotation":{"origin":[7.4413414,9.538061,8.0],"angle":22.5,"axis":"z"}},{"from":[4.0586586,7.46194,8.0],"to":[10.058659,13.46194,8.0],"faces":{"south":{"uv":[7.0,4.25,8.5,5.75],"tintindex":0,"rotation":0,"texture":"#0"},"north":{"uv":[7.0,2.5,8.5,4.0],"tintindex":0,"rotation":0,"texture":"#0"}},"rotation":{"origin":[7.0586586,10.46194,8.0],"angle":22.5,"axis":"z"}}],"display":{"gui":{"rotation":[30,225,0]}}}