{"textures":{"0":"modelengine:entity/pet_hellhound"},"elements":[{"from":[6.5,5.0,6.5],"to":[9.5,8.0,9.5],"faces":{"east":{"uv":[10.25,6.25,11.0,7.0],"tintindex":0,"rotation":0,"texture":"#0"},"south":{"uv":[6.75,10.25,7.5,11.0],"tintindex":0,"rotation":0,"texture":"#0"},"north":{"uv":[10.25,5.25,11.0,6.0],"tintindex":0,"rotation":0,"texture":"#0"},"west":{"uv":[10.25,7.25,11.0,8.0],"tintindex":0,"rotation":0,"texture":"#0"},"up":{"uv":[8.5,11.0,7.75,10.25],"tintindex":0,"rotation":0,"texture":"#0"},"down":{"uv":[11.0,10.0,10.25,10.75],"tintindex":0,"rotation":0,"texture":"#0"}}}],"display":{"gui":{"rotation":[30,225,0]}}}