{"textures":{"0":"modelengine:entity/pet_hellhound"},"elements":[{"from":[6.5,5.0,6.5],"to":[9.5,8.0,9.5],"faces":{"east":{"uv":[5.75,10.0,6.5,10.75],"tintindex":0,"rotation":0,"texture":"#0"},"south":{"uv":[9.25,10.0,10.0,10.75],"tintindex":0,"rotation":0,"texture":"#0"},"north":{"uv":[4.75,10.0,5.5,10.75],"tintindex":0,"rotation":0,"texture":"#0"},"west":{"uv":[10.25,2.25,11.0,3.0],"tintindex":0,"rotation":0,"texture":"#0"},"up":{"uv":[11.0,4.0,10.25,3.25],"tintindex":0,"rotation":0,"texture":"#0"},"down":{"uv":[11.0,4.25,10.25,5.0],"tintindex":0,"rotation":0,"texture":"#0"}}}],"display":{"gui":{"rotation":[30,225,0]}}}