{"textures":{"0":"modelengine:entity/pet_hellhound"},"elements":[{"from":[6.5,5.0,6.5],"to":[9.5,8.0,9.5],"faces":{"east":{"uv":[9.75,11.0,10.5,11.75],"tintindex":0,"rotation":0,"texture":"#0"},"south":{"uv":[10.75,11.0,11.5,11.75],"tintindex":0,"rotation":0,"texture":"#0"},"north":{"uv":[8.75,11.0,9.5,11.75],"tintindex":0,"rotation":0,"texture":"#0"},"west":{"uv":[11.25,1.0,12.0,1.75],"tintindex":0,"rotation":0,"texture":"#0"},"up":{"uv":[2.75,12.0,2.0,11.25],"tintindex":0,"rotation":0,"texture":"#0"},"down":{"uv":[12.0,2.0,11.25,2.75],"tintindex":0,"rotation":0,"texture":"#0"}}}],"display":{"gui":{"rotation":[30,225,0]}}}