{"textures":{"0":"modelengine:entity/pet_hellhound"},"elements":[{"from":[6.5,5.0,6.5],"to":[9.5,8.0,9.5],"faces":{"east":{"uv":[10.5,8.25,11.25,9.0],"tintindex":0,"rotation":0,"texture":"#0"},"south":{"uv":[11.0,0.0,11.75,0.75],"tintindex":0,"rotation":0,"texture":"#0"},"north":{"uv":[0.0,10.5,0.75,11.25],"tintindex":0,"rotation":0,"texture":"#0"},"west":{"uv":[1.0,11.0,1.75,11.75],"tintindex":0,"rotation":0,"texture":"#0"},"up":{"uv":[5.5,11.75,4.75,11.0],"tintindex":0,"rotation":0,"texture":"#0"},"down":{"uv":[6.5,11.0,5.75,11.75],"tintindex":0,"rotation":0,"texture":"#0"}}}],"display":{"gui":{"rotation":[30,225,0]}}}