{"textures":{"0":"modelengine:entity/pet_hellhound"},"elements":[{"from":[6.558658,7.538061,7.75],"to":[10.558659,11.538061,8.25],"faces":{"east":{"uv":[3.5,11.25,3.75,12.25],"tintindex":0,"rotation":0,"texture":"#0"},"south":{"uv":[9.75,0.0,10.75,1.0],"tintindex":0,"rotation":0,"texture":"#0"},"north":{"uv":[9.25,8.75,10.25,9.75],"tintindex":0,"rotation":0,"texture":"#0"},"west":{"uv":[11.25,3.5,11.5,4.5],"tintindex":0,"rotation":0,"texture":"#0"},"up":{"uv":[12.25,5.0,11.25,4.75],"tintindex":0,"rotation":0,"texture":"#0"},"down":{"uv":[12.25,5.25,11.25,5.5],"tintindex":0,"rotation":0,"texture":"#0"}},"rotation":{"origin":[8.558659,9.538061,8.0],"angle":-22.5,"axis":"z"}},{"from":[5.9413414,7.46194,8.0],"to":[11.941341,13.46194,8.0],"faces":{"south":{"uv":[7.25,6.0,8.75,7.5],"tintindex":0,"rotation":0,"texture":"#0"},"north":{"uv":[5.5,7.0,7.0,8.5],"tintindex":0,"rotation":0,"texture":"#0"}},"rotation":{"origin":[8.941341,10.46194,8.0],"angle":-22.5,"axis":"z"}}],"display":{"gui":{"rotation":[30,225,0]}}}