{"textures":{"0":"modelengine:entity/pet_hellhound"},"elements":[{"from":[10.0,4.9999995,7.5],"to":[10.0,9.0,13.5],"faces":{"east":{"uv":[9.5,1.25,8.0,2.25],"tintindex":0,"rotation":0,"texture":"#0"},"west":{"uv":[8.0,1.25,9.5,2.25],"tintindex":0,"rotation":0,"texture":"#0"}},"rotation":{"origin":[8.0,6.9999995,10.5],"angle":22.5,"axis":"x"}},{"from":[6.0,9.0,7.5],"to":[10.0,9.0,13.5],"faces":{"up":{"uv":[5.25,9.75,4.25,8.25],"tintindex":0,"rotation":0,"texture":"#0"},"down":{"uv":[5.25,8.25,4.25,9.75],"tintindex":0,"rotation":0,"texture":"#0"}},"rotation":{"origin":[8.0,6.9999995,10.5],"angle":22.5,"axis":"x"}},{"from":[6.0,4.9999995,7.5],"to":[6.0,9.0,13.5],"faces":{"east":{"uv":[9.5,1.25,8.0,2.25],"tintindex":0,"rotation":0,"texture":"#0"},"west":{"uv":[8.0,1.25,9.5,2.25],"tintindex":0,"rotation":0,"texture":"#0"}},"rotation":{"origin":[8.0,6.9999995,10.5],"angle":22.5,"axis":"x"}},{"from":[6.0,4.9999995,7.5],"to":[10.0,4.9999995,13.5],"faces":{"up":{"uv":[4.0,9.75,3.0,8.25],"tintindex":0,"rotation":0,"texture":"#0"},"down":{"uv":[4.0,8.25,3.0,9.75],"tintindex":0,"rotation":0,"texture":"#0"}},"rotation":{"origin":[8.0,6.9999995,10.5],"angle":22.5,"axis":"x"}}],"display":{"gui":{"rotation":[30,225,0]}}}