{"textures":{"0":"modelengine:entity/leaf_tornado"},"elements":[{"from":[1.081759,-8.643497,27.44941],"to":[14.9182415,5.1929855,27.44941],"faces":{"south":{"uv":[0.0,0.0,5.25,5.25],"tintindex":0,"rotation":0,"texture":"#0"},"north":{"uv":[5.25,0.0,0.0,5.25],"tintindex":0,"rotation":0,"texture":"#0"}},"rotation":{"origin":[8.0,5.090601,8.0],"angle":45.0,"axis":"y"}},{"from":[27.44941,-8.643497,1.081759],"to":[27.44941,5.1929855,14.9182415],"faces":{"east":{"uv":[0.0,0.0,5.25,5.25],"tintindex":0,"rotation":0,"texture":"#0"},"west":{"uv":[5.25,0.0,0.0,5.25],"tintindex":0,"rotation":0,"texture":"#0"}}}],"display":{"gui":{"rotation":[30,225,0]}}}