{"textures":{"0":"modelengine:entity/leaf_tornado"},"elements":[{"from":[27.773758,4.9882174,1.081759],"to":[27.773758,18.8247,14.9182415],"faces":{"east":{"uv":[0.0,0.0,5.25,5.25],"tintindex":0,"rotation":0,"texture":"#0"},"west":{"uv":[5.25,0.0,0.0,5.25],"tintindex":0,"rotation":0,"texture":"#0"}}},{"from":[1.081759,4.9882174,27.773758],"to":[14.9182415,18.8247,27.773758],"faces":{"south":{"uv":[0.0,0.0,5.25,5.25],"tintindex":0,"rotation":0,"texture":"#0"},"north":{"uv":[5.25,0.0,0.0,5.25],"tintindex":0,"rotation":0,"texture":"#0"}},"rotation":{"origin":[8.0,5.090601,8.0],"angle":45.0,"axis":"y"}}],"display":{"gui":{"rotation":[30,225,0]}}}