{"textures":{"0":"modelengine:entity/glume_baby"},"elements":[{"from":[3.0,6.0,3.0],"to":[13.0,16.0,13.0],"faces":{"east":{"uv":[4.0,2.5,6.5,5.0],"tintindex":0,"rotation":0,"texture":"#0"},"south":{"uv":[4.0,5.0,6.5,7.5],"tintindex":0,"rotation":0,"texture":"#0"},"north":{"uv":[4.0,0.0,6.5,2.5],"tintindex":0,"rotation":0,"texture":"#0"},"west":{"uv":[6.5,0.0,9.0,2.5],"tintindex":0,"rotation":0,"texture":"#0"},"up":{"uv":[9.0,5.0,6.5,2.5],"tintindex":0,"rotation":0,"texture":"#0"},"down":{"uv":[9.0,5.0,6.5,7.5],"tintindex":0,"rotation":0,"texture":"#0"}}}],"display":{"gui":{"rotation":[30,225,0]}}}