{"textures":{"0":"modelengine:entity/glume_baby"},"elements":[{"from":[4.0,18.083332,4.0],"to":[12.0,22.083332,12.0],"faces":{"east":{"uv":[7.5,9.5,9.5,10.5],"tintindex":0,"rotation":0,"texture":"#0"},"south":{"uv":[9.5,9.5,11.5,10.5],"tintindex":0,"rotation":0,"texture":"#0"},"north":{"uv":[5.5,9.5,7.5,10.5],"tintindex":0,"rotation":0,"texture":"#0"},"west":{"uv":[0.0,10.0,2.0,11.0],"tintindex":0,"rotation":0,"texture":"#0"},"up":{"uv":[6.0,9.5,4.0,7.5],"tintindex":0,"rotation":0,"texture":"#0"},"down":{"uv":[8.0,7.5,6.0,9.5],"tintindex":0,"rotation":0,"texture":"#0"}}},{"from":[5.0,8.083333,5.0],"to":[11.0,14.083333,11.0],"faces":{"east":{"uv":[9.0,1.5,10.5,3.0],"tintindex":0,"rotation":0,"texture":"#0"},"south":{"uv":[9.0,3.0,10.5,4.5],"tintindex":0,"rotation":0,"texture":"#0"},"north":{"uv":[9.0,0.0,10.5,1.5],"tintindex":0,"rotation":0,"texture":"#0"},"west":{"uv":[9.0,4.5,10.5,6.0],"tintindex":0,"rotation":0,"texture":"#0"},"up":{"uv":[10.5,7.5,9.0,6.0],"tintindex":0,"rotation":0,"texture":"#0"},"down":{"uv":[5.5,9.5,4.0,11.0],"tintindex":0,"rotation":0,"texture":"#0"}}},{"from":[0.0,14.083333,0.0],"to":[16.0,18.083332,16.0],"faces":{"east":{"uv":[8.0,7.5,12.0,8.5],"tintindex":0,"rotation":0,"texture":"#0"},"south":{"uv":[8.0,8.5,12.0,9.5],"tintindex":0,"rotation":0,"texture":"#0"},"north":{"uv":[0.0,8.0,4.0,9.0],"tintindex":0,"rotation":0,"texture":"#0"},"west":{"uv":[0.0,9.0,4.0,10.0],"tintindex":0,"rotation":0,"texture":"#0"},"up":{"uv":[4.0,4.0,0.0,0.0],"tintindex":0,"rotation":0,"texture":"#0"},"down":{"uv":[4.0,4.0,0.0,8.0],"tintindex":0,"rotation":0,"texture":"#0"}}}],"display":{"gui":{"rotation":[30,225,0]}}}