{"textures":{"0":"modelengine:entity/glume_baby"},"elements":[{"from":[5.5,4.8477592,5.7346334],"to":[9.5,9.847759,10.734633],"faces":{"east":{"uv":[2.0,10.0,3.25,11.25],"tintindex":0,"rotation":0,"texture":"#0"},"south":{"uv":[10.5,2.5,11.5,3.75],"tintindex":0,"rotation":0,"texture":"#0"},"north":{"uv":[10.5,1.25,11.5,2.5],"tintindex":0,"rotation":0,"texture":"#0"},"west":{"uv":[10.5,0.0,11.75,1.25],"tintindex":0,"rotation":0,"texture":"#0"},"up":{"uv":[11.5,5.0,10.5,3.75],"tintindex":0,"rotation":0,"texture":"#0"},"down":{"uv":[11.5,5.0,10.5,6.25],"tintindex":0,"rotation":0,"texture":"#0"}}},{"from":[6.0,3.0,6.5],"to":[9.0,5.0,8.5],"faces":{"east":{"uv":[9.5,10.5,10.0,11.0],"tintindex":0,"rotation":0,"texture":"#0"},"south":{"uv":[10.5,6.75,11.25,7.25],"tintindex":0,"rotation":0,"texture":"#0"},"north":{"uv":[10.5,6.25,11.25,6.75],"tintindex":0,"rotation":0,"texture":"#0"},"west":{"uv":[10.0,10.5,10.5,11.0],"tintindex":0,"rotation":0,"texture":"#0"},"up":{"uv":[7.75,11.0,7.0,10.5],"tintindex":0,"rotation":0,"texture":"#0"},"down":{"uv":[8.5,10.5,7.75,11.0],"tintindex":0,"rotation":0,"texture":"#0"}}},{"from":[6.0,3.4979048,6.0031357],"to":[9.0,5.497905,8.003136],"faces":{"east":{"uv":[8.5,10.5,9.0,11.0],"tintindex":0,"rotation":0,"texture":"#0"},"south":{"uv":[3.25,10.5,4.0,11.0],"tintindex":0,"rotation":0,"texture":"#0"},"north":{"uv":[3.25,10.0,4.0,10.5],"tintindex":0,"rotation":0,"texture":"#0"},"west":{"uv":[9.0,10.5,9.5,11.0],"tintindex":0,"rotation":0,"texture":"#0"},"up":{"uv":[6.25,11.0,5.5,10.5],"tintindex":0,"rotation":0,"texture":"#0"},"down":{"uv":[7.0,10.5,6.25,11.0],"tintindex":0,"rotation":0,"texture":"#0"}},"rotation":{"origin":[7.0,4.497905,7.5031357],"angle":-22.5,"axis":"x"}}],"display":{"gui":{"rotation":[30,225,0]}}}