{"textures":{"0":"modelengine:entity/glume_baby"},"elements":[{"from":[7.0,3.4979048,6.0031357],"to":[10.0,5.497905,8.003136],"faces":{"east":{"uv":[9.5,10.5,9.0,11.0],"tintindex":0,"rotation":0,"texture":"#0"},"south":{"uv":[4.0,10.5,3.25,11.0],"tintindex":0,"rotation":0,"texture":"#0"},"north":{"uv":[4.0,10.0,3.25,10.5],"tintindex":0,"rotation":0,"texture":"#0"},"west":{"uv":[9.0,10.5,8.5,11.0],"tintindex":0,"rotation":0,"texture":"#0"},"up":{"uv":[5.5,11.0,6.25,10.5],"tintindex":0,"rotation":0,"texture":"#0"},"down":{"uv":[6.25,10.5,7.0,11.0],"tintindex":0,"rotation":0,"texture":"#0"}},"rotation":{"origin":[9.0,4.497905,7.5031357],"angle":-22.5,"axis":"x"}},{"from":[6.5,4.8477592,5.7346334],"to":[10.5,9.847759,10.734633],"faces":{"east":{"uv":[11.75,0.0,10.5,1.25],"tintindex":0,"rotation":0,"texture":"#0"},"south":{"uv":[11.5,2.5,10.5,3.75],"tintindex":0,"rotation":0,"texture":"#0"},"north":{"uv":[11.5,1.25,10.5,2.5],"tintindex":0,"rotation":0,"texture":"#0"},"west":{"uv":[3.25,10.0,2.0,11.25],"tintindex":0,"rotation":0,"texture":"#0"},"up":{"uv":[10.5,5.0,11.5,3.75],"tintindex":0,"rotation":0,"texture":"#0"},"down":{"uv":[10.5,5.0,11.5,6.25],"tintindex":0,"rotation":0,"texture":"#0"}}},{"from":[7.0,3.0,6.5],"to":[10.0,5.0,8.5],"faces":{"east":{"uv":[10.5,10.5,10.0,11.0],"tintindex":0,"rotation":0,"texture":"#0"},"south":{"uv":[11.25,6.75,10.5,7.25],"tintindex":0,"rotation":0,"texture":"#0"},"north":{"uv":[11.25,6.25,10.5,6.75],"tintindex":0,"rotation":0,"texture":"#0"},"west":{"uv":[10.0,10.5,9.5,11.0],"tintindex":0,"rotation":0,"texture":"#0"},"up":{"uv":[7.0,11.0,7.75,10.5],"tintindex":0,"rotation":0,"texture":"#0"},"down":{"uv":[7.75,10.5,8.5,11.0],"tintindex":0,"rotation":0,"texture":"#0"}}}],"display":{"gui":{"rotation":[30,225,0]}}}