{"textures":{"0":"modelengine:entity/kur"},"elements":[{"from":[9.585787,0.46398926,11.199775],"to":[9.585787,10.463989,15.199775],"faces":{"east":{"uv":[8.5,8.0,8.0,9.25],"tintindex":0,"rotation":0,"texture":"#0"},"west":{"uv":[3.5,7.75,3.0,9.0],"tintindex":0,"rotation":0,"texture":"#0"}},"rotation":{"origin":[9.585787,5.4639893,13.199775],"angle":-45.0,"axis":"y"}},{"from":[5.0,0.46398926,3.7855606],"to":[11.0,10.463989,11.785561],"faces":{"east":{"uv":[6.375,2.75,5.375,4.0],"tintindex":0,"rotation":0,"texture":"#0"},"south":{"uv":[3.5,6.5,2.75,7.75],"tintindex":0,"rotation":0,"texture":"#0"},"north":{"uv":[2.75,6.5,2.0,7.75],"tintindex":0,"rotation":0,"texture":"#0"},"west":{"uv":[6.0,1.5,5.0,2.75],"tintindex":0,"rotation":0,"texture":"#0"},"up":{"uv":[7.25,4.375,8.0,3.375],"tintindex":0,"rotation":0,"texture":"#0"},"down":{"uv":[7.375,6.375,8.125,7.375],"tintindex":0,"rotation":0,"texture":"#0"}}}],"display":{"gui":{"rotation":[30,225,0]}}}