{"textures":{"0":"modelengine:entity/kur"},"elements":[{"from":[6.0,3.0857525,2.1151114],"to":[10.0,9.0857525,6.1151114],"faces":{"east":{"uv":[3.0,9.0,3.5,9.75],"tintindex":0,"rotation":0,"texture":"#0"},"south":{"uv":[5.5,9.0,6.0,9.75],"tintindex":0,"rotation":0,"texture":"#0"},"north":{"uv":[1.5,8.875,2.0,9.625],"tintindex":0,"rotation":0,"texture":"#0"},"west":{"uv":[0.0,9.125,0.5,9.875],"tintindex":0,"rotation":0,"texture":"#0"},"up":{"uv":[9.5,10.125,9.0,9.625],"tintindex":0,"rotation":0,"texture":"#0"},"down":{"uv":[10.0,9.625,9.5,10.125],"tintindex":0,"rotation":0,"texture":"#0"}},"rotation":{"origin":[8.0,3.775526,4.326004],"angle":22.5,"axis":"x"}},{"from":[6.0,1.9843302,2.0194407],"to":[10.0,3.9843302,6.0194407],"faces":{"east":{"uv":[8.5,10.0,9.0,10.25],"tintindex":0,"rotation":0,"texture":"#0"},"south":{"uv":[10.0,9.625,10.5,9.875],"tintindex":0,"rotation":0,"texture":"#0"},"north":{"uv":[10.0,7.75,10.5,8.0],"tintindex":0,"rotation":0,"texture":"#0"},"west":{"uv":[10.0,9.875,10.5,10.125],"tintindex":0,"rotation":0,"texture":"#0"},"up":{"uv":[3.5,10.25,3.0,9.75],"tintindex":0,"rotation":0,"texture":"#0"},"down":{"uv":[5.625,9.75,5.125,10.25],"tintindex":0,"rotation":0,"texture":"#0"}}}],"display":{"gui":{"rotation":[30,225,0]}}}