{"textures":{"0":"modelengine:entity/kur"},"elements":[{"from":[6.4142137,0.46398926,11.199775],"to":[6.4142137,10.463989,15.199775],"faces":{"east":{"uv":[3.0,7.75,3.5,9.0],"tintindex":0,"rotation":0,"texture":"#0"},"west":{"uv":[8.0,8.0,8.5,9.25],"tintindex":0,"rotation":0,"texture":"#0"}},"rotation":{"origin":[6.4142137,5.4639893,13.199775],"angle":45.0,"axis":"y"}},{"from":[5.0,0.46398926,3.7855606],"to":[11.0,10.463989,11.785561],"faces":{"east":{"uv":[5.0,1.5,6.0,2.75],"tintindex":0,"rotation":0,"texture":"#0"},"south":{"uv":[2.75,6.5,3.5,7.75],"tintindex":0,"rotation":0,"texture":"#0"},"north":{"uv":[2.0,6.5,2.75,7.75],"tintindex":0,"rotation":0,"texture":"#0"},"west":{"uv":[5.375,2.75,6.375,4.0],"tintindex":0,"rotation":0,"texture":"#0"},"up":{"uv":[8.0,4.375,7.25,3.375],"tintindex":0,"rotation":0,"texture":"#0"},"down":{"uv":[8.125,6.375,7.375,7.375],"tintindex":0,"rotation":0,"texture":"#0"}}}],"display":{"gui":{"rotation":[30,225,0]}}}