{"textures":{"0":"modelengine:entity/kur"},"elements":[{"from":[5.5,6.327941,7.047099],"to":[10.5,11.327941,13.047098],"faces":{"east":{"uv":[9.375,1.625,8.625,2.25],"tintindex":0,"rotation":0,"texture":"#0"},"south":{"uv":[9.625,3.375,9.0,4.0],"tintindex":0,"rotation":0,"texture":"#0"},"north":{"uv":[7.0,8.75,6.375,9.375],"tintindex":0,"rotation":0,"texture":"#0"},"west":{"uv":[9.375,1.0,8.625,1.625],"tintindex":0,"rotation":0,"texture":"#0"},"up":{"uv":[3.5,9.375,4.125,8.625],"tintindex":0,"rotation":0,"texture":"#0"},"down":{"uv":[4.125,8.625,4.75,9.375],"tintindex":0,"rotation":0,"texture":"#0"}},"rotation":{"origin":[10.0,10.827941,11.547098],"angle":-45.0,"axis":"x"}},{"from":[6.5,1.3279414,7.047099],"to":[9.5,6.327941,11.047098],"faces":{"east":{"uv":[1.0,9.375,0.5,10.0],"tintindex":0,"rotation":0,"texture":"#0"},"south":{"uv":[6.375,9.5,6.0,10.125],"tintindex":0,"rotation":0,"texture":"#0"},"north":{"uv":[7.0,9.375,6.625,10.0],"tintindex":0,"rotation":0,"texture":"#0"},"west":{"uv":[9.75,8.0,9.25,8.625],"tintindex":0,"rotation":0,"texture":"#0"},"up":{"uv":[7.75,10.375,8.125,9.875],"tintindex":0,"rotation":0,"texture":"#0"},"down":{"uv":[8.125,9.875,8.5,10.375],"tintindex":0,"rotation":0,"texture":"#0"}},"rotation":{"origin":[11.0,10.827941,11.547098],"angle":-45.0,"axis":"x"}}],"display":{"gui":{"rotation":[30,225,0]}}}