{"textures":{"0":"modelengine:entity/kur"},"elements":[{"from":[6.0,1.9843302,2.0194407],"to":[10.0,3.9843302,6.0194407],"faces":{"east":{"uv":[10.5,9.875,10.0,10.125],"tintindex":0,"rotation":0,"texture":"#0"},"south":{"uv":[10.5,9.625,10.0,9.875],"tintindex":0,"rotation":0,"texture":"#0"},"north":{"uv":[10.5,7.75,10.0,8.0],"tintindex":0,"rotation":0,"texture":"#0"},"west":{"uv":[9.0,10.0,8.5,10.25],"tintindex":0,"rotation":0,"texture":"#0"},"up":{"uv":[3.0,10.25,3.5,9.75],"tintindex":0,"rotation":0,"texture":"#0"},"down":{"uv":[5.125,9.75,5.625,10.25],"tintindex":0,"rotation":0,"texture":"#0"}}},{"from":[6.0,3.0857525,2.1151114],"to":[10.0,9.0857525,6.1151114],"faces":{"east":{"uv":[0.5,9.125,0.0,9.875],"tintindex":0,"rotation":0,"texture":"#0"},"south":{"uv":[6.0,9.0,5.5,9.75],"tintindex":0,"rotation":0,"texture":"#0"},"north":{"uv":[2.0,8.875,1.5,9.625],"tintindex":0,"rotation":0,"texture":"#0"},"west":{"uv":[3.5,9.0,3.0,9.75],"tintindex":0,"rotation":0,"texture":"#0"},"up":{"uv":[9.0,10.125,9.5,9.625],"tintindex":0,"rotation":0,"texture":"#0"},"down":{"uv":[9.5,9.625,10.0,10.125],"tintindex":0,"rotation":0,"texture":"#0"}},"rotation":{"origin":[8.0,3.775526,4.326004],"angle":22.5,"axis":"x"}}],"display":{"gui":{"rotation":[30,225,0]}}}