{"textures":{"0":"modelengine:entity/kur"},"elements":[{"from":[5.5,12.982964,0.6294098],"to":[10.5,13.982964,1.6294098],"faces":{"east":{"uv":[10.5,0.75,10.75,1.0],"tintindex":0,"rotation":0,"texture":"#0"},"south":{"uv":[10.5,0.5,11.75,0.75],"tintindex":0,"rotation":0,"texture":"#0"},"north":{"uv":[10.5,1.0,11.75,1.25],"tintindex":0,"rotation":0,"texture":"#0"},"west":{"uv":[10.75,0.75,11.0,1.0],"tintindex":0,"rotation":0,"texture":"#0"},"up":{"uv":[11.75,0.25,10.5,0.0],"tintindex":0,"rotation":0,"texture":"#0"},"down":{"uv":[11.75,0.25,10.5,0.5],"tintindex":0,"rotation":0,"texture":"#0"}}},{"from":[8.0,3.0849776,-2.9774847],"to":[8.0,7.584977,6.522516],"faces":{"east":{"uv":[5.375,3.875,3.0,5.0],"tintindex":0,"rotation":0,"texture":"#0"},"west":{"uv":[3.0,3.875,5.375,5.0],"tintindex":0,"rotation":0,"texture":"#0"}}},{"from":[5.5,5.3952107,2.9902067],"to":[10.5,10.895211,10.990207],"faces":{"east":{"uv":[5.0,1.375,3.0,2.75],"tintindex":0,"rotation":0,"texture":"#0"},"south":{"uv":[5.25,5.0,6.5,6.375],"tintindex":0,"rotation":0,"texture":"#0"},"north":{"uv":[4.0,5.0,5.25,6.375],"tintindex":0,"rotation":0,"texture":"#0"},"west":{"uv":[3.0,1.375,5.0,2.75],"tintindex":0,"rotation":0,"texture":"#0"},"up":{"uv":[1.25,6.0,0.0,4.0],"tintindex":0,"rotation":0,"texture":"#0"},"down":{"uv":[2.5,4.0,1.25,6.0],"tintindex":0,"rotation":0,"texture":"#0"}},"rotation":{"origin":[8.0,8.645211,5.2402067],"angle":22.5,"axis":"x"}},{"from":[8.05,12.5490055,-2.415163],"to":[8.05,14.5490055,2.084837],"faces":{"east":{"uv":[8.125,4.0,9.25,4.5],"tintindex":0,"rotation":0,"texture":"#0"},"west":{"uv":[9.25,4.0,8.125,4.5],"tintindex":0,"rotation":0,"texture":"#0"}}},{"from":[8.0,10.895211,6.4902067],"to":[8.0,12.395211,11.490207],"faces":{"east":{"uv":[9.625,0.0,8.375,0.375],"tintindex":0,"rotation":0,"texture":"#0"},"west":{"uv":[8.375,0.0,9.625,0.375],"tintindex":0,"rotation":0,"texture":"#0"}},"rotation":{"origin":[8.0,8.645211,5.2402067],"angle":22.5,"axis":"x"}},{"from":[5.5,9.857964,-4.37059],"to":[10.5,12.357964,-1.3705902],"faces":{"east":{"uv":[7.125,8.5,7.875,9.125],"tintindex":0,"rotation":0,"texture":"#0"},"south":{"uv":[0.75,7.125,2.0,7.75],"tintindex":0,"rotation":0,"texture":"#0"},"north":{"uv":[6.5,5.75,7.75,6.375],"tintindex":0,"rotation":0,"texture":"#0"},"west":{"uv":[8.5,8.0,9.25,8.625],"tintindex":0,"rotation":0,"texture":"#0"},"up":{"uv":[7.75,0.75,6.5,0.0],"tintindex":0,"rotation":0,"texture":"#0"},"down":{"uv":[7.75,0.75,6.5,1.5],"tintindex":0,"rotation":0,"texture":"#0"}}},{"from":[4.0,8.982964,0.12940979],"to":[5.5,14.482964,2.1294098],"faces":{"east":{"uv":[2.0,7.75,2.5,9.125],"tintindex":0,"rotation":0,"texture":"#0"},"south":{"uv":[8.25,1.125,8.625,2.5],"tintindex":0,"rotation":0,"texture":"#0"},"north":{"uv":[6.0,8.125,6.375,9.5],"tintindex":0,"rotation":0,"texture":"#0"},"west":{"uv":[2.5,7.75,3.0,9.125],"tintindex":0,"rotation":0,"texture":"#0"},"up":{"uv":[10.125,7.5,9.75,7.0],"tintindex":0,"rotation":0,"texture":"#0"},"down":{"uv":[10.125,8.0,9.75,8.5],"tintindex":0,"rotation":0,"texture":"#0"}}},{"from":[6.5,7.2990055,-2.915163],"to":[9.5,11.7990055,1.084837],"faces":{"east":{"uv":[0.0,6.0,1.0,7.125],"tintindex":0,"rotation":0,"texture":"#0"},"south":{"uv":[0.0,7.125,0.75,8.25],"tintindex":0,"rotation":0,"texture":"#0"},"north":{"uv":[6.875,1.5,7.625,2.625],"tintindex":0,"rotation":0,"texture":"#0"},"west":{"uv":[1.0,6.0,2.0,7.125],"tintindex":0,"rotation":0,"texture":"#0"},"up":{"uv":[5.625,8.125,4.875,7.125],"tintindex":0,"rotation":0,"texture":"#0"},"down":{"uv":[6.375,7.125,5.625,8.125],"tintindex":0,"rotation":0,"texture":"#0"}},"rotation":{"origin":[6.5,8.2990055,-1.665163],"angle":-22.5,"axis":"x"}},{"from":[5.0,4.5849776,-1.9774847],"to":[11.0,12.584977,4.022516],"faces":{"east":{"uv":[3.0,2.0,1.5,4.0],"tintindex":0,"rotation":0,"texture":"#0"},"south":{"uv":[0.0,2.0,1.5,4.0],"tintindex":0,"rotation":0,"texture":"#0"},"north":{"uv":[0.0,0.0,1.5,2.0],"tintindex":0,"rotation":0,"texture":"#0"},"west":{"uv":[1.5,2.0,3.0,4.0],"tintindex":0,"rotation":0,"texture":"#0"},"up":{"uv":[6.5,1.5,5.0,0.0],"tintindex":0,"rotation":0,"texture":"#0"},"down":{"uv":[4.0,5.0,2.5,6.5],"tintindex":0,"rotation":0,"texture":"#0"}}},{"from":[10.5,8.982964,0.12940979],"to":[12.0,14.482964,2.1294098],"faces":{"east":{"uv":[3.0,7.75,2.5,9.125],"tintindex":0,"rotation":0,"texture":"#0"},"south":{"uv":[8.625,1.125,8.25,2.5],"tintindex":0,"rotation":0,"texture":"#0"},"north":{"uv":[6.375,8.125,6.0,9.5],"tintindex":0,"rotation":0,"texture":"#0"},"west":{"uv":[2.5,7.75,2.0,9.125],"tintindex":0,"rotation":0,"texture":"#0"},"up":{"uv":[9.75,7.5,10.125,7.0],"tintindex":0,"rotation":0,"texture":"#0"},"down":{"uv":[9.75,8.0,10.125,8.5],"tintindex":0,"rotation":0,"texture":"#0"}}}],"display":{"gui":{"rotation":[30,225,0]}}}