{"textures":{"0":"modelengine:entity/kur"},"elements":[{"from":[6.5,4.014784,3.9762526],"to":[9.5,8.014784,7.9762526],"faces":{"east":{"uv":[9.875,8.625,9.375,9.125],"tintindex":0,"rotation":0,"texture":"#0"},"south":{"uv":[10.25,3.75,9.875,4.25],"tintindex":0,"rotation":0,"texture":"#0"},"north":{"uv":[2.75,9.875,2.375,10.375],"tintindex":0,"rotation":0,"texture":"#0"},"west":{"uv":[2.5,6.0,2.0,6.5],"tintindex":0,"rotation":0,"texture":"#0"},"up":{"uv":[7.0,10.375,7.375,9.875],"tintindex":0,"rotation":0,"texture":"#0"},"down":{"uv":[7.375,9.875,7.75,10.375],"tintindex":0,"rotation":0,"texture":"#0"}}}],"display":{"gui":{"rotation":[30,225,0]}}}