{"textures":{"0":"modelengine:entity/kur"},"elements":[{"from":[4.9567084,4.5,11.309699],"to":[4.9567084,13.5,16.3097],"faces":{"east":{"uv":[0.75,7.75,1.375,8.875],"tintindex":0,"rotation":0,"texture":"#0"},"west":{"uv":[1.375,7.75,2.0,8.875],"tintindex":0,"rotation":0,"texture":"#0"}},"rotation":{"origin":[4.9567084,9.0,13.809699],"angle":22.5,"axis":"y"}},{"from":[0.0,9.5,8.5],"to":[3.0,12.5,8.5],"faces":{"south":{"uv":[10.0,5.0,10.375,5.375],"tintindex":0,"rotation":0,"texture":"#0"},"north":{"uv":[10.0,4.625,10.375,5.0],"tintindex":0,"rotation":0,"texture":"#0"}}},{"from":[0.0,10.997595,6.9597692],"to":[3.0,10.997595,9.959769],"faces":{"up":{"uv":[10.375,4.625,10.0,4.25],"tintindex":0,"rotation":0,"texture":"#0"},"down":{"uv":[5.0,10.0,4.625,10.375],"tintindex":0,"rotation":0,"texture":"#0"}}},{"from":[3.0,6.5,3.5],"to":[5.0,15.5,10.5],"faces":{"east":{"uv":[6.375,3.75,7.25,4.875],"tintindex":0,"rotation":0,"texture":"#0"},"south":{"uv":[6.375,9.375,6.625,10.5],"tintindex":0,"rotation":0,"texture":"#0"},"north":{"uv":[4.375,9.375,4.625,10.5],"tintindex":0,"rotation":0,"texture":"#0"},"west":{"uv":[4.0,6.375,4.875,7.5],"tintindex":0,"rotation":0,"texture":"#0"},"up":{"uv":[5.875,10.625,5.625,9.75],"tintindex":0,"rotation":0,"texture":"#0"},"down":{"uv":[0.25,9.875,0.0,10.75],"tintindex":0,"rotation":0,"texture":"#0"}}},{"from":[0.0,11.5,5.5],"to":[3.0,14.5,5.5],"faces":{"south":{"uv":[0.5,10.0,0.875,10.375],"tintindex":0,"rotation":0,"texture":"#0"},"north":{"uv":[9.875,9.25,10.25,9.625],"tintindex":0,"rotation":0,"texture":"#0"}}},{"from":[4.0,1.5,6.5],"to":[8.0,4.5,11.5],"faces":{"east":{"uv":[9.375,1.875,10.0,2.25],"tintindex":0,"rotation":0,"texture":"#0"},"south":{"uv":[9.875,2.25,10.375,2.625],"tintindex":0,"rotation":0,"texture":"#0"},"north":{"uv":[1.875,9.875,2.375,10.25],"tintindex":0,"rotation":0,"texture":"#0"},"west":{"uv":[9.625,0.0,10.25,0.375],"tintindex":0,"rotation":0,"texture":"#0"},"up":{"uv":[9.75,6.0,9.25,5.375],"tintindex":0,"rotation":0,"texture":"#0"},"down":{"uv":[8.5,9.25,8.0,9.875],"tintindex":0,"rotation":0,"texture":"#0"}}},{"from":[4.0,4.5,4.5],"to":[9.0,13.5,11.5],"faces":{"east":{"uv":[6.0,1.5,6.875,2.625],"tintindex":0,"rotation":0,"texture":"#0"},"south":{"uv":[7.75,0.0,8.375,1.125],"tintindex":0,"rotation":0,"texture":"#0"},"north":{"uv":[7.625,1.5,8.25,2.625],"tintindex":0,"rotation":0,"texture":"#0"},"west":{"uv":[6.375,2.625,7.25,3.75],"tintindex":0,"rotation":0,"texture":"#0"},"up":{"uv":[8.75,7.25,8.125,6.375],"tintindex":0,"rotation":0,"texture":"#0"},"down":{"uv":[0.625,8.25,0.0,9.125],"tintindex":0,"rotation":0,"texture":"#0"}}},{"from":[0.0,12.997595,3.9597692],"to":[3.0,12.997595,6.9597692],"faces":{"up":{"uv":[10.375,2.25,10.0,1.875],"tintindex":0,"rotation":0,"texture":"#0"},"down":{"uv":[10.375,2.625,10.0,3.0],"tintindex":0,"rotation":0,"texture":"#0"}}},{"from":[2.3107538,14.965075,3.5],"to":[4.310754,18.965075,8.5],"faces":{"east":{"uv":[9.25,2.25,9.875,2.75],"tintindex":0,"rotation":0,"texture":"#0"},"south":{"uv":[6.625,10.0,6.875,10.5],"tintindex":0,"rotation":0,"texture":"#0"},"north":{"uv":[7.25,4.375,7.5,4.875],"tintindex":0,"rotation":0,"texture":"#0"},"west":{"uv":[9.25,4.0,9.875,4.5],"tintindex":0,"rotation":0,"texture":"#0"},"up":{"uv":[7.375,8.5,7.125,7.875],"tintindex":0,"rotation":0,"texture":"#0"},"down":{"uv":[0.5,9.875,0.25,10.5],"tintindex":0,"rotation":0,"texture":"#0"}},"rotation":{"origin":[3.3107538,16.965075,6.0],"angle":22.5,"axis":"z"}}],"display":{"gui":{"rotation":[30,225,0]}}}