{"textures":{"0":"modelengine:entity/kur"},"elements":[{"from":[6.0,3.835216,2.793437],"to":[10.0,5.835216,6.793437],"faces":{"east":{"uv":[9.75,5.75,10.25,6.0],"tintindex":0,"rotation":0,"texture":"#0"},"south":{"uv":[10.0,3.0,10.5,3.25],"tintindex":0,"rotation":0,"texture":"#0"},"north":{"uv":[8.625,2.25,9.125,2.5],"tintindex":0,"rotation":0,"texture":"#0"},"west":{"uv":[10.0,7.5,10.5,7.75],"tintindex":0,"rotation":0,"texture":"#0"},"up":{"uv":[9.875,9.625,9.375,9.125],"tintindex":0,"rotation":0,"texture":"#0"},"down":{"uv":[10.0,2.75,9.5,3.25],"tintindex":0,"rotation":0,"texture":"#0"}}},{"from":[6.0,4.9366384,2.8891087],"to":[10.0,8.936638,6.8891087],"faces":{"east":{"uv":[8.5,9.5,9.0,10.0],"tintindex":0,"rotation":0,"texture":"#0"},"south":{"uv":[1.375,9.625,1.875,10.125],"tintindex":0,"rotation":0,"texture":"#0"},"north":{"uv":[4.625,9.5,5.125,10.0],"tintindex":0,"rotation":0,"texture":"#0"},"west":{"uv":[9.625,3.25,10.125,3.75],"tintindex":0,"rotation":0,"texture":"#0"},"up":{"uv":[10.125,6.5,9.625,6.0],"tintindex":0,"rotation":0,"texture":"#0"},"down":{"uv":[10.125,6.5,9.625,7.0],"tintindex":0,"rotation":0,"texture":"#0"}},"rotation":{"origin":[8.0,5.626412,5.1000004],"angle":22.5,"axis":"x"}}],"display":{"gui":{"rotation":[30,225,0]}}}