{"textures":{"0":"modelengine:entity/kur"},"elements":[{"from":[13.0,9.5,8.5],"to":[16.0,12.5,8.5],"faces":{"south":{"uv":[10.375,5.0,10.0,5.375],"tintindex":0,"rotation":0,"texture":"#0"},"north":{"uv":[10.375,4.625,10.0,5.0],"tintindex":0,"rotation":0,"texture":"#0"}}},{"from":[13.0,12.997595,3.9597692],"to":[16.0,12.997595,6.9597692],"faces":{"up":{"uv":[10.0,2.25,10.375,1.875],"tintindex":0,"rotation":0,"texture":"#0"},"down":{"uv":[10.0,2.625,10.375,3.0],"tintindex":0,"rotation":0,"texture":"#0"}}},{"from":[13.0,11.5,5.5],"to":[16.0,14.5,5.5],"faces":{"south":{"uv":[0.875,10.0,0.5,10.375],"tintindex":0,"rotation":0,"texture":"#0"},"north":{"uv":[10.25,9.25,9.875,9.625],"tintindex":0,"rotation":0,"texture":"#0"}}},{"from":[11.0,6.5,3.5],"to":[13.0,15.5,10.5],"faces":{"east":{"uv":[4.875,6.375,4.0,7.5],"tintindex":0,"rotation":0,"texture":"#0"},"south":{"uv":[6.625,9.375,6.375,10.5],"tintindex":0,"rotation":0,"texture":"#0"},"north":{"uv":[4.625,9.375,4.375,10.5],"tintindex":0,"rotation":0,"texture":"#0"},"west":{"uv":[7.25,3.75,6.375,4.875],"tintindex":0,"rotation":0,"texture":"#0"},"up":{"uv":[5.625,10.625,5.875,9.75],"tintindex":0,"rotation":0,"texture":"#0"},"down":{"uv":[0.0,9.875,0.25,10.75],"tintindex":0,"rotation":0,"texture":"#0"}}},{"from":[11.689246,14.965075,3.5],"to":[13.689246,18.965075,8.5],"faces":{"east":{"uv":[9.875,4.0,9.25,4.5],"tintindex":0,"rotation":0,"texture":"#0"},"south":{"uv":[6.875,10.0,6.625,10.5],"tintindex":0,"rotation":0,"texture":"#0"},"north":{"uv":[7.5,4.375,7.25,4.875],"tintindex":0,"rotation":0,"texture":"#0"},"west":{"uv":[9.875,2.25,9.25,2.75],"tintindex":0,"rotation":0,"texture":"#0"},"up":{"uv":[7.125,8.5,7.375,7.875],"tintindex":0,"rotation":0,"texture":"#0"},"down":{"uv":[0.25,9.875,0.5,10.5],"tintindex":0,"rotation":0,"texture":"#0"}},"rotation":{"origin":[12.689246,16.965075,6.0],"angle":-22.5,"axis":"z"}},{"from":[13.0,10.997595,6.9597692],"to":[16.0,10.997595,9.959769],"faces":{"up":{"uv":[10.0,4.625,10.375,4.25],"tintindex":0,"rotation":0,"texture":"#0"},"down":{"uv":[4.625,10.0,5.0,10.375],"tintindex":0,"rotation":0,"texture":"#0"}}},{"from":[7.0,4.5,4.5],"to":[12.0,13.5,11.5],"faces":{"east":{"uv":[7.25,2.625,6.375,3.75],"tintindex":0,"rotation":0,"texture":"#0"},"south":{"uv":[8.375,0.0,7.75,1.125],"tintindex":0,"rotation":0,"texture":"#0"},"north":{"uv":[8.25,1.5,7.625,2.625],"tintindex":0,"rotation":0,"texture":"#0"},"west":{"uv":[6.875,1.5,6.0,2.625],"tintindex":0,"rotation":0,"texture":"#0"},"up":{"uv":[8.125,7.25,8.75,6.375],"tintindex":0,"rotation":0,"texture":"#0"},"down":{"uv":[0.0,8.25,0.625,9.125],"tintindex":0,"rotation":0,"texture":"#0"}}},{"from":[11.043291,4.5,11.309699],"to":[11.043291,13.5,16.3097],"faces":{"east":{"uv":[2.0,7.75,1.375,8.875],"tintindex":0,"rotation":0,"texture":"#0"},"west":{"uv":[1.375,7.75,0.75,8.875],"tintindex":0,"rotation":0,"texture":"#0"}},"rotation":{"origin":[11.043291,9.0,13.809699],"angle":-22.5,"axis":"y"}},{"from":[8.0,1.5,6.5],"to":[12.0,4.5,11.5],"faces":{"east":{"uv":[10.25,0.0,9.625,0.375],"tintindex":0,"rotation":0,"texture":"#0"},"south":{"uv":[10.375,2.25,9.875,2.625],"tintindex":0,"rotation":0,"texture":"#0"},"north":{"uv":[2.375,9.875,1.875,10.25],"tintindex":0,"rotation":0,"texture":"#0"},"west":{"uv":[10.0,1.875,9.375,2.25],"tintindex":0,"rotation":0,"texture":"#0"},"up":{"uv":[9.25,6.0,9.75,5.375],"tintindex":0,"rotation":0,"texture":"#0"},"down":{"uv":[8.0,9.25,8.5,9.875],"tintindex":0,"rotation":0,"texture":"#0"}}}],"display":{"gui":{"rotation":[30,225,0]}}}