{"textures":{"0":"modelengine:entity/kur"},"elements":[{"from":[5.0,4.25,-2.749999],"to":[11.0,7.25,2.250001],"faces":{"east":{"uv":[9.125,9.125,8.5,9.5],"tintindex":0,"rotation":0,"texture":"#0"},"south":{"uv":[9.375,0.75,10.125,1.125],"tintindex":0,"rotation":0,"texture":"#0"},"north":{"uv":[9.25,4.5,10.0,4.875],"tintindex":0,"rotation":0,"texture":"#0"},"west":{"uv":[8.5,9.125,9.125,9.5],"tintindex":0,"rotation":0,"texture":"#0"},"up":{"uv":[8.5,6.125,7.75,5.5],"tintindex":0,"rotation":0,"texture":"#0"},"down":{"uv":[7.125,7.875,6.375,8.5],"tintindex":0,"rotation":0,"texture":"#0"}},"rotation":{"origin":[8.0,7.75,-1.499999],"angle":-22.5,"axis":"x"}},{"from":[4.0,6.1522408,2.7653666],"to":[12.0,11.152241,8.7653675],"faces":{"east":{"uv":[8.375,0.375,9.125,1.0],"tintindex":0,"rotation":0,"texture":"#0"},"south":{"uv":[8.0,7.375,9.0,8.0],"tintindex":0,"rotation":0,"texture":"#0"},"north":{"uv":[8.0,3.375,9.0,4.0],"tintindex":0,"rotation":0,"texture":"#0"},"west":{"uv":[9.125,0.375,8.375,1.0],"tintindex":0,"rotation":0,"texture":"#0"},"up":{"uv":[7.375,7.875,6.375,7.125],"tintindex":0,"rotation":0,"texture":"#0"},"down":{"uv":[8.25,2.625,7.25,3.375],"tintindex":0,"rotation":0,"texture":"#0"}},"rotation":{"origin":[8.5,8.152241,5.7653666],"angle":-22.5,"axis":"x"}},{"from":[9.5,9.0,1.750001],"to":[12.5,12.0,7.75],"faces":{"east":{"uv":[10.125,1.5,9.375,1.875],"tintindex":0,"rotation":0,"texture":"#0"},"south":{"uv":[10.25,8.875,9.875,9.25],"tintindex":0,"rotation":0,"texture":"#0"},"north":{"uv":[10.25,8.5,9.875,8.875],"tintindex":0,"rotation":0,"texture":"#0"},"west":{"uv":[10.125,1.125,9.375,1.5],"tintindex":0,"rotation":0,"texture":"#0"},"up":{"uv":[1.0,10.125,1.375,9.375],"tintindex":0,"rotation":0,"texture":"#0"},"down":{"uv":[3.5,9.375,3.875,10.125],"tintindex":0,"rotation":0,"texture":"#0"}},"rotation":{"origin":[8.0,10.0,5.000001],"angle":-22.5,"axis":"x"}},{"from":[4.0,2.5328445,5.6787844],"to":[12.0,6.5328445,12.678784],"faces":{"east":{"uv":[8.5,8.625,9.375,9.125],"tintindex":0,"rotation":0,"texture":"#0"},"south":{"uv":[8.25,2.5,9.25,3.0],"tintindex":0,"rotation":0,"texture":"#0"},"north":{"uv":[8.125,5.0,9.125,5.5],"tintindex":0,"rotation":0,"texture":"#0"},"west":{"uv":[8.75,6.125,9.625,6.625],"tintindex":0,"rotation":0,"texture":"#0"},"up":{"uv":[6.375,4.875,5.375,4.0],"tintindex":0,"rotation":0,"texture":"#0"},"down":{"uv":[7.5,4.875,6.5,5.75],"tintindex":0,"rotation":0,"texture":"#0"}},"rotation":{"origin":[8.5,3.5328445,7.6787844],"angle":-22.5,"axis":"x"}},{"from":[5.0,4.25,-3.749999],"to":[11.0,8.25,-2.749999],"faces":{"east":{"uv":[4.75,7.5,4.875,8.0],"tintindex":0,"rotation":0,"texture":"#0"},"south":{"uv":[9.0,7.125,9.75,7.625],"tintindex":0,"rotation":0,"texture":"#0"},"north":{"uv":[4.75,9.0,5.5,9.5],"tintindex":0,"rotation":0,"texture":"#0"},"west":{"uv":[0.625,8.25,0.75,8.75],"tintindex":0,"rotation":0,"texture":"#0"},"up":{"uv":[6.125,5.0,5.375,4.875],"tintindex":0,"rotation":0,"texture":"#0"},"down":{"uv":[8.875,7.25,8.125,7.375],"tintindex":0,"rotation":0,"texture":"#0"}},"rotation":{"origin":[8.0,7.75,-1.499999],"angle":-22.5,"axis":"x"}},{"from":[3.5,9.0,1.750001],"to":[6.5,12.0,7.75],"faces":{"east":{"uv":[9.375,1.125,10.125,1.5],"tintindex":0,"rotation":0,"texture":"#0"},"south":{"uv":[9.875,8.875,10.25,9.25],"tintindex":0,"rotation":0,"texture":"#0"},"north":{"uv":[9.875,8.5,10.25,8.875],"tintindex":0,"rotation":0,"texture":"#0"},"west":{"uv":[9.375,1.5,10.125,1.875],"tintindex":0,"rotation":0,"texture":"#0"},"up":{"uv":[1.375,10.125,1.0,9.375],"tintindex":0,"rotation":0,"texture":"#0"},"down":{"uv":[3.875,9.375,3.5,10.125],"tintindex":0,"rotation":0,"texture":"#0"}},"rotation":{"origin":[8.0,10.0,5.000001],"angle":-22.5,"axis":"x"}},{"from":[6.5,5.0,-1.749999],"to":[9.5,6.0,-1.749999],"faces":{"south":{"uv":[6.125,4.875,6.5,5.0],"tintindex":0,"rotation":0,"texture":"#0"},"north":{"uv":[6.0,2.625,6.375,2.75],"tintindex":0,"rotation":0,"texture":"#0"}},"rotation":{"origin":[8.0,5.0,-1.999999],"angle":-22.5,"axis":"x"}},{"from":[-0.098994255,1.8435974,7.645295],"to":[4.9010057,10.843597,7.645295],"faces":{"south":{"uv":[3.5,7.5,4.125,8.625],"tintindex":0,"rotation":0,"texture":"#0"},"north":{"uv":[7.375,7.375,8.0,8.5],"tintindex":0,"rotation":0,"texture":"#0"}},"rotation":{"origin":[0.8519678,6.7918854,9.194333],"angle":22.5,"axis":"y"}},{"from":[11.098994,1.8435974,7.645295],"to":[16.098995,10.843597,7.645295],"faces":{"south":{"uv":[4.125,7.5,3.5,8.625],"tintindex":0,"rotation":0,"texture":"#0"},"north":{"uv":[8.0,7.375,7.375,8.5],"tintindex":0,"rotation":0,"texture":"#0"}},"rotation":{"origin":[15.148032,6.7918854,9.194333],"angle":-22.5,"axis":"y"}},{"from":[8.0,9.152241,-1.2346334],"to":[8.0,15.152241,8.7653675],"faces":{"east":{"uv":[4.875,6.375,6.125,7.125],"tintindex":0,"rotation":0,"texture":"#0"},"west":{"uv":[6.125,6.375,4.875,7.125],"tintindex":0,"rotation":0,"texture":"#0"}}}],"display":{"gui":{"rotation":[30,225,0]}}}