{"textures":{"0":"modelengine:entity/kur"},"elements":[{"from":[4.73934,7.551132,3.9747696],"to":[4.73934,10.551132,4.9747696],"faces":{"east":{"uv":[8.0,4.0,8.125,4.375],"tintindex":0,"rotation":0,"texture":"#0"},"west":{"uv":[7.875,8.5,8.0,8.875],"tintindex":0,"rotation":0,"texture":"#0"}},"rotation":{"origin":[4.73934,9.051132,0.9747696],"angle":45.0,"axis":"z"}},{"from":[3.8000002,4.990473,0.9747696],"to":[4.8,13.990473,2.9747696],"faces":{"east":{"uv":[3.875,9.375,4.125,10.5],"tintindex":0,"rotation":0,"texture":"#0"},"south":{"uv":[2.75,9.875,2.875,11.0],"tintindex":0,"rotation":0,"texture":"#0"},"north":{"uv":[5.875,9.75,6.0,10.875],"tintindex":0,"rotation":0,"texture":"#0"},"west":{"uv":[4.125,9.375,4.375,10.5],"tintindex":0,"rotation":0,"texture":"#0"},"up":{"uv":[7.625,5.75,7.5,5.5],"tintindex":0,"rotation":0,"texture":"#0"},"down":{"uv":[7.75,5.5,7.625,5.75],"tintindex":0,"rotation":0,"texture":"#0"}},"rotation":{"origin":[4.8,9.990473,1.9747696],"angle":22.5,"axis":"z"}},{"from":[5.8,4.990473,-0.025230408],"to":[9.8,7.990473,7.9747696],"faces":{"east":{"uv":[10.125,0.375,9.125,0.75],"tintindex":0,"rotation":0,"texture":"#0"},"south":{"uv":[9.75,5.375,10.25,5.75],"tintindex":0,"rotation":0,"texture":"#0"},"north":{"uv":[7.75,1.125,8.25,1.5],"tintindex":0,"rotation":0,"texture":"#0"},"west":{"uv":[9.125,0.375,10.125,0.75],"tintindex":0,"rotation":0,"texture":"#0"},"up":{"uv":[3.0,5.0,2.5,4.0],"tintindex":0,"rotation":0,"texture":"#0"},"down":{"uv":[4.0,6.5,3.5,7.5],"tintindex":0,"rotation":0,"texture":"#0"}}},{"from":[7.8,0.9904728,0.9747696],"to":[7.8,4.990473,7.9747696],"faces":{"east":{"uv":[8.75,6.625,9.625,7.125],"tintindex":0,"rotation":0,"texture":"#0"},"west":{"uv":[0.625,8.875,1.5,9.375],"tintindex":0,"rotation":0,"texture":"#0"}}},{"from":[10.8,4.990473,0.9747696],"to":[11.8,13.990473,2.9747696],"faces":{"east":{"uv":[4.375,9.375,4.125,10.5],"tintindex":0,"rotation":0,"texture":"#0"},"south":{"uv":[2.875,9.875,2.75,11.0],"tintindex":0,"rotation":0,"texture":"#0"},"north":{"uv":[6.0,9.75,5.875,10.875],"tintindex":0,"rotation":0,"texture":"#0"},"west":{"uv":[4.125,9.375,3.875,10.5],"tintindex":0,"rotation":0,"texture":"#0"},"up":{"uv":[7.5,5.75,7.625,5.5],"tintindex":0,"rotation":0,"texture":"#0"},"down":{"uv":[7.625,5.5,7.75,5.75],"tintindex":0,"rotation":0,"texture":"#0"}},"rotation":{"origin":[10.8,9.990473,1.9747696],"angle":-22.5,"axis":"z"}},{"from":[10.860661,7.551132,3.9747696],"to":[10.860661,10.551132,4.9747696],"faces":{"east":{"uv":[8.0,8.5,7.875,8.875],"tintindex":0,"rotation":0,"texture":"#0"},"west":{"uv":[8.125,4.0,8.0,4.375],"tintindex":0,"rotation":0,"texture":"#0"}},"rotation":{"origin":[10.860661,9.051132,0.9747696],"angle":-45.0,"axis":"z"}}],"display":{"gui":{"rotation":[30,225,0]}}}