{"textures":{"2":"modelengine:entity/voras_pet_teal"},"elements":[{"from":[3.0,5.7874746,14.3072815],"to":[13.0,14.287475,24.307281],"faces":{"east":{"uv":[2.5,5.0,0.0,7.125],"tintindex":0,"rotation":0,"texture":"#2"},"south":{"uv":[2.5,4.25,5.0,6.375],"tintindex":0,"rotation":0,"texture":"#2"},"north":{"uv":[2.5,0.0,5.0,2.125],"tintindex":0,"rotation":0,"texture":"#2"},"west":{"uv":[0.0,5.0,2.5,7.125],"tintindex":0,"rotation":0,"texture":"#2"},"up":{"uv":[2.5,2.5,0.0,0.0],"tintindex":0,"rotation":0,"texture":"#2"},"down":{"uv":[2.5,2.5,0.0,5.0],"tintindex":0,"rotation":0,"texture":"#2"}},"rotation":{"origin":[8.0,8.287475,12.8072815],"angle":-45.0,"axis":"x"}},{"from":[4.5,14.287475,14.8072815],"to":[11.5,18.287476,22.807281],"faces":{"east":{"uv":[2.5,6.375,4.5,7.375],"tintindex":0,"rotation":0,"texture":"#2"},"south":{"uv":[6.5,6.0,8.25,7.0],"tintindex":0,"rotation":0,"texture":"#2"},"north":{"uv":[6.5,5.0,8.25,6.0],"tintindex":0,"rotation":0,"texture":"#2"},"west":{"uv":[6.5,4.0,8.5,5.0],"tintindex":0,"rotation":0,"texture":"#2"},"up":{"uv":[6.75,2.0,5.0,0.0],"tintindex":0,"rotation":0,"texture":"#2"},"down":{"uv":[6.75,2.0,5.0,4.0],"tintindex":0,"rotation":0,"texture":"#2"}}},{"from":[13.0,14.287475,14.3072815],"to":[14.0,14.287475,24.307281],"faces":{"up":{"uv":[6.0,10.625,5.75,8.125],"tintindex":0,"rotation":0,"texture":"#2"},"down":{"uv":[3.0,8.375,2.75,10.875],"tintindex":0,"rotation":0,"texture":"#2"}},"rotation":{"origin":[8.0,8.287475,12.8072815],"angle":-45.0,"axis":"x"}},{"from":[3.0,5.7874746,24.307281],"to":[3.0,14.287475,25.307281],"faces":{"east":{"uv":[6.875,8.75,6.625,10.875],"tintindex":0,"rotation":0,"texture":"#2"},"west":{"uv":[4.0,8.375,3.75,10.5],"tintindex":0,"rotation":0,"texture":"#2"}},"rotation":{"origin":[8.0,8.287475,12.8072815],"angle":-45.0,"axis":"x"}},{"from":[11.0,11.787475,8.3072815],"to":[12.0,11.787475,14.8072815],"faces":{"up":{"uv":[1.0,10.5,0.75,8.875],"tintindex":0,"rotation":0,"texture":"#2"},"down":{"uv":[5.5,9.0,5.25,10.625],"tintindex":0,"rotation":0,"texture":"#2"}},"rotation":{"origin":[8.0,8.287475,12.8072815],"angle":-22.5,"axis":"x"}},{"from":[4.0,11.787475,8.3072815],"to":[5.0,11.787475,14.8072815],"faces":{"up":{"uv":[0.75,10.5,1.0,8.875],"tintindex":0,"rotation":0,"texture":"#2"},"down":{"uv":[5.25,9.0,5.5,10.625],"tintindex":0,"rotation":0,"texture":"#2"}},"rotation":{"origin":[8.0,8.287475,12.8072815],"angle":-22.5,"axis":"x"}},{"from":[5.0,8.287475,8.3072815],"to":[11.0,11.787475,14.8072815],"faces":{"east":{"uv":[6.75,2.5,8.375,3.375],"tintindex":0,"rotation":0,"texture":"#2"},"south":{"uv":[4.5,7.25,6.0,8.125],"tintindex":0,"rotation":0,"texture":"#2"},"north":{"uv":[0.0,7.125,1.5,8.0],"tintindex":0,"rotation":0,"texture":"#2"},"west":{"uv":[6.5,7.0,8.125,7.875],"tintindex":0,"rotation":0,"texture":"#2"},"up":{"uv":[6.5,5.625,5.0,4.0],"tintindex":0,"rotation":0,"texture":"#2"},"down":{"uv":[6.5,5.625,5.0,7.25],"tintindex":0,"rotation":0,"texture":"#2"}},"rotation":{"origin":[8.0,8.287475,12.8072815],"angle":-22.5,"axis":"x"}},{"from":[4.5,18.0,22.75],"to":[11.5,18.0,24.25],"faces":{"up":{"uv":[9.875,7.875,8.125,7.5],"tintindex":0,"rotation":0,"texture":"#2"},"down":{"uv":[10.125,3.0,8.375,3.375],"tintindex":0,"rotation":0,"texture":"#2"}},"rotation":{"origin":[8.0,18.0,23.5],"angle":22.5,"axis":"x"}},{"from":[13.0,5.7874746,24.307281],"to":[13.0,14.287475,25.307281],"faces":{"east":{"uv":[3.75,8.375,4.0,10.5],"tintindex":0,"rotation":0,"texture":"#2"},"west":{"uv":[6.625,8.75,6.875,10.875],"tintindex":0,"rotation":0,"texture":"#2"}},"rotation":{"origin":[8.0,8.287475,12.8072815],"angle":-45.0,"axis":"x"}},{"from":[2.0,14.287475,14.3072815],"to":[3.0,14.287475,24.307281],"faces":{"up":{"uv":[5.75,10.625,6.0,8.125],"tintindex":0,"rotation":0,"texture":"#2"},"down":{"uv":[2.75,8.375,3.0,10.875],"tintindex":0,"rotation":0,"texture":"#2"}},"rotation":{"origin":[8.0,8.287475,12.8072815],"angle":-45.0,"axis":"x"}}],"display":{"gui":{"rotation":[30,225,0]}}}