{"textures":{"2":"modelengine:entity/voras_pet_teal"},"elements":[{"from":[4.386511,2.3682332,4.546375],"to":[10.386511,9.368233,9.546375],"faces":{"east":{"uv":[8.5,7.875,9.125,8.75],"tintindex":0,"rotation":0,"texture":"#2"},"south":{"uv":[1.125,8.375,1.875,9.25],"tintindex":0,"rotation":0,"texture":"#2"},"north":{"uv":[5.0,8.125,5.75,9.0],"tintindex":0,"rotation":0,"texture":"#2"},"west":{"uv":[6.0,8.75,6.625,9.625],"tintindex":0,"rotation":0,"texture":"#2"},"up":{"uv":[0.75,9.5,0.0,8.875],"tintindex":0,"rotation":0,"texture":"#2"},"down":{"uv":[9.625,8.75,8.875,9.375],"tintindex":0,"rotation":0,"texture":"#2"}}},{"from":[7.386511,-0.6317673,5.546375],"to":[7.386511,5.368233,12.546375],"faces":{"east":{"uv":[1.875,8.375,2.75,9.125],"tintindex":0,"rotation":0,"texture":"#2"},"west":{"uv":[2.75,8.375,1.875,9.125],"tintindex":0,"rotation":0,"texture":"#2"}}},{"from":[10.240065,2.3682332,4.192821],"to":[11.240065,9.368233,4.192821],"faces":{"south":{"uv":[5.625,9.0,5.75,9.875],"tintindex":0,"rotation":0,"texture":"#2"},"north":{"uv":[5.5,9.0,5.625,9.875],"tintindex":0,"rotation":0,"texture":"#2"}},"rotation":{"origin":[10.740065,5.8682327,4.192821],"angle":45.0,"axis":"y"}}],"display":{"gui":{"rotation":[30,225,0]}}}