{"textures":{"2":"modelengine:entity/voras_pet_teal"},"elements":[{"from":[5.3535533,3.5,5.353554],"to":[11.353554,10.5,10.353554],"faces":{"east":{"uv":[6.625,8.75,6.0,9.625],"tintindex":0,"rotation":0,"texture":"#2"},"south":{"uv":[1.875,8.375,1.125,9.25],"tintindex":0,"rotation":0,"texture":"#2"},"north":{"uv":[5.75,8.125,5.0,9.0],"tintindex":0,"rotation":0,"texture":"#2"},"west":{"uv":[9.125,7.875,8.5,8.75],"tintindex":0,"rotation":0,"texture":"#2"},"up":{"uv":[0.0,9.5,0.75,8.875],"tintindex":0,"rotation":0,"texture":"#2"},"down":{"uv":[8.875,8.75,9.625,9.375],"tintindex":0,"rotation":0,"texture":"#2"}}},{"from":[8.353554,0.5,6.353554],"to":[8.353554,6.5,13.353554],"faces":{"east":{"uv":[1.875,8.375,2.75,9.125],"tintindex":0,"rotation":0,"texture":"#2"},"west":{"uv":[2.75,8.375,1.875,9.125],"tintindex":0,"rotation":0,"texture":"#2"}}},{"from":[4.5,3.5,5.0],"to":[5.5,10.5,5.0],"faces":{"south":{"uv":[5.75,9.0,5.625,9.875],"tintindex":0,"rotation":0,"texture":"#2"},"north":{"uv":[5.625,9.0,5.5,9.875],"tintindex":0,"rotation":0,"texture":"#2"}},"rotation":{"origin":[5.0,7.0,5.0],"angle":-45.0,"axis":"y"}}],"display":{"gui":{"rotation":[30,225,0]}}}