{"textures":{"2":"modelengine:entity/voras_pet_teal"},"elements":[{"from":[3.0,4.6141806,0.42597485],"to":[13.0,11.614181,8.425975],"faces":{"east":{"uv":[8.0,0.875,9.0,1.75],"tintindex":0,"rotation":0,"texture":"#2"},"south":{"uv":[7.25,7.875,8.5,8.75],"tintindex":0,"rotation":0,"texture":"#2"},"north":{"uv":[6.0,7.875,7.25,8.75],"tintindex":0,"rotation":0,"texture":"#2"},"west":{"uv":[4.0,8.125,5.0,9.0],"tintindex":0,"rotation":0,"texture":"#2"},"up":{"uv":[2.75,8.375,1.5,7.375],"tintindex":0,"rotation":0,"texture":"#2"},"down":{"uv":[4.0,7.375,2.75,8.375],"tintindex":0,"rotation":0,"texture":"#2"}}},{"from":[8.5,8.114181,-0.074025154],"to":[13.5,12.114181,4.925975],"faces":{"east":{"uv":[9.25,3.875,9.875,4.375],"tintindex":0,"rotation":0,"texture":"#2"},"south":{"uv":[6.875,9.25,7.5,9.75],"tintindex":0,"rotation":0,"texture":"#2"},"north":{"uv":[1.0,9.25,1.625,9.75],"tintindex":0,"rotation":0,"texture":"#2"},"west":{"uv":[7.5,9.25,8.125,9.75],"tintindex":0,"rotation":0,"texture":"#2"},"up":{"uv":[3.625,9.75,3.0,9.125],"tintindex":0,"rotation":0,"texture":"#2"},"down":{"uv":[9.75,7.875,9.125,8.5],"tintindex":0,"rotation":0,"texture":"#2"}}},{"from":[2.5,8.114181,-0.074025154],"to":[7.5,12.114181,4.925975],"faces":{"east":{"uv":[8.125,9.25,7.5,9.75],"tintindex":0,"rotation":0,"texture":"#2"},"south":{"uv":[7.5,9.25,6.875,9.75],"tintindex":0,"rotation":0,"texture":"#2"},"north":{"uv":[1.625,9.25,1.0,9.75],"tintindex":0,"rotation":0,"texture":"#2"},"west":{"uv":[9.875,3.875,9.25,4.375],"tintindex":0,"rotation":0,"texture":"#2"},"up":{"uv":[3.0,9.75,3.625,9.125],"tintindex":0,"rotation":0,"texture":"#2"},"down":{"uv":[9.125,7.875,9.75,8.5],"tintindex":0,"rotation":0,"texture":"#2"}}},{"from":[3.0,11.5,9.0],"to":[13.0,14.499999,9.0],"faces":{"south":{"uv":[9.0,0.875,10.25,1.25],"tintindex":0,"rotation":0,"texture":"#2"},"north":{"uv":[8.5,4.625,9.75,5.0],"tintindex":0,"rotation":0,"texture":"#2"}},"rotation":{"origin":[8.0,12.999999,9.0],"angle":22.5,"axis":"x"}}],"display":{"gui":{"rotation":[30,225,0]}}}