{"textures":{"2":"modelengine:entity/voras_pet_teal"},"elements":[{"from":[7.0,8.0,6.0],"to":[12.0,10.0,10.0],"faces":{"east":{"uv":[9.125,8.5,9.625,8.75],"tintindex":0,"rotation":0,"texture":"#2"},"south":{"uv":[9.5,2.0,10.125,2.25],"tintindex":0,"rotation":0,"texture":"#2"},"north":{"uv":[1.5,7.125,2.125,7.375],"tintindex":0,"rotation":0,"texture":"#2"},"west":{"uv":[9.25,4.375,9.75,4.625],"tintindex":0,"rotation":0,"texture":"#2"},"up":{"uv":[8.75,9.75,8.125,9.25],"tintindex":0,"rotation":0,"texture":"#2"},"down":{"uv":[9.375,9.375,8.75,9.875],"tintindex":0,"rotation":0,"texture":"#2"}}},{"from":[8.0,4.0,6.0],"to":[20.0,8.0,10.0],"faces":{"east":{"uv":[4.0,9.75,4.5,10.25],"tintindex":0,"rotation":0,"texture":"#2"},"south":{"uv":[8.25,5.5,9.75,6.0],"tintindex":0,"rotation":0,"texture":"#2"},"north":{"uv":[8.25,5.0,9.75,5.5],"tintindex":0,"rotation":0,"texture":"#2"},"west":{"uv":[9.75,4.375,10.25,4.875],"tintindex":0,"rotation":0,"texture":"#2"},"up":{"uv":[9.75,6.5,8.25,6.0],"tintindex":0,"rotation":0,"texture":"#2"},"down":{"uv":[9.75,6.5,8.25,7.0],"tintindex":0,"rotation":0,"texture":"#2"}}},{"from":[17.0,-10.0,8.0],"to":[27.0,0.0,8.0],"faces":{"south":{"uv":[8.0,0.0,6.75,1.25],"tintindex":0,"rotation":0,"texture":"#2"},"north":{"uv":[6.75,0.0,8.0,1.25],"tintindex":0,"rotation":0,"texture":"#2"}}},{"from":[17.0,0.0,6.5],"to":[20.0,4.0,9.5],"faces":{"east":{"uv":[9.75,6.0,10.125,6.5],"tintindex":0,"rotation":0,"texture":"#2"},"south":{"uv":[9.75,6.5,10.125,7.0],"tintindex":0,"rotation":0,"texture":"#2"},"north":{"uv":[9.75,5.5,10.125,6.0],"tintindex":0,"rotation":0,"texture":"#2"},"west":{"uv":[6.875,9.75,7.25,10.25],"tintindex":0,"rotation":0,"texture":"#2"},"up":{"uv":[8.375,10.125,8.0,9.75],"tintindex":0,"rotation":0,"texture":"#2"},"down":{"uv":[8.75,9.75,8.375,10.125],"tintindex":0,"rotation":0,"texture":"#2"}}},{"from":[17.0,-4.0,6.5],"to":[25.0,0.0,9.5],"faces":{"east":{"uv":[7.25,9.75,7.625,10.25],"tintindex":0,"rotation":0,"texture":"#2"},"south":{"uv":[7.875,8.75,8.875,9.25],"tintindex":0,"rotation":0,"texture":"#2"},"north":{"uv":[6.875,8.75,7.875,9.25],"tintindex":0,"rotation":0,"texture":"#2"},"west":{"uv":[7.625,9.75,8.0,10.25],"tintindex":0,"rotation":0,"texture":"#2"},"up":{"uv":[10.0,1.625,9.0,1.25],"tintindex":0,"rotation":0,"texture":"#2"},"down":{"uv":[10.25,2.25,9.25,2.625],"tintindex":0,"rotation":0,"texture":"#2"}}}],"display":{"gui":{"rotation":[30,225,0]}}}