{"textures":{"2":"modelengine:entity/voras_pet_teal"},"elements":[{"from":[9.414213,11.414213,5.0],"to":[13.414213,11.414213,11.0],"faces":{"up":{"uv":[5.0,7.125,4.5,6.375],"tintindex":0,"rotation":0,"texture":"#2"},"down":{"uv":[4.5,7.375,4.0,8.125],"tintindex":0,"rotation":0,"texture":"#2"}},"rotation":{"origin":[14.414213,11.414213,7.0],"angle":45.0,"axis":"z"}},{"from":[8.0,4.0,6.0],"to":[20.0,8.0,10.0],"faces":{"east":{"uv":[3.0,9.75,3.5,10.25],"tintindex":0,"rotation":0,"texture":"#2"},"south":{"uv":[8.0,1.75,9.5,2.25],"tintindex":0,"rotation":0,"texture":"#2"},"north":{"uv":[6.75,3.375,8.25,3.875],"tintindex":0,"rotation":0,"texture":"#2"},"west":{"uv":[9.75,3.375,10.25,3.875],"tintindex":0,"rotation":0,"texture":"#2"},"up":{"uv":[9.625,7.5,8.125,7.0],"tintindex":0,"rotation":0,"texture":"#2"},"down":{"uv":[9.75,3.375,8.25,3.875],"tintindex":0,"rotation":0,"texture":"#2"}}},{"from":[16.0,4.0,5.0],"to":[21.0,10.0,11.0],"faces":{"east":{"uv":[3.0,8.375,3.75,9.125],"tintindex":0,"rotation":0,"texture":"#2"},"south":{"uv":[4.625,9.0,5.25,9.75],"tintindex":0,"rotation":0,"texture":"#2"},"north":{"uv":[4.0,9.0,4.625,9.75],"tintindex":0,"rotation":0,"texture":"#2"},"west":{"uv":[8.5,3.875,9.25,4.625],"tintindex":0,"rotation":0,"texture":"#2"},"up":{"uv":[9.75,0.75,9.125,0.0],"tintindex":0,"rotation":0,"texture":"#2"},"down":{"uv":[2.5,9.125,1.875,9.875],"tintindex":0,"rotation":0,"texture":"#2"}},"rotation":{"origin":[17.5,7.0,8.0],"angle":45.0,"axis":"z"}}],"display":{"gui":{"rotation":[30,225,0]}}}