{"textures":{"2":"modelengine:entity/voras_pet_teal"},"elements":[{"from":[2.5857868,11.414213,5.0],"to":[6.5857863,11.414213,11.0],"faces":{"up":{"uv":[4.5,7.125,5.0,6.375],"tintindex":0,"rotation":0,"texture":"#2"},"down":{"uv":[4.0,7.375,4.5,8.125],"tintindex":0,"rotation":0,"texture":"#2"}},"rotation":{"origin":[1.5857868,11.414213,7.0],"angle":-45.0,"axis":"z"}},{"from":[-5.0,4.0,5.0],"to":[0.0,10.0,11.0],"faces":{"east":{"uv":[9.25,3.875,8.5,4.625],"tintindex":0,"rotation":0,"texture":"#2"},"south":{"uv":[5.25,9.0,4.625,9.75],"tintindex":0,"rotation":0,"texture":"#2"},"north":{"uv":[4.625,9.0,4.0,9.75],"tintindex":0,"rotation":0,"texture":"#2"},"west":{"uv":[3.75,8.375,3.0,9.125],"tintindex":0,"rotation":0,"texture":"#2"},"up":{"uv":[9.125,0.75,9.75,0.0],"tintindex":0,"rotation":0,"texture":"#2"},"down":{"uv":[1.875,9.125,2.5,9.875],"tintindex":0,"rotation":0,"texture":"#2"}},"rotation":{"origin":[-1.5,7.0,8.0],"angle":-45.0,"axis":"z"}},{"from":[-4.0,4.0,6.0],"to":[8.0,8.0,10.0],"faces":{"east":{"uv":[10.25,3.375,9.75,3.875],"tintindex":0,"rotation":0,"texture":"#2"},"south":{"uv":[9.5,1.75,8.0,2.25],"tintindex":0,"rotation":0,"texture":"#2"},"north":{"uv":[8.25,3.375,6.75,3.875],"tintindex":0,"rotation":0,"texture":"#2"},"west":{"uv":[3.5,9.75,3.0,10.25],"tintindex":0,"rotation":0,"texture":"#2"},"up":{"uv":[8.125,7.5,9.625,7.0],"tintindex":0,"rotation":0,"texture":"#2"},"down":{"uv":[8.25,3.375,9.75,3.875],"tintindex":0,"rotation":0,"texture":"#2"}}}],"display":{"gui":{"rotation":[30,225,0]}}}