{"textures":{"2":"modelengine:entity/voras_pet_teal"},"elements":[{"from":[8.0,6.0,6.0],"to":[12.0,10.0,10.0],"faces":{"east":{"uv":[6.0,9.625,6.5,10.125],"tintindex":0,"rotation":0,"texture":"#2"},"south":{"uv":[9.625,7.0,10.125,7.5],"tintindex":0,"rotation":0,"texture":"#2"},"north":{"uv":[6.0,7.25,6.5,7.75],"tintindex":0,"rotation":0,"texture":"#2"},"west":{"uv":[9.625,8.5,10.125,9.0],"tintindex":0,"rotation":0,"texture":"#2"},"up":{"uv":[10.25,0.5,9.75,0.0],"tintindex":0,"rotation":0,"texture":"#2"},"down":{"uv":[1.5,9.75,1.0,10.25],"tintindex":0,"rotation":0,"texture":"#2"}}},{"from":[12.0,9.5,7.5],"to":[18.0,10.5,7.5],"faces":{"south":{"uv":[7.5,3.875,8.25,4.0],"tintindex":0,"rotation":0,"texture":"#2"},"north":{"uv":[6.75,3.875,7.5,4.0],"tintindex":0,"rotation":0,"texture":"#2"}}},{"from":[9.0,-1.5,8.0],"to":[18.0,5.5,8.0],"faces":{"south":{"uv":[1.125,8.0,0.0,8.875],"tintindex":0,"rotation":0,"texture":"#2"},"north":{"uv":[0.0,8.0,1.125,8.875],"tintindex":0,"rotation":0,"texture":"#2"}}},{"from":[15.0,1.5,6.5],"to":[18.0,6.5,9.5],"faces":{"east":{"uv":[4.5,9.75,4.875,10.375],"tintindex":0,"rotation":0,"texture":"#2"},"south":{"uv":[4.875,9.75,5.25,10.375],"tintindex":0,"rotation":0,"texture":"#2"},"north":{"uv":[1.5,9.75,1.875,10.375],"tintindex":0,"rotation":0,"texture":"#2"},"west":{"uv":[9.75,4.875,10.125,5.5],"tintindex":0,"rotation":0,"texture":"#2"},"up":{"uv":[10.125,0.875,9.75,0.5],"tintindex":0,"rotation":0,"texture":"#2"},"down":{"uv":[10.125,7.875,9.75,8.25],"tintindex":0,"rotation":0,"texture":"#2"}}},{"from":[12.0,6.5,6.5],"to":[18.0,9.5,9.5],"faces":{"east":{"uv":[1.125,8.0,1.5,8.375],"tintindex":0,"rotation":0,"texture":"#2"},"south":{"uv":[9.375,9.375,10.125,9.75],"tintindex":0,"rotation":0,"texture":"#2"},"north":{"uv":[9.25,2.625,10.0,3.0],"tintindex":0,"rotation":0,"texture":"#2"},"west":{"uv":[9.625,9.0,10.0,9.375],"tintindex":0,"rotation":0,"texture":"#2"},"up":{"uv":[0.75,9.875,0.0,9.5],"tintindex":0,"rotation":0,"texture":"#2"},"down":{"uv":[10.25,1.625,9.5,2.0],"tintindex":0,"rotation":0,"texture":"#2"}}}],"display":{"gui":{"rotation":[30,225,0]}}}