{"textures":{"2":"modelengine:entity/voras_pet_teal"},"elements":[{"from":[4.0,6.0,6.0],"to":[8.0,10.0,10.0],"faces":{"east":{"uv":[10.125,8.5,9.625,9.0],"tintindex":0,"rotation":0,"texture":"#2"},"south":{"uv":[10.125,7.0,9.625,7.5],"tintindex":0,"rotation":0,"texture":"#2"},"north":{"uv":[6.5,7.25,6.0,7.75],"tintindex":0,"rotation":0,"texture":"#2"},"west":{"uv":[6.5,9.625,6.0,10.125],"tintindex":0,"rotation":0,"texture":"#2"},"up":{"uv":[9.75,0.5,10.25,0.0],"tintindex":0,"rotation":0,"texture":"#2"},"down":{"uv":[1.0,9.75,1.5,10.25],"tintindex":0,"rotation":0,"texture":"#2"}}},{"from":[-2.0,9.5,7.5],"to":[4.0,10.5,7.5],"faces":{"south":{"uv":[8.25,3.875,7.5,4.0],"tintindex":0,"rotation":0,"texture":"#2"},"north":{"uv":[7.5,3.875,6.75,4.0],"tintindex":0,"rotation":0,"texture":"#2"}}},{"from":[-2.0,1.5,6.5],"to":[1.0,6.5,9.5],"faces":{"east":{"uv":[10.125,4.875,9.75,5.5],"tintindex":0,"rotation":0,"texture":"#2"},"south":{"uv":[5.25,9.75,4.875,10.375],"tintindex":0,"rotation":0,"texture":"#2"},"north":{"uv":[1.875,9.75,1.5,10.375],"tintindex":0,"rotation":0,"texture":"#2"},"west":{"uv":[4.875,9.75,4.5,10.375],"tintindex":0,"rotation":0,"texture":"#2"},"up":{"uv":[9.75,0.875,10.125,0.5],"tintindex":0,"rotation":0,"texture":"#2"},"down":{"uv":[9.75,7.875,10.125,8.25],"tintindex":0,"rotation":0,"texture":"#2"}}},{"from":[-2.0,-1.5,8.0],"to":[7.0,5.5,8.0],"faces":{"south":{"uv":[0.0,8.0,1.125,8.875],"tintindex":0,"rotation":0,"texture":"#2"},"north":{"uv":[1.125,8.0,0.0,8.875],"tintindex":0,"rotation":0,"texture":"#2"}}},{"from":[-2.0,6.5,6.5],"to":[4.0,9.5,9.5],"faces":{"east":{"uv":[10.0,9.0,9.625,9.375],"tintindex":0,"rotation":0,"texture":"#2"},"south":{"uv":[10.125,9.375,9.375,9.75],"tintindex":0,"rotation":0,"texture":"#2"},"north":{"uv":[10.0,2.625,9.25,3.0],"tintindex":0,"rotation":0,"texture":"#2"},"west":{"uv":[1.5,8.0,1.125,8.375],"tintindex":0,"rotation":0,"texture":"#2"},"up":{"uv":[0.0,9.875,0.75,9.5],"tintindex":0,"rotation":0,"texture":"#2"},"down":{"uv":[9.5,1.625,10.25,2.0],"tintindex":0,"rotation":0,"texture":"#2"}}}],"display":{"gui":{"rotation":[30,225,0]}}}