{"textures":{"0":"modelengine:entity/cave_mushroom"},"elements":[{"from":[3.5,8.0,3.5],"to":[12.5,11.0,12.5],"faces":{"east":{"uv":[8.0,0.0,12.5,1.5],"tintindex":0,"rotation":0,"texture":"#0"},"south":{"uv":[8.0,1.5,12.5,3.0],"tintindex":0,"rotation":0,"texture":"#0"},"north":{"uv":[4.5,7.0,9.0,8.5],"tintindex":0,"rotation":0,"texture":"#0"},"west":{"uv":[8.0,3.0,12.5,4.5],"tintindex":0,"rotation":0,"texture":"#0"},"up":{"uv":[4.5,4.5,0.0,0.0],"tintindex":0,"rotation":0,"texture":"#0"},"down":{"uv":[4.5,4.5,0.0,9.0],"tintindex":0,"rotation":0,"texture":"#0"}}},{"from":[4.5,11.0,4.5],"to":[11.5,12.0,11.5],"faces":{"east":{"uv":[0.0,12.0,3.5,12.5],"tintindex":0,"rotation":0,"texture":"#0"},"south":{"uv":[12.0,7.0,15.5,7.5],"tintindex":0,"rotation":0,"texture":"#0"},"north":{"uv":[0.0,11.5,3.5,12.0],"tintindex":0,"rotation":0,"texture":"#0"},"west":{"uv":[12.0,7.5,15.5,8.0],"tintindex":0,"rotation":0,"texture":"#0"},"up":{"uv":[8.0,3.5,4.5,0.0],"tintindex":0,"rotation":0,"texture":"#0"},"down":{"uv":[8.0,3.5,4.5,7.0],"tintindex":0,"rotation":0,"texture":"#0"}}}],"display":{"gui":{"rotation":[30,225,0]}}}