{"textures":{"0":"modelengine:entity/cave_mushroom"},"elements":[{"from":[5.5036,8.01017,5.4720497],"to":[10.5036,13.01017,10.47205],"faces":{"east":{"uv":[4.5,8.5,7.0,11.0],"tintindex":0,"rotation":0,"texture":"#0"},"south":{"uv":[7.0,8.5,9.5,11.0],"tintindex":0,"rotation":0,"texture":"#0"},"north":{"uv":[8.0,4.5,10.5,7.0],"tintindex":0,"rotation":0,"texture":"#0"},"west":{"uv":[0.0,9.0,2.5,11.5],"tintindex":0,"rotation":0,"texture":"#0"},"up":{"uv":[12.0,9.5,9.5,7.0],"tintindex":0,"rotation":0,"texture":"#0"},"down":{"uv":[12.0,9.5,9.5,12.0],"tintindex":0,"rotation":0,"texture":"#0"}}},{"from":[11.1036,8.01017,8.47205],"to":[14.6036,13.01017,8.47205],"faces":{"south":{"uv":[4.25,9.0,2.5,11.5],"tintindex":0,"rotation":0,"texture":"#0"},"north":{"uv":[2.5,9.0,4.25,11.5],"tintindex":0,"rotation":0,"texture":"#0"}},"rotation":{"origin":[12.2536,10.51017,8.47205],"angle":-45.0,"axis":"z"}},{"from":[2.2536001,8.01017,7.22205],"to":[5.7536,13.01017,7.22205],"faces":{"south":{"uv":[2.5,9.0,4.25,11.5],"tintindex":0,"rotation":0,"texture":"#0"},"north":{"uv":[4.25,9.0,2.5,11.5],"tintindex":0,"rotation":0,"texture":"#0"}},"rotation":{"origin":[3.7536001,10.51017,7.22205],"angle":-22.5,"axis":"y"}},{"from":[2.4036002,8.01017,8.47205],"to":[5.9035997,13.01017,8.47205],"faces":{"south":{"uv":[6.25,11.0,4.5,13.5],"tintindex":0,"rotation":0,"texture":"#0"},"north":{"uv":[4.5,11.0,6.25,13.5],"tintindex":0,"rotation":0,"texture":"#0"}},"rotation":{"origin":[3.7536001,10.51017,8.47205],"angle":22.5,"axis":"z"}},{"from":[10.5036,8.01017,9.22205],"to":[14.0036,13.01017,9.22205],"faces":{"south":{"uv":[4.5,11.0,6.25,13.5],"tintindex":0,"rotation":0,"texture":"#0"},"north":{"uv":[6.25,11.0,4.5,13.5],"tintindex":0,"rotation":0,"texture":"#0"}}}],"display":{"gui":{"rotation":[30,225,0]}}}