{"textures":{"0":"modelengine:entity/cave_mushroom"},"elements":[{"from":[7.25,5.3,7.25],"to":[8.75,8.3,8.75],"faces":{"east":{"uv":[3.5,11.5,4.25,13.0],"tintindex":0,"rotation":0,"texture":"#0"},"south":{"uv":[12.0,8.0,12.75,9.5],"tintindex":0,"rotation":0,"texture":"#0"},"north":{"uv":[8.5,11.0,9.25,12.5],"tintindex":0,"rotation":0,"texture":"#0"},"west":{"uv":[9.5,12.0,10.25,13.5],"tintindex":0,"rotation":0,"texture":"#0"},"up":{"uv":[13.25,0.75,12.5,0.0],"tintindex":0,"rotation":0,"texture":"#0"},"down":{"uv":[1.75,12.5,1.0,13.25],"tintindex":0,"rotation":0,"texture":"#0"}}}],"display":{"gui":{"rotation":[30,225,0]}}}