{"textures":{"0":"modelengine:entity/cave_mushroom"},"elements":[{"from":[7.25,5.3,7.25],"to":[8.75,8.3,8.75],"faces":{"east":{"uv":[10.25,12.0,9.5,13.5],"tintindex":0,"rotation":0,"texture":"#0"},"south":{"uv":[12.75,8.0,12.0,9.5],"tintindex":0,"rotation":0,"texture":"#0"},"north":{"uv":[9.25,11.0,8.5,12.5],"tintindex":0,"rotation":0,"texture":"#0"},"west":{"uv":[4.25,11.5,3.5,13.0],"tintindex":0,"rotation":0,"texture":"#0"},"up":{"uv":[12.5,0.75,13.25,0.0],"tintindex":0,"rotation":0,"texture":"#0"},"down":{"uv":[1.0,12.5,1.75,13.25],"tintindex":0,"rotation":0,"texture":"#0"}}}],"display":{"gui":{"rotation":[30,225,0]}}}