{"credit":"Made with Blockbench","parent":"./cit_item","ambientocclusion":false,"textures":{"1":"block/dirt","3":"block/stone_bricks","4":"block/sunflower_bottom","5":"block/iron_block","1_2":"block/sunflower_front","1_3":"block/sunflower_back","particle":"block/iron_block"},"elements":[{"from":[1,7,1],"to":[15,7,7],"rotation":{"angle":0,"axis":"y","origin":[0,3,0]},"faces":{"north":{"uv":[0,0,14,0],"texture":"#missing"},"east":{"uv":[0,0,5,0],"texture":"#missing"},"south":{"uv":[0,0,14,0],"texture":"#missing"},"west":{"uv":[0,0,5,0],"texture":"#missing"},"up":{"uv":[0,0,14,5],"texture":"#1"},"down":{"uv":[0,0,14,5],"texture":"#missing"}}},{"from":[14,0,0],"to":[16,8,7],"faces":{"north":{"uv":[0,0,4,16],"texture":"#3"},"east":{"uv":[2,0,16,16],"texture":"#3"},"south":{"uv":[0,0,2,8],"texture":"#missing"},"west":{"uv":[0,0,14,16],"texture":"#3"},"up":{"uv":[0,7,14,11],"rotation":90,"texture":"#3"},"down":{"uv":[2,12,16,16],"rotation":90,"texture":"#3"}}},{"from":[0,0,0],"to":[2,8,7],"faces":{"north":{"uv":[12,0,16,16],"texture":"#3"},"east":{"uv":[0,0,14,16],"texture":"#3"},"south":{"uv":[0,0,2,8],"texture":"#missing"},"west":{"uv":[0,0,14,16],"texture":"#3"},"up":{"uv":[0,7,14,11],"rotation":90,"texture":"#3"},"down":{"uv":[1,12,15,16],"rotation":90,"texture":"#3"}}},{"from":[0,0,7],"to":[8,8,9],"faces":{"north":{"uv":[0,0,16,16],"texture":"#3"},"east":{"uv":[0,0,2,8],"texture":"#missing"},"south":{"uv":[0,0,16,16],"texture":"#3"},"west":{"uv":[12,0,16,16],"texture":"#3"},"up":{"uv":[0,0,16,4],"texture":"#3"},"down":{"uv":[0,0,16,4],"texture":"#3"}}},{"from":[8,0,7],"to":[16,8,9],"faces":{"north":{"uv":[0,0,16,16],"texture":"#3"},"east":{"uv":[0,0,4,16],"texture":"#3"},"south":{"uv":[0,0,16,16],"texture":"#3"},"west":{"uv":[0,0,2,8],"texture":"#missing"},"up":{"uv":[0,0,16,4],"texture":"#3"},"down":{"uv":[0,0,16,4],"texture":"#3"}}},{"from":[8,0,0],"to":[14,8,1],"faces":{"north":{"uv":[2,0,14,16],"texture":"#3"},"east":{"uv":[0,0,1,8],"texture":"#missing"},"south":{"uv":[2,0,14,16],"texture":"#3"},"west":{"uv":[0,0,1,8],"texture":"#missing"},"up":{"uv":[2,0,14,2],"texture":"#3"},"down":{"uv":[2,0,14,2],"texture":"#3"}}},{"from":[2,0,0],"to":[8,8,1],"faces":{"north":{"uv":[2,0,14,16],"texture":"#3"},"east":{"uv":[0,0,1,8],"texture":"#missing"},"south":{"uv":[2,0,14,16],"texture":"#3"},"west":{"uv":[0,0,1,8],"texture":"#missing"},"up":{"uv":[2,0,14,2],"texture":"#3"},"down":{"uv":[2,0,14,2],"texture":"#3"}}},{"from":[2,0,1],"to":[14,0,7],"faces":{"north":{"uv":[0,0,12,0],"texture":"#missing"},"east":{"uv":[0,0,6,0],"texture":"#missing"},"south":{"uv":[0,0,12,0],"texture":"#missing"},"west":{"uv":[0,0,6,0],"texture":"#missing"},"up":{"uv":[0,0,12,6],"texture":"#missing"},"down":{"uv":[2,0,14,6],"texture":"#3"}}},{"from":[1.66489,7.98804,-1.25494],"to":[1.66489,15.98804,6.74506],"rotation":{"angle":45,"axis":"y","origin":[4.86789,20.44116,1.99016],"rescale":true},"faces":{"north":{"uv":[0,0,0,0],"texture":"#1_2"},"east":{"uv":[0,0,16,16],"texture":"#1_3"},"south":{"uv":[0,0,0,0],"texture":"#1_2"},"west":{"uv":[0,0,16,16],"texture":"#1_2"},"up":{"uv":[0,0,0,0],"texture":"#1_2"},"down":{"uv":[0,0,0,0],"texture":"#1_2"}}},{"from":[1.67744,6.48804,8.38803],"to":[9.67744,14.48804,8.38803],"rotation":{"angle":-45,"axis":"y","origin":[9.17744,10.48804,5.38803],"rescale":true},"faces":{"north":{"uv":[0,0,16,16],"texture":"#4"},"east":{"uv":[0,0,0,0],"texture":"#1_2"},"south":{"uv":[0,0,16,16],"texture":"#4"},"west":{"uv":[0,0,0,0],"texture":"#1_2"},"up":{"uv":[0,0,0,0],"texture":"#1_2"},"down":{"uv":[0,0,0,0],"texture":"#1_2"}}},{"from":[5.08406,7.98804,-1.46615],"to":[5.08406,15.98804,2.53385],"rotation":{"angle":-45,"axis":"y","origin":[-0.16594,11.98804,0.53385]},"faces":{"north":{"uv":[0,0,0,8],"texture":"#missing"},"east":{"uv":[8,0,0,16],"texture":"#1_3"},"south":{"uv":[0,0,0,8],"texture":"#missing"},"west":{"uv":[0,0,8,16],"texture":"#1_3"},"up":{"uv":[0,0,0,4],"texture":"#missing"},"down":{"uv":[0,0,0,4],"texture":"#missing"}}},{"from":[6.32692,7.98804,12.28942],"to":[6.32692,15.98804,16.28942],"rotation":{"angle":-45,"axis":"y","origin":[12.07692,11.98804,4.28942]},"faces":{"north":{"uv":[0,0,0,8],"texture":"#missing"},"east":{"uv":[0,0,8,16],"texture":"#1_2"},"south":{"uv":[0,0,0,8],"texture":"#missing"},"west":{"uv":[8,0,0,16],"texture":"#1_2"},"up":{"uv":[0,0,0,4],"texture":"#missing"},"down":{"uv":[0,0,0,4],"texture":"#missing"}}},{"from":[7.39679,7.98804,4.14116],"to":[15.39679,15.98804,4.14116],"rotation":{"angle":45,"axis":"y","origin":[12.88689,20.44116,1.99016],"rescale":true},"faces":{"north":{"uv":[0,0,16,16],"texture":"#1_3"},"east":{"uv":[0,0,0,0],"texture":"#1_2"},"south":{"uv":[0,0,16,16],"texture":"#1_2"},"west":{"uv":[0,0,0,0],"texture":"#1_2"},"up":{"uv":[0,0,0,0],"texture":"#1_2"},"down":{"uv":[0,0,0,0],"texture":"#1_2"}}},{"from":[7.39679,6.48804,3.89116],"to":[15.39679,14.48804,3.89116],"rotation":{"angle":45,"axis":"y","origin":[12.88689,20.44116,1.99016],"rescale":true},"faces":{"north":{"uv":[0,0,16,16],"texture":"#4"},"east":{"uv":[0,0,0,0],"texture":"#1_2"},"south":{"uv":[0,0,16,16],"texture":"#4"},"west":{"uv":[0,0,0,0],"texture":"#1_2"},"up":{"uv":[0,0,0,0],"texture":"#1_2"},"down":{"uv":[0,0,0,0],"texture":"#1_2"}}},{"from":[10.23553,8.00772,2.2505],"to":[10.23553,16.00772,6.2505],"rotation":{"angle":45,"axis":"y","origin":[10.98553,13.00772,2.0005]},"faces":{"north":{"uv":[0,0,0,8],"texture":"#missing"},"east":{"uv":[8,0,0,16],"texture":"#1_3"},"south":{"uv":[0,0,0,8],"texture":"#missing"},"west":{"uv":[0,0,8,16],"texture":"#1_3"},"up":{"uv":[0,0,0,4],"texture":"#missing"},"down":{"uv":[0,0,0,4],"texture":"#missing"}}},{"from":[11.05618,7.98804,11.38955],"to":[11.05618,15.98804,15.38955],"rotation":{"angle":45,"axis":"y","origin":[5.30618,11.98804,5.38955]},"faces":{"north":{"uv":[0,0,0,8],"texture":"#missing"},"east":{"uv":[0,0,8,16],"texture":"#1_2"},"south":{"uv":[0,0,0,8],"texture":"#missing"},"west":{"uv":[8,0,0,16],"texture":"#1_2"},"up":{"uv":[0,0,0,4],"texture":"#missing"},"down":{"uv":[0,0,0,4],"texture":"#missing"}}},{"from":[3.80722,9.00772,4.00017],"to":[11.80722,17.00772,4.00017],"rotation":{"angle":0,"axis":"y","origin":[7.59931,13.22116,4.00281],"rescale":true},"faces":{"north":{"uv":[0,0,16,16],"texture":"#1_3"},"east":{"uv":[0,0,0,0],"texture":"#1_2"},"south":{"uv":[0,0,16,16],"texture":"#1_2"},"west":{"uv":[0,0,0,0],"texture":"#1_2"},"up":{"uv":[0,0,0,0],"texture":"#1_2"},"down":{"uv":[0,0,0,0],"texture":"#1_2"}}},{"from":[5.17744,6.48804,3.88803],"to":[13.17744,14.48804,3.88803],"rotation":{"angle":0,"axis":"y","origin":[13.17744,10.48804,4.38803],"rescale":true},"faces":{"north":{"uv":[0,0,16,16],"texture":"#4"},"east":{"uv":[0,0,0,0],"texture":"#1_2"},"south":{"uv":[0,0,16,16],"texture":"#4"},"west":{"uv":[0,0,0,0],"texture":"#1_2"},"up":{"uv":[0,0,0,0],"texture":"#1_2"},"down":{"uv":[0,0,0,0],"texture":"#1_2"}}},{"from":[7.98553,9.00772,4.0005],"to":[7.98553,17.00772,8.0005],"rotation":{"angle":0,"axis":"y","origin":[2.23553,9.00772,4.0005]},"faces":{"north":{"uv":[0,0,0,8],"texture":"#missing"},"east":{"uv":[0,0,8,16],"texture":"#1_2"},"south":{"uv":[0,0,0,8],"texture":"#missing"},"west":{"uv":[8,0,0,16],"texture":"#1_2"},"up":{"uv":[0,0,0,4],"texture":"#missing"},"down":{"uv":[0,0,0,4],"texture":"#missing"}}},{"from":[7.98553,9.00772,0.0005],"to":[7.98553,17.00772,4.0005],"rotation":{"angle":0,"axis":"y","origin":[2.23553,9.00772,4.0005]},"faces":{"north":{"uv":[0,0,0,8],"texture":"#missing"},"east":{"uv":[8,0,0,16],"texture":"#1_3"},"south":{"uv":[0,0,0,8],"texture":"#missing"},"west":{"uv":[0,0,8,16],"texture":"#1_3"},"up":{"uv":[0,0,0,4],"texture":"#missing"},"down":{"uv":[0,0,0,4],"texture":"#missing"}}},{"from":[2,-1,0],"to":[4,0,9],"faces":{"north":{"uv":[1,2,3,3],"texture":"#5"},"east":{"uv":[4,4,13,5],"texture":"#5"},"south":{"uv":[1,2,3,3],"texture":"#5"},"west":{"uv":[4,4,13,5],"texture":"#5"},"up":{"uv":[0,0,2,9],"texture":"#missing"},"down":{"uv":[1,1,3,10],"texture":"#5"}}},{"from":[2.01,-2,-1],"to":[3.99,-1,8],"rotation":{"angle":-22.5,"axis":"x","origin":[3,-2.5,4.5]},"faces":{"north":{"uv":[1,2,3,3],"texture":"#5"},"east":{"uv":[4,4,13,5],"texture":"#5"},"south":{"uv":[1,2,3,3],"texture":"#5"},"west":{"uv":[4,4,13,5],"texture":"#5"},"up":{"uv":[1,1,3,10],"texture":"#5"},"down":{"uv":[1,1,3,10],"texture":"#5"}}},{"from":[12.01,-2,-1],"to":[13.99,-1,8],"rotation":{"angle":-22.5,"axis":"x","origin":[3,-2.5,4.5]},"faces":{"north":{"uv":[1,2,3,3],"texture":"#5"},"east":{"uv":[4,4,13,5],"texture":"#5"},"south":{"uv":[1,2,3,3],"texture":"#5"},"west":{"uv":[4,4,13,5],"texture":"#5"},"up":{"uv":[1,1,3,10],"texture":"#5"},"down":{"uv":[1,1,3,10],"texture":"#5"}}},{"from":[12,-1,0],"to":[14,0,9],"faces":{"north":{"uv":[1,2,3,3],"texture":"#5"},"east":{"uv":[4,4,13,5],"texture":"#5"},"south":{"uv":[1,2,3,3],"texture":"#5"},"west":{"uv":[4,4,13,5],"texture":"#5"},"up":{"uv":[0,0,2,9],"texture":"#missing"},"down":{"uv":[1,1,3,10],"texture":"#5"}}}],"display":{"thirdperson_righthand":{"rotation":[75,180,0],"translation":[0,2.5,0],"scale":[0.375,0.375,0.375]},"thirdperson_lefthand":{"rotation":[75,180,0],"translation":[0,2.5,0],"scale":[0.375,0.375,0.375]},"firstperson_righthand":{"rotation":[0,180,0],"scale":[0.4,0.4,0.4]},"firstperson_lefthand":{"rotation":[0,180,0],"scale":[0.4,0.4,0.4]},"ground":{"translation":[0,3,0],"scale":[0.5,0.5,0.5]},"gui":{"rotation":[30,29,0],"translation":[2,-1.25,0],"scale":[0.8,0.8,0.8]},"head":{"rotation":[0,-180,0],"translation":[0,0,-14.25]},"fixed":{"rotation":[0,180,0],"translation":[0,12,-15],"scale":[2,2,2]}},"groups":[0,{"name":"box","origin":[8,8,8],"children":[1,2,3,4,5,6,7]},{"name":"flowers","origin":[8,8,8],"children":[{"name":"1","origin":[8,8,8],"children":[8,9,10,11]},{"name":"2","origin":[8,8,8],"children":[12,13,14,15]},{"name":"3","origin":[8,8,8],"children":[16,17,18,19]}]},{"name":"braces","origin":[8,8,8],"children":[20,21,22,23]}]}