{"credit":"Made with Blockbench","parent":"./cit_item","ambientocclusion":false,"textures":{"1":"block/dirt","2":"block/flowers/rose_bush_top","3":"block/stone_bricks","5":"block/iron_block"},"elements":[{"from":[1,7,1],"to":[15,7,7],"rotation":{"angle":0,"axis":"y","origin":[0,3,0]},"faces":{"north":{"uv":[0,0,14,0],"texture":"#missing"},"east":{"uv":[0,0,5,0],"texture":"#missing"},"south":{"uv":[0,0,14,0],"texture":"#missing"},"west":{"uv":[0,0,5,0],"texture":"#missing"},"up":{"uv":[0,0,14,5],"texture":"#1"},"down":{"uv":[0,0,14,5],"texture":"#missing"}}},{"from":[14,0,0],"to":[16,8,7],"faces":{"north":{"uv":[0,0,4,16],"texture":"#3"},"east":{"uv":[2,0,16,16],"texture":"#3"},"south":{"uv":[0,0,2,8],"texture":"#missing"},"west":{"uv":[0,0,14,16],"texture":"#3"},"up":{"uv":[0,7,14,11],"rotation":90,"texture":"#3"},"down":{"uv":[2,12,16,16],"rotation":90,"texture":"#3"}}},{"from":[0,0,0],"to":[2,8,7],"faces":{"north":{"uv":[12,0,16,16],"texture":"#3"},"east":{"uv":[0,0,14,16],"texture":"#3"},"south":{"uv":[0,0,2,8],"texture":"#missing"},"west":{"uv":[0,0,14,16],"texture":"#3"},"up":{"uv":[0,7,14,11],"rotation":90,"texture":"#3"},"down":{"uv":[1,12,15,16],"rotation":90,"texture":"#3"}}},{"from":[0,0,7],"to":[8,8,9],"faces":{"north":{"uv":[0,0,16,16],"texture":"#3"},"east":{"uv":[0,0,2,8],"texture":"#missing"},"south":{"uv":[0,0,16,16],"texture":"#3"},"west":{"uv":[12,0,16,16],"texture":"#3"},"up":{"uv":[0,0,16,4],"texture":"#3"},"down":{"uv":[0,0,16,4],"texture":"#3"}}},{"from":[8,0,7],"to":[16,8,9],"faces":{"north":{"uv":[0,0,16,16],"texture":"#3"},"east":{"uv":[0,0,4,16],"texture":"#3"},"south":{"uv":[0,0,16,16],"texture":"#3"},"west":{"uv":[0,0,2,8],"texture":"#missing"},"up":{"uv":[0,0,16,4],"texture":"#3"},"down":{"uv":[0,0,16,4],"texture":"#3"}}},{"from":[8,0,0],"to":[14,8,1],"faces":{"north":{"uv":[2,0,14,16],"texture":"#3"},"east":{"uv":[0,0,1,8],"texture":"#missing"},"south":{"uv":[2,0,14,16],"texture":"#3"},"west":{"uv":[0,0,1,8],"texture":"#missing"},"up":{"uv":[2,0,14,2],"texture":"#3"},"down":{"uv":[2,0,14,2],"texture":"#3"}}},{"from":[2,0,0],"to":[8,8,1],"faces":{"north":{"uv":[2,0,14,16],"texture":"#3"},"east":{"uv":[0,0,1,8],"texture":"#missing"},"south":{"uv":[2,0,14,16],"texture":"#3"},"west":{"uv":[0,0,1,8],"texture":"#missing"},"up":{"uv":[2,0,14,2],"texture":"#3"},"down":{"uv":[2,0,14,2],"texture":"#3"}}},{"from":[2,0,1],"to":[14,0,7],"faces":{"north":{"uv":[0,0,12,0],"texture":"#missing"},"east":{"uv":[0,0,6,0],"texture":"#missing"},"south":{"uv":[0,0,12,0],"texture":"#missing"},"west":{"uv":[0,0,6,0],"texture":"#missing"},"up":{"uv":[0,0,12,6],"texture":"#missing"},"down":{"uv":[2,0,14,6],"texture":"#3"}}},{"from":[2,-1,0],"to":[4,0,9],"faces":{"north":{"uv":[1,2,3,3],"texture":"#5"},"east":{"uv":[4,4,13,5],"texture":"#5"},"south":{"uv":[1,2,3,3],"texture":"#5"},"west":{"uv":[4,4,13,5],"texture":"#5"},"up":{"uv":[0,0,2,9],"texture":"#missing"},"down":{"uv":[1,1,3,10],"texture":"#5"}}},{"from":[2.01,-2,-1],"to":[3.99,-1,8],"rotation":{"angle":-22.5,"axis":"x","origin":[3,-2.5,4.5]},"faces":{"north":{"uv":[1,2,3,3],"texture":"#5"},"east":{"uv":[4,4,13,5],"texture":"#5"},"south":{"uv":[1,2,3,3],"texture":"#5"},"west":{"uv":[4,4,13,5],"texture":"#5"},"up":{"uv":[1,1,3,10],"texture":"#5"},"down":{"uv":[1,1,3,10],"texture":"#5"}}},{"from":[12.01,-2,-1],"to":[13.99,-1,8],"rotation":{"angle":-22.5,"axis":"x","origin":[3,-2.5,4.5]},"faces":{"north":{"uv":[1,2,3,3],"texture":"#5"},"east":{"uv":[4,4,13,5],"texture":"#5"},"south":{"uv":[1,2,3,3],"texture":"#5"},"west":{"uv":[4,4,13,5],"texture":"#5"},"up":{"uv":[1,1,3,10],"texture":"#5"},"down":{"uv":[1,1,3,10],"texture":"#5"}}},{"from":[12,-1,0],"to":[14,0,9],"faces":{"north":{"uv":[1,2,3,3],"texture":"#5"},"east":{"uv":[4,4,13,5],"texture":"#5"},"south":{"uv":[1,2,3,3],"texture":"#5"},"west":{"uv":[4,4,13,5],"texture":"#5"},"up":{"uv":[0,0,2,9],"texture":"#missing"},"down":{"uv":[1,1,3,10],"texture":"#5"}}},{"from":[-0.12721,7.98804,3.53716],"to":[7.45698,16.41492,3.54243],"rotation":{"angle":45,"axis":"y","origin":[4.86789,23.19116,2.99016],"rescale":true},"faces":{"north":{"uv":[0,0,16,16],"texture":"#2"},"east":{"uv":[0,0,0,0],"texture":"#2"},"south":{"uv":[0,0,16,16],"texture":"#2"},"west":{"uv":[0,0,0,0],"texture":"#2"},"up":{"uv":[0,0,0,0],"texture":"#2"},"down":{"uv":[0,0,0,0],"texture":"#2"}}},{"from":[3.66489,7.98804,-0.25494],"to":[3.67015,16.41492,7.32926],"rotation":{"angle":45,"axis":"y","origin":[4.86789,23.19116,2.99016],"rescale":true},"faces":{"north":{"uv":[0,0,0,0],"texture":"#2"},"east":{"uv":[0,0,16,16],"texture":"#2"},"south":{"uv":[0,0,0,0],"texture":"#2"},"west":{"uv":[0,0,16,16],"texture":"#2"},"up":{"uv":[0,0,0,0],"texture":"#2"},"down":{"uv":[0,0,0,0],"texture":"#2"}}},{"from":[7.39679,7.98804,3.14116],"to":[14.98098,16.41492,3.14643],"rotation":{"angle":45,"axis":"y","origin":[12.88689,23.19116,2.99016],"rescale":true},"faces":{"north":{"uv":[0,0,16,16],"texture":"#2"},"east":{"uv":[0,0,0,0],"texture":"#2"},"south":{"uv":[0,0,16,16],"texture":"#2"},"west":{"uv":[0,0,0,0],"texture":"#2"},"up":{"uv":[0,0,0,0],"texture":"#2"},"down":{"uv":[0,0,0,0],"texture":"#2"}}},{"from":[11.18889,7.98804,-0.65094],"to":[11.19415,16.41492,6.93326],"rotation":{"angle":45,"axis":"y","origin":[12.88689,23.19116,2.99016],"rescale":true},"faces":{"north":{"uv":[0,0,0,0],"texture":"#2"},"east":{"uv":[0,0,16,16],"texture":"#2"},"south":{"uv":[0,0,0,0],"texture":"#2"},"west":{"uv":[0,0,16,16],"texture":"#2"},"up":{"uv":[0,0,0,0],"texture":"#2"},"down":{"uv":[0,0,0,0],"texture":"#2"}}},{"from":[3.10019,9.00772,4.78852],"to":[10.68438,17.4346,4.79379],"rotation":{"angle":45,"axis":"y","origin":[7.50129,23.19116,4.04352],"rescale":true},"faces":{"north":{"uv":[0,0,16,16],"texture":"#2"},"east":{"uv":[0,0,0,0],"texture":"#2"},"south":{"uv":[0,0,16,16],"texture":"#2"},"west":{"uv":[0,0,0,0],"texture":"#2"},"up":{"uv":[0,0,0,0],"texture":"#2"},"down":{"uv":[0,0,0,0],"texture":"#2"}}},{"from":[6.89229,9.00772,0.99642],"to":[6.89755,17.4346,8.58062],"rotation":{"angle":45,"axis":"y","origin":[7.50129,23.19116,4.04352],"rescale":true},"faces":{"north":{"uv":[0,0,0,0],"texture":"#2"},"east":{"uv":[0,0,16,16],"texture":"#2"},"south":{"uv":[0,0,0,0],"texture":"#2"},"west":{"uv":[0,0,16,16],"texture":"#2"},"up":{"uv":[0,0,0,0],"texture":"#2"},"down":{"uv":[0,0,0,0],"texture":"#2"}}}],"display":{"thirdperson_righthand":{"rotation":[75,180,0],"translation":[0,2.5,0],"scale":[0.375,0.375,0.375]},"thirdperson_lefthand":{"rotation":[75,180,0],"translation":[0,2.5,0],"scale":[0.375,0.375,0.375]},"firstperson_righthand":{"rotation":[0,180,0],"scale":[0.4,0.4,0.4]},"firstperson_lefthand":{"rotation":[0,180,0],"scale":[0.4,0.4,0.4]},"ground":{"translation":[0,3,0]},"gui":{"rotation":[30,29,0],"translation":[1.75,0.5,0],"scale":[0.8,0.8,0.8]},"head":{"rotation":[0,-180,0],"translation":[0,0,-14.25]},"fixed":{"rotation":[0,180,0],"translation":[0,14,-15],"scale":[2,2,2]}},"groups":[0,{"name":"box","origin":[8,8,8],"children":[1,2,3,4,5,6,7]},{"name":"braces","origin":[8,8,8],"children":[8,9,10,11]},{"name":"flowers","origin":[8,8,8],"children":[{"name":"1","origin":[8,8,8],"children":[12,13]},{"name":"2","origin":[8,8,8],"children":[14,15]},{"name":"3","origin":[8,8,8],"children":[16,17]},{"name":"3","origin":[8,8,8],"children":[]}]}]}