{"credit":"Made with Blockbench","texture_size":[32,32],"textures":{"0":"block/sweater_orange","particle":"block/sweater_orange"},"elements":[{"from":[4,0,3],"to":[12,1,11],"faces":{"north":{"uv":[0,9.5,8,10],"rotation":180,"texture":"#0"},"east":{"uv":[0,2,0.5,10],"rotation":270,"texture":"#0"},"south":{"uv":[0,2,8,10],"rotation":180,"texture":"#0"},"west":{"uv":[7.5,2,8,10],"rotation":90,"texture":"#0"},"up":{"uv":[0,2,8,10],"rotation":180,"texture":"#0"},"down":{"uv":[0,2,8,10],"rotation":180,"texture":"#0"}}},{"from":[4,0,11],"to":[6,1,13],"faces":{"north":{"uv":[6,0,8,2],"rotation":180,"texture":"#0"},"east":{"uv":[6,0,8,2],"rotation":180,"texture":"#0"},"south":{"uv":[6,0,8,0.5],"rotation":180,"texture":"#0"},"west":{"uv":[6,0,8,2],"rotation":180,"texture":"#0"},"up":{"uv":[6,0,8,2],"rotation":180,"texture":"#0"},"down":{"uv":[6,0,8,2],"rotation":180,"texture":"#0"}}},{"from":[10,0,11],"to":[12,1,13],"faces":{"north":{"uv":[0,0,2,2],"rotation":180,"texture":"#0"},"east":{"uv":[0,0,2,2],"rotation":180,"texture":"#0"},"south":{"uv":[0,0,2,0.5],"rotation":180,"texture":"#0"},"west":{"uv":[0,0,2,2],"rotation":180,"texture":"#0"},"up":{"uv":[0,0,2,2],"rotation":180,"texture":"#0"},"down":{"uv":[0,0,2,2],"rotation":180,"texture":"#0"}}},{"from":[9,0,11],"to":[10,1,13],"faces":{"north":{"uv":[2,0,3,2],"texture":"#0"},"east":{"uv":[2,0,3,2],"texture":"#0"},"south":{"uv":[6.5,10,7,11],"texture":"#0"},"west":{"uv":[6.5,10,7,11],"texture":"#0"},"up":{"uv":[2,0,3,2],"rotation":180,"texture":"#0"},"down":{"uv":[2,0,3,2],"texture":"#0"}}},{"from":[6,0,11],"to":[7,1,13],"faces":{"north":{"uv":[5,0,6,2],"texture":"#0"},"east":{"uv":[6.5,10,7,11],"texture":"#0"},"south":{"uv":[6,10,6.5,11],"texture":"#0"},"west":{"uv":[5,0,6,2],"texture":"#0"},"up":{"uv":[5,0,6,2],"rotation":180,"texture":"#0"},"down":{"uv":[5,0,6,2],"texture":"#0"}}},{"from":[7,0,11],"to":[9,1,12],"faces":{"north":{"uv":[3,1,5,2],"texture":"#0"},"east":{"uv":[3,1,5,2],"texture":"#0"},"south":{"uv":[6.5,10,7,11],"texture":"#0"},"west":{"uv":[3,1,5,2],"texture":"#0"},"up":{"uv":[3,1,5,2],"texture":"#0"},"down":{"uv":[3,1,5,2],"texture":"#0"}}},{"from":[4.5,0,2],"to":[11.5,1,3],"faces":{"north":{"uv":[6.5,10,7,11],"texture":"#0"},"east":{"uv":[6.5,10,7,11],"texture":"#0"},"south":{"uv":[0,10,7,11],"texture":"#0"},"west":{"uv":[6.5,10,7,11],"texture":"#0"},"up":{"uv":[0,10,7,11],"texture":"#0"},"down":{"uv":[0,10,7,11],"texture":"#0"}}},{"from":[-0.32843,0.001,6.55025],"to":[6.67157,0.999,9.55025],"rotation":{"angle":-45,"axis":"y","origin":[1.17157,0.49975,8.05025]},"faces":{"north":{"uv":[8,0,8.5,7],"rotation":270,"texture":"#0"},"east":{"uv":[8,0,11,7],"rotation":90,"texture":"#0"},"south":{"uv":[11,0,10.5,7],"rotation":90,"texture":"#0"},"west":{"uv":[6.5,10,7,11],"texture":"#0"},"up":{"uv":[8,0,11,7],"rotation":90,"texture":"#0"},"down":{"uv":[8,0,11,7],"rotation":90,"texture":"#0"}}},{"from":[6.5,0.001,7.72183],"to":[13.5,0.999,10.72183],"rotation":{"angle":45,"axis":"y","origin":[12,0.501,5.22183]},"faces":{"north":{"uv":[8,0,8.5,7],"rotation":90,"texture":"#0"},"east":{"uv":[6.5,10,7,11],"texture":"#0"},"south":{"uv":[11,0,10.5,7],"rotation":270,"texture":"#0"},"west":{"uv":[11,0,8,7],"rotation":270,"texture":"#0"},"up":{"uv":[11,0,8,7],"rotation":270,"texture":"#0"},"down":{"uv":[11,0,8,7],"rotation":270,"texture":"#0"}}},{"from":[-1.32843,0,7.05025],"to":[-0.32843,0.999,9.05025],"rotation":{"angle":-45,"axis":"y","origin":[1.17157,0.49975,8.05025]},"faces":{"north":{"uv":[6.5,10,7,11],"texture":"#0"},"east":{"uv":[8,7,10,8],"rotation":90,"texture":"#0"},"south":{"uv":[6.5,10,7,11],"texture":"#0"},"west":{"uv":[6.5,10,7,11],"texture":"#0"},"up":{"uv":[8,7,10,8],"rotation":90,"texture":"#0"},"down":{"uv":[8,7,10,8],"rotation":90,"texture":"#0"}}},{"from":[13.5,0,8.22183],"to":[14.5,0.999,10.22183],"rotation":{"angle":45,"axis":"y","origin":[12,0.501,5.22183]},"faces":{"north":{"uv":[6.5,10,7,11],"texture":"#0"},"east":{"uv":[6.5,10,7,11],"texture":"#0"},"south":{"uv":[6.5,10,7,11],"texture":"#0"},"west":{"uv":[8,7,10,8],"rotation":90,"texture":"#0"},"up":{"uv":[8,7,10,8],"rotation":90,"texture":"#0"},"down":{"uv":[8,7,10,8],"rotation":90,"texture":"#0"}}},{"from":[7,0.25,12.5],"to":[9,0.75,13],"faces":{"north":{"uv":[12,11.5,12.5,12.5],"texture":"#0"},"east":{"uv":[12,11.5,12.5,12.5],"texture":"#0"},"south":{"uv":[12,11.5,12.5,12.5],"texture":"#0"},"west":{"uv":[12,11.5,12.5,12.5],"texture":"#0"},"up":{"uv":[12,11.5,12.5,12.5],"texture":"#0"},"down":{"uv":[12,11.5,12.5,12.5],"texture":"#0"}}},{"from":[7.25,0.25,15.5],"to":[8.25,0.75,16],"faces":{"north":{"uv":[12,11,12.5,12.5],"texture":"#0"},"east":{"uv":[12,11,12.5,12.5],"texture":"#0"},"south":{"uv":[12,11,12.5,12.5],"texture":"#0"},"west":{"uv":[12,11,12.5,12.5],"texture":"#0"},"up":{"uv":[12,11,12.5,12.5],"texture":"#0"},"down":{"uv":[12,11,12.5,12.5],"texture":"#0"}}},{"from":[7.25,0.25,14],"to":[7.75,0.75,14.5],"faces":{"north":{"uv":[12,11,12.5,12.5],"texture":"#0"},"east":{"uv":[12,11,12.5,12.5],"texture":"#0"},"south":{"uv":[12,11,12.5,12.5],"texture":"#0"},"west":{"uv":[12,11,12.5,12.5],"texture":"#0"},"up":{"uv":[12,11,12.5,12.5],"texture":"#0"},"down":{"uv":[12,11,12.5,12.5],"texture":"#0"}}},{"from":[8.25,0.25,15],"to":[8.75,0.75,15.5],"faces":{"north":{"uv":[12,11,12.5,12.5],"texture":"#0"},"east":{"uv":[12,11,12.5,12.5],"texture":"#0"},"south":{"uv":[12,11,12.5,12.5],"texture":"#0"},"west":{"uv":[12,11,12.5,12.5],"texture":"#0"},"up":{"uv":[12,11,12.5,12.5],"texture":"#0"},"down":{"uv":[12,11,12.5,12.5],"texture":"#0"}}},{"from":[7.75,0.25,13],"to":[8.25,0.75,14],"faces":{"north":{"uv":[12,11,12.5,12.5],"texture":"#0"},"east":{"uv":[12,11,12.5,12.5],"texture":"#0"},"south":{"uv":[12,11,12.5,12.5],"texture":"#0"},"west":{"uv":[12,11,12.5,12.5],"texture":"#0"},"up":{"uv":[12,11,12.5,12.5],"texture":"#0"},"down":{"uv":[12,11,12.5,12.5],"texture":"#0"}}},{"from":[6.75,0.25,14.5],"to":[7.25,0.75,15.5],"faces":{"north":{"uv":[12,11,12.5,12.5],"texture":"#0"},"east":{"uv":[12,11,12.5,12.5],"texture":"#0"},"south":{"uv":[12,11,12.5,12.5],"texture":"#0"},"west":{"uv":[12,11,12.5,12.5],"texture":"#0"},"up":{"uv":[12,11,12.5,12.5],"texture":"#0"},"down":{"uv":[12,11,12.5,12.5],"texture":"#0"}}}],"display":{"thirdperson_righthand":{"translation":[0,4,0.25],"scale":[0.5,0.5,0.5]},"thirdperson_lefthand":{"translation":[0,4,0.25],"scale":[0.5,0.5,0.5]},"ground":{"translation":[0,4,0]},"gui":{"rotation":[-90,0,0],"translation":[0.5,0,0],"scale":[0.85,0.85,0.85]},"fixed":{"rotation":[-90,0,0],"translation":[0,-2,-15],"scale":[2,2,2]}}}