{
	"textures": {
		"0": "block/stripped_birch_log",
		"1": "block/h_lantern",
		"particle": "block/stripped_birch_log"
	},
	"elements": [
		{
			"name": "Lamp",
			"from": [4.5, 8, 4.5],
			"to": [11.5, 31, 11.5],
			"faces": {
				"north": {"uv": [9, 0, 16, 16], "texture": "#1"},
				"east": {"uv": [0, 0, 7, 16], "texture": "#1"},
				"south": {"uv": [9, 0, 16, 16], "texture": "#1"},
				"west": {"uv": [0, 0, 7, 16], "texture": "#1"},
				"up": {"uv": [0, 0, 7, 7], "texture": "#1"},
				"down": {"uv": [0, 0, 7, 7], "texture": "#1"}
			}
		},
		{
			"from": [8.9, 8, 4.4],
			"to": [9.2, 31, 4.5],
			"rotation": {"angle": 0, "axis": "y", "origin": [-0.8, 0, 0]},
			"faces": {
				"north": {"uv": [0, 0, 1, 1], "texture": "#0"},
				"east": {"uv": [0, 0, 1, 1], "texture": "#0"},
				"south": {"uv": [0, 0, 1, 1], "texture": "#0"},
				"west": {"uv": [0, 0, 1, 1], "texture": "#0"},
				"up": {"uv": [0, 0, 1, 1], "texture": "#0"},
				"down": {"uv": [0, 0, 1, 1], "texture": "#0"}
			}
		},
		{
			"from": [6.8, 8, 4.4],
			"to": [7.1, 31, 4.5],
			"rotation": {"angle": 0, "axis": "y", "origin": [-0.8, 0, 0]},
			"faces": {
				"north": {"uv": [0, 0, 1, 1], "texture": "#0"},
				"east": {"uv": [0, 0, 1, 1], "texture": "#0"},
				"south": {"uv": [0, 0, 1, 1], "texture": "#0"},
				"west": {"uv": [0, 0, 1, 1], "texture": "#0"},
				"up": {"uv": [0, 0, 1, 1], "texture": "#0"},
				"down": {"uv": [0, 0, 1, 1], "texture": "#0"}
			}
		},
		{
			"from": [5, 11.15, 4.4],
			"to": [11.1, 11.45, 4.5],
			"rotation": {"angle": 0, "axis": "z", "origin": [9.6, 12, 4.45]},
			"faces": {
				"north": {"uv": [0, 0, 1, 1], "rotation": 270, "texture": "#0"},
				"east": {"uv": [0, 0, 1, 1], "rotation": 270, "texture": "#0"},
				"south": {"uv": [0, 0, 1, 1], "rotation": 270, "texture": "#0"},
				"west": {"uv": [0, 0, 1, 1], "rotation": 270, "texture": "#0"},
				"up": {"uv": [0, 0, 1, 1], "rotation": 270, "texture": "#0"},
				"down": {"uv": [0, 0, 1, 1], "rotation": 270, "texture": "#0"}
			}
		},
		{
			"from": [5, 29.75, 4.4],
			"to": [11.1, 30.05, 4.5],
			"rotation": {"angle": 0, "axis": "z", "origin": [9.6, 12, 4.45]},
			"faces": {
				"north": {"uv": [0, 0, 1, 1], "rotation": 270, "texture": "#0"},
				"east": {"uv": [0, 0, 1, 1], "rotation": 270, "texture": "#0"},
				"south": {"uv": [0, 0, 1, 1], "rotation": 270, "texture": "#0"},
				"west": {"uv": [0, 0, 1, 1], "rotation": 270, "texture": "#0"},
				"up": {"uv": [0, 0, 1, 1], "rotation": 270, "texture": "#0"},
				"down": {"uv": [0, 0, 1, 1], "rotation": 270, "texture": "#0"}
			}
		},
		{
			"from": [5, 23.5, 4.4],
			"to": [11.1, 23.8, 4.5],
			"rotation": {"angle": 0, "axis": "z", "origin": [9.6, 12, 4.45]},
			"faces": {
				"north": {"uv": [0, 0, 1, 1], "rotation": 270, "texture": "#0"},
				"east": {"uv": [0, 0, 1, 1], "rotation": 270, "texture": "#0"},
				"south": {"uv": [0, 0, 1, 1], "rotation": 270, "texture": "#0"},
				"west": {"uv": [0, 0, 1, 1], "rotation": 270, "texture": "#0"},
				"up": {"uv": [0, 0, 1, 1], "rotation": 270, "texture": "#0"},
				"down": {"uv": [0, 0, 1, 1], "rotation": 270, "texture": "#0"}
			}
		},
		{
			"from": [5, 17, 4.4],
			"to": [11.1, 17.3, 4.5],
			"rotation": {"angle": 0, "axis": "z", "origin": [9.6, 12, 4.45]},
			"faces": {
				"north": {"uv": [0, 0, 1, 1], "rotation": 270, "texture": "#0"},
				"east": {"uv": [0, 0, 1, 1], "rotation": 270, "texture": "#0"},
				"south": {"uv": [0, 0, 1, 1], "rotation": 270, "texture": "#0"},
				"west": {"uv": [0, 0, 1, 1], "rotation": 270, "texture": "#0"},
				"up": {"uv": [0, 0, 1, 1], "rotation": 270, "texture": "#0"},
				"down": {"uv": [0, 0, 1, 1], "rotation": 270, "texture": "#0"}
			}
		},
		{
			"from": [5, 9.15, 4.4],
			"to": [11.1, 9.45, 4.5],
			"rotation": {"angle": 0, "axis": "z", "origin": [9.6, 12, 4.45]},
			"faces": {
				"north": {"uv": [0, 0, 1, 1], "rotation": 270, "texture": "#0"},
				"east": {"uv": [0, 0, 1, 1], "rotation": 270, "texture": "#0"},
				"south": {"uv": [0, 0, 1, 1], "rotation": 270, "texture": "#0"},
				"west": {"uv": [0, 0, 1, 1], "rotation": 270, "texture": "#0"},
				"up": {"uv": [0, 0, 1, 1], "rotation": 270, "texture": "#0"},
				"down": {"uv": [0, 0, 1, 1], "rotation": 270, "texture": "#0"}
			}
		},
		{
			"from": [5, 27.75, 4.4],
			"to": [11.1, 28.05, 4.5],
			"rotation": {"angle": 0, "axis": "z", "origin": [9.6, 12, 4.45]},
			"faces": {
				"north": {"uv": [0, 0, 1, 1], "rotation": 270, "texture": "#0"},
				"east": {"uv": [0, 0, 1, 1], "rotation": 270, "texture": "#0"},
				"south": {"uv": [0, 0, 1, 1], "rotation": 270, "texture": "#0"},
				"west": {"uv": [0, 0, 1, 1], "rotation": 270, "texture": "#0"},
				"up": {"uv": [0, 0, 1, 1], "rotation": 270, "texture": "#0"},
				"down": {"uv": [0, 0, 1, 1], "rotation": 270, "texture": "#0"}
			}
		},
		{
			"from": [5, 21.5, 4.4],
			"to": [11.1, 21.8, 4.5],
			"rotation": {"angle": 0, "axis": "z", "origin": [9.6, 12, 4.45]},
			"faces": {
				"north": {"uv": [0, 0, 1, 1], "rotation": 270, "texture": "#0"},
				"east": {"uv": [0, 0, 1, 1], "rotation": 270, "texture": "#0"},
				"south": {"uv": [0, 0, 1, 1], "rotation": 270, "texture": "#0"},
				"west": {"uv": [0, 0, 1, 1], "rotation": 270, "texture": "#0"},
				"up": {"uv": [0, 0, 1, 1], "rotation": 270, "texture": "#0"},
				"down": {"uv": [0, 0, 1, 1], "rotation": 270, "texture": "#0"}
			}
		},
		{
			"from": [5, 15, 4.4],
			"to": [11.1, 15.3, 4.5],
			"rotation": {"angle": 0, "axis": "z", "origin": [9.6, 12, 4.45]},
			"faces": {
				"north": {"uv": [0, 0, 1, 1], "rotation": 270, "texture": "#0"},
				"east": {"uv": [0, 0, 1, 1], "rotation": 270, "texture": "#0"},
				"south": {"uv": [0, 0, 1, 1], "rotation": 270, "texture": "#0"},
				"west": {"uv": [0, 0, 1, 1], "rotation": 270, "texture": "#0"},
				"up": {"uv": [0, 0, 1, 1], "rotation": 270, "texture": "#0"},
				"down": {"uv": [0, 0, 1, 1], "rotation": 270, "texture": "#0"}
			}
		},
		{
			"from": [8.9, 8, 11.5],
			"to": [9.2, 31, 11.6],
			"rotation": {"angle": 0, "axis": "y", "origin": [-0.8, 0, 16]},
			"faces": {
				"north": {"uv": [1, 0, 0, 1], "texture": "#0"},
				"east": {"uv": [1, 0, 0, 1], "texture": "#0"},
				"south": {"uv": [1, 0, 0, 1], "texture": "#0"},
				"west": {"uv": [1, 0, 0, 1], "texture": "#0"},
				"up": {"uv": [0, 1, 1, 0], "texture": "#0"},
				"down": {"uv": [0, 1, 1, 0], "texture": "#0"}
			}
		},
		{
			"from": [6.8, 8, 11.5],
			"to": [7.1, 31, 11.6],
			"rotation": {"angle": 0, "axis": "y", "origin": [-0.8, 0, 16]},
			"faces": {
				"north": {"uv": [1, 0, 0, 1], "texture": "#0"},
				"east": {"uv": [1, 0, 0, 1], "texture": "#0"},
				"south": {"uv": [1, 0, 0, 1], "texture": "#0"},
				"west": {"uv": [1, 0, 0, 1], "texture": "#0"},
				"up": {"uv": [0, 1, 1, 0], "texture": "#0"},
				"down": {"uv": [0, 1, 1, 0], "texture": "#0"}
			}
		},
		{
			"from": [5, 11.15, 11.5],
			"to": [11.1, 11.45, 11.6],
			"rotation": {"angle": 0, "axis": "z", "origin": [9.6, 12, 11.55]},
			"faces": {
				"north": {"uv": [0, 1, 1, 0], "rotation": 270, "texture": "#0"},
				"east": {"uv": [0, 1, 1, 0], "rotation": 270, "texture": "#0"},
				"south": {"uv": [0, 1, 1, 0], "rotation": 270, "texture": "#0"},
				"west": {"uv": [0, 1, 1, 0], "rotation": 270, "texture": "#0"},
				"up": {"uv": [1, 0, 0, 1], "rotation": 270, "texture": "#0"},
				"down": {"uv": [1, 0, 0, 1], "rotation": 270, "texture": "#0"}
			}
		},
		{
			"from": [5, 29.75, 11.5],
			"to": [11.1, 30.05, 11.6],
			"rotation": {"angle": 0, "axis": "z", "origin": [9.6, 12, 11.55]},
			"faces": {
				"north": {"uv": [0, 1, 1, 0], "rotation": 270, "texture": "#0"},
				"east": {"uv": [0, 1, 1, 0], "rotation": 270, "texture": "#0"},
				"south": {"uv": [0, 1, 1, 0], "rotation": 270, "texture": "#0"},
				"west": {"uv": [0, 1, 1, 0], "rotation": 270, "texture": "#0"},
				"up": {"uv": [1, 0, 0, 1], "rotation": 270, "texture": "#0"},
				"down": {"uv": [1, 0, 0, 1], "rotation": 270, "texture": "#0"}
			}
		},
		{
			"from": [5, 23.5, 11.5],
			"to": [11.1, 23.8, 11.6],
			"rotation": {"angle": 0, "axis": "z", "origin": [9.6, 12, 11.55]},
			"faces": {
				"north": {"uv": [0, 1, 1, 0], "rotation": 270, "texture": "#0"},
				"east": {"uv": [0, 1, 1, 0], "rotation": 270, "texture": "#0"},
				"south": {"uv": [0, 1, 1, 0], "rotation": 270, "texture": "#0"},
				"west": {"uv": [0, 1, 1, 0], "rotation": 270, "texture": "#0"},
				"up": {"uv": [1, 0, 0, 1], "rotation": 270, "texture": "#0"},
				"down": {"uv": [1, 0, 0, 1], "rotation": 270, "texture": "#0"}
			}
		},
		{
			"from": [5, 17, 11.5],
			"to": [11.1, 17.3, 11.6],
			"rotation": {"angle": 0, "axis": "z", "origin": [9.6, 12, 11.55]},
			"faces": {
				"north": {"uv": [0, 1, 1, 0], "rotation": 270, "texture": "#0"},
				"east": {"uv": [0, 1, 1, 0], "rotation": 270, "texture": "#0"},
				"south": {"uv": [0, 1, 1, 0], "rotation": 270, "texture": "#0"},
				"west": {"uv": [0, 1, 1, 0], "rotation": 270, "texture": "#0"},
				"up": {"uv": [1, 0, 0, 1], "rotation": 270, "texture": "#0"},
				"down": {"uv": [1, 0, 0, 1], "rotation": 270, "texture": "#0"}
			}
		},
		{
			"from": [5, 9.15, 11.5],
			"to": [11.1, 9.45, 11.6],
			"rotation": {"angle": 0, "axis": "z", "origin": [9.6, 12, 11.55]},
			"faces": {
				"north": {"uv": [0, 1, 1, 0], "rotation": 270, "texture": "#0"},
				"east": {"uv": [0, 1, 1, 0], "rotation": 270, "texture": "#0"},
				"south": {"uv": [0, 1, 1, 0], "rotation": 270, "texture": "#0"},
				"west": {"uv": [0, 1, 1, 0], "rotation": 270, "texture": "#0"},
				"up": {"uv": [1, 0, 0, 1], "rotation": 270, "texture": "#0"},
				"down": {"uv": [1, 0, 0, 1], "rotation": 270, "texture": "#0"}
			}
		},
		{
			"from": [5, 27.75, 11.5],
			"to": [11.1, 28.05, 11.6],
			"rotation": {"angle": 0, "axis": "z", "origin": [9.6, 12, 11.55]},
			"faces": {
				"north": {"uv": [0, 1, 1, 0], "rotation": 270, "texture": "#0"},
				"east": {"uv": [0, 1, 1, 0], "rotation": 270, "texture": "#0"},
				"south": {"uv": [0, 1, 1, 0], "rotation": 270, "texture": "#0"},
				"west": {"uv": [0, 1, 1, 0], "rotation": 270, "texture": "#0"},
				"up": {"uv": [1, 0, 0, 1], "rotation": 270, "texture": "#0"},
				"down": {"uv": [1, 0, 0, 1], "rotation": 270, "texture": "#0"}
			}
		},
		{
			"from": [5, 21.5, 11.5],
			"to": [11.1, 21.8, 11.6],
			"rotation": {"angle": 0, "axis": "z", "origin": [9.6, 12, 11.55]},
			"faces": {
				"north": {"uv": [0, 1, 1, 0], "rotation": 270, "texture": "#0"},
				"east": {"uv": [0, 1, 1, 0], "rotation": 270, "texture": "#0"},
				"south": {"uv": [0, 1, 1, 0], "rotation": 270, "texture": "#0"},
				"west": {"uv": [0, 1, 1, 0], "rotation": 270, "texture": "#0"},
				"up": {"uv": [1, 0, 0, 1], "rotation": 270, "texture": "#0"},
				"down": {"uv": [1, 0, 0, 1], "rotation": 270, "texture": "#0"}
			}
		},
		{
			"from": [5, 15, 11.5],
			"to": [11.1, 15.3, 11.6],
			"rotation": {"angle": 0, "axis": "z", "origin": [9.6, 12, 11.55]},
			"faces": {
				"north": {"uv": [0, 1, 1, 0], "rotation": 270, "texture": "#0"},
				"east": {"uv": [0, 1, 1, 0], "rotation": 270, "texture": "#0"},
				"south": {"uv": [0, 1, 1, 0], "rotation": 270, "texture": "#0"},
				"west": {"uv": [0, 1, 1, 0], "rotation": 270, "texture": "#0"},
				"up": {"uv": [1, 0, 0, 1], "rotation": 270, "texture": "#0"},
				"down": {"uv": [1, 0, 0, 1], "rotation": 270, "texture": "#0"}
			}
		},
		{
			"from": [4.4, 8, 8.85],
			"to": [4.5, 31, 9.15],
			"rotation": {"angle": 0, "axis": "y", "origin": [-0.8, 0, 16]},
			"faces": {
				"north": {"uv": [1, 0, 0, 1], "texture": "#0"},
				"east": {"uv": [1, 0, 0, 1], "texture": "#0"},
				"south": {"uv": [1, 0, 0, 1], "texture": "#0"},
				"west": {"uv": [1, 0, 0, 1], "texture": "#0"},
				"up": {"uv": [0, 1, 1, 0], "rotation": 90, "texture": "#0"},
				"down": {"uv": [0, 1, 1, 0], "rotation": 270, "texture": "#0"}
			}
		},
		{
			"from": [4.4, 8, 6.75],
			"to": [4.5, 31, 7.05],
			"rotation": {"angle": 0, "axis": "y", "origin": [-0.8, 0, 16]},
			"faces": {
				"north": {"uv": [1, 0, 0, 1], "texture": "#0"},
				"east": {"uv": [1, 0, 0, 1], "texture": "#0"},
				"south": {"uv": [1, 0, 0, 1], "texture": "#0"},
				"west": {"uv": [1, 0, 0, 1], "texture": "#0"},
				"up": {"uv": [0, 1, 1, 0], "rotation": 90, "texture": "#0"},
				"down": {"uv": [0, 1, 1, 0], "rotation": 270, "texture": "#0"}
			}
		},
		{
			"from": [4.4, 11.15, 4.95],
			"to": [4.5, 11.45, 11.05],
			"rotation": {"angle": 0, "axis": "z", "origin": [3.65, 12, 26.4]},
			"faces": {
				"north": {"uv": [0, 1, 1, 0], "rotation": 270, "texture": "#0"},
				"east": {"uv": [0, 1, 1, 0], "rotation": 270, "texture": "#0"},
				"south": {"uv": [0, 1, 1, 0], "rotation": 270, "texture": "#0"},
				"west": {"uv": [0, 1, 1, 0], "rotation": 270, "texture": "#0"},
				"up": {"uv": [1, 0, 0, 1], "texture": "#0"},
				"down": {"uv": [1, 0, 0, 1], "rotation": 180, "texture": "#0"}
			}
		},
		{
			"from": [4.4, 29.75, 4.95],
			"to": [4.5, 30.05, 11.05],
			"rotation": {"angle": 0, "axis": "z", "origin": [3.65, 12, 26.4]},
			"faces": {
				"north": {"uv": [0, 1, 1, 0], "rotation": 270, "texture": "#0"},
				"east": {"uv": [0, 1, 1, 0], "rotation": 270, "texture": "#0"},
				"south": {"uv": [0, 1, 1, 0], "rotation": 270, "texture": "#0"},
				"west": {"uv": [0, 1, 1, 0], "rotation": 270, "texture": "#0"},
				"up": {"uv": [1, 0, 0, 1], "texture": "#0"},
				"down": {"uv": [1, 0, 0, 1], "rotation": 180, "texture": "#0"}
			}
		},
		{
			"from": [4.4, 23.5, 4.95],
			"to": [4.5, 23.8, 11.05],
			"rotation": {"angle": 0, "axis": "z", "origin": [3.65, 12, 26.4]},
			"faces": {
				"north": {"uv": [0, 1, 1, 0], "rotation": 270, "texture": "#0"},
				"east": {"uv": [0, 1, 1, 0], "rotation": 270, "texture": "#0"},
				"south": {"uv": [0, 1, 1, 0], "rotation": 270, "texture": "#0"},
				"west": {"uv": [0, 1, 1, 0], "rotation": 270, "texture": "#0"},
				"up": {"uv": [1, 0, 0, 1], "texture": "#0"},
				"down": {"uv": [1, 0, 0, 1], "rotation": 180, "texture": "#0"}
			}
		},
		{
			"from": [4.4, 17, 4.95],
			"to": [4.5, 17.3, 11.05],
			"rotation": {"angle": 0, "axis": "z", "origin": [3.65, 12, 26.4]},
			"faces": {
				"north": {"uv": [0, 1, 1, 0], "rotation": 270, "texture": "#0"},
				"east": {"uv": [0, 1, 1, 0], "rotation": 270, "texture": "#0"},
				"south": {"uv": [0, 1, 1, 0], "rotation": 270, "texture": "#0"},
				"west": {"uv": [0, 1, 1, 0], "rotation": 270, "texture": "#0"},
				"up": {"uv": [1, 0, 0, 1], "texture": "#0"},
				"down": {"uv": [1, 0, 0, 1], "rotation": 180, "texture": "#0"}
			}
		},
		{
			"from": [4.4, 9.15, 4.95],
			"to": [4.5, 9.45, 11.05],
			"rotation": {"angle": 0, "axis": "z", "origin": [3.65, 12, 26.4]},
			"faces": {
				"north": {"uv": [0, 1, 1, 0], "rotation": 270, "texture": "#0"},
				"east": {"uv": [0, 1, 1, 0], "rotation": 270, "texture": "#0"},
				"south": {"uv": [0, 1, 1, 0], "rotation": 270, "texture": "#0"},
				"west": {"uv": [0, 1, 1, 0], "rotation": 270, "texture": "#0"},
				"up": {"uv": [1, 0, 0, 1], "texture": "#0"},
				"down": {"uv": [1, 0, 0, 1], "rotation": 180, "texture": "#0"}
			}
		},
		{
			"from": [4.4, 27.75, 4.95],
			"to": [4.5, 28.05, 11.05],
			"rotation": {"angle": 0, "axis": "z", "origin": [3.65, 12, 26.4]},
			"faces": {
				"north": {"uv": [0, 1, 1, 0], "rotation": 270, "texture": "#0"},
				"east": {"uv": [0, 1, 1, 0], "rotation": 270, "texture": "#0"},
				"south": {"uv": [0, 1, 1, 0], "rotation": 270, "texture": "#0"},
				"west": {"uv": [0, 1, 1, 0], "rotation": 270, "texture": "#0"},
				"up": {"uv": [1, 0, 0, 1], "texture": "#0"},
				"down": {"uv": [1, 0, 0, 1], "rotation": 180, "texture": "#0"}
			}
		},
		{
			"from": [4.4, 21.5, 4.95],
			"to": [4.5, 21.8, 11.05],
			"rotation": {"angle": 0, "axis": "z", "origin": [3.65, 12, 26.4]},
			"faces": {
				"north": {"uv": [0, 1, 1, 0], "rotation": 270, "texture": "#0"},
				"east": {"uv": [0, 1, 1, 0], "rotation": 270, "texture": "#0"},
				"south": {"uv": [0, 1, 1, 0], "rotation": 270, "texture": "#0"},
				"west": {"uv": [0, 1, 1, 0], "rotation": 270, "texture": "#0"},
				"up": {"uv": [1, 0, 0, 1], "texture": "#0"},
				"down": {"uv": [1, 0, 0, 1], "rotation": 180, "texture": "#0"}
			}
		},
		{
			"from": [4.4, 15, 4.95],
			"to": [4.5, 15.3, 11.05],
			"rotation": {"angle": 0, "axis": "z", "origin": [3.65, 12, 26.4]},
			"faces": {
				"north": {"uv": [0, 1, 1, 0], "rotation": 270, "texture": "#0"},
				"east": {"uv": [0, 1, 1, 0], "rotation": 270, "texture": "#0"},
				"south": {"uv": [0, 1, 1, 0], "rotation": 270, "texture": "#0"},
				"west": {"uv": [0, 1, 1, 0], "rotation": 270, "texture": "#0"},
				"up": {"uv": [1, 0, 0, 1], "texture": "#0"},
				"down": {"uv": [1, 0, 0, 1], "rotation": 180, "texture": "#0"}
			}
		},
		{
			"from": [11.5, 8, 8.85],
			"to": [11.6, 31, 9.15],
			"rotation": {"angle": 0, "axis": "y", "origin": [16.8, 0, 16]},
			"faces": {
				"north": {"uv": [0, 0, 1, 1], "texture": "#0"},
				"east": {"uv": [0, 0, 1, 1], "texture": "#0"},
				"south": {"uv": [0, 0, 1, 1], "texture": "#0"},
				"west": {"uv": [0, 0, 1, 1], "texture": "#0"},
				"up": {"uv": [0, 0, 1, 1], "rotation": 90, "texture": "#0"},
				"down": {"uv": [0, 0, 1, 1], "rotation": 270, "texture": "#0"}
			}
		},
		{
			"from": [11.5, 8, 6.75],
			"to": [11.6, 31, 7.05],
			"rotation": {"angle": 0, "axis": "y", "origin": [16.8, 0, 16]},
			"faces": {
				"north": {"uv": [0, 0, 1, 1], "texture": "#0"},
				"east": {"uv": [0, 0, 1, 1], "texture": "#0"},
				"south": {"uv": [0, 0, 1, 1], "texture": "#0"},
				"west": {"uv": [0, 0, 1, 1], "texture": "#0"},
				"up": {"uv": [0, 0, 1, 1], "rotation": 90, "texture": "#0"},
				"down": {"uv": [0, 0, 1, 1], "rotation": 270, "texture": "#0"}
			}
		},
		{
			"from": [11.5, 11.15, 4.95],
			"to": [11.6, 11.45, 11.05],
			"rotation": {"angle": 0, "axis": "z", "origin": [12.35, 12, 26.4]},
			"faces": {
				"north": {"uv": [0, 0, 1, 1], "rotation": 270, "texture": "#0"},
				"east": {"uv": [0, 0, 1, 1], "rotation": 270, "texture": "#0"},
				"south": {"uv": [0, 0, 1, 1], "rotation": 270, "texture": "#0"},
				"west": {"uv": [0, 0, 1, 1], "rotation": 270, "texture": "#0"},
				"up": {"uv": [0, 0, 1, 1], "texture": "#0"},
				"down": {"uv": [0, 0, 1, 1], "rotation": 180, "texture": "#0"}
			}
		},
		{
			"from": [11.5, 29.75, 4.95],
			"to": [11.6, 30.05, 11.05],
			"rotation": {"angle": 0, "axis": "z", "origin": [12.35, 12, 26.4]},
			"faces": {
				"north": {"uv": [0, 0, 1, 1], "rotation": 270, "texture": "#0"},
				"east": {"uv": [0, 0, 1, 1], "rotation": 270, "texture": "#0"},
				"south": {"uv": [0, 0, 1, 1], "rotation": 270, "texture": "#0"},
				"west": {"uv": [0, 0, 1, 1], "rotation": 270, "texture": "#0"},
				"up": {"uv": [0, 0, 1, 1], "texture": "#0"},
				"down": {"uv": [0, 0, 1, 1], "rotation": 180, "texture": "#0"}
			}
		},
		{
			"from": [11.5, 23.5, 4.95],
			"to": [11.6, 23.8, 11.05],
			"rotation": {"angle": 0, "axis": "z", "origin": [12.35, 12, 26.4]},
			"faces": {
				"north": {"uv": [0, 0, 1, 1], "rotation": 270, "texture": "#0"},
				"east": {"uv": [0, 0, 1, 1], "rotation": 270, "texture": "#0"},
				"south": {"uv": [0, 0, 1, 1], "rotation": 270, "texture": "#0"},
				"west": {"uv": [0, 0, 1, 1], "rotation": 270, "texture": "#0"},
				"up": {"uv": [0, 0, 1, 1], "texture": "#0"},
				"down": {"uv": [0, 0, 1, 1], "rotation": 180, "texture": "#0"}
			}
		},
		{
			"from": [11.5, 17, 4.95],
			"to": [11.6, 17.3, 11.05],
			"rotation": {"angle": 0, "axis": "z", "origin": [12.35, 12, 26.4]},
			"faces": {
				"north": {"uv": [0, 0, 1, 1], "rotation": 270, "texture": "#0"},
				"east": {"uv": [0, 0, 1, 1], "rotation": 270, "texture": "#0"},
				"south": {"uv": [0, 0, 1, 1], "rotation": 270, "texture": "#0"},
				"west": {"uv": [0, 0, 1, 1], "rotation": 270, "texture": "#0"},
				"up": {"uv": [0, 0, 1, 1], "texture": "#0"},
				"down": {"uv": [0, 0, 1, 1], "rotation": 180, "texture": "#0"}
			}
		},
		{
			"from": [11.5, 9.15, 4.95],
			"to": [11.6, 9.45, 11.05],
			"rotation": {"angle": 0, "axis": "z", "origin": [12.35, 12, 26.4]},
			"faces": {
				"north": {"uv": [0, 0, 1, 1], "rotation": 270, "texture": "#0"},
				"east": {"uv": [0, 0, 1, 1], "rotation": 270, "texture": "#0"},
				"south": {"uv": [0, 0, 1, 1], "rotation": 270, "texture": "#0"},
				"west": {"uv": [0, 0, 1, 1], "rotation": 270, "texture": "#0"},
				"up": {"uv": [0, 0, 1, 1], "texture": "#0"},
				"down": {"uv": [0, 0, 1, 1], "rotation": 180, "texture": "#0"}
			}
		},
		{
			"from": [11.5, 27.75, 4.95],
			"to": [11.6, 28.05, 11.05],
			"rotation": {"angle": 0, "axis": "z", "origin": [12.35, 12, 26.4]},
			"faces": {
				"north": {"uv": [0, 0, 1, 1], "rotation": 270, "texture": "#0"},
				"east": {"uv": [0, 0, 1, 1], "rotation": 270, "texture": "#0"},
				"south": {"uv": [0, 0, 1, 1], "rotation": 270, "texture": "#0"},
				"west": {"uv": [0, 0, 1, 1], "rotation": 270, "texture": "#0"},
				"up": {"uv": [0, 0, 1, 1], "texture": "#0"},
				"down": {"uv": [0, 0, 1, 1], "rotation": 180, "texture": "#0"}
			}
		},
		{
			"from": [11.5, 21.5, 4.95],
			"to": [11.6, 21.8, 11.05],
			"rotation": {"angle": 0, "axis": "z", "origin": [12.35, 12, 26.4]},
			"faces": {
				"north": {"uv": [0, 0, 1, 1], "rotation": 270, "texture": "#0"},
				"east": {"uv": [0, 0, 1, 1], "rotation": 270, "texture": "#0"},
				"south": {"uv": [0, 0, 1, 1], "rotation": 270, "texture": "#0"},
				"west": {"uv": [0, 0, 1, 1], "rotation": 270, "texture": "#0"},
				"up": {"uv": [0, 0, 1, 1], "texture": "#0"},
				"down": {"uv": [0, 0, 1, 1], "rotation": 180, "texture": "#0"}
			}
		},
		{
			"from": [11.5, 15, 4.95],
			"to": [11.6, 15.3, 11.05],
			"rotation": {"angle": 0, "axis": "z", "origin": [12.35, 12, 26.4]},
			"faces": {
				"north": {"uv": [0, 0, 1, 1], "rotation": 270, "texture": "#0"},
				"east": {"uv": [0, 0, 1, 1], "rotation": 270, "texture": "#0"},
				"south": {"uv": [0, 0, 1, 1], "rotation": 270, "texture": "#0"},
				"west": {"uv": [0, 0, 1, 1], "rotation": 270, "texture": "#0"},
				"up": {"uv": [0, 0, 1, 1], "texture": "#0"},
				"down": {"uv": [0, 0, 1, 1], "rotation": 180, "texture": "#0"}
			}
		},
		{
			"from": [4, 8, 4],
			"to": [5, 16, 5],
			"faces": {
				"north": {"uv": [14, 7, 15, 16], "texture": "#0"},
				"east": {"uv": [14, 7, 15, 16], "texture": "#0"},
				"south": {"uv": [14, 7, 15, 16], "texture": "#0"},
				"west": {"uv": [14, 7, 15, 16], "texture": "#0"},
				"up": {"uv": [14, 7, 15, 8], "texture": "#0"},
				"down": {"uv": [14, 7, 15, 16], "texture": "#0"}
			}
		},
		{
			"from": [4, 16, 4],
			"to": [5, 24, 5],
			"faces": {
				"north": {"uv": [14, 7, 15, 16], "texture": "#0"},
				"east": {"uv": [14, 7, 15, 16], "texture": "#0"},
				"south": {"uv": [14, 7, 15, 16], "texture": "#0"},
				"west": {"uv": [14, 7, 15, 16], "texture": "#0"},
				"up": {"uv": [14, 7, 15, 8], "texture": "#0"},
				"down": {"uv": [14, 7, 15, 16], "texture": "#0"}
			}
		},
		{
			"from": [4, 24, 4],
			"to": [5, 32, 5],
			"faces": {
				"north": {"uv": [14, 7, 15, 16], "texture": "#0"},
				"east": {"uv": [14, 7, 15, 16], "texture": "#0"},
				"south": {"uv": [14, 7, 15, 16], "texture": "#0"},
				"west": {"uv": [14, 7, 15, 16], "texture": "#0"},
				"up": {"uv": [14, 7, 15, 8], "texture": "#0"},
				"down": {"uv": [14, 7, 15, 16], "texture": "#0"}
			}
		},
		{
			"from": [4, 8, 11],
			"to": [5, 16, 12],
			"faces": {
				"north": {"uv": [2, 7, 3, 16], "texture": "#0"},
				"east": {"uv": [2, 7, 3, 16], "texture": "#0"},
				"south": {"uv": [2, 7, 3, 16], "texture": "#0"},
				"west": {"uv": [2, 7, 3, 16], "texture": "#0"},
				"up": {"uv": [2, 7, 3, 8], "texture": "#0"},
				"down": {"uv": [2, 7, 3, 16], "texture": "#0"}
			}
		},
		{
			"from": [4, 16, 11],
			"to": [5, 24, 12],
			"faces": {
				"north": {"uv": [2, 7, 3, 16], "texture": "#0"},
				"east": {"uv": [2, 7, 3, 16], "texture": "#0"},
				"south": {"uv": [2, 7, 3, 16], "texture": "#0"},
				"west": {"uv": [2, 7, 3, 16], "texture": "#0"},
				"up": {"uv": [2, 7, 3, 8], "texture": "#0"},
				"down": {"uv": [2, 7, 3, 16], "texture": "#0"}
			}
		},
		{
			"from": [4, 24, 11],
			"to": [5, 32, 12],
			"faces": {
				"north": {"uv": [2, 7, 3, 16], "texture": "#0"},
				"east": {"uv": [2, 7, 3, 16], "texture": "#0"},
				"south": {"uv": [2, 7, 3, 16], "texture": "#0"},
				"west": {"uv": [2, 7, 3, 16], "texture": "#0"},
				"up": {"uv": [2, 7, 3, 8], "texture": "#0"},
				"down": {"uv": [2, 7, 3, 16], "texture": "#0"}
			}
		},
		{
			"from": [11, 8, 11],
			"to": [12, 16, 12],
			"faces": {
				"north": {"uv": [3, 5, 4, 14], "texture": "#0"},
				"east": {"uv": [3, 5, 4, 14], "texture": "#0"},
				"south": {"uv": [3, 5, 4, 14], "texture": "#0"},
				"west": {"uv": [3, 5, 4, 14], "texture": "#0"},
				"up": {"uv": [3, 5, 4, 6], "texture": "#0"},
				"down": {"uv": [3, 5, 4, 14], "texture": "#0"}
			}
		},
		{
			"from": [11, 16, 11],
			"to": [12, 24, 12],
			"faces": {
				"north": {"uv": [3, 5, 4, 14], "texture": "#0"},
				"east": {"uv": [3, 5, 4, 14], "texture": "#0"},
				"south": {"uv": [3, 5, 4, 14], "texture": "#0"},
				"west": {"uv": [3, 5, 4, 14], "texture": "#0"},
				"up": {"uv": [3, 5, 4, 6], "texture": "#0"},
				"down": {"uv": [3, 5, 4, 14], "texture": "#0"}
			}
		},
		{
			"from": [11, 24, 11],
			"to": [12, 32, 12],
			"faces": {
				"north": {"uv": [3, 5, 4, 14], "texture": "#0"},
				"east": {"uv": [3, 5, 4, 14], "texture": "#0"},
				"south": {"uv": [3, 5, 4, 14], "texture": "#0"},
				"west": {"uv": [3, 5, 4, 14], "texture": "#0"},
				"up": {"uv": [3, 5, 4, 6], "texture": "#0"},
				"down": {"uv": [3, 5, 4, 14], "texture": "#0"}
			}
		},
		{
			"from": [11, 8, 4],
			"to": [12, 16, 5],
			"faces": {
				"north": {"uv": [13, 0, 14, 9], "texture": "#0"},
				"east": {"uv": [13, 0, 14, 9], "texture": "#0"},
				"south": {"uv": [13, 0, 14, 9], "texture": "#0"},
				"west": {"uv": [13, 0, 14, 9], "texture": "#0"},
				"up": {"uv": [13, 0, 14, 1], "texture": "#0"},
				"down": {"uv": [13, 0, 14, 9], "texture": "#0"}
			}
		},
		{
			"from": [11, 16, 4],
			"to": [12, 24, 5],
			"faces": {
				"north": {"uv": [13, 0, 14, 9], "texture": "#0"},
				"east": {"uv": [13, 0, 14, 9], "texture": "#0"},
				"south": {"uv": [13, 0, 14, 9], "texture": "#0"},
				"west": {"uv": [13, 0, 14, 9], "texture": "#0"},
				"up": {"uv": [13, 0, 14, 1], "texture": "#0"},
				"down": {"uv": [13, 0, 14, 9], "texture": "#0"}
			}
		},
		{
			"from": [11, 24, 4],
			"to": [12, 32, 5],
			"faces": {
				"north": {"uv": [13, 0, 14, 9], "texture": "#0"},
				"east": {"uv": [13, 0, 14, 9], "texture": "#0"},
				"south": {"uv": [13, 0, 14, 9], "texture": "#0"},
				"west": {"uv": [13, 0, 14, 9], "texture": "#0"},
				"up": {"uv": [13, 0, 14, 1], "texture": "#0"},
				"down": {"uv": [13, 0, 14, 9], "texture": "#0"}
			}
		},
		{
			"from": [11, 31, 5],
			"to": [12, 32, 11],
			"faces": {
				"north": {"uv": [0, 0, 1, 1], "texture": "#0"},
				"east": {"uv": [0, 0, 6, 1], "texture": "#0"},
				"south": {"uv": [0, 0, 1, 1], "texture": "#0"},
				"west": {"uv": [0, 0, 6, 1], "texture": "#0"},
				"up": {"uv": [0, 0, 1, 6], "texture": "#0"},
				"down": {"uv": [0, 0, 1, 6], "texture": "#0"}
			}
		},
		{
			"from": [5, 31, 11],
			"to": [11, 32, 12],
			"faces": {
				"north": {"uv": [0, 0, 6, 1], "texture": "#0"},
				"east": {"uv": [0, 0, 1, 1], "texture": "#0"},
				"south": {"uv": [0, 0, 6, 1], "texture": "#0"},
				"west": {"uv": [0, 0, 1, 1], "texture": "#0"},
				"up": {"uv": [0, 0, 6, 1], "texture": "#0"},
				"down": {"uv": [0, 0, 6, 1], "texture": "#0"}
			}
		},
		{
			"from": [4, 31, 5],
			"to": [5, 32, 11],
			"faces": {
				"north": {"uv": [0, 0, 1, 1], "texture": "#0"},
				"east": {"uv": [0, 0, 6, 1], "texture": "#0"},
				"south": {"uv": [0, 0, 1, 1], "texture": "#0"},
				"west": {"uv": [0, 0, 6, 1], "texture": "#0"},
				"up": {"uv": [0, 0, 1, 6], "texture": "#0"},
				"down": {"uv": [0, 0, 1, 6], "texture": "#0"}
			}
		},
		{
			"from": [5, 31, 4],
			"to": [11, 32, 5],
			"faces": {
				"north": {"uv": [0, 0, 6, 1], "texture": "#0"},
				"east": {"uv": [0, 0, 1, 1], "texture": "#0"},
				"south": {"uv": [0, 0, 6, 1], "texture": "#0"},
				"west": {"uv": [0, 0, 1, 1], "texture": "#0"},
				"up": {"uv": [0, 4, 6, 5], "texture": "#0"},
				"down": {"uv": [0, 0, 6, 1], "texture": "#0"}
			}
		},
		{
			"from": [5, 31, 5],
			"to": [11, 32, 11],
			"faces": {
				"north": {"uv": [0, 0, 6, 1], "texture": "#0"},
				"east": {"uv": [0, 0, 6, 1], "texture": "#0"},
				"south": {"uv": [0, 0, 6, 1], "texture": "#0"},
				"west": {"uv": [0, 0, 6, 1], "texture": "#0"},
				"up": {"uv": [0, 10, 6, 16], "rotation": 90, "texture": "#0"},
				"down": {"uv": [0, 0, 6, 6], "texture": "#0"}
			}
		},
		{
			"from": [4, 7, 5],
			"to": [5, 8, 11],
			"faces": {
				"north": {"uv": [5, 14, 11, 15], "texture": "#0"},
				"east": {"uv": [5, 14, 11, 15], "texture": "#0"},
				"south": {"uv": [5, 14, 11, 15], "texture": "#0"},
				"west": {"uv": [5, 14, 11, 15], "texture": "#0"},
				"up": {"uv": [5, 14, 11, 15], "texture": "#0"},
				"down": {"uv": [5, 14, 11, 15], "texture": "#0"}
			}
		},
		{
			"from": [5, 7, 5],
			"to": [11, 8, 11],
			"faces": {
				"north": {"uv": [0, 0, 6, 6], "texture": "#0"},
				"east": {"uv": [0, 0, 6, 6], "texture": "#0"},
				"south": {"uv": [0, 0, 6, 6], "texture": "#0"},
				"west": {"uv": [0, 0, 6, 6], "texture": "#0"},
				"up": {"uv": [0, 0, 6, 6], "texture": "#0"},
				"down": {"uv": [0, 0, 6, 6], "texture": "#0"}
			}
		},
		{
			"from": [5, 7, 11],
			"to": [11, 8, 12],
			"faces": {
				"north": {"uv": [5, 14, 11, 15], "texture": "#0"},
				"east": {"uv": [5, 14, 11, 15], "texture": "#0"},
				"south": {"uv": [5, 14, 11, 15], "texture": "#0"},
				"west": {"uv": [5, 14, 11, 15], "texture": "#0"},
				"up": {"uv": [5, 14, 11, 15], "texture": "#0"},
				"down": {"uv": [5, 14, 11, 15], "texture": "#0"}
			}
		},
		{
			"from": [11, 7, 5],
			"to": [12, 8, 11],
			"faces": {
				"north": {"uv": [5, 14, 11, 15], "texture": "#0"},
				"east": {"uv": [5, 14, 11, 15], "texture": "#0"},
				"south": {"uv": [5, 14, 11, 15], "texture": "#0"},
				"west": {"uv": [5, 14, 11, 15], "texture": "#0"},
				"up": {"uv": [5, 14, 11, 15], "texture": "#0"},
				"down": {"uv": [5, 14, 11, 15], "texture": "#0"}
			}
		},
		{
			"from": [5, 7, 4],
			"to": [11, 8, 5],
			"faces": {
				"north": {"uv": [5, 14, 11, 15], "texture": "#0"},
				"east": {"uv": [5, 14, 11, 15], "texture": "#0"},
				"south": {"uv": [5, 14, 11, 15], "texture": "#0"},
				"west": {"uv": [5, 14, 11, 15], "texture": "#0"},
				"up": {"uv": [5, 14, 11, 15], "texture": "#0"},
				"down": {"uv": [5, 14, 11, 15], "texture": "#0"}
			}
		},
		{
			"from": [4, 0, 4],
			"to": [5, 8, 5],
			"faces": {
				"north": {"uv": [0, 0, 1, 8], "texture": "#0"},
				"east": {"uv": [0, 0, 1, 8], "texture": "#0"},
				"south": {"uv": [0, 0, 1, 8], "texture": "#0"},
				"west": {"uv": [0, 0, 1, 8], "texture": "#0"},
				"up": {"uv": [0, 0, 1, 8], "texture": "#0"},
				"down": {"uv": [0, 0, 1, 8], "texture": "#0"}
			}
		},
		{
			"from": [5, 0, 4],
			"to": [11, 1, 5],
			"faces": {
				"north": {"uv": [0, 15, 6, 16], "texture": "#0"},
				"east": {"uv": [0, 15, 6, 16], "texture": "#0"},
				"south": {"uv": [0, 15, 6, 16], "texture": "#0"},
				"west": {"uv": [0, 15, 6, 16], "texture": "#0"},
				"up": {"uv": [0, 15, 6, 16], "texture": "#0"},
				"down": {"uv": [0, 15, 6, 16], "texture": "#0"}
			}
		},
		{
			"from": [4, 0, 5],
			"to": [5, 1, 11],
			"faces": {
				"north": {"uv": [0, 0, 1, 1], "texture": "#0"},
				"east": {"uv": [0, 0, 6, 1], "texture": "#0"},
				"south": {"uv": [0, 0, 1, 1], "texture": "#0"},
				"west": {"uv": [0, 0, 6, 1], "texture": "#0"},
				"up": {"uv": [0, 0, 1, 6], "texture": "#0"},
				"down": {"uv": [0, 0, 1, 6], "texture": "#0"}
			}
		},
		{
			"from": [4, 0, 11],
			"to": [5, 8, 12],
			"faces": {
				"north": {"uv": [3, 0, 4, 8], "texture": "#0"},
				"east": {"uv": [3, 0, 4, 8], "texture": "#0"},
				"south": {"uv": [3, 0, 4, 8], "texture": "#0"},
				"west": {"uv": [3, 0, 4, 8], "texture": "#0"},
				"up": {"uv": [3, 0, 4, 8], "texture": "#0"},
				"down": {"uv": [3, 0, 4, 8], "texture": "#0"}
			}
		},
		{
			"from": [5, 0, 11],
			"to": [11, 1, 12],
			"faces": {
				"north": {"uv": [10, 0, 16, 1], "texture": "#0"},
				"east": {"uv": [10, 0, 16, 1], "texture": "#0"},
				"south": {"uv": [10, 0, 16, 1], "texture": "#0"},
				"west": {"uv": [10, 0, 16, 1], "texture": "#0"},
				"up": {"uv": [10, 0, 16, 1], "texture": "#0"},
				"down": {"uv": [10, 0, 16, 1], "texture": "#0"}
			}
		},
		{
			"from": [11, 0, 5],
			"to": [12, 1, 11],
			"faces": {
				"north": {"uv": [10, 15, 16, 16], "texture": "#0"},
				"east": {"uv": [10, 15, 16, 16], "texture": "#0"},
				"south": {"uv": [10, 15, 16, 16], "texture": "#0"},
				"west": {"uv": [10, 15, 16, 16], "texture": "#0"},
				"up": {"uv": [10, 15, 16, 16], "rotation": 90, "texture": "#0"},
				"down": {"uv": [10, 15, 16, 16], "texture": "#0"}
			}
		},
		{
			"from": [11, 0, 11],
			"to": [12, 8, 12],
			"faces": {
				"north": {"uv": [2, 0, 3, 8], "texture": "#0"},
				"east": {"uv": [2, 0, 3, 8], "texture": "#0"},
				"south": {"uv": [2, 0, 3, 8], "texture": "#0"},
				"west": {"uv": [2, 0, 3, 8], "texture": "#0"},
				"up": {"uv": [2, 0, 3, 8], "texture": "#0"},
				"down": {"uv": [2, 0, 3, 8], "texture": "#0"}
			}
		},
		{
			"from": [11, 0, 4],
			"to": [12, 8, 5],
			"faces": {
				"north": {"uv": [1, 0, 2, 8], "texture": "#0"},
				"east": {"uv": [1, 0, 2, 8], "texture": "#0"},
				"south": {"uv": [1, 0, 2, 8], "texture": "#0"},
				"west": {"uv": [1, 0, 2, 8], "texture": "#0"},
				"up": {"uv": [1, 0, 2, 8], "texture": "#0"},
				"down": {"uv": [1, 0, 2, 8], "texture": "#0"}
			}
		}
	],
	"display": {
		"thirdperson_righthand": {
			"translation": [0, 1, 0],
			"scale": [0.25, 0.25, 0.25]
		},
		"thirdperson_lefthand": {
			"translation": [0, 1, 0],
			"scale": [0.25, 0.25, 0.25]
		},
		"firstperson_righthand": {
			"translation": [0.5, 0, 0],
			"scale": [0.25, 0.25, 0.25]
		},
		"firstperson_lefthand": {
			"translation": [0.5, 0, 0],
			"scale": [0.25, 0.25, 0.25]
		},
		"ground": {
			"scale": [0.3, 0.3, 0.3]
		},
		"gui": {
			"rotation": [25, -28, 0],
			"translation": [0, -3, 0],
			"scale": [0.4, 0.4, 0.4]
		},
		"fixed": {
			"rotation": [-90, 0, 0],
			"translation": [0, 0, -14],
			"scale": [2, 2, 2]
		}
	},
	"groups": [
		0,
		{
			"name": "Thingies",
			"origin": [8, 8, 8],
			"color": 0,
			"children": [
				{
					"name": "Thingy 1",
					"origin": [9.6, 12, 4.45],
					"color": 0,
					"children": [1, 2, 3, 4, 5, 6, 7, 8, 9, 10]
				},
				{
					"name": "Thingy 2",
					"origin": [9.6, 12, 4.45],
					"color": 0,
					"children": [11, 12, 13, 14, 15, 16, 17, 18, 19, 20]
				},
				{
					"name": "Thingy 3",
					"origin": [9.6, 12, 4.45],
					"color": 0,
					"children": [21, 22, 23, 24, 25, 26, 27, 28, 29, 30]
				},
				{
					"name": "Thingy 4",
					"origin": [9.6, 12, 4.45],
					"color": 0,
					"children": [31, 32, 33, 34, 35, 36, 37, 38, 39, 40]
				}
			]
		},
		{
			"name": "Top Frame",
			"origin": [0, 0, 0],
			"color": 0,
			"children": [41, 42, 43, 44, 45, 46, 47, 48, 49, 50, 51, 52, 53, 54, 55, 56, 57]
		},
		{
			"name": "Base Top Frame",
			"origin": [0, 0, 0],
			"color": 0,
			"children": [58, 59, 60, 61, 62]
		},
		{
			"name": "Base Frame",
			"origin": [0, 0, 0],
			"color": 0,
			"children": [63, 64, 65, 66, 67, 68, 69, 70]
		}
	]
}