{
	"textures": {
		"0": "block/stripped_birch_log",
		"1": "block/h_lantern",
		"particle": "block/stripped_birch_log"
	},
	"elements": [
		{
			"name": "Lamp",
			"from": [4.5, 8, 4.5],
			"to": [11.5, 16, 11.5],
			"faces": {
				"north": {"uv": [9, 0, 16, 8], "texture": "#1"},
				"east": {"uv": [0, 0, 7, 8], "texture": "#1"},
				"south": {"uv": [9, 8, 16, 16], "texture": "#1"},
				"west": {"uv": [0, 8, 7, 16], "texture": "#1"},
				"up": {"uv": [0, 0, 7, 7], "texture": "#1"},
				"down": {"uv": [0, 0, 7, 7], "texture": "#1"}
			}
		},
		{
			"from": [8.65, 8, 4.4],
			"to": [8.95, 16, 4.5],
			"rotation": {"angle": 0, "axis": "y", "origin": [-0.8, 0, 0]},
			"faces": {
				"north": {"uv": [0, 0, 1, 1], "texture": "#0"},
				"east": {"uv": [0, 0, 1, 1], "texture": "#0"},
				"south": {"uv": [0, 0, 1, 1], "texture": "#0"},
				"west": {"uv": [0, 0, 1, 1], "texture": "#0"},
				"up": {"uv": [0, 0, 1, 1], "texture": "#0"},
				"down": {"uv": [0, 0, 1, 1], "texture": "#0"}
			}
		},
		{
			"from": [7.05, 8, 4.4],
			"to": [7.35, 16, 4.5],
			"rotation": {"angle": 0, "axis": "y", "origin": [-0.8, 0, 0]},
			"faces": {
				"north": {"uv": [0, 0, 1, 1], "texture": "#0"},
				"east": {"uv": [0, 0, 1, 1], "texture": "#0"},
				"south": {"uv": [0, 0, 1, 1], "texture": "#0"},
				"west": {"uv": [0, 0, 1, 1], "texture": "#0"},
				"up": {"uv": [0, 0, 1, 1], "texture": "#0"},
				"down": {"uv": [0, 0, 1, 1], "texture": "#0"}
			}
		},
		{
			"from": [5, 10.3, 4.4],
			"to": [11.1, 10.6, 4.5],
			"rotation": {"angle": 0, "axis": "z", "origin": [9.6, 12, 4.45]},
			"faces": {
				"north": {"uv": [0, 0, 1, 1], "rotation": 270, "texture": "#0"},
				"east": {"uv": [0, 0, 1, 1], "rotation": 270, "texture": "#0"},
				"south": {"uv": [0, 0, 1, 1], "rotation": 270, "texture": "#0"},
				"west": {"uv": [0, 0, 1, 1], "rotation": 270, "texture": "#0"},
				"up": {"uv": [0, 0, 1, 1], "rotation": 270, "texture": "#0"},
				"down": {"uv": [0, 0, 1, 1], "rotation": 270, "texture": "#0"}
			}
		},
		{
			"from": [5, 14.8, 4.4],
			"to": [11.1, 15.1, 4.5],
			"rotation": {"angle": 0, "axis": "z", "origin": [9.6, 12, 4.45]},
			"faces": {
				"north": {"uv": [0, 0, 1, 1], "rotation": 270, "texture": "#0"},
				"east": {"uv": [0, 0, 1, 1], "rotation": 270, "texture": "#0"},
				"south": {"uv": [0, 0, 1, 1], "rotation": 270, "texture": "#0"},
				"west": {"uv": [0, 0, 1, 1], "rotation": 270, "texture": "#0"},
				"up": {"uv": [0, 0, 1, 1], "rotation": 270, "texture": "#0"},
				"down": {"uv": [0, 0, 1, 1], "rotation": 270, "texture": "#0"}
			}
		},
		{
			"from": [5, 8.8, 4.4],
			"to": [11.1, 9.1, 4.5],
			"rotation": {"angle": 0, "axis": "z", "origin": [9.6, 12, 4.45]},
			"faces": {
				"north": {"uv": [0, 0, 1, 1], "rotation": 270, "texture": "#0"},
				"east": {"uv": [0, 0, 1, 1], "rotation": 270, "texture": "#0"},
				"south": {"uv": [0, 0, 1, 1], "rotation": 270, "texture": "#0"},
				"west": {"uv": [0, 0, 1, 1], "rotation": 270, "texture": "#0"},
				"up": {"uv": [0, 0, 1, 1], "rotation": 270, "texture": "#0"},
				"down": {"uv": [0, 0, 1, 1], "rotation": 270, "texture": "#0"}
			}
		},
		{
			"from": [5, 13.3, 4.4],
			"to": [11.1, 13.6, 4.5],
			"rotation": {"angle": 0, "axis": "z", "origin": [9.6, 12, 4.45]},
			"faces": {
				"north": {"uv": [0, 0, 1, 1], "rotation": 270, "texture": "#0"},
				"east": {"uv": [0, 0, 1, 1], "rotation": 270, "texture": "#0"},
				"south": {"uv": [0, 0, 1, 1], "rotation": 270, "texture": "#0"},
				"west": {"uv": [0, 0, 1, 1], "rotation": 270, "texture": "#0"},
				"up": {"uv": [0, 0, 1, 1], "rotation": 270, "texture": "#0"},
				"down": {"uv": [0, 0, 1, 1], "rotation": 270, "texture": "#0"}
			}
		},
		{
			"from": [8.65, 8, 11.5],
			"to": [8.95, 16, 11.6],
			"rotation": {"angle": 0, "axis": "y", "origin": [-0.8, 0, 16]},
			"faces": {
				"north": {"uv": [1, 0, 0, 1], "texture": "#0"},
				"east": {"uv": [1, 0, 0, 1], "texture": "#0"},
				"south": {"uv": [1, 0, 0, 1], "texture": "#0"},
				"west": {"uv": [1, 0, 0, 1], "texture": "#0"},
				"up": {"uv": [0, 1, 1, 0], "texture": "#0"},
				"down": {"uv": [0, 1, 1, 0], "texture": "#0"}
			}
		},
		{
			"from": [7.05, 8, 11.5],
			"to": [7.35, 16, 11.6],
			"rotation": {"angle": 0, "axis": "y", "origin": [-0.8, 0, 16]},
			"faces": {
				"north": {"uv": [1, 0, 0, 1], "texture": "#0"},
				"east": {"uv": [1, 0, 0, 1], "texture": "#0"},
				"south": {"uv": [1, 0, 0, 1], "texture": "#0"},
				"west": {"uv": [1, 0, 0, 1], "texture": "#0"},
				"up": {"uv": [0, 1, 1, 0], "texture": "#0"},
				"down": {"uv": [0, 1, 1, 0], "texture": "#0"}
			}
		},
		{
			"from": [5, 10.3, 11.5],
			"to": [11.1, 10.6, 11.6],
			"rotation": {"angle": 0, "axis": "z", "origin": [9.6, 12, 11.55]},
			"faces": {
				"north": {"uv": [0, 1, 1, 0], "rotation": 270, "texture": "#0"},
				"east": {"uv": [0, 1, 1, 0], "rotation": 270, "texture": "#0"},
				"south": {"uv": [0, 1, 1, 0], "rotation": 270, "texture": "#0"},
				"west": {"uv": [0, 1, 1, 0], "rotation": 270, "texture": "#0"},
				"up": {"uv": [1, 0, 0, 1], "rotation": 270, "texture": "#0"},
				"down": {"uv": [1, 0, 0, 1], "rotation": 270, "texture": "#0"}
			}
		},
		{
			"from": [5, 14.8, 11.5],
			"to": [11.1, 15.1, 11.6],
			"rotation": {"angle": 0, "axis": "z", "origin": [9.6, 12, 11.55]},
			"faces": {
				"north": {"uv": [0, 1, 1, 0], "rotation": 270, "texture": "#0"},
				"east": {"uv": [0, 1, 1, 0], "rotation": 270, "texture": "#0"},
				"south": {"uv": [0, 1, 1, 0], "rotation": 270, "texture": "#0"},
				"west": {"uv": [0, 1, 1, 0], "rotation": 270, "texture": "#0"},
				"up": {"uv": [1, 0, 0, 1], "rotation": 270, "texture": "#0"},
				"down": {"uv": [1, 0, 0, 1], "rotation": 270, "texture": "#0"}
			}
		},
		{
			"from": [5, 8.8, 11.5],
			"to": [11.1, 9.1, 11.6],
			"rotation": {"angle": 0, "axis": "z", "origin": [9.6, 12, 11.55]},
			"faces": {
				"north": {"uv": [0, 1, 1, 0], "rotation": 270, "texture": "#0"},
				"east": {"uv": [0, 1, 1, 0], "rotation": 270, "texture": "#0"},
				"south": {"uv": [0, 1, 1, 0], "rotation": 270, "texture": "#0"},
				"west": {"uv": [0, 1, 1, 0], "rotation": 270, "texture": "#0"},
				"up": {"uv": [1, 0, 0, 1], "rotation": 270, "texture": "#0"},
				"down": {"uv": [1, 0, 0, 1], "rotation": 270, "texture": "#0"}
			}
		},
		{
			"from": [5, 13.3, 11.5],
			"to": [11.1, 13.6, 11.6],
			"rotation": {"angle": 0, "axis": "z", "origin": [9.6, 12, 11.55]},
			"faces": {
				"north": {"uv": [0, 1, 1, 0], "rotation": 270, "texture": "#0"},
				"east": {"uv": [0, 1, 1, 0], "rotation": 270, "texture": "#0"},
				"south": {"uv": [0, 1, 1, 0], "rotation": 270, "texture": "#0"},
				"west": {"uv": [0, 1, 1, 0], "rotation": 270, "texture": "#0"},
				"up": {"uv": [1, 0, 0, 1], "rotation": 270, "texture": "#0"},
				"down": {"uv": [1, 0, 0, 1], "rotation": 270, "texture": "#0"}
			}
		},
		{
			"from": [4.4, 8, 8.55],
			"to": [4.5, 16, 8.85],
			"rotation": {"angle": 0, "axis": "y", "origin": [-0.8, 0, 16]},
			"faces": {
				"north": {"uv": [1, 0, 0, 1], "texture": "#0"},
				"east": {"uv": [1, 0, 0, 1], "texture": "#0"},
				"south": {"uv": [1, 0, 0, 1], "texture": "#0"},
				"west": {"uv": [1, 0, 0, 1], "texture": "#0"},
				"up": {"uv": [0, 1, 1, 0], "rotation": 90, "texture": "#0"},
				"down": {"uv": [0, 1, 1, 0], "rotation": 270, "texture": "#0"}
			}
		},
		{
			"from": [4.4, 8, 6.95],
			"to": [4.5, 16, 7.25],
			"rotation": {"angle": 0, "axis": "y", "origin": [-0.8, 0, 16]},
			"faces": {
				"north": {"uv": [1, 0, 0, 1], "texture": "#0"},
				"east": {"uv": [1, 0, 0, 1], "texture": "#0"},
				"south": {"uv": [1, 0, 0, 1], "texture": "#0"},
				"west": {"uv": [1, 0, 0, 1], "texture": "#0"},
				"up": {"uv": [0, 1, 1, 0], "rotation": 90, "texture": "#0"},
				"down": {"uv": [0, 1, 1, 0], "rotation": 270, "texture": "#0"}
			}
		},
		{
			"from": [4.4, 10.3, 4.9],
			"to": [4.5, 10.6, 11],
			"rotation": {"angle": 0, "axis": "z", "origin": [3.65, 12, 26.4]},
			"faces": {
				"north": {"uv": [0, 1, 1, 0], "rotation": 270, "texture": "#0"},
				"east": {"uv": [0, 1, 1, 0], "rotation": 270, "texture": "#0"},
				"south": {"uv": [0, 1, 1, 0], "rotation": 270, "texture": "#0"},
				"west": {"uv": [0, 1, 1, 0], "rotation": 270, "texture": "#0"},
				"up": {"uv": [1, 0, 0, 1], "texture": "#0"},
				"down": {"uv": [1, 0, 0, 1], "rotation": 180, "texture": "#0"}
			}
		},
		{
			"from": [4.4, 14.8, 4.9],
			"to": [4.5, 15.1, 11],
			"rotation": {"angle": 0, "axis": "z", "origin": [3.65, 12, 26.4]},
			"faces": {
				"north": {"uv": [0, 1, 1, 0], "rotation": 270, "texture": "#0"},
				"east": {"uv": [0, 1, 1, 0], "rotation": 270, "texture": "#0"},
				"south": {"uv": [0, 1, 1, 0], "rotation": 270, "texture": "#0"},
				"west": {"uv": [0, 1, 1, 0], "rotation": 270, "texture": "#0"},
				"up": {"uv": [1, 0, 0, 1], "texture": "#0"},
				"down": {"uv": [1, 0, 0, 1], "rotation": 180, "texture": "#0"}
			}
		},
		{
			"from": [4.4, 8.8, 4.9],
			"to": [4.5, 9.1, 11],
			"rotation": {"angle": 0, "axis": "z", "origin": [3.65, 12, 26.4]},
			"faces": {
				"north": {"uv": [0, 1, 1, 0], "rotation": 270, "texture": "#0"},
				"east": {"uv": [0, 1, 1, 0], "rotation": 270, "texture": "#0"},
				"south": {"uv": [0, 1, 1, 0], "rotation": 270, "texture": "#0"},
				"west": {"uv": [0, 1, 1, 0], "rotation": 270, "texture": "#0"},
				"up": {"uv": [1, 0, 0, 1], "texture": "#0"},
				"down": {"uv": [1, 0, 0, 1], "rotation": 180, "texture": "#0"}
			}
		},
		{
			"from": [4.4, 13.3, 4.9],
			"to": [4.5, 13.6, 11],
			"rotation": {"angle": 0, "axis": "z", "origin": [3.65, 12, 26.4]},
			"faces": {
				"north": {"uv": [0, 1, 1, 0], "rotation": 270, "texture": "#0"},
				"east": {"uv": [0, 1, 1, 0], "rotation": 270, "texture": "#0"},
				"south": {"uv": [0, 1, 1, 0], "rotation": 270, "texture": "#0"},
				"west": {"uv": [0, 1, 1, 0], "rotation": 270, "texture": "#0"},
				"up": {"uv": [1, 0, 0, 1], "texture": "#0"},
				"down": {"uv": [1, 0, 0, 1], "rotation": 180, "texture": "#0"}
			}
		},
		{
			"from": [11.5, 8, 8.55],
			"to": [11.6, 16, 8.85],
			"rotation": {"angle": 0, "axis": "y", "origin": [16.8, 0, 16]},
			"faces": {
				"north": {"uv": [0, 0, 1, 1], "texture": "#0"},
				"east": {"uv": [0, 0, 1, 1], "texture": "#0"},
				"south": {"uv": [0, 0, 1, 1], "texture": "#0"},
				"west": {"uv": [0, 0, 1, 1], "texture": "#0"},
				"up": {"uv": [0, 0, 1, 1], "rotation": 90, "texture": "#0"},
				"down": {"uv": [0, 0, 1, 1], "rotation": 270, "texture": "#0"}
			}
		},
		{
			"from": [11.5, 8, 6.95],
			"to": [11.6, 16, 7.25],
			"rotation": {"angle": 0, "axis": "y", "origin": [16.8, 0, 16]},
			"faces": {
				"north": {"uv": [0, 0, 1, 1], "texture": "#0"},
				"east": {"uv": [0, 0, 1, 1], "texture": "#0"},
				"south": {"uv": [0, 0, 1, 1], "texture": "#0"},
				"west": {"uv": [0, 0, 1, 1], "texture": "#0"},
				"up": {"uv": [0, 0, 1, 1], "rotation": 90, "texture": "#0"},
				"down": {"uv": [0, 0, 1, 1], "rotation": 270, "texture": "#0"}
			}
		},
		{
			"from": [11.5, 10.3, 4.9],
			"to": [11.6, 10.6, 11],
			"rotation": {"angle": 0, "axis": "z", "origin": [12.35, 12, 26.4]},
			"faces": {
				"north": {"uv": [0, 0, 1, 1], "rotation": 270, "texture": "#0"},
				"east": {"uv": [0, 0, 1, 1], "rotation": 270, "texture": "#0"},
				"south": {"uv": [0, 0, 1, 1], "rotation": 270, "texture": "#0"},
				"west": {"uv": [0, 0, 1, 1], "rotation": 270, "texture": "#0"},
				"up": {"uv": [0, 0, 1, 1], "texture": "#0"},
				"down": {"uv": [0, 0, 1, 1], "rotation": 180, "texture": "#0"}
			}
		},
		{
			"from": [11.5, 14.8, 4.9],
			"to": [11.6, 15.1, 11],
			"rotation": {"angle": 0, "axis": "z", "origin": [12.35, 12, 26.4]},
			"faces": {
				"north": {"uv": [0, 0, 1, 1], "rotation": 270, "texture": "#0"},
				"east": {"uv": [0, 0, 1, 1], "rotation": 270, "texture": "#0"},
				"south": {"uv": [0, 0, 1, 1], "rotation": 270, "texture": "#0"},
				"west": {"uv": [0, 0, 1, 1], "rotation": 270, "texture": "#0"},
				"up": {"uv": [0, 0, 1, 1], "texture": "#0"},
				"down": {"uv": [0, 0, 1, 1], "rotation": 180, "texture": "#0"}
			}
		},
		{
			"from": [11.5, 8.8, 4.9],
			"to": [11.6, 9.1, 11],
			"rotation": {"angle": 0, "axis": "z", "origin": [12.35, 12, 26.4]},
			"faces": {
				"north": {"uv": [0, 0, 1, 1], "rotation": 270, "texture": "#0"},
				"east": {"uv": [0, 0, 1, 1], "rotation": 270, "texture": "#0"},
				"south": {"uv": [0, 0, 1, 1], "rotation": 270, "texture": "#0"},
				"west": {"uv": [0, 0, 1, 1], "rotation": 270, "texture": "#0"},
				"up": {"uv": [0, 0, 1, 1], "texture": "#0"},
				"down": {"uv": [0, 0, 1, 1], "rotation": 180, "texture": "#0"}
			}
		},
		{
			"from": [11.5, 13.3, 4.9],
			"to": [11.6, 13.6, 11],
			"rotation": {"angle": 0, "axis": "z", "origin": [12.35, 12, 26.4]},
			"faces": {
				"north": {"uv": [0, 0, 1, 1], "rotation": 270, "texture": "#0"},
				"east": {"uv": [0, 0, 1, 1], "rotation": 270, "texture": "#0"},
				"south": {"uv": [0, 0, 1, 1], "rotation": 270, "texture": "#0"},
				"west": {"uv": [0, 0, 1, 1], "rotation": 270, "texture": "#0"},
				"up": {"uv": [0, 0, 1, 1], "texture": "#0"},
				"down": {"uv": [0, 0, 1, 1], "rotation": 180, "texture": "#0"}
			}
		},
		{
			"from": [4, 8, 4],
			"to": [5, 17, 5],
			"faces": {
				"north": {"uv": [14, 7, 15, 16], "texture": "#0"},
				"east": {"uv": [14, 7, 15, 16], "texture": "#0"},
				"south": {"uv": [14, 7, 15, 16], "texture": "#0"},
				"west": {"uv": [14, 7, 15, 16], "texture": "#0"},
				"up": {"uv": [14, 7, 15, 8], "texture": "#0"},
				"down": {"uv": [14, 7, 15, 16], "texture": "#0"}
			}
		},
		{
			"from": [4, 8, 11],
			"to": [5, 17, 12],
			"faces": {
				"north": {"uv": [2, 7, 3, 16], "texture": "#0"},
				"east": {"uv": [2, 7, 3, 16], "texture": "#0"},
				"south": {"uv": [2, 7, 3, 16], "texture": "#0"},
				"west": {"uv": [2, 7, 3, 16], "texture": "#0"},
				"up": {"uv": [2, 7, 3, 8], "texture": "#0"},
				"down": {"uv": [2, 7, 3, 16], "texture": "#0"}
			}
		},
		{
			"from": [11, 8, 11],
			"to": [12, 17, 12],
			"faces": {
				"north": {"uv": [3, 5, 4, 14], "texture": "#0"},
				"east": {"uv": [3, 5, 4, 14], "texture": "#0"},
				"south": {"uv": [3, 5, 4, 14], "texture": "#0"},
				"west": {"uv": [3, 5, 4, 14], "texture": "#0"},
				"up": {"uv": [3, 5, 4, 6], "texture": "#0"},
				"down": {"uv": [3, 5, 4, 14], "texture": "#0"}
			}
		},
		{
			"from": [11, 8, 4],
			"to": [12, 17, 5],
			"faces": {
				"north": {"uv": [13, 0, 14, 9], "texture": "#0"},
				"east": {"uv": [13, 0, 14, 9], "texture": "#0"},
				"south": {"uv": [13, 0, 14, 9], "texture": "#0"},
				"west": {"uv": [13, 0, 14, 9], "texture": "#0"},
				"up": {"uv": [13, 0, 14, 1], "texture": "#0"},
				"down": {"uv": [13, 0, 14, 9], "texture": "#0"}
			}
		},
		{
			"from": [11, 16, 5],
			"to": [12, 17, 11],
			"faces": {
				"north": {"uv": [0, 0, 1, 1], "texture": "#0"},
				"east": {"uv": [0, 0, 6, 1], "texture": "#0"},
				"south": {"uv": [0, 0, 1, 1], "texture": "#0"},
				"west": {"uv": [0, 0, 6, 1], "texture": "#0"},
				"up": {"uv": [0, 0, 1, 6], "texture": "#0"},
				"down": {"uv": [0, 0, 1, 6], "texture": "#0"}
			}
		},
		{
			"from": [5, 16, 11],
			"to": [11, 17, 12],
			"faces": {
				"north": {"uv": [0, 0, 6, 1], "texture": "#0"},
				"east": {"uv": [0, 0, 1, 1], "texture": "#0"},
				"south": {"uv": [0, 0, 6, 1], "texture": "#0"},
				"west": {"uv": [0, 0, 1, 1], "texture": "#0"},
				"up": {"uv": [0, 0, 6, 1], "texture": "#0"},
				"down": {"uv": [0, 0, 6, 1], "texture": "#0"}
			}
		},
		{
			"from": [4, 16, 5],
			"to": [5, 17, 11],
			"faces": {
				"north": {"uv": [0, 0, 1, 1], "texture": "#0"},
				"east": {"uv": [0, 0, 6, 1], "texture": "#0"},
				"south": {"uv": [0, 0, 1, 1], "texture": "#0"},
				"west": {"uv": [0, 0, 6, 1], "texture": "#0"},
				"up": {"uv": [0, 0, 1, 6], "texture": "#0"},
				"down": {"uv": [0, 0, 1, 6], "texture": "#0"}
			}
		},
		{
			"from": [5, 16, 4],
			"to": [11, 17, 5],
			"faces": {
				"north": {"uv": [0, 0, 6, 1], "texture": "#0"},
				"east": {"uv": [0, 0, 1, 1], "texture": "#0"},
				"south": {"uv": [0, 0, 6, 1], "texture": "#0"},
				"west": {"uv": [0, 0, 1, 1], "texture": "#0"},
				"up": {"uv": [0, 4, 6, 5], "texture": "#0"},
				"down": {"uv": [0, 0, 6, 1], "texture": "#0"}
			}
		},
		{
			"from": [5, 16, 5],
			"to": [11, 17, 11],
			"faces": {
				"north": {"uv": [0, 0, 6, 1], "texture": "#0"},
				"east": {"uv": [0, 0, 6, 1], "texture": "#0"},
				"south": {"uv": [0, 0, 6, 1], "texture": "#0"},
				"west": {"uv": [0, 0, 6, 1], "texture": "#0"},
				"up": {"uv": [0, 10, 6, 16], "rotation": 90, "texture": "#0"},
				"down": {"uv": [0, 0, 6, 6], "texture": "#0"}
			}
		},
		{
			"from": [4, 7, 5],
			"to": [5, 8, 11],
			"faces": {
				"north": {"uv": [5, 14, 11, 15], "texture": "#0"},
				"east": {"uv": [5, 14, 11, 15], "texture": "#0"},
				"south": {"uv": [5, 14, 11, 15], "texture": "#0"},
				"west": {"uv": [5, 14, 11, 15], "texture": "#0"},
				"up": {"uv": [5, 14, 11, 15], "texture": "#0"},
				"down": {"uv": [5, 14, 11, 15], "texture": "#0"}
			}
		},
		{
			"from": [5, 7, 5],
			"to": [11, 8, 11],
			"faces": {
				"north": {"uv": [0, 0, 6, 6], "texture": "#0"},
				"east": {"uv": [0, 0, 6, 6], "texture": "#0"},
				"south": {"uv": [0, 0, 6, 6], "texture": "#0"},
				"west": {"uv": [0, 0, 6, 6], "texture": "#0"},
				"up": {"uv": [0, 0, 6, 6], "texture": "#0"},
				"down": {"uv": [0, 0, 6, 6], "texture": "#0"}
			}
		},
		{
			"from": [5, 7, 11],
			"to": [11, 8, 12],
			"faces": {
				"north": {"uv": [5, 14, 11, 15], "texture": "#0"},
				"east": {"uv": [5, 14, 11, 15], "texture": "#0"},
				"south": {"uv": [5, 14, 11, 15], "texture": "#0"},
				"west": {"uv": [5, 14, 11, 15], "texture": "#0"},
				"up": {"uv": [5, 14, 11, 15], "texture": "#0"},
				"down": {"uv": [5, 14, 11, 15], "texture": "#0"}
			}
		},
		{
			"from": [11, 7, 5],
			"to": [12, 8, 11],
			"faces": {
				"north": {"uv": [5, 14, 11, 15], "texture": "#0"},
				"east": {"uv": [5, 14, 11, 15], "texture": "#0"},
				"south": {"uv": [5, 14, 11, 15], "texture": "#0"},
				"west": {"uv": [5, 14, 11, 15], "texture": "#0"},
				"up": {"uv": [5, 14, 11, 15], "texture": "#0"},
				"down": {"uv": [5, 14, 11, 15], "texture": "#0"}
			}
		},
		{
			"from": [5, 7, 4],
			"to": [11, 8, 5],
			"faces": {
				"north": {"uv": [5, 14, 11, 15], "texture": "#0"},
				"east": {"uv": [5, 14, 11, 15], "texture": "#0"},
				"south": {"uv": [5, 14, 11, 15], "texture": "#0"},
				"west": {"uv": [5, 14, 11, 15], "texture": "#0"},
				"up": {"uv": [5, 14, 11, 15], "texture": "#0"},
				"down": {"uv": [5, 14, 11, 15], "texture": "#0"}
			}
		},
		{
			"from": [4, 0, 4],
			"to": [5, 8, 5],
			"faces": {
				"north": {"uv": [0, 0, 1, 8], "texture": "#0"},
				"east": {"uv": [0, 0, 1, 8], "texture": "#0"},
				"south": {"uv": [0, 0, 1, 8], "texture": "#0"},
				"west": {"uv": [0, 0, 1, 8], "texture": "#0"},
				"up": {"uv": [0, 0, 1, 8], "texture": "#0"},
				"down": {"uv": [0, 0, 1, 8], "texture": "#0"}
			}
		},
		{
			"from": [5, 0, 4],
			"to": [11, 1, 5],
			"faces": {
				"north": {"uv": [0, 15, 6, 16], "texture": "#0"},
				"east": {"uv": [0, 15, 6, 16], "texture": "#0"},
				"south": {"uv": [0, 15, 6, 16], "texture": "#0"},
				"west": {"uv": [0, 15, 6, 16], "texture": "#0"},
				"up": {"uv": [0, 15, 6, 16], "texture": "#0"},
				"down": {"uv": [0, 15, 6, 16], "texture": "#0"}
			}
		},
		{
			"from": [4, 0, 5],
			"to": [5, 1, 11],
			"faces": {
				"north": {"uv": [0, 0, 1, 1], "texture": "#0"},
				"east": {"uv": [0, 0, 6, 1], "texture": "#0"},
				"south": {"uv": [0, 0, 1, 1], "texture": "#0"},
				"west": {"uv": [0, 0, 6, 1], "texture": "#0"},
				"up": {"uv": [0, 0, 1, 6], "texture": "#0"},
				"down": {"uv": [0, 0, 1, 6], "texture": "#0"}
			}
		},
		{
			"from": [4, 0, 11],
			"to": [5, 8, 12],
			"faces": {
				"north": {"uv": [3, 0, 4, 8], "texture": "#0"},
				"east": {"uv": [3, 0, 4, 8], "texture": "#0"},
				"south": {"uv": [3, 0, 4, 8], "texture": "#0"},
				"west": {"uv": [3, 0, 4, 8], "texture": "#0"},
				"up": {"uv": [3, 0, 4, 8], "texture": "#0"},
				"down": {"uv": [3, 0, 4, 8], "texture": "#0"}
			}
		},
		{
			"from": [5, 0, 11],
			"to": [11, 1, 12],
			"faces": {
				"north": {"uv": [10, 0, 16, 1], "texture": "#0"},
				"east": {"uv": [10, 0, 16, 1], "texture": "#0"},
				"south": {"uv": [10, 0, 16, 1], "texture": "#0"},
				"west": {"uv": [10, 0, 16, 1], "texture": "#0"},
				"up": {"uv": [10, 0, 16, 1], "texture": "#0"},
				"down": {"uv": [10, 0, 16, 1], "texture": "#0"}
			}
		},
		{
			"from": [11, 0, 5],
			"to": [12, 1, 11],
			"faces": {
				"north": {"uv": [10, 15, 16, 16], "texture": "#0"},
				"east": {"uv": [10, 15, 16, 16], "texture": "#0"},
				"south": {"uv": [10, 15, 16, 16], "texture": "#0"},
				"west": {"uv": [10, 15, 16, 16], "texture": "#0"},
				"up": {"uv": [10, 15, 16, 16], "rotation": 90, "texture": "#0"},
				"down": {"uv": [10, 15, 16, 16], "texture": "#0"}
			}
		},
		{
			"from": [11, 0, 11],
			"to": [12, 8, 12],
			"faces": {
				"north": {"uv": [2, 0, 3, 8], "texture": "#0"},
				"east": {"uv": [2, 0, 3, 8], "texture": "#0"},
				"south": {"uv": [2, 0, 3, 8], "texture": "#0"},
				"west": {"uv": [2, 0, 3, 8], "texture": "#0"},
				"up": {"uv": [2, 0, 3, 8], "texture": "#0"},
				"down": {"uv": [2, 0, 3, 8], "texture": "#0"}
			}
		},
		{
			"from": [11, 0, 4],
			"to": [12, 8, 5],
			"faces": {
				"north": {"uv": [1, 0, 2, 8], "texture": "#0"},
				"east": {"uv": [1, 0, 2, 8], "texture": "#0"},
				"south": {"uv": [1, 0, 2, 8], "texture": "#0"},
				"west": {"uv": [1, 0, 2, 8], "texture": "#0"},
				"up": {"uv": [1, 0, 2, 8], "texture": "#0"},
				"down": {"uv": [1, 0, 2, 8], "texture": "#0"}
			}
		}
	],
	"display": {
		"thirdperson_righthand": {
			"translation": [0, 1.25, 0],
			"scale": [0.3, 0.3, 0.3]
		},
		"thirdperson_lefthand": {
			"translation": [0, 1.25, 0],
			"scale": [0.3, 0.3, 0.3]
		},
		"firstperson_righthand": {
			"scale": [0.3, 0.3, 0.3]
		},
		"firstperson_lefthand": {
			"scale": [0.3, 0.3, 0.3]
		},
		"ground": {
			"scale": [0.3, 0.3, 0.3]
		},
		"gui": {
			"rotation": [25, -28, 0],
			"scale": [0.7, 0.7, 0.7]
		},
		"fixed": {
			"rotation": [-90, 0, 0],
			"translation": [0, 0, -14],
			"scale": [2, 2, 2]
		}
	},
	"groups": [
		0,
		{
			"name": "Thingies",
			"origin": [8, 8, 8],
			"color": 0,
			"children": [
				{
					"name": "Thingy 1",
					"origin": [9.6, 12, 4.45],
					"color": 0,
					"children": [1, 2, 3, 4, 5, 6]
				},
				{
					"name": "Thingy 2",
					"origin": [9.6, 12, 4.45],
					"color": 0,
					"children": [7, 8, 9, 10, 11, 12]
				},
				{
					"name": "Thingy 3",
					"origin": [9.6, 12, 4.45],
					"color": 0,
					"children": [13, 14, 15, 16, 17, 18]
				},
				{
					"name": "Thingy 4",
					"origin": [9.6, 12, 4.45],
					"color": 0,
					"children": [19, 20, 21, 22, 23, 24]
				}
			]
		},
		{
			"name": "Top Frame",
			"origin": [0, 0, 0],
			"color": 0,
			"children": [25, 26, 27, 28, 29, 30, 31, 32, 33]
		},
		{
			"name": "Base Top Frame",
			"origin": [0, 0, 0],
			"color": 0,
			"children": [34, 35, 36, 37, 38]
		},
		{
			"name": "Base Frame",
			"origin": [0, 0, 0],
			"color": 0,
			"children": [39, 40, 41, 42, 43, 44, 45, 46]
		}
	]
}