{
	"credit": "Made with Blockbench",
	"parent": "block/block",
	"ambientocclusion": false,
	"texture_size": [32, 32],
	"textures": {
		"0": "./tripod_1"
	},
	"elements": [
		{
			"from": [7.5, -7, 8],
			"to": [8.5, 25, 9],
			"rotation": {"angle": -22.5, "axis": "x", "origin": [8, 26, 8]},
			"faces": {
				"north": {"uv": [0.5, 0, 1, 16], "texture": "#0"},
				"east": {"uv": [0, 0, 0.5, 16], "texture": "#0"},
				"south": {"uv": [1.5, 0, 2, 16], "texture": "#0"},
				"west": {"uv": [1, 0, 1.5, 16], "texture": "#0"},
				"up": {"uv": [2, 0, 2.5, 0.5], "rotation": 270, "texture": "#0"},
				"down": {"uv": [2, 0.5, 2.5, 1], "rotation": 90, "texture": "#0"}
			}
		},
		{
			"from": [8, -7, 7.5],
			"to": [9, 25, 8.5],
			"rotation": {"angle": 22.5, "axis": "z", "origin": [8, 26, 8]},
			"faces": {
				"north": {"uv": [0, 0, 0.5, 16], "texture": "#0"},
				"east": {"uv": [1.5, 0, 2, 16], "texture": "#0"},
				"south": {"uv": [1, 0, 1.5, 16], "texture": "#0"},
				"west": {"uv": [0.5, 0, 1, 16], "texture": "#0"},
				"up": {"uv": [2, 0, 2.5, 0.5], "rotation": 270, "texture": "#0"},
				"down": {"uv": [2, 0.5, 2.5, 1], "rotation": 90, "texture": "#0"}
			}
		},
		{
			"from": [7, -7, 7.5],
			"to": [8, 25, 8.5],
			"rotation": {"angle": -22.5, "axis": "z", "origin": [8, 26, 8]},
			"faces": {
				"north": {"uv": [1, 0, 1.5, 16], "texture": "#0"},
				"east": {"uv": [0.5, 0, 1, 16], "texture": "#0"},
				"south": {"uv": [0, 0, 0.5, 16], "texture": "#0"},
				"west": {"uv": [1.5, 0, 2, 16], "texture": "#0"},
				"up": {"uv": [2, 0, 2.5, 0.5], "rotation": 90, "texture": "#0"},
				"down": {"uv": [2, 0.5, 2.5, 1], "rotation": 270, "texture": "#0"}
			}
		},
		{
			"from": [6.5, 25, 6.5],
			"to": [9.5, 27, 9.5],
			"faces": {
				"north": {"uv": [3.5, 1.5, 5, 2.5], "texture": "#0"},
				"east": {"uv": [2, 1.5, 3.5, 2.5], "texture": "#0"},
				"south": {"uv": [6.5, 1.5, 8, 2.5], "texture": "#0"},
				"west": {"uv": [5, 1.5, 6.5, 2.5], "texture": "#0"},
				"up": {"uv": [3.5, 0, 5, 1.5], "texture": "#0"},
				"down": {"uv": [5, 0, 6.5, 1.5], "texture": "#0"}
			}
		},
		{
			"from": [8, 14, 6.5],
			"to": [8, 25, 9.5],
			"rotation": {"angle": -45, "axis": "y", "origin": [8, 21.5, 8]},
			"faces": {
				"east": {"uv": [5, 2.5, 3.5, 8], "texture": "#0"},
				"west": {"uv": [3.5, 2.5, 5, 8], "texture": "#0"}
			}
		},
		{
			"from": [8, 14, 6.5],
			"to": [8, 25, 9.5],
			"rotation": {"angle": 45, "axis": "y", "origin": [8, 21.5, 8]},
			"faces": {
				"east": {"uv": [3.5, 2.5, 2, 8], "texture": "#0"},
				"west": {"uv": [2, 2.5, 3.5, 8], "texture": "#0"}
			}
		},
		{
			"from": [3, 10, 8],
			"to": [13, 16, 8],
			"rotation": {"angle": 0, "axis": "y", "origin": [8.5, 12.5, 8]},
			"faces": {
				"north": {"uv": [5.5, 7, 10.5, 10], "texture": "#0"},
				"south": {"uv": [10.5, 7, 5.5, 10], "texture": "#0"}
			}
		},
		{
			"from": [11.5, 11, 4.5],
			"to": [13.5, 11, 11.5],
			"rotation": {"angle": 0, "axis": "x", "origin": [8, 11, 8]},
			"faces": {
				"up": {"uv": [4.5, 10, 5.5, 13.5], "texture": "#0"},
				"down": {"uv": [4.5, 13.5, 5.5, 10], "texture": "#0"}
			}
		},
		{
			"from": [2.5, 11, 4.5],
			"to": [4.5, 11, 11.5],
			"rotation": {"angle": 0, "axis": "x", "origin": [-1, 11, 8]},
			"faces": {
				"up": {"uv": [2, 10, 3, 13.5], "texture": "#0"},
				"down": {"uv": [2, 13.5, 3, 10], "texture": "#0"}
			}
		},
		{
			"from": [4.5, 8, 4.5],
			"to": [11.5, 13, 11.5],
			"rotation": {"angle": 0, "axis": "y", "origin": [8.5, 9, 7.5]},
			"faces": {
				"north": {"uv": [5.5, 13.5, 9, 16], "texture": "#0"},
				"east": {"uv": [2, 13.5, 5.5, 16], "texture": "#0"},
				"south": {"uv": [12.5, 13.5, 16, 16], "texture": "#0"},
				"west": {"uv": [9, 13.5, 12.5, 16], "texture": "#0"},
				"up": {"uv": [5.5, 10, 9, 13.5], "texture": "#0"},
				"down": {"uv": [9, 10, 12.5, 13.5], "texture": "#0"}
			}
		}
	],
	"display": {
		"fixed": {
			"rotation": [-90, 0, 0],
			"translation": [0, 0, 12],
			"scale": [2, 2, 2]
		}
	}
}