{"credit":"Made with Blockbench","textures":{"0":"block/glass_bottle","1":"block/flowers/poppy","2":"block/flowers/daisy_bottom","particle":"block/glass_bottle"},"elements":[{"from":[6.5,0,6.5],"to":[9.5,0,9.5],"rotation":{"angle":0,"axis":"y","origin":[6.5,0,6.5]},"faces":{"north":{"uv":[1,15,4,16],"texture":"#0"},"east":{"uv":[1,15,4,16],"texture":"#0"},"south":{"uv":[1,15,4,16],"texture":"#0"},"west":{"uv":[1,15,4,16],"texture":"#0"},"up":{"uv":[6,12,9,15],"texture":"#0"},"down":{"uv":[6,12,9,15],"texture":"#0"}}},{"from":[6,7,6],"to":[6.5,8,10],"rotation":{"angle":0,"axis":"y","origin":[6.5,0,6.5]},"faces":{"north":{"uv":[0,8,0.5,9],"texture":"#0"},"east":{"uv":[0,8,4,9],"texture":"#0"},"south":{"uv":[0,8,0.5,9],"texture":"#0"},"west":{"uv":[0,8,4,9],"texture":"#0"},"up":{"uv":[0,8,4,9],"rotation":90,"texture":"#0"},"down":{"uv":[0,8,4,9],"rotation":90,"texture":"#0"}}},{"from":[9.5,7,6],"to":[10,8,10],"rotation":{"angle":0,"axis":"y","origin":[6.5,0,6.5]},"faces":{"north":{"uv":[0,8,0.5,9],"texture":"#0"},"east":{"uv":[0,8,4,9],"texture":"#0"},"south":{"uv":[0,8,0.5,9],"texture":"#0"},"west":{"uv":[0,8,4,9],"texture":"#0"},"up":{"uv":[0,8,4,9],"rotation":90,"texture":"#0"},"down":{"uv":[0,8,4,9],"rotation":90,"texture":"#0"}}},{"from":[6.5,7,6],"to":[9.5,8,6.5],"rotation":{"angle":0,"axis":"y","origin":[6.5,0,6.5]},"faces":{"north":{"uv":[0.5,8,3.5,9],"texture":"#0"},"east":{"uv":[0,8,0.5,9],"texture":"#0"},"south":{"uv":[0.5,8,3.5,9],"texture":"#0"},"west":{"uv":[0,8,0.5,9],"texture":"#0"},"up":{"uv":[0.5,8,3.5,9],"texture":"#0"},"down":{"uv":[0.5,8,3.5,9],"texture":"#0"}}},{"from":[6.5,7,9.5],"to":[9.5,8,10],"rotation":{"angle":0,"axis":"y","origin":[6.5,0,6.5]},"faces":{"north":{"uv":[0.5,8,3.5,9],"texture":"#0"},"east":{"uv":[0,8,0.5,9],"texture":"#0"},"south":{"uv":[0.5,8,3.5,9],"texture":"#0"},"west":{"uv":[0,8,0.5,9],"texture":"#0"},"up":{"uv":[0.5,8,3.5,9],"texture":"#0"},"down":{"uv":[0.5,8,3.5,9],"texture":"#0"}}},{"from":[5.5,0,5.5],"to":[6.5,7,10.5],"faces":{"north":{"uv":[0,9,1,16],"texture":"#0"},"east":{"uv":[0,9,5,16],"texture":"#0"},"south":{"uv":[0,9,1,16],"texture":"#0"},"west":{"uv":[0,9,5,16],"texture":"#0"},"up":{"uv":[0,9,5,10],"rotation":90,"texture":"#0"},"down":{"uv":[5,11,6,16],"texture":"#0"}}},{"from":[9.5,0,5.5],"to":[10.5,7,10.5],"faces":{"north":{"uv":[0,9,1,16],"texture":"#0"},"east":{"uv":[0,9,5,16],"texture":"#0"},"south":{"uv":[0,9,1,16],"texture":"#0"},"west":{"uv":[0,9,5,16],"texture":"#0"},"up":{"uv":[0,9,5,10],"rotation":90,"texture":"#0"},"down":{"uv":[5,11,6,16],"texture":"#0"}}},{"from":[6.5,0,5.5],"to":[9.5,7,6.5],"rotation":{"angle":0,"axis":"y","origin":[6.5,0,5.5]},"faces":{"north":{"uv":[1,9,4,16],"texture":"#0"},"east":{"uv":[0,9,1,16],"texture":"#0"},"south":{"uv":[1,9,4,16],"texture":"#0"},"west":{"uv":[0,9,1,16],"texture":"#0"},"up":{"uv":[1,9,4,10],"texture":"#0"},"down":{"uv":[6,11,9,12],"texture":"#0"}}},{"from":[6.5,0,9.5],"to":[9.5,7,10.5],"rotation":{"angle":0,"axis":"y","origin":[6.5,0,5.5]},"faces":{"north":{"uv":[1,9,4,16],"texture":"#0"},"east":{"uv":[0,9,1,16],"texture":"#0"},"south":{"uv":[1,9,4,16],"texture":"#0"},"west":{"uv":[0,9,1,16],"texture":"#0"},"up":{"uv":[1,9,4,10],"texture":"#0"},"down":{"uv":[6,11,9,12],"texture":"#0"}}},{"from":[8,4.75,2],"to":[8,14.75,14],"rotation":{"angle":45,"axis":"y","origin":[8,7,8]},"faces":{"north":{"uv":[0,0,16,16],"texture":"#1"},"east":{"uv":[0,0,16,16],"texture":"#1"},"south":{"uv":[0,0,16,16],"texture":"#1"},"west":{"uv":[0,0,16,16],"texture":"#1"},"up":{"uv":[0,0,16,16],"texture":"#1"},"down":{"uv":[0,0,16,16],"texture":"#1"}}},{"from":[2,5.25,8],"to":[14,15.25,8],"rotation":{"angle":45,"axis":"y","origin":[8,7,8]},"faces":{"north":{"uv":[0,0,16,16],"texture":"#1"},"east":{"uv":[0,0,16,16],"texture":"#1"},"south":{"uv":[0,0,16,16],"texture":"#1"},"west":{"uv":[0,0,16,16],"texture":"#1"},"up":{"uv":[0,0,16,16],"texture":"#1"},"down":{"uv":[0,0,16,16],"texture":"#1"}}},{"from":[8,-3,2],"to":[8,7,14],"rotation":{"angle":45,"axis":"y","origin":[8,7,8]},"faces":{"north":{"uv":[0,0,16,16],"texture":"#2"},"east":{"uv":[0,0,16,16],"texture":"#2"},"south":{"uv":[0,0,16,16],"texture":"#2"},"west":{"uv":[0,0,16,16],"texture":"#2"},"up":{"uv":[0,0,16,16],"texture":"#2"},"down":{"uv":[0,0,16,16],"texture":"#2"}}},{"from":[2,-3,8],"to":[14,7,8],"rotation":{"angle":45,"axis":"y","origin":[8,7,8]},"faces":{"north":{"uv":[0,0,16,16],"texture":"#2"},"east":{"uv":[0,0,16,16],"texture":"#2"},"south":{"uv":[0,0,16,16],"texture":"#2"},"west":{"uv":[0,0,16,16],"texture":"#2"},"up":{"uv":[0,0,16,16],"texture":"#2"},"down":{"uv":[0,0,16,16],"texture":"#2"}}},{"from":[6,0,3],"to":[7,0,4],"rotation":{"angle":22.5,"axis":"y","origin":[6.5,6,3.5]},"faces":{"north":{"uv":[5,3,6,4],"texture":"#1"},"east":{"uv":[5,3,6,4],"texture":"#1"},"south":{"uv":[5,3,6,4],"texture":"#1"},"west":{"uv":[5,3,6,4],"texture":"#1"},"up":{"uv":[5,3,6,4],"texture":"#1"},"down":{"uv":[5,3,6,4],"texture":"#1"}}},{"from":[3.29402,0,9.53281],"to":[4.29402,0,10.53281],"rotation":{"angle":45,"axis":"y","origin":[3.79402,6,10.03281]},"faces":{"north":{"uv":[4,5,5,6],"texture":"#1"},"east":{"uv":[4,5,5,6],"texture":"#1"},"south":{"uv":[4,5,5,6],"texture":"#1"},"west":{"uv":[4,5,5,6],"texture":"#1"},"up":{"uv":[4,5,5,6],"texture":"#1"},"down":{"uv":[4,5,5,6],"texture":"#1"}}},{"from":[2.58691,0,4.58307],"to":[3.58691,0,5.58307],"rotation":{"angle":-22.5,"axis":"y","origin":[3.08691,6,5.08307]},"faces":{"north":{"uv":[2,4,3,5],"rotation":270,"texture":"#1"},"east":{"uv":[2,4,3,5],"rotation":270,"texture":"#1"},"south":{"uv":[2,4,3,5],"rotation":270,"texture":"#1"},"west":{"uv":[2,4,3,5],"rotation":270,"texture":"#1"},"up":{"uv":[2,4,3,5],"rotation":270,"texture":"#1"},"down":{"uv":[2,4,3,5],"rotation":270,"texture":"#1"}}},{"from":[10.96749,0,2.64245],"to":[11.96749,0,3.64245],"rotation":{"angle":0,"axis":"y","origin":[11.46749,0,3.14245]},"faces":{"north":{"uv":[11,6,12,7],"rotation":270,"texture":"#1"},"east":{"uv":[11,6,12,7],"rotation":270,"texture":"#1"},"south":{"uv":[11,6,12,7],"rotation":270,"texture":"#1"},"west":{"uv":[11,6,12,7],"rotation":270,"texture":"#1"},"up":{"uv":[11,6,12,7],"rotation":270,"texture":"#1"},"down":{"uv":[11,6,12,7],"rotation":270,"texture":"#1"}}},{"from":[11.96749,0,11.64245],"to":[12.96749,0,12.64245],"rotation":{"angle":0,"axis":"y","origin":[11.46749,0,3.14245]},"faces":{"north":{"uv":[7,9,8,10],"rotation":270,"texture":"#1"},"east":{"uv":[7,9,8,10],"rotation":270,"texture":"#1"},"south":{"uv":[7,9,8,10],"rotation":270,"texture":"#1"},"west":{"uv":[7,9,8,10],"rotation":270,"texture":"#1"},"up":{"uv":[7,9,8,10],"rotation":270,"texture":"#1"},"down":{"uv":[7,9,8,10],"rotation":270,"texture":"#1"}}},{"from":[7.96749,0,12.64245],"to":[8.96749,0,13.64245],"rotation":{"angle":22.5,"axis":"y","origin":[8.46749,0,13.14245]},"faces":{"north":{"uv":[13,9,14,10],"rotation":270,"texture":"#1"},"east":{"uv":[13,9,14,10],"rotation":270,"texture":"#1"},"south":{"uv":[13,9,14,10],"rotation":270,"texture":"#1"},"west":{"uv":[13,9,14,10],"rotation":270,"texture":"#1"},"up":{"uv":[13,9,14,10],"rotation":270,"texture":"#1"},"down":{"uv":[13,9,14,10],"rotation":270,"texture":"#1"}}},{"from":[6.11973,0,13.40782],"to":[7.11973,0,14.40782],"rotation":{"angle":45,"axis":"y","origin":[6.61973,0,13.90782]},"faces":{"north":{"uv":[10,4,11,5],"rotation":270,"texture":"#1"},"east":{"uv":[10,4,11,5],"rotation":270,"texture":"#1"},"south":{"uv":[10,4,11,5],"rotation":270,"texture":"#1"},"west":{"uv":[10,4,11,5],"rotation":270,"texture":"#1"},"up":{"uv":[10,4,11,5],"rotation":270,"texture":"#1"},"down":{"uv":[10,4,11,5],"rotation":270,"texture":"#1"}}},{"from":[14.11973,0,13.40782],"to":[15.11973,0,14.40782],"rotation":{"angle":45,"axis":"y","origin":[6.61973,0,13.90782]},"faces":{"north":{"uv":[10,5,11,6],"rotation":270,"texture":"#1"},"east":{"uv":[10,5,11,6],"rotation":270,"texture":"#1"},"south":{"uv":[10,5,11,6],"rotation":270,"texture":"#1"},"west":{"uv":[10,5,11,6],"rotation":270,"texture":"#1"},"up":{"uv":[10,5,11,6],"rotation":270,"texture":"#1"},"down":{"uv":[10,5,11,6],"rotation":270,"texture":"#1"}}},{"from":[3.2913,0,11.99361],"to":[4.2913,0,12.99361],"rotation":{"angle":-22.5,"axis":"y","origin":[3.7913,0,12.49361]},"faces":{"north":{"uv":[8,9,9,10],"rotation":180,"texture":"#1"},"east":{"uv":[8,9,9,10],"rotation":180,"texture":"#1"},"south":{"uv":[8,9,9,10],"rotation":180,"texture":"#1"},"west":{"uv":[8,9,9,10],"rotation":180,"texture":"#1"},"up":{"uv":[9,10,10,11],"rotation":180,"texture":"#1"},"down":{"uv":[8,9,9,10],"rotation":180,"texture":"#1"}}},{"from":[11.96749,0,4.64245],"to":[12.96749,0,5.64245],"rotation":{"angle":22.5,"axis":"y","origin":[12.46749,0,5.14245]},"faces":{"north":{"uv":[12,8,13,9],"rotation":270,"texture":"#1"},"east":{"uv":[12,8,13,9],"rotation":270,"texture":"#1"},"south":{"uv":[12,8,13,9],"rotation":270,"texture":"#1"},"west":{"uv":[12,8,13,9],"rotation":270,"texture":"#1"},"up":{"uv":[12,8,13,9],"rotation":270,"texture":"#1"},"down":{"uv":[12,8,13,9],"rotation":270,"texture":"#1"}}},{"from":[4.96749,0,-0.35755],"to":[5.96749,0,0.64245],"rotation":{"angle":22.5,"axis":"y","origin":[12.46749,0,5.14245]},"faces":{"north":{"uv":[8,8,9,9],"rotation":270,"texture":"#1"},"east":{"uv":[8,8,9,9],"rotation":270,"texture":"#1"},"south":{"uv":[8,8,9,9],"rotation":270,"texture":"#1"},"west":{"uv":[8,8,9,9],"rotation":270,"texture":"#1"},"up":{"uv":[8,8,9,9],"rotation":270,"texture":"#1"},"down":{"uv":[8,8,9,9],"rotation":270,"texture":"#1"}}}],"display":{"thirdperson_righthand":{"translation":[0,1.5,-2],"scale":[0.5,0.5,0.5]},"thirdperson_lefthand":{"translation":[0,1.5,-2],"scale":[0.5,0.5,0.5]},"firstperson_righthand":{"scale":[0.5,0.5,0.5]},"firstperson_lefthand":{"scale":[0.5,0.5,0.5]},"ground":{"translation":[0,2,0],"scale":[0.7,0.7,0.7]},"gui":{"rotation":[0,74,0],"scale":[0.7,0.7,0.7]},"fixed":{"rotation":[-90,90,0],"translation":[0,0,-15],"scale":[2,2,2]}},"groups":[0,1,2,3,4,5,6,7,8,{"name":"flower","origin":[6,5,3],"children":[9,10]},{"name":"stem","origin":[6,5,3],"children":[11,12]},{"name":"petals","origin":[8,8,8],"children":[13,14,15,16,17,18,19,20,21,22,23]}]}