{"credit":"Made with Blockbench","textures":{"0":"block/glass_bottle","3":"block/flowers/sunflower_stem","1_1":"block/flowers/sunflower_front","1_2":"block/flowers/sunflower_back"},"elements":[{"from":[6.5,0,6.5],"to":[9.5,0,9.5],"rotation":{"angle":0,"axis":"y","origin":[6.5,0,6.5]},"faces":{"north":{"uv":[1,15,4,16],"texture":"#0"},"east":{"uv":[1,15,4,16],"texture":"#0"},"south":{"uv":[1,15,4,16],"texture":"#0"},"west":{"uv":[1,15,4,16],"texture":"#0"},"up":{"uv":[6,12,9,15],"texture":"#0"},"down":{"uv":[6,12,9,15],"texture":"#0"}}},{"from":[6,7,6],"to":[6.5,8,10],"rotation":{"angle":0,"axis":"y","origin":[6.5,0,6.5]},"faces":{"north":{"uv":[0,8,0.5,9],"texture":"#0"},"east":{"uv":[0,8,4,9],"texture":"#0"},"south":{"uv":[0,8,0.5,9],"texture":"#0"},"west":{"uv":[0,8,4,9],"texture":"#0"},"up":{"uv":[0,8,4,9],"rotation":90,"texture":"#0"},"down":{"uv":[0,8,4,9],"rotation":90,"texture":"#0"}}},{"from":[9.5,7,6],"to":[10,8,10],"rotation":{"angle":0,"axis":"y","origin":[6.5,0,6.5]},"faces":{"north":{"uv":[0,8,0.5,9],"texture":"#0"},"east":{"uv":[0,8,4,9],"texture":"#0"},"south":{"uv":[0,8,0.5,9],"texture":"#0"},"west":{"uv":[0,8,4,9],"texture":"#0"},"up":{"uv":[0,8,4,9],"rotation":90,"texture":"#0"},"down":{"uv":[0,8,4,9],"rotation":90,"texture":"#0"}}},{"from":[6.5,7,6],"to":[9.5,8,6.5],"rotation":{"angle":0,"axis":"y","origin":[6.5,0,6.5]},"faces":{"north":{"uv":[0.5,8,3.5,9],"texture":"#0"},"east":{"uv":[0,8,0.5,9],"texture":"#0"},"south":{"uv":[0.5,8,3.5,9],"texture":"#0"},"west":{"uv":[0,8,0.5,9],"texture":"#0"},"up":{"uv":[0.5,8,3.5,9],"texture":"#0"},"down":{"uv":[0.5,8,3.5,9],"texture":"#0"}}},{"from":[6.5,7,9.5],"to":[9.5,8,10],"rotation":{"angle":0,"axis":"y","origin":[6.5,0,6.5]},"faces":{"north":{"uv":[0.5,8,3.5,9],"texture":"#0"},"east":{"uv":[0,8,0.5,9],"texture":"#0"},"south":{"uv":[0.5,8,3.5,9],"texture":"#0"},"west":{"uv":[0,8,0.5,9],"texture":"#0"},"up":{"uv":[0.5,8,3.5,9],"texture":"#0"},"down":{"uv":[0.5,8,3.5,9],"texture":"#0"}}},{"from":[5.5,0,5.5],"to":[6.5,7,10.5],"faces":{"north":{"uv":[0,9,1,16],"texture":"#0"},"east":{"uv":[0,9,5,16],"texture":"#0"},"south":{"uv":[0,9,1,16],"texture":"#0"},"west":{"uv":[0,9,5,16],"texture":"#0"},"up":{"uv":[0,9,5,10],"rotation":90,"texture":"#0"},"down":{"uv":[5,11,6,16],"texture":"#0"}}},{"from":[9.5,0,5.5],"to":[10.5,7,10.5],"faces":{"north":{"uv":[0,9,1,16],"texture":"#0"},"east":{"uv":[0,9,5,16],"texture":"#0"},"south":{"uv":[0,9,1,16],"texture":"#0"},"west":{"uv":[0,9,5,16],"texture":"#0"},"up":{"uv":[0,9,5,10],"rotation":90,"texture":"#0"},"down":{"uv":[5,11,6,16],"texture":"#0"}}},{"from":[6.5,0,5.5],"to":[9.5,7,6.5],"rotation":{"angle":0,"axis":"y","origin":[6.5,0,5.5]},"faces":{"north":{"uv":[1,9,4,16],"texture":"#0"},"east":{"uv":[0,9,1,16],"texture":"#0"},"south":{"uv":[1,9,4,16],"texture":"#0"},"west":{"uv":[0,9,1,16],"texture":"#0"},"up":{"uv":[1,9,4,10],"texture":"#0"},"down":{"uv":[6,11,9,12],"texture":"#0"}}},{"from":[6.5,0,9.5],"to":[9.5,7,10.5],"rotation":{"angle":0,"axis":"y","origin":[6.5,0,5.5]},"faces":{"north":{"uv":[1,9,4,16],"texture":"#0"},"east":{"uv":[0,9,1,16],"texture":"#0"},"south":{"uv":[1,9,4,16],"texture":"#0"},"west":{"uv":[0,9,1,16],"texture":"#0"},"up":{"uv":[1,9,4,10],"texture":"#0"},"down":{"uv":[6,11,9,12],"texture":"#0"}}},{"from":[10.32843,7.75,0.68934],"to":[10.32843,17.75,12.68934],"rotation":{"angle":22.5,"axis":"y","origin":[10.07843,10.75,6.68934]},"faces":{"north":{"uv":[16,0,0,16],"texture":"#1_1"},"east":{"uv":[0,0,16,16],"texture":"#1_1"},"south":{"uv":[16,0,0,16],"texture":"#1_1"},"west":{"uv":[0,0,16,16],"texture":"#1_2"},"up":{"uv":[16,0,0,16],"texture":"#1_1"},"down":{"uv":[16,0,0,16],"texture":"#1_1"}}},{"from":[2.96164,7.75,9.85904],"to":[14.96164,17.75,9.85904],"rotation":{"angle":-22.5,"axis":"y","origin":[8.46164,12.75,7.35904]},"faces":{"north":{"uv":[0,0,16,16],"texture":"#1_2"},"east":{"uv":[16,0,0,16],"texture":"#1_1"},"south":{"uv":[0,0,16,16],"texture":"#1_1"},"west":{"uv":[16,0,0,16],"texture":"#1_1"},"up":{"uv":[16,0,0,16],"rotation":90,"texture":"#1_1"},"down":{"uv":[16,0,0,16],"rotation":270,"texture":"#1_1"}}},{"from":[1.25,8.5,5.5],"to":[13.25,18.5,5.5],"rotation":{"angle":45,"axis":"y","origin":[7.25,11,7.75]},"faces":{"north":{"uv":[0,0,16,16],"texture":"#1_1"},"east":{"uv":[16,0,0,16],"texture":"#1_1"},"south":{"uv":[0,0,16,16],"texture":"#1_2"},"west":{"uv":[16,0,0,16],"texture":"#1_1"},"up":{"uv":[16,0,0,16],"texture":"#1_1"},"down":{"uv":[16,0,0,16],"texture":"#1_1"}}},{"from":[12.53345,0,10.22513],"to":[13.53345,0,11.22513],"rotation":{"angle":45,"axis":"y","origin":[13.03345,0,10.72513]},"faces":{"north":{"uv":[4,5,5,6],"texture":"#1_1"},"east":{"uv":[4,5,5,6],"texture":"#1_1"},"south":{"uv":[4,5,5,6],"texture":"#1_1"},"west":{"uv":[4,5,5,6],"texture":"#1_1"},"up":{"uv":[4,5,5,6],"texture":"#1_1"},"down":{"uv":[4,5,5,6],"texture":"#1_1"}}},{"from":[12.85048,0,5.76424],"to":[13.85048,0,6.76424],"rotation":{"angle":22.5,"axis":"y","origin":[13.35048,0,6.26424]},"faces":{"north":{"uv":[4,6,5,7],"texture":"#1_1"},"east":{"uv":[4,6,5,7],"texture":"#1_1"},"south":{"uv":[4,6,5,7],"texture":"#1_1"},"west":{"uv":[4,6,5,7],"texture":"#1_1"},"up":{"uv":[4,6,5,7],"texture":"#1_1"},"down":{"uv":[4,6,5,7],"texture":"#1_1"}}},{"from":[11.85048,0,2.76424],"to":[12.85048,0,3.76424],"rotation":{"angle":0,"axis":"y","origin":[1.35048,2,9.26424]},"faces":{"north":{"uv":[5,3,6,4],"texture":"#1_1"},"east":{"uv":[5,3,6,4],"texture":"#1_1"},"south":{"uv":[5,3,6,4],"texture":"#1_1"},"west":{"uv":[5,3,6,4],"texture":"#1_1"},"up":{"uv":[5,3,6,4],"texture":"#1_1"},"down":{"uv":[5,3,6,4],"texture":"#1_1"}}},{"from":[0.85048,0,8.76424],"to":[1.85048,0,9.76424],"rotation":{"angle":0,"axis":"y","origin":[1.35048,2,9.26424]},"faces":{"north":{"uv":[2,8,3,9],"texture":"#1_1"},"east":{"uv":[2,8,3,9],"texture":"#1_1"},"south":{"uv":[2,8,3,9],"texture":"#1_1"},"west":{"uv":[2,8,3,9],"texture":"#1_1"},"up":{"uv":[2,8,3,9],"texture":"#1_1"},"down":{"uv":[2,8,3,9],"texture":"#1_1"}}},{"from":[11.85048,0,2.76424],"to":[12.85048,0,3.76424],"rotation":{"angle":0,"axis":"y","origin":[1.35048,2,9.26424]},"faces":{"north":{"uv":[8,5,9,6],"texture":"#1_1"},"east":{"uv":[8,5,9,6],"texture":"#1_1"},"south":{"uv":[8,5,9,6],"texture":"#1_1"},"west":{"uv":[8,5,9,6],"texture":"#1_1"},"up":{"uv":[8,5,9,6],"texture":"#1_1"},"down":{"uv":[8,5,9,6],"texture":"#1_1"}}},{"from":[5.62839,0,12.9081],"to":[6.62839,0,13.9081],"rotation":{"angle":0,"axis":"y","origin":[6.12839,0,13.4081]},"faces":{"north":{"uv":[6,8,7,9],"texture":"#1_1"},"east":{"uv":[6,8,7,9],"texture":"#1_1"},"south":{"uv":[6,8,7,9],"texture":"#1_1"},"west":{"uv":[6,8,7,9],"texture":"#1_1"},"up":{"uv":[6,8,7,9],"texture":"#1_1"},"down":{"uv":[6,8,7,9],"texture":"#1_1"}}},{"from":[7.06627,0,12.59738],"to":[8.06627,0,13.59738],"rotation":{"angle":-22.5,"axis":"y","origin":[7.56627,2,2.09738]},"faces":{"north":{"uv":[9,9,10,10],"texture":"#1_1"},"east":{"uv":[9,9,10,10],"texture":"#1_1"},"south":{"uv":[9,9,10,10],"texture":"#1_1"},"west":{"uv":[9,9,10,10],"texture":"#1_1"},"up":{"uv":[9,9,10,10],"texture":"#1_1"},"down":{"uv":[9,9,10,10],"texture":"#1_1"}}},{"from":[7.06627,0,1.59738],"to":[8.06627,0,2.59738],"rotation":{"angle":-22.5,"axis":"y","origin":[7.56627,2,2.09738]},"faces":{"north":{"uv":[11,5,12,6],"texture":"#1_1"},"east":{"uv":[11,5,12,6],"texture":"#1_1"},"south":{"uv":[11,5,12,6],"texture":"#1_1"},"west":{"uv":[11,5,12,6],"texture":"#1_1"},"up":{"uv":[11,5,12,6],"texture":"#1_1"},"down":{"uv":[11,5,12,6],"texture":"#1_1"}}},{"from":[3.53073,0,1.30448],"to":[4.53073,0,2.30448],"rotation":{"angle":-45,"axis":"y","origin":[4.03073,2,2.80448]},"faces":{"north":{"uv":[1,11,2,12],"texture":"#1_1"},"east":{"uv":[1,11,2,12],"texture":"#1_1"},"south":{"uv":[1,11,2,12],"texture":"#1_1"},"west":{"uv":[1,11,2,12],"texture":"#1_1"},"up":{"uv":[1,11,2,12],"texture":"#1_1"},"down":{"uv":[1,11,2,12],"texture":"#1_1"}}},{"from":[2,0,6],"to":[3,0,7],"rotation":{"angle":-22.5,"axis":"y","origin":[2.5,0,6.5]},"faces":{"north":{"uv":[6,13,7,14],"texture":"#1_1"},"east":{"uv":[6,13,7,14],"texture":"#1_1"},"south":{"uv":[6,13,7,14],"texture":"#1_1"},"west":{"uv":[6,13,7,14],"texture":"#1_1"},"up":{"uv":[6,13,7,14],"texture":"#1_1"},"down":{"uv":[6,13,7,14],"texture":"#1_1"}}},{"from":[2.4056,2.75,8.14762],"to":[14.4056,12.75,8.14762],"rotation":{"angle":-45,"axis":"y","origin":[8.4056,8,8.14762]},"faces":{"north":{"uv":[0,0,16,16],"texture":"#3"},"east":{"uv":[0,0,16,16],"texture":"#3"},"south":{"uv":[16,0,0,16],"texture":"#3"},"west":{"uv":[0,0,16,16],"texture":"#3"},"up":{"uv":[0,0,16,16],"texture":"#3"},"down":{"uv":[0,0,16,16],"texture":"#3"}}},{"from":[8.4056,2.75,2.14762],"to":[8.4056,12.75,14.14762],"rotation":{"angle":-45,"axis":"y","origin":[8.4056,8,8.14762]},"faces":{"north":{"uv":[0,0,16,16],"texture":"#3"},"east":{"uv":[16,0,0,16],"texture":"#3"},"south":{"uv":[0,0,16,16],"texture":"#3"},"west":{"uv":[0,0,16,16],"texture":"#3"},"up":{"uv":[0,0,16,16],"rotation":270,"texture":"#3"},"down":{"uv":[0,0,16,16],"rotation":90,"texture":"#3"}}}],"display":{"thirdperson_righthand":{"translation":[0,1.5,-2],"scale":[0.5,0.5,0.5]},"thirdperson_lefthand":{"translation":[0,1.5,-2],"scale":[0.5,0.5,0.5]},"firstperson_righthand":{"scale":[0.5,0.5,0.5]},"firstperson_lefthand":{"scale":[0.5,0.5,0.5]},"ground":{"translation":[0,2,0],"scale":[0.7,0.7,0.7]},"gui":{"rotation":[0,74,0],"scale":[0.7,0.7,0.7]},"fixed":{"rotation":[-90,90,0],"translation":[0,0,-15],"scale":[2,2,2]}},"groups":[0,1,2,3,4,5,6,7,8,{"name":"flower","origin":[8,8,8],"children":[9,10,11]},{"name":"petals","origin":[8,8,8],"children":[12,13,14,15,16,17,18,19,20,21]},{"name":"leaf","origin":[8.46164,14.75,7.35904],"children":[22,23]}]}