{"credit":"Made with Blockbench","textures":{"0":"block/porcelain_pitcher","1":"block/flowers/sunflower_stem","2":"block/flowers/sunflower_back","3":"block/flowers/sunflower_front","particle":"block/porcelain_pitcher"},"elements":[{"from":[5.5,0,5.5],"to":[10.5,1,10.5],"rotation":{"angle":0,"axis":"y","origin":[5.5,0,5.5]},"faces":{"north":{"uv":[11,13,16,14],"texture":"#0"},"east":{"uv":[11,13,16,14],"texture":"#0"},"south":{"uv":[11,13,16,14],"texture":"#0"},"west":{"uv":[11,13,16,14],"texture":"#0"},"up":{"uv":[0,0,5,5],"texture":"#missing"},"down":{"uv":[0,0,5,5],"texture":"#0"}}},{"from":[5.5,5,5.5],"to":[10.5,6,10.5],"rotation":{"angle":0,"axis":"y","origin":[5.5,0,5.5]},"faces":{"north":{"uv":[0,10,5,11],"texture":"#0"},"east":{"uv":[0,10,5,11],"texture":"#0"},"south":{"uv":[0,10,5,11],"texture":"#0"},"west":{"uv":[0,10,5,11],"texture":"#0"},"up":{"uv":[6,11,11,16],"texture":"#0"},"down":{"uv":[0,0,5,5],"texture":"#missing"}}},{"from":[5.5,7,5.5],"to":[10.5,8,10.5],"rotation":{"angle":0,"axis":"y","origin":[5.5,0,5.5]},"faces":{"north":{"uv":[0,8,5,9],"texture":"#0"},"east":{"uv":[0,8,5,9],"texture":"#0"},"south":{"uv":[0,8,5,9],"texture":"#0"},"west":{"uv":[0,8,5,9],"texture":"#0"},"up":{"uv":[1,1,4,4],"texture":"#0"},"down":{"uv":[0,0,5,5],"texture":"#0"}}},{"from":[5,4,5],"to":[11,5,11],"rotation":{"angle":0,"axis":"y","origin":[5,0,5]},"faces":{"north":{"uv":[0,11,6,12],"texture":"#0"},"east":{"uv":[0,11,6,12],"texture":"#0"},"south":{"uv":[0,11,6,12],"texture":"#0"},"west":{"uv":[0,11,6,12],"texture":"#0"},"up":{"uv":[5,1,11,7],"texture":"#0"},"down":{"uv":[0,0,5,5],"texture":"#missing"}}},{"from":[5,1,5],"to":[11,2,11],"rotation":{"angle":0,"axis":"y","origin":[5,0,5]},"faces":{"north":{"uv":[0,14,6,15],"texture":"#0"},"east":{"uv":[0,14,6,15],"texture":"#0"},"south":{"uv":[0,14,6,15],"texture":"#0"},"west":{"uv":[0,14,6,15],"texture":"#0"},"up":{"uv":[5,1,11,7],"texture":"#missing"},"down":{"uv":[0,0,5,5],"texture":"#0"}}},{"from":[5,2,5],"to":[11,4,11],"rotation":{"angle":0,"axis":"y","origin":[5,0,5]},"faces":{"north":{"uv":[11,0,15,12],"rotation":270,"texture":"#0"},"east":{"uv":[11,0,15,12],"rotation":90,"texture":"#0"},"south":{"uv":[11,0,15,12],"rotation":270,"texture":"#0"},"west":{"uv":[11,0,15,12],"rotation":90,"texture":"#0"},"up":{"uv":[5,1,11,7],"texture":"#missing"},"down":{"uv":[0,0,5,5],"texture":"#missing"}}},{"from":[6,6,6],"to":[10,7,10],"rotation":{"angle":0,"axis":"y","origin":[6,0,6]},"faces":{"north":{"uv":[11,12,15,13],"texture":"#0"},"east":{"uv":[11,12,15,13],"texture":"#0"},"south":{"uv":[11,12,15,13],"texture":"#0"},"west":{"uv":[11,12,15,13],"texture":"#0"},"up":{"uv":[11,12,15,13],"texture":"#0"},"down":{"uv":[11,12,15,13],"texture":"#0"}}},{"from":[4.5,5,7.5],"to":[5.5,6,8.5],"rotation":{"angle":0,"axis":"y","origin":[4.5,5,9.5]},"faces":{"north":{"uv":[1,10,2,11],"texture":"#0"},"east":{"uv":[0,0,1,1],"texture":"#missing"},"south":{"uv":[1,10,2,11],"texture":"#0"},"west":{"uv":[1,1,2,2],"texture":"#0"},"up":{"uv":[3,8,4,9],"texture":"#0"},"down":{"uv":[2,2,3,3],"texture":"#0"}}},{"from":[2.5,3,7.5],"to":[3.5,6,8.5],"rotation":{"angle":0,"axis":"y","origin":[4.5,5,9.5]},"faces":{"north":{"uv":[1,10,2,12],"texture":"#0"},"east":{"uv":[1,1,2,4],"texture":"#0"},"south":{"uv":[1,10,2,11],"texture":"#0"},"west":{"uv":[0,5,3,6],"rotation":90,"texture":"#0"},"up":{"uv":[3,8,4,9],"texture":"#0"},"down":{"uv":[1,1,2,2],"texture":"#0"}}},{"from":[3.5,6,7.5],"to":[4.5,7,8.5],"rotation":{"angle":0,"axis":"y","origin":[4.5,5,9.5]},"faces":{"north":{"uv":[1,10,2,11],"texture":"#0"},"east":{"uv":[0,0,1,1],"texture":"#0"},"south":{"uv":[1,10,2,11],"texture":"#0"},"west":{"uv":[0,9,1,10],"texture":"#0"},"up":{"uv":[3,8,4,9],"texture":"#0"},"down":{"uv":[2,2,3,3],"texture":"#0"}}},{"from":[4.5,1,7.5],"to":[5.5,2,8.5],"rotation":{"angle":0,"axis":"y","origin":[4.5,5,9.5]},"faces":{"north":{"uv":[1,10,2,11],"texture":"#0"},"east":{"uv":[0,0,1,1],"texture":"#missing"},"south":{"uv":[1,10,2,11],"texture":"#0"},"west":{"uv":[0,0,1,1],"texture":"#missing"},"up":{"uv":[0,9,1,10],"texture":"#0"},"down":{"uv":[1,1,2,2],"texture":"#0"}}},{"from":[3.5,1,7.5],"to":[4.5,3,8.5],"rotation":{"angle":0,"axis":"y","origin":[4.5,5,9.5]},"faces":{"north":{"uv":[1,10,2,11],"texture":"#0"},"east":{"uv":[1,1,2,3],"texture":"#0"},"south":{"uv":[1,10,2,11],"texture":"#0"},"west":{"uv":[0,9,1,10],"texture":"#0"},"up":{"uv":[0,9,1,10],"texture":"#0"},"down":{"uv":[2,1,3,2],"texture":"#0"}}},{"from":[5.5,8,5.5],"to":[10.5,9,6.5],"rotation":{"angle":0,"axis":"y","origin":[5.5,8,5.5]},"faces":{"north":{"uv":[0,7,5,8],"texture":"#0"},"east":{"uv":[0,7,1,8],"texture":"#0"},"south":{"uv":[2,5,3,6],"texture":"#0"},"west":{"uv":[0,7,1,8],"texture":"#0"},"up":{"uv":[0,7,5,8],"texture":"#0"},"down":{"uv":[0,0,5,1],"texture":"#missing"}}},{"from":[5.5,8,9.5],"to":[10.5,9,10.5],"rotation":{"angle":0,"axis":"y","origin":[5.5,8,5.5]},"faces":{"north":{"uv":[2,5,3,6],"texture":"#0"},"east":{"uv":[0,7,1,8],"texture":"#0"},"south":{"uv":[0,7,5,8],"texture":"#0"},"west":{"uv":[0,7,1,8],"texture":"#0"},"up":{"uv":[0,7,5,8],"texture":"#0"},"down":{"uv":[0,0,5,1],"texture":"#missing"}}},{"from":[10.5,8,6.5],"to":[11.5,9,9.5],"rotation":{"angle":0,"axis":"y","origin":[9.5,8,6.5]},"faces":{"north":{"uv":[0,7,1,8],"texture":"#0"},"east":{"uv":[1,7,4,8],"texture":"#0"},"south":{"uv":[0,7,1,8],"texture":"#0"},"west":{"uv":[2,5,3,6],"texture":"#0"},"up":{"uv":[1,7,4,8],"rotation":90,"texture":"#0"},"down":{"uv":[0,0,1,3],"texture":"#0"}}},{"from":[5.5,8,6.5],"to":[6.5,9,9.5],"rotation":{"angle":0,"axis":"y","origin":[9.5,8,6.5]},"faces":{"north":{"uv":[0,0,1,1],"texture":"#missing"},"east":{"uv":[2,5,3,6],"texture":"#0"},"south":{"uv":[0,0,1,1],"texture":"#missing"},"west":{"uv":[1,7,4,8],"texture":"#0"},"up":{"uv":[1,8,4,9],"rotation":90,"texture":"#0"},"down":{"uv":[0,0,1,3],"texture":"#missing"}}},{"from":[9.75,8.75,1],"to":[9.75,18.75,13],"rotation":{"angle":45,"axis":"y","origin":[9,12,6.75]},"faces":{"north":{"uv":[16,0,0,16],"texture":"#1"},"east":{"uv":[0,0,16,16],"texture":"#3"},"south":{"uv":[16,0,0,16],"texture":"#1"},"west":{"uv":[16,0,0,16],"texture":"#2"},"up":{"uv":[16,0,0,16],"texture":"#1"},"down":{"uv":[16,0,0,16],"texture":"#1"}}},{"from":[5.2019,8.5,2.40165],"to":[5.2019,18.5,14.40165],"rotation":{"angle":-22.5,"axis":"y","origin":[6.7019,13.75,9.40165]},"faces":{"north":{"uv":[16,0,0,16],"texture":"#1"},"east":{"uv":[16,0,0,16],"texture":"#2"},"south":{"uv":[16,0,0,16],"texture":"#1"},"west":{"uv":[0,0,16,16],"texture":"#3"},"up":{"uv":[16,0,0,16],"rotation":180,"texture":"#1"},"down":{"uv":[16,0,0,16],"rotation":180,"texture":"#1"}}},{"from":[0.89124,9,10.78033],"to":[12.89124,19,10.78033],"rotation":{"angle":22.5,"axis":"y","origin":[6.89124,13.75,9.53033]},"faces":{"north":{"uv":[16,0,0,16],"texture":"#2"},"east":{"uv":[0,0,16,16],"texture":"#1"},"south":{"uv":[16,0,0,16],"texture":"#3"},"west":{"uv":[0,0,16,16],"texture":"#1"},"up":{"uv":[0,0,16,16],"rotation":180,"texture":"#1"},"down":{"uv":[0,0,16,16],"rotation":180,"texture":"#1"}}},{"from":[3,0,4],"to":[4,0,5],"rotation":{"angle":22.5,"axis":"y","origin":[3.5,0,4.5]},"faces":{"north":{"uv":[3,9,4,10],"texture":"#3"},"east":{"uv":[3,9,4,10],"texture":"#3"},"south":{"uv":[3,9,4,10],"texture":"#3"},"west":{"uv":[3,9,4,10],"texture":"#3"},"up":{"uv":[3,9,4,10],"texture":"#3"},"down":{"uv":[3,9,4,10],"texture":"#3"}}},{"from":[8,0,5],"to":[9,0,6],"rotation":{"angle":22.5,"axis":"y","origin":[3.5,0,4.5]},"faces":{"north":{"uv":[4,5,5,6],"texture":"#3"},"east":{"uv":[4,5,5,6],"texture":"#3"},"south":{"uv":[4,5,5,6],"texture":"#3"},"west":{"uv":[4,5,5,6],"texture":"#3"},"up":{"uv":[4,5,5,6],"texture":"#3"},"down":{"uv":[4,5,5,6],"texture":"#3"}}},{"from":[12.89949,0,6.82843],"to":[13.89949,0,7.82843],"rotation":{"angle":45,"axis":"y","origin":[13.39949,0,7.32843]},"faces":{"north":{"uv":[7,4,8,5],"texture":"#3"},"east":{"uv":[7,4,8,5],"texture":"#3"},"south":{"uv":[7,4,8,5],"texture":"#3"},"west":{"uv":[7,4,8,5],"texture":"#3"},"up":{"uv":[7,4,8,5],"texture":"#3"},"down":{"uv":[7,4,8,5],"texture":"#3"}}},{"from":[9.36396,0,13.19239],"to":[10.36396,0,14.19239],"rotation":{"angle":-22.5,"axis":"y","origin":[9.86396,0,13.69239]},"faces":{"north":{"uv":[5,9,6,10],"texture":"#3"},"east":{"uv":[5,9,6,10],"texture":"#3"},"south":{"uv":[5,9,6,10],"texture":"#3"},"west":{"uv":[5,9,6,10],"texture":"#3"},"up":{"uv":[5,9,6,10],"texture":"#3"},"down":{"uv":[5,9,6,10],"texture":"#3"}}},{"from":[3.82068,0,10.89629],"to":[4.82068,0,11.89629],"rotation":{"angle":-45,"axis":"y","origin":[4.32068,0,11.39629]},"faces":{"north":{"uv":[12,9,13,10],"texture":"#3"},"east":{"uv":[12,9,13,10],"texture":"#3"},"south":{"uv":[12,9,13,10],"texture":"#3"},"west":{"uv":[12,9,13,10],"texture":"#3"},"up":{"uv":[12,9,13,10],"texture":"#3"},"down":{"uv":[12,9,13,10],"texture":"#3"}}},{"from":[5.942,0,13.01761],"to":[6.942,0,14.01761],"rotation":{"angle":-22.5,"axis":"y","origin":[6.442,0,13.51761]},"faces":{"north":{"uv":[7,4,8,5],"texture":"#3"},"east":{"uv":[7,4,8,5],"texture":"#3"},"south":{"uv":[7,4,8,5],"texture":"#3"},"west":{"uv":[7,4,8,5],"texture":"#3"},"up":{"uv":[7,4,8,5],"texture":"#3"},"down":{"uv":[7,4,8,5],"texture":"#3"}}},{"from":[12.09214,0,11.23551],"to":[13.09214,0,12.23551],"rotation":{"angle":0,"axis":"y","origin":[12.59214,0,11.73551]},"faces":{"north":{"uv":[12,5,13,6],"texture":"#3"},"east":{"uv":[12,5,13,6],"texture":"#3"},"south":{"uv":[12,5,13,6],"texture":"#3"},"west":{"uv":[12,5,13,6],"texture":"#3"},"up":{"uv":[12,5,13,6],"texture":"#3"},"down":{"uv":[12,5,13,6],"texture":"#3"}}},{"from":[6.09214,0,3.23551],"to":[7.09214,0,4.23551],"rotation":{"angle":0,"axis":"y","origin":[12.59214,0,11.73551]},"faces":{"north":{"uv":[4,9,5,10],"texture":"#3"},"east":{"uv":[4,9,5,10],"texture":"#3"},"south":{"uv":[4,9,5,10],"texture":"#3"},"west":{"uv":[4,9,5,10],"texture":"#3"},"up":{"uv":[4,9,5,10],"texture":"#3"},"down":{"uv":[4,9,5,10],"texture":"#3"}}},{"from":[11.09214,0,3.23551],"to":[12.09214,0,4.23551],"rotation":{"angle":22.5,"axis":"y","origin":[11.59214,0,3.73551]},"faces":{"north":{"uv":[4,6,5,7],"texture":"#3"},"east":{"uv":[4,6,5,7],"texture":"#3"},"south":{"uv":[4,6,5,7],"texture":"#3"},"west":{"uv":[4,6,5,7],"texture":"#3"},"up":{"uv":[4,6,5,7],"texture":"#3"},"down":{"uv":[4,6,5,7],"texture":"#3"}}},{"from":[9.09214,0,8.23551],"to":[10.09214,0,9.23551],"rotation":{"angle":22.5,"axis":"y","origin":[11.59214,0,3.73551]},"faces":{"north":{"uv":[9,6,10,7],"texture":"#3"},"east":{"uv":[9,6,10,7],"texture":"#3"},"south":{"uv":[9,6,10,7],"texture":"#3"},"west":{"uv":[9,6,10,7],"texture":"#3"},"up":{"uv":[9,6,10,7],"texture":"#3"},"down":{"uv":[9,6,10,7],"texture":"#3"}}},{"from":[12.5,4.75,9.25],"to":[12.5,14.75,21.25],"rotation":{"angle":45,"axis":"y","origin":[1.75,8,16]},"faces":{"north":{"uv":[0,0,16,16],"texture":"#1"},"east":{"uv":[0,0,16,16],"texture":"#1"},"south":{"uv":[0,0,16,16],"texture":"#1"},"west":{"uv":[16,0,0,16],"texture":"#1"},"up":{"uv":[0,0,16,16],"texture":"#1"},"down":{"uv":[0,0,16,16],"texture":"#1"}}},{"from":[10.64949,4.75,3.20406],"to":[10.64949,14.75,15.20406],"rotation":{"angle":-45,"axis":"y","origin":[11.64949,9.75,6.45406]},"faces":{"north":{"uv":[0,0,16,16],"texture":"#1"},"east":{"uv":[0,0,16,16],"texture":"#1"},"south":{"uv":[0,0,16,16],"texture":"#1"},"west":{"uv":[16,0,0,16],"texture":"#1"},"up":{"uv":[0,0,16,16],"texture":"#1"},"down":{"uv":[0,0,16,16],"texture":"#1"}}}],"display":{"thirdperson_righthand":{"rotation":[0,90,0],"translation":[0,0,-3],"scale":[0.5,0.5,0.5]},"thirdperson_lefthand":{"rotation":[0,-90,0],"translation":[0,0,-3],"scale":[0.5,0.5,0.5]},"firstperson_righthand":{"scale":[0.7,0.7,0.7]},"firstperson_lefthand":{"scale":[0.7,0.7,0.7]},"ground":{"translation":[0,1.5,0],"scale":[0.7,0.7,0.7]},"gui":{"rotation":[0,-15,0],"translation":[0,-1,0],"scale":[0.6,0.6,0.6]},"fixed":{"rotation":[-90,0,0],"translation":[0,0,-15],"scale":[2,2,2]}},"groups":[0,1,2,3,4,5,6,7,8,9,10,11,12,13,14,15,{"name":"flower","origin":[6,5,1],"children":[16,17,18]},{"name":"petals","origin":[8,8,8],"children":[19,20,21,22,23,24,25,26,27,28]},{"name":"leaf","origin":[8,8,8],"children":[29,30]}]}