{"credit":"Made with Blockbench","textures":{"0":"block/iron pitcher","1":"block/flowers/hydrangea_white","particle":"block/iron pitcher"},"elements":[{"from":[5,0,5],"to":[11,3,11],"rotation":{"angle":0,"axis":"y","origin":[5,0,5]},"faces":{"north":{"uv":[0,13,6,16],"texture":"#0"},"east":{"uv":[0,13,6,16],"texture":"#0"},"south":{"uv":[7,13,13,16],"texture":"#0"},"west":{"uv":[0,13,6,16],"texture":"#0"},"up":{"uv":[0,0,6,6],"rotation":180,"texture":"#0"},"down":{"uv":[0,15,1,16],"texture":"#0"}}},{"from":[5.25,3,5.25],"to":[10.75,6,10.75],"rotation":{"angle":0,"axis":"y","origin":[5.25,0,5.25]},"faces":{"north":{"uv":[0,10,5,13],"texture":"#0"},"east":{"uv":[0,10,5,13],"texture":"#0"},"south":{"uv":[7,10,12,13],"texture":"#0"},"west":{"uv":[0,10,5,13],"texture":"#0"},"up":{"uv":[6,0,11,5],"rotation":180,"texture":"#0"},"down":{"uv":[0,0,5.5,5.5],"texture":"#missing"}}},{"from":[5.5,6,5.5],"to":[10.5,8,10.5],"rotation":{"angle":0,"axis":"y","origin":[5.5,0,5.5]},"faces":{"north":{"uv":[0,10,5,13],"texture":"#0"},"east":{"uv":[0,10,5,13],"texture":"#0"},"south":{"uv":[7,10,12,13],"texture":"#0"},"west":{"uv":[0,10,5,13],"texture":"#0"},"up":{"uv":[6,0,7,1],"texture":"#0"},"down":{"uv":[0,0,5,5],"texture":"#missing"}}},{"from":[4.5,9,5.5],"to":[5.5,10,7.5],"rotation":{"angle":0,"axis":"y","origin":[10.5,8,5.5]},"faces":{"north":{"uv":[1,11,2,12],"texture":"#0"},"east":{"uv":[1,0,2,2],"texture":"#0"},"south":{"uv":[1,10,2,11],"texture":"#0"},"west":{"uv":[2,13,4,14],"texture":"#0"},"up":{"uv":[0,0,1,2],"texture":"#0"},"down":{"uv":[0,0,1,1],"texture":"#0"}}},{"from":[4.5,8,6.5],"to":[5.5,9,10.5],"rotation":{"angle":0,"axis":"y","origin":[4.5,7,4.25]},"faces":{"north":{"uv":[0,0,1,1],"texture":"#0"},"east":{"uv":[0,1,4,2],"texture":"#0"},"south":{"uv":[0,0,1,1],"texture":"#0"},"west":{"uv":[2,0,6,1],"texture":"#0"},"up":{"uv":[2,10,3,14],"texture":"#0"},"down":{"uv":[0,0,1,1],"texture":"#0"}}},{"from":[10.5,8,6.5],"to":[11.5,9,10.5],"rotation":{"angle":0,"axis":"y","origin":[4.5,7,4.25]},"faces":{"north":{"uv":[0,0,1,1],"texture":"#0"},"east":{"uv":[0,0,4,1],"texture":"#0"},"south":{"uv":[0,0,1,1],"texture":"#0"},"west":{"uv":[0,1,4,2],"texture":"#0"},"up":{"uv":[2,10,3,14],"texture":"#0"},"down":{"uv":[0,0,1,1],"texture":"#0"}}},{"from":[6.5,8,4.5],"to":[9.5,9,5.5],"rotation":{"angle":0,"axis":"y","origin":[5.5,7,4.5]},"faces":{"north":{"uv":[1,12,4,13],"texture":"#0"},"east":{"uv":[0,0,1,1],"texture":"#0"},"south":{"uv":[0,0,3,1],"texture":"#missing"},"west":{"uv":[0,0,1,1],"texture":"#0"},"up":{"uv":[0,0,3,1],"texture":"#missing"},"down":{"uv":[2,0,5,1],"texture":"#0"}}},{"from":[5.5,8,9.5],"to":[10.5,9,10.5],"rotation":{"angle":0,"axis":"y","origin":[5.5,7,3.5]},"faces":{"north":{"uv":[0,1,5,2],"texture":"#0"},"east":{"uv":[0,0,1,1],"texture":"#missing"},"south":{"uv":[3.5,0,8.5,1],"texture":"#0"},"west":{"uv":[0,0,1,1],"texture":"#missing"},"up":{"uv":[2,10,3,15],"texture":"#0"},"down":{"uv":[0,0,5,1],"texture":"#missing"}}},{"from":[5.5,8,5.5],"to":[10.5,9,6.5],"rotation":{"angle":0,"axis":"y","origin":[5.5,7,3.5]},"faces":{"north":{"uv":[0,0,5,1],"texture":"#0"},"east":{"uv":[0,0,1,1],"texture":"#0"},"south":{"uv":[0,1,5,2],"texture":"#0"},"west":{"uv":[0,0,1,1],"texture":"#0"},"up":{"uv":[0,1,5,2],"texture":"#0"},"down":{"uv":[0,0,5,1],"texture":"#missing"}}},{"from":[5.5,9,4.5],"to":[10.5,10,5.5],"rotation":{"angle":0,"axis":"y","origin":[5.5,7,3.5]},"faces":{"north":{"uv":[1,15,5,16],"texture":"#0"},"east":{"uv":[1,11,2,12],"texture":"#0"},"south":{"uv":[4,1,8,2],"texture":"#0"},"west":{"uv":[1,11,2,12],"texture":"#0"},"up":{"uv":[1,15,5,16],"texture":"#0"},"down":{"uv":[0,0,1,1],"texture":"#0"}}},{"from":[10.5,9,5.5],"to":[11.5,10,7.5],"rotation":{"angle":0,"axis":"y","origin":[10.5,8,5.5]},"faces":{"north":{"uv":[1,11,2,12],"texture":"#0"},"east":{"uv":[2,13,4,14],"texture":"#0"},"south":{"uv":[1,10,2,11],"texture":"#0"},"west":{"uv":[1,0,3,1],"texture":"#0"},"up":{"uv":[0,0,1,2],"texture":"#0"},"down":{"uv":[0,0,1,1],"texture":"#0"}}},{"from":[7.5,9,3.5],"to":[8.5,10,4.5],"rotation":{"angle":0,"axis":"y","origin":[12.5,8.5,6]},"faces":{"north":{"uv":[2,12,3,13],"texture":"#0"},"east":{"uv":[1,12,2,13],"texture":"#0"},"south":{"uv":[0,0,1,1],"texture":"#missing"},"west":{"uv":[1,12,2,13],"texture":"#0"},"up":{"uv":[2,12,3,13],"texture":"#0"},"down":{"uv":[0,0,1,1],"rotation":90,"texture":"#0"}}},{"from":[10.51,8.79289,7],"to":[11.49,9.79289,8.5],"rotation":{"angle":45,"axis":"x","origin":[11.03,9.29289,7.5]},"faces":{"north":{"uv":[5,2,6.5,3],"texture":"#0"},"east":{"uv":[5,2,6.5,3],"texture":"#0"},"south":{"uv":[5,2,6.5,3],"texture":"#0"},"west":{"uv":[5,2,6.5,3],"texture":"#0"},"up":{"uv":[5,2,6.5,3],"texture":"#0"},"down":{"uv":[5,2,6.5,3],"texture":"#0"}}},{"from":[4.51,8.79289,7],"to":[5.49,9.79289,8.5],"rotation":{"angle":45,"axis":"x","origin":[11.03,9.29289,7.5]},"faces":{"north":{"uv":[5,2,6.5,3],"texture":"#0"},"east":{"uv":[5,2,6.5,3],"texture":"#0"},"south":{"uv":[5,2,6.5,3],"texture":"#0"},"west":{"uv":[5,2,6.5,3],"texture":"#0"},"up":{"uv":[5,2,6.5,3],"texture":"#0"},"down":{"uv":[5,2,6.5,3],"texture":"#0"}}},{"from":[7.5,7,10.5],"to":[8.5,8,11.5],"rotation":{"angle":0,"axis":"y","origin":[6,8.5,11]},"faces":{"north":{"uv":[0,10,1,11],"texture":"#0"},"east":{"uv":[0,10,1,11],"texture":"#0"},"south":{"uv":[0,10,1,11],"texture":"#0"},"west":{"uv":[0,10,1,11],"texture":"#0"},"up":{"uv":[2,10,3,11],"texture":"#0"},"down":{"uv":[0,10,1,11],"texture":"#0"}}},{"from":[7.5,8,11.5],"to":[8.5,9,13.5],"rotation":{"angle":0,"axis":"y","origin":[6,8.5,11]},"faces":{"north":{"uv":[1,12,2,14],"texture":"#0"},"east":{"uv":[1,12,2,14],"texture":"#0"},"south":{"uv":[1,12,2,14],"texture":"#0"},"west":{"uv":[1,12,2,14],"texture":"#0"},"up":{"uv":[2,12,3,14],"texture":"#0"},"down":{"uv":[1,12,2,14],"texture":"#0"}}},{"from":[7.5,4,13.5],"to":[8.5,8,14.5],"rotation":{"angle":0,"axis":"y","origin":[6,8.5,11]},"faces":{"north":{"uv":[4,0,8,1],"rotation":90,"texture":"#0"},"east":{"uv":[1,11,2,15],"texture":"#0"},"south":{"uv":[4,2,8,3],"rotation":90,"texture":"#0"},"west":{"uv":[1,11,2,15],"texture":"#0"},"up":{"uv":[2,11,3,12],"texture":"#0"},"down":{"uv":[0,5,1,6],"texture":"#0"}}},{"from":[7.5,3,12.5],"to":[8.5,4,13.5],"rotation":{"angle":0,"axis":"y","origin":[6,8.5,11]},"faces":{"north":{"uv":[0,10,1,11],"texture":"#0"},"east":{"uv":[0,10,1,11],"texture":"#0"},"south":{"uv":[1,10,2,11],"texture":"#0"},"west":{"uv":[0,10,1,11],"texture":"#0"},"up":{"uv":[0,10,1,11],"texture":"#0"},"down":{"uv":[0,5,1,6],"texture":"#0"}}},{"from":[7.5,2,11.5],"to":[8.5,3,12.5],"rotation":{"angle":0,"axis":"y","origin":[6,8.5,11]},"faces":{"north":{"uv":[0,12,1,13],"texture":"#0"},"east":{"uv":[0,12,1,13],"texture":"#0"},"south":{"uv":[1,12,2,13],"texture":"#0"},"west":{"uv":[0,12,1,13],"texture":"#0"},"up":{"uv":[0,12,1,13],"texture":"#0"},"down":{"uv":[0,5,1,6],"texture":"#0"}}},{"from":[7.5,2,10.5],"to":[8.5,3,11.5],"rotation":{"angle":0,"axis":"y","origin":[6,8.5,11]},"faces":{"north":{"uv":[0,12,1,13],"texture":"#0"},"east":{"uv":[0,12,1,13],"texture":"#0"},"south":{"uv":[0,12,1,13],"texture":"#0"},"west":{"uv":[0,12,1,13],"texture":"#0"},"up":{"uv":[0,12,1,13],"texture":"#0"},"down":{"uv":[0,5,1,6],"texture":"#0"}}},{"from":[8,8,2],"to":[8,18,14],"rotation":{"angle":45,"axis":"y","origin":[8,13,8]},"faces":{"north":{"uv":[0,0,16,16],"texture":"#1"},"east":{"uv":[0,0,16,16],"texture":"#1"},"south":{"uv":[0,0,16,16],"texture":"#1"},"west":{"uv":[0,0,16,16],"texture":"#1"},"up":{"uv":[0,0,16,16],"texture":"#1"},"down":{"uv":[0,0,16,16],"texture":"#1"}}},{"from":[2,7.5,8],"to":[14,17.5,8],"rotation":{"angle":45,"axis":"y","origin":[8,13,8]},"faces":{"north":{"uv":[0,0,16,16],"texture":"#1"},"east":{"uv":[0,0,16,16],"texture":"#1"},"south":{"uv":[0,0,16,16],"texture":"#1"},"west":{"uv":[0,0,16,16],"texture":"#1"},"up":{"uv":[0,0,16,16],"texture":"#1"},"down":{"uv":[0,0,16,16],"texture":"#1"}}},{"from":[12.53345,0,10.22513],"to":[13.53345,0,11.22513],"rotation":{"angle":45,"axis":"y","origin":[13.03345,0,10.72513]},"faces":{"north":{"uv":[6,6,7,7],"texture":"#1"},"east":{"uv":[6,6,7,7],"texture":"#1"},"south":{"uv":[6,6,7,7],"texture":"#1"},"west":{"uv":[6,6,7,7],"texture":"#1"},"up":{"uv":[6,6,7,7],"texture":"#1"},"down":{"uv":[6,6,7,7],"texture":"#1"}}},{"from":[12.85048,0,5.76424],"to":[13.85048,0,6.76424],"rotation":{"angle":22.5,"axis":"y","origin":[13.35048,0,6.26424]},"faces":{"north":{"uv":[3,3,4,4],"texture":"#1"},"east":{"uv":[3,3,4,4],"texture":"#1"},"south":{"uv":[3,3,4,4],"texture":"#1"},"west":{"uv":[3,3,4,4],"texture":"#1"},"up":{"uv":[3,3,4,4],"texture":"#1"},"down":{"uv":[3,3,4,4],"texture":"#1"}}},{"from":[11.85048,0,2.76424],"to":[12.85048,0,3.76424],"rotation":{"angle":0,"axis":"y","origin":[1.35048,2,9.26424]},"faces":{"north":{"uv":[4,3,5,4],"texture":"#1"},"east":{"uv":[4,3,5,4],"texture":"#1"},"south":{"uv":[4,3,5,4],"texture":"#1"},"west":{"uv":[4,3,5,4],"texture":"#1"},"up":{"uv":[4,3,5,4],"texture":"#1"},"down":{"uv":[4,3,5,4],"texture":"#1"}}},{"from":[0.85048,0,8.76424],"to":[1.85048,0,9.76424],"rotation":{"angle":0,"axis":"y","origin":[1.35048,2,9.26424]},"faces":{"north":{"uv":[4,5,5,6],"texture":"#1"},"east":{"uv":[4,5,5,6],"texture":"#1"},"south":{"uv":[4,5,5,6],"texture":"#1"},"west":{"uv":[4,5,5,6],"texture":"#1"},"up":{"uv":[4,5,5,6],"texture":"#1"},"down":{"uv":[4,5,5,6],"texture":"#1"}}},{"from":[11.85048,0,2.76424],"to":[12.85048,0,3.76424],"rotation":{"angle":0,"axis":"y","origin":[1.35048,2,9.26424]},"faces":{"north":{"uv":[7,4,8,5],"texture":"#1"},"east":{"uv":[7,4,8,5],"texture":"#1"},"south":{"uv":[7,4,8,5],"texture":"#1"},"west":{"uv":[7,4,8,5],"texture":"#1"},"up":{"uv":[7,4,8,5],"texture":"#1"},"down":{"uv":[7,4,8,5],"texture":"#1"}}},{"from":[5.62839,0,12.9081],"to":[6.62839,0,13.9081],"rotation":{"angle":0,"axis":"y","origin":[6.12839,0,13.4081]},"faces":{"north":{"uv":[6,6,7,7],"texture":"#1"},"east":{"uv":[6,6,7,7],"texture":"#1"},"south":{"uv":[6,6,7,7],"texture":"#1"},"west":{"uv":[6,6,7,7],"texture":"#1"},"up":{"uv":[6,6,7,7],"texture":"#1"},"down":{"uv":[6,6,7,7],"texture":"#1"}}},{"from":[7.06627,0,12.59738],"to":[8.06627,0,13.59738],"rotation":{"angle":-22.5,"axis":"y","origin":[7.56627,2,2.09738]},"faces":{"north":{"uv":[9,8,10,9],"texture":"#1"},"east":{"uv":[9,8,10,9],"texture":"#1"},"south":{"uv":[9,8,10,9],"texture":"#1"},"west":{"uv":[9,8,10,9],"texture":"#1"},"up":{"uv":[9,8,10,9],"texture":"#1"},"down":{"uv":[9,8,10,9],"texture":"#1"}}},{"from":[7.06627,0,1.59738],"to":[8.06627,0,2.59738],"rotation":{"angle":-22.5,"axis":"y","origin":[7.56627,2,2.09738]},"faces":{"north":{"uv":[7,6,8,7],"texture":"#1"},"east":{"uv":[7,6,8,7],"texture":"#1"},"south":{"uv":[7,6,8,7],"texture":"#1"},"west":{"uv":[7,6,8,7],"texture":"#1"},"up":{"uv":[7,6,8,7],"texture":"#1"},"down":{"uv":[7,6,8,7],"texture":"#1"}}},{"from":[3.53073,0,1.30448],"to":[4.53073,0,2.30448],"rotation":{"angle":-45,"axis":"y","origin":[4.03073,2,2.80448]},"faces":{"north":{"uv":[5,4,6,5],"texture":"#1"},"east":{"uv":[5,4,6,5],"texture":"#1"},"south":{"uv":[5,4,6,5],"texture":"#1"},"west":{"uv":[5,4,6,5],"texture":"#1"},"up":{"uv":[5,4,6,5],"texture":"#1"},"down":{"uv":[5,4,6,5],"texture":"#1"}}},{"from":[2,0,6],"to":[3,0,7],"rotation":{"angle":-22.5,"axis":"y","origin":[2.5,0,6.5]},"faces":{"north":{"uv":[10,9,11,10],"texture":"#1"},"east":{"uv":[10,9,11,10],"texture":"#1"},"south":{"uv":[10,9,11,10],"texture":"#1"},"west":{"uv":[10,9,11,10],"texture":"#1"},"up":{"uv":[10,9,11,10],"texture":"#1"},"down":{"uv":[10,9,11,10],"texture":"#1"}}}],"display":{"thirdperson_righthand":{"translation":[0,1.5,-2],"scale":[0.5,0.5,0.5]},"thirdperson_lefthand":{"translation":[0,1.5,-2],"scale":[0.5,0.5,0.5]},"firstperson_righthand":{"scale":[0.5,0.5,0.5]},"firstperson_lefthand":{"scale":[0.5,0.5,0.5]},"ground":{"translation":[0,2,0],"scale":[0.7,0.7,0.7]},"gui":{"rotation":[0,74,0],"translation":[0,2.5,0],"scale":[0.7,0.7,0.7]},"fixed":{"rotation":[-90,90,0],"translation":[0,0,-15],"scale":[2,2,2]}},"groups":[{"name":"base","origin":[5.25,0,5.25],"children":[0]},{"name":"cuerpo","origin":[5,0,5],"children":[1]},{"name":"cuello","origin":[8,8,8],"children":[2]},{"name":"borde","origin":[5.5,0,5.5],"children":[3,4,5,6,7,8,9,10,11,12,13]},{"name":"manija","origin":[8,8,8],"children":[14,15,16,17,18,19]},{"name":"flower","origin":[8,8,8],"children":[20,21]},{"name":"petals","origin":[8,8,8],"children":[22,23,24,25,26,27,28,29,30,31]}]}