{"credit":"Made with Blockbench","textures":{"1":"block/iron_1","2":"block/wheel","4":"block/flowers/sunflower_stem","5":"block/flowers/sunflower_front","7":"block/dark_oak_planks","particle":"block/dark_oak_planks"},"elements":[{"from":[16,6,10],"to":[20,7,22],"rotation":{"angle":0,"axis":"y","origin":[0,5,0]},"faces":{"north":{"uv":[0,0,4,1],"texture":"#7"},"east":{"uv":[0,0,12,1],"texture":"#7"},"south":{"uv":[0,0,4,1],"texture":"#7"},"west":{"uv":[0,0,12,1],"texture":"#7"},"up":{"uv":[0,0,4,12],"texture":"#7"},"down":{"uv":[0,0,4,12],"texture":"#7"}}},{"from":[0,6,10],"to":[1,12,22],"rotation":{"angle":0,"axis":"y","origin":[0,5,0]},"faces":{"north":{"uv":[0,0,1,6],"texture":"#7"},"east":{"uv":[0,0,12,6],"texture":"#7"},"south":{"uv":[0,0,1,6],"texture":"#7"},"west":{"uv":[0,0,12,6],"texture":"#7"},"up":{"uv":[0,0,1,12],"texture":"#7"},"down":{"uv":[0,0,1,12],"texture":"#7"}}},{"from":[20,6,10],"to":[21,12,22],"rotation":{"angle":0,"axis":"y","origin":[0,5,0]},"faces":{"north":{"uv":[0,0,1,6],"texture":"#7"},"east":{"uv":[0,0,12,6],"texture":"#7"},"south":{"uv":[0,0,1,6],"texture":"#7"},"west":{"uv":[0,0,12,6],"texture":"#7"},"up":{"uv":[0,0,1,12],"texture":"#7"},"down":{"uv":[0,0,1,12],"texture":"#7"}}},{"from":[-5,9,10],"to":[0,11,11],"rotation":{"angle":0,"axis":"y","origin":[0,5,0]},"faces":{"north":{"uv":[0,0,5,2],"texture":"#7"},"east":{"uv":[0,0,1,2],"texture":"#7"},"south":{"uv":[0,3,5,5],"texture":"#7"},"west":{"uv":[10,8,11,10],"texture":"#7"},"up":{"uv":[0,0,5,1],"texture":"#7"},"down":{"uv":[0,0,5,1],"texture":"#7"}}},{"from":[-5,9,21],"to":[0,11,22],"rotation":{"angle":0,"axis":"y","origin":[0,5,0]},"faces":{"north":{"uv":[0,3,5,5],"texture":"#7"},"east":{"uv":[0,0,1,2],"texture":"#7"},"south":{"uv":[0,0,5,2],"texture":"#7"},"west":{"uv":[10,8,11,10],"texture":"#7"},"up":{"uv":[0,0,5,1],"texture":"#7"},"down":{"uv":[0,0,5,1],"texture":"#7"}}},{"from":[-6,10,10],"to":[-5,11,11],"rotation":{"angle":0,"axis":"y","origin":[-6,9,1]},"faces":{"north":{"uv":[6,1,7,2],"texture":"#7"},"east":{"uv":[6,1,7,2],"texture":"#7"},"south":{"uv":[6,1,7,2],"texture":"#7"},"west":{"uv":[6,1,7,2],"texture":"#7"},"up":{"uv":[6,1,7,2],"texture":"#7"},"down":{"uv":[6,1,7,2],"texture":"#7"}}},{"from":[-6,10,21],"to":[-5,11,22],"rotation":{"angle":0,"axis":"y","origin":[-6,9,1]},"faces":{"north":{"uv":[5,1,6,2],"texture":"#7"},"east":{"uv":[5,1,6,2],"texture":"#7"},"south":{"uv":[5,1,6,2],"texture":"#7"},"west":{"uv":[5,1,6,2],"texture":"#7"},"up":{"uv":[5,1,6,2],"texture":"#7"},"down":{"uv":[5,1,6,2],"texture":"#7"}}},{"from":[1,6,10],"to":[16,7,22],"rotation":{"angle":0,"axis":"y","origin":[0,5,0]},"faces":{"north":{"uv":[0,0,15,1],"texture":"#7"},"east":{"uv":[0,0,12,1],"texture":"#7"},"south":{"uv":[0,0,15,1],"texture":"#7"},"west":{"uv":[0,0,12,1],"texture":"#7"},"up":{"uv":[0,0,15,12],"texture":"#7"},"down":{"uv":[0,0,15,12],"texture":"#7"}}},{"from":[0,6,9],"to":[16,12,10],"rotation":{"angle":0,"axis":"y","origin":[0,5,0]},"faces":{"north":{"uv":[0,9,16,15],"texture":"#7"},"east":{"uv":[0,0,1,6],"texture":"#7"},"south":{"uv":[0,10,16,16],"texture":"#7"},"west":{"uv":[0,0,1,6],"texture":"#7"},"up":{"uv":[0,9,16,10],"texture":"#7"},"down":{"uv":[0,9,16,10],"texture":"#7"}}},{"from":[0,6,22],"to":[16,12,23],"rotation":{"angle":0,"axis":"y","origin":[0,5,0]},"faces":{"north":{"uv":[0,10,16,16],"texture":"#7"},"east":{"uv":[0,0,1,6],"texture":"#7"},"south":{"uv":[0,9,16,15],"texture":"#7"},"west":{"uv":[0,0,1,6],"texture":"#7"},"up":{"uv":[0,9,16,10],"texture":"#7"},"down":{"uv":[0,9,16,10],"texture":"#7"}}},{"from":[16,6,9],"to":[21,12,10],"rotation":{"angle":0,"axis":"y","origin":[0,5,0]},"faces":{"north":{"uv":[0,9,5,15],"texture":"#7"},"east":{"uv":[0,0,1,6],"texture":"#7"},"south":{"uv":[0,10,5,16],"texture":"#7"},"west":{"uv":[0,0,1,6],"texture":"#7"},"up":{"uv":[11,11,16,12],"texture":"#7"},"down":{"uv":[11,11,16,12],"texture":"#7"}}},{"from":[16,6,22],"to":[21,12,23],"rotation":{"angle":0,"axis":"y","origin":[0,5,0]},"faces":{"north":{"uv":[0,10,5,16],"texture":"#7"},"east":{"uv":[0,0,1,6],"texture":"#7"},"south":{"uv":[0,9,5,15],"texture":"#7"},"west":{"uv":[0,0,1,6],"texture":"#7"},"up":{"uv":[11,11,16,12],"texture":"#7"},"down":{"uv":[11,11,16,12],"texture":"#7"}}},{"from":[10.2,4.1,23.05],"to":[11.55,6.125,24.4],"rotation":{"angle":0,"axis":"y","origin":[15.33307,5.2803,23.93636]},"faces":{"north":{"uv":[13,3,12,4],"texture":"#1"},"east":{"uv":[14,3,13,4],"texture":"#1"},"south":{"uv":[13,3,12,4],"texture":"#1"},"west":{"uv":[14,3,13,4],"texture":"#1"},"up":{"uv":[14,3,13,4],"texture":"#1"},"down":{"uv":[14,3,13,4],"texture":"#1"}}},{"from":[19.03036,4.1,23.05],"to":[20.38036,6.125,24.4],"rotation":{"angle":0,"axis":"z","origin":[15.33307,5.2803,23.93636]},"faces":{"north":{"uv":[13,3,12,4],"texture":"#1"},"east":{"uv":[14,3,13,4],"rotation":180,"texture":"#1"},"south":{"uv":[13,3,12,4],"rotation":180,"texture":"#1"},"west":{"uv":[14,3,13,4],"rotation":180,"texture":"#1"},"up":{"uv":[14,3,13,4],"rotation":180,"texture":"#1"},"down":{"uv":[14,3,13,4],"rotation":180,"texture":"#1"}}},{"from":[14.27768,8.85268,23.05],"to":[16.30268,10.20268,24.4],"rotation":{"angle":0,"axis":"z","origin":[15.33307,5.2803,23.93636]},"faces":{"north":{"uv":[11,3,10,4],"rotation":270,"texture":"#1"},"east":{"uv":[14,3,13,4],"rotation":270,"texture":"#1"},"south":{"uv":[11,3,10,4],"rotation":270,"texture":"#1"},"west":{"uv":[14,3,13,4],"rotation":270,"texture":"#1"},"up":{"uv":[11,3,10,4],"rotation":270,"texture":"#1"},"down":{"uv":[14,3,13,4],"rotation":270,"texture":"#1"}}},{"from":[14.27768,0.02232,23.05],"to":[16.30268,1.37232,24.4],"rotation":{"angle":0,"axis":"z","origin":[15.33307,5.2803,23.93636]},"faces":{"north":{"uv":[14,3,13,4],"rotation":90,"texture":"#1"},"east":{"uv":[14,3,13,4],"rotation":90,"texture":"#1"},"south":{"uv":[14,3,13,4],"rotation":90,"texture":"#1"},"west":{"uv":[14,3,13,4],"rotation":90,"texture":"#1"},"up":{"uv":[14,3,13,4],"rotation":90,"texture":"#1"},"down":{"uv":[14,3,13,4],"rotation":90,"texture":"#1"}}},{"from":[10.26748,4.09636,23.04],"to":[11.61748,6.12136,24.39],"rotation":{"angle":-22.5,"axis":"z","origin":[15.33307,5.2803,23.93636]},"faces":{"north":{"uv":[13,3,12,4],"texture":"#1"},"east":{"uv":[14,3,13,4],"texture":"#1"},"south":{"uv":[13,3,12,4],"texture":"#1"},"west":{"uv":[14,3,13,4],"texture":"#1"},"up":{"uv":[14,3,13,4],"texture":"#1"},"down":{"uv":[14,3,13,4],"texture":"#1"}}},{"from":[19.09784,4.09636,23.05],"to":[20.44784,6.12136,24.4],"rotation":{"angle":-22.5,"axis":"z","origin":[15.33307,5.2803,23.93636]},"faces":{"north":{"uv":[13,3,12,4],"texture":"#1"},"east":{"uv":[14,3,13,4],"rotation":180,"texture":"#1"},"south":{"uv":[13,3,12,4],"rotation":180,"texture":"#1"},"west":{"uv":[14,3,13,4],"rotation":180,"texture":"#1"},"up":{"uv":[14,3,13,4],"rotation":180,"texture":"#1"},"down":{"uv":[14,3,13,4],"rotation":180,"texture":"#1"}}},{"from":[14.34516,8.84904,23.05],"to":[16.37016,10.19904,24.4],"rotation":{"angle":-22.5,"axis":"z","origin":[15.33307,5.2803,23.93636]},"faces":{"north":{"uv":[11,3,10,4],"rotation":270,"texture":"#1"},"east":{"uv":[14,3,13,4],"rotation":270,"texture":"#1"},"south":{"uv":[11,3,10,4],"rotation":270,"texture":"#1"},"west":{"uv":[14,3,13,4],"rotation":270,"texture":"#1"},"up":{"uv":[11,3,10,4],"rotation":270,"texture":"#1"},"down":{"uv":[14,3,13,4],"rotation":270,"texture":"#1"}}},{"from":[14.34516,0.01868,23.05],"to":[16.37016,1.36868,24.4],"rotation":{"angle":-22.5,"axis":"z","origin":[15.33307,5.2803,23.93636]},"faces":{"north":{"uv":[14,3,13,4],"rotation":90,"texture":"#1"},"east":{"uv":[14,3,13,4],"rotation":90,"texture":"#1"},"south":{"uv":[14,3,13,4],"rotation":90,"texture":"#1"},"west":{"uv":[14,3,13,4],"rotation":90,"texture":"#1"},"up":{"uv":[14,3,13,4],"rotation":90,"texture":"#1"},"down":{"uv":[14,3,13,4],"rotation":90,"texture":"#1"}}},{"from":[14.21673,8.88187,23.05],"to":[16.24173,10.23187,24.4],"rotation":{"angle":22.5,"axis":"z","origin":[15.33307,5.2803,23.93636]},"faces":{"north":{"uv":[11,3,10,4],"rotation":270,"texture":"#1"},"east":{"uv":[14,3,13,4],"rotation":270,"texture":"#1"},"south":{"uv":[11,3,10,4],"rotation":270,"texture":"#1"},"west":{"uv":[14,3,13,4],"rotation":270,"texture":"#1"},"up":{"uv":[11,3,10,4],"rotation":270,"texture":"#1"},"down":{"uv":[14,3,13,4],"rotation":270,"texture":"#1"}}},{"from":[14.21673,0.0515,23.05],"to":[16.24173,1.4015,24.4],"rotation":{"angle":22.5,"axis":"z","origin":[15.33307,5.2803,23.93636]},"faces":{"north":{"uv":[14,3,13,4],"rotation":90,"texture":"#1"},"east":{"uv":[14,3,13,4],"rotation":90,"texture":"#1"},"south":{"uv":[14,3,13,4],"rotation":90,"texture":"#1"},"west":{"uv":[14,3,13,4],"rotation":90,"texture":"#1"},"up":{"uv":[14,3,13,4],"rotation":90,"texture":"#1"},"down":{"uv":[14,3,13,4],"rotation":90,"texture":"#1"}}},{"from":[18.96941,4.12919,23.04],"to":[20.31941,6.15419,24.39],"rotation":{"angle":22.5,"axis":"z","origin":[15.33307,5.2803,23.93636]},"faces":{"north":{"uv":[13,3,12,4],"texture":"#1"},"east":{"uv":[14,3,13,4],"rotation":180,"texture":"#1"},"south":{"uv":[13,3,12,4],"rotation":180,"texture":"#1"},"west":{"uv":[14,3,13,4],"rotation":180,"texture":"#1"},"up":{"uv":[14,3,13,4],"rotation":180,"texture":"#1"},"down":{"uv":[14,3,13,4],"rotation":180,"texture":"#1"}}},{"from":[10.13905,4.12919,23.05],"to":[11.48905,6.15419,24.4],"rotation":{"angle":22.5,"axis":"z","origin":[15.33307,5.2803,23.93636]},"faces":{"north":{"uv":[13,3,12,4],"texture":"#1"},"east":{"uv":[14,3,13,4],"texture":"#1"},"south":{"uv":[13,3,12,4],"texture":"#1"},"west":{"uv":[14,3,13,4],"texture":"#1"},"up":{"uv":[14,3,13,4],"texture":"#1"},"down":{"uv":[14,3,13,4],"texture":"#1"}}},{"from":[10.33122,4.11882,23.05],"to":[11.68122,6.14382,24.4],"rotation":{"angle":-45,"axis":"z","origin":[15.33307,5.2803,23.93636]},"faces":{"north":{"uv":[11,3,10,4],"rotation":270,"texture":"#1"},"east":{"uv":[14,3,13,4],"texture":"#1"},"south":{"uv":[11,3,10,4],"texture":"#1"},"west":{"uv":[14,3,13,4],"texture":"#1"},"up":{"uv":[11,3,10,4],"rotation":270,"texture":"#1"},"down":{"uv":[14,3,13,4],"texture":"#1"}}},{"from":[19.16158,4.11882,23.04],"to":[20.51158,6.14382,24.39],"rotation":{"angle":-45,"axis":"z","origin":[15.33307,5.2803,23.93636]},"faces":{"north":{"uv":[14,3,13,4],"rotation":180,"texture":"#1"},"east":{"uv":[14,3,13,4],"rotation":180,"texture":"#1"},"south":{"uv":[14,3,13,4],"rotation":180,"texture":"#1"},"west":{"uv":[14,3,13,4],"rotation":180,"texture":"#1"},"up":{"uv":[14,3,13,4],"rotation":180,"texture":"#1"},"down":{"uv":[14,3,13,4],"rotation":180,"texture":"#1"}}},{"from":[14.4089,8.8715,23.05],"to":[16.4339,10.2215,24.4],"rotation":{"angle":-45,"axis":"z","origin":[15.33307,5.2803,23.93636]},"faces":{"north":{"uv":[11,3,10,4],"rotation":270,"texture":"#1"},"east":{"uv":[14,3,13,4],"rotation":270,"texture":"#1"},"south":{"uv":[11,3,10,4],"rotation":270,"texture":"#1"},"west":{"uv":[14,3,13,4],"rotation":270,"texture":"#1"},"up":{"uv":[11,3,10,4],"rotation":270,"texture":"#1"},"down":{"uv":[14,3,13,4],"rotation":270,"texture":"#1"}}},{"from":[14.4089,0.04114,23.04],"to":[16.4339,1.39114,24.39],"rotation":{"angle":-45,"axis":"z","origin":[15.33307,5.2803,23.93636]},"faces":{"north":{"uv":[14,3,13,4],"rotation":90,"texture":"#1"},"east":{"uv":[14,3,13,4],"rotation":90,"texture":"#1"},"south":{"uv":[14,3,13,4],"rotation":90,"texture":"#1"},"west":{"uv":[14,3,13,4],"rotation":90,"texture":"#1"},"up":{"uv":[14,3,13,4],"rotation":90,"texture":"#1"},"down":{"uv":[14,3,13,4],"rotation":90,"texture":"#1"}}},{"from":[14.25,5.225,23.95],"to":[14.7,5.675,24.4],"rotation":{"angle":0,"axis":"y","origin":[15.33307,5.2803,23.93636]},"faces":{"north":{"uv":[14,3,13,4],"texture":"#1"},"east":{"uv":[14,3,13,4],"texture":"#1"},"south":{"uv":[14,3,13,4],"texture":"#1"},"west":{"uv":[14,3,13,4],"texture":"#1"},"up":{"uv":[14,3,13,4],"texture":"#1"},"down":{"uv":[14,3,13,4],"texture":"#1"}}},{"from":[16.0623,5.225,23.95],"to":[16.5123,5.675,24.4],"rotation":{"angle":0,"axis":"z","origin":[15.33307,5.2803,23.93636]},"faces":{"north":{"uv":[14,3,13,4],"rotation":180,"texture":"#1"},"east":{"uv":[14,3,13,4],"rotation":180,"texture":"#1"},"south":{"uv":[14,3,13,4],"rotation":180,"texture":"#1"},"west":{"uv":[14,3,13,4],"rotation":180,"texture":"#1"},"up":{"uv":[14,3,13,4],"rotation":180,"texture":"#1"},"down":{"uv":[14,3,13,4],"rotation":180,"texture":"#1"}}},{"from":[15.15615,6.13115,23.95],"to":[15.60615,6.58115,24.4],"rotation":{"angle":0,"axis":"z","origin":[15.33307,5.2803,23.93636]},"faces":{"north":{"uv":[14,3,13,4],"rotation":270,"texture":"#1"},"east":{"uv":[14,3,13,4],"rotation":270,"texture":"#1"},"south":{"uv":[14,3,13,4],"rotation":270,"texture":"#1"},"west":{"uv":[14,3,13,4],"rotation":270,"texture":"#1"},"up":{"uv":[14,3,13,4],"rotation":270,"texture":"#1"},"down":{"uv":[14,3,13,4],"rotation":270,"texture":"#1"}}},{"from":[15.15615,4.31885,23.95],"to":[15.60615,4.76885,24.4],"rotation":{"angle":0,"axis":"z","origin":[15.33307,5.2803,23.93636]},"faces":{"north":{"uv":[14,3,13,4],"rotation":90,"texture":"#1"},"east":{"uv":[14,3,13,4],"rotation":90,"texture":"#1"},"south":{"uv":[14,3,13,4],"rotation":90,"texture":"#1"},"west":{"uv":[14,3,13,4],"rotation":90,"texture":"#1"},"up":{"uv":[14,3,13,4],"rotation":90,"texture":"#1"},"down":{"uv":[14,3,13,4],"rotation":90,"texture":"#1"}}},{"from":[14.1814,5.23048,23.95],"to":[14.6314,5.68048,24.4],"rotation":{"angle":-22.5,"axis":"z","origin":[15.33307,5.2803,23.93636]},"faces":{"north":{"uv":[14,3,13,4],"texture":"#1"},"east":{"uv":[14,3,13,4],"texture":"#1"},"south":{"uv":[14,3,13,4],"texture":"#1"},"west":{"uv":[14,3,13,4],"texture":"#1"},"up":{"uv":[14,3,13,4],"texture":"#1"},"down":{"uv":[14,3,13,4],"texture":"#1"}}},{"from":[15.9937,5.23048,23.95],"to":[16.4437,5.68048,24.4],"rotation":{"angle":-22.5,"axis":"z","origin":[15.33307,5.2803,23.93636]},"faces":{"north":{"uv":[14,3,13,4],"rotation":180,"texture":"#1"},"east":{"uv":[14,3,13,4],"rotation":180,"texture":"#1"},"south":{"uv":[14,3,13,4],"rotation":180,"texture":"#1"},"west":{"uv":[14,3,13,4],"rotation":180,"texture":"#1"},"up":{"uv":[14,3,13,4],"rotation":180,"texture":"#1"},"down":{"uv":[14,3,13,4],"rotation":180,"texture":"#1"}}},{"from":[15.08755,6.13663,23.95],"to":[15.53755,6.58663,24.4],"rotation":{"angle":-22.5,"axis":"z","origin":[15.33307,5.2803,23.93636]},"faces":{"north":{"uv":[14,3,13,4],"rotation":270,"texture":"#1"},"east":{"uv":[14,3,13,4],"rotation":270,"texture":"#1"},"south":{"uv":[14,3,13,4],"rotation":270,"texture":"#1"},"west":{"uv":[14,3,13,4],"rotation":270,"texture":"#1"},"up":{"uv":[14,3,13,4],"rotation":270,"texture":"#1"},"down":{"uv":[14,3,13,4],"rotation":270,"texture":"#1"}}},{"from":[15.08755,4.32433,23.95],"to":[15.53755,4.77433,24.4],"rotation":{"angle":-22.5,"axis":"z","origin":[15.33307,5.2803,23.93636]},"faces":{"north":{"uv":[14,3,13,4],"rotation":90,"texture":"#1"},"east":{"uv":[14,3,13,4],"rotation":90,"texture":"#1"},"south":{"uv":[14,3,13,4],"rotation":90,"texture":"#1"},"west":{"uv":[14,3,13,4],"rotation":90,"texture":"#1"},"up":{"uv":[14,3,13,4],"rotation":90,"texture":"#1"},"down":{"uv":[14,3,13,4],"rotation":90,"texture":"#1"}}},{"from":[14.11592,5.2093,23.95],"to":[14.56592,5.6593,24.4],"rotation":{"angle":-45,"axis":"z","origin":[15.33307,5.2803,23.93636]},"faces":{"north":{"uv":[14,3,13,4],"texture":"#1"},"east":{"uv":[14,3,13,4],"texture":"#1"},"south":{"uv":[14,3,13,4],"texture":"#1"},"west":{"uv":[14,3,13,4],"texture":"#1"},"up":{"uv":[14,3,13,4],"texture":"#1"},"down":{"uv":[14,3,13,4],"texture":"#1"}}},{"from":[15.92823,5.2093,23.95],"to":[16.37823,5.6593,24.4],"rotation":{"angle":-45,"axis":"z","origin":[15.33307,5.2803,23.93636]},"faces":{"north":{"uv":[14,3,13,4],"rotation":180,"texture":"#1"},"east":{"uv":[14,3,13,4],"rotation":180,"texture":"#1"},"south":{"uv":[14,3,13,4],"rotation":180,"texture":"#1"},"west":{"uv":[14,3,13,4],"rotation":180,"texture":"#1"},"up":{"uv":[14,3,13,4],"rotation":180,"texture":"#1"},"down":{"uv":[14,3,13,4],"rotation":180,"texture":"#1"}}},{"from":[15.02207,6.11545,23.95],"to":[15.47207,6.56545,24.4],"rotation":{"angle":-45,"axis":"z","origin":[15.33307,5.2803,23.93636]},"faces":{"north":{"uv":[14,3,13,4],"rotation":270,"texture":"#1"},"east":{"uv":[14,3,13,4],"rotation":270,"texture":"#1"},"south":{"uv":[14,3,13,4],"rotation":270,"texture":"#1"},"west":{"uv":[14,3,13,4],"rotation":270,"texture":"#1"},"up":{"uv":[14,3,13,4],"rotation":270,"texture":"#1"},"down":{"uv":[14,3,13,4],"rotation":270,"texture":"#1"}}},{"from":[15.02207,4.30314,23.95],"to":[15.47207,4.75314,24.4],"rotation":{"angle":-45,"axis":"z","origin":[15.33307,5.2803,23.93636]},"faces":{"north":{"uv":[14,3,13,4],"rotation":90,"texture":"#1"},"east":{"uv":[14,3,13,4],"rotation":90,"texture":"#1"},"south":{"uv":[14,3,13,4],"rotation":90,"texture":"#1"},"west":{"uv":[14,3,13,4],"rotation":90,"texture":"#1"},"up":{"uv":[14,3,13,4],"rotation":90,"texture":"#1"},"down":{"uv":[14,3,13,4],"rotation":90,"texture":"#1"}}},{"from":[15.21743,6.09983,23.95],"to":[15.66743,6.54983,24.4],"rotation":{"angle":22.5,"axis":"z","origin":[15.33307,5.2803,23.93636]},"faces":{"north":{"uv":[14,3,13,4],"rotation":270,"texture":"#1"},"east":{"uv":[14,3,13,4],"rotation":270,"texture":"#1"},"south":{"uv":[14,3,13,4],"rotation":270,"texture":"#1"},"west":{"uv":[14,3,13,4],"rotation":270,"texture":"#1"},"up":{"uv":[14,3,13,4],"rotation":270,"texture":"#1"},"down":{"uv":[14,3,13,4],"rotation":270,"texture":"#1"}}},{"from":[15.21743,4.28753,23.95],"to":[15.66743,4.73753,24.4],"rotation":{"angle":22.5,"axis":"z","origin":[15.33307,5.2803,23.93636]},"faces":{"north":{"uv":[14,3,13,4],"rotation":90,"texture":"#1"},"east":{"uv":[14,3,13,4],"rotation":90,"texture":"#1"},"south":{"uv":[14,3,13,4],"rotation":90,"texture":"#1"},"west":{"uv":[14,3,13,4],"rotation":90,"texture":"#1"},"up":{"uv":[14,3,13,4],"rotation":90,"texture":"#1"},"down":{"uv":[14,3,13,4],"rotation":90,"texture":"#1"}}},{"from":[16.12358,5.19368,23.95],"to":[16.57358,5.64368,24.4],"rotation":{"angle":22.5,"axis":"z","origin":[15.33307,5.2803,23.93636]},"faces":{"north":{"uv":[14,3,13,4],"rotation":180,"texture":"#1"},"east":{"uv":[14,3,13,4],"rotation":180,"texture":"#1"},"south":{"uv":[14,3,13,4],"rotation":180,"texture":"#1"},"west":{"uv":[14,3,13,4],"rotation":180,"texture":"#1"},"up":{"uv":[14,3,13,4],"rotation":180,"texture":"#1"},"down":{"uv":[14,3,13,4],"rotation":180,"texture":"#1"}}},{"from":[14.31128,5.19368,23.95],"to":[14.76128,5.64368,24.4],"rotation":{"angle":22.5,"axis":"z","origin":[15.33307,5.2803,23.93636]},"faces":{"north":{"uv":[14,3,13,4],"texture":"#1"},"east":{"uv":[14,3,13,4],"texture":"#1"},"south":{"uv":[14,3,13,4],"texture":"#1"},"west":{"uv":[14,3,13,4],"texture":"#1"},"up":{"uv":[14,3,13,4],"texture":"#1"},"down":{"uv":[14,3,13,4],"texture":"#1"}}},{"from":[11.5,1.25,24],"to":[19.5,9.25,24],"rotation":{"angle":0,"axis":"y","origin":[15.33307,5.2803,23.93636]},"faces":{"north":{"uv":[0,0,16,16],"texture":"#2"},"east":{"uv":[0,0,16,16],"texture":"#2"},"south":{"uv":[0,0,16,16],"texture":"#2"},"west":{"uv":[0,0,16,16],"texture":"#2"},"up":{"uv":[0,0,16,16],"texture":"#2"},"down":{"uv":[0,0,16,16],"texture":"#2"}}},{"from":[14.9,4.95,8.5],"to":[15.9,5.95,23.75],"rotation":{"angle":0,"axis":"y","origin":[1.75,0,0]},"faces":{"north":{"uv":[2,3,3,4],"texture":"#1"},"east":{"uv":[2,3,3,4],"texture":"#1"},"south":{"uv":[2,3,3,4],"texture":"#1"},"west":{"uv":[2,3,3,4],"texture":"#1"},"up":{"uv":[2,3,3,4],"texture":"#1"},"down":{"uv":[2,3,3,4],"texture":"#1"}}},{"from":[10.2,4.1,7.6],"to":[11.55,6.125,8.95],"rotation":{"angle":0,"axis":"y","origin":[14.73828,7.88708,8.275]},"faces":{"north":{"uv":[12,3,13,4],"texture":"#1"},"east":{"uv":[13,3,14,4],"texture":"#1"},"south":{"uv":[12,3,13,4],"rotation":180,"texture":"#1"},"west":{"uv":[13,3,14,4],"texture":"#1"},"up":{"uv":[13,3,14,4],"texture":"#1"},"down":{"uv":[13,3,14,4],"texture":"#1"}}},{"from":[19.03036,4.1,7.6],"to":[20.38036,6.125,8.95],"rotation":{"angle":0,"axis":"z","origin":[15.84208,2.33792,8.275]},"faces":{"north":{"uv":[12,3,13,4],"rotation":180,"texture":"#1"},"east":{"uv":[13,3,14,4],"rotation":180,"texture":"#1"},"south":{"uv":[12,3,13,4],"rotation":180,"texture":"#1"},"west":{"uv":[13,3,14,4],"rotation":180,"texture":"#1"},"up":{"uv":[13,3,14,4],"rotation":180,"texture":"#1"},"down":{"uv":[13,3,14,4],"rotation":180,"texture":"#1"}}},{"from":[14.27768,8.85268,7.6],"to":[16.30268,10.20268,8.95],"rotation":{"angle":0,"axis":"z","origin":[14.73828,7.88708,8.275]},"faces":{"north":{"uv":[10,3,11,4],"rotation":270,"texture":"#1"},"east":{"uv":[13,3,14,4],"rotation":270,"texture":"#1"},"south":{"uv":[10,3,11,4],"rotation":270,"texture":"#1"},"west":{"uv":[13,3,14,4],"rotation":270,"texture":"#1"},"up":{"uv":[10,3,11,4],"rotation":270,"texture":"#1"},"down":{"uv":[13,3,14,4],"rotation":270,"texture":"#1"}}},{"from":[14.27768,0.02232,7.6],"to":[16.30268,1.37232,8.95],"rotation":{"angle":0,"axis":"z","origin":[15.84208,2.33792,8.275]},"faces":{"north":{"uv":[13,3,14,4],"rotation":90,"texture":"#1"},"east":{"uv":[13,3,14,4],"rotation":90,"texture":"#1"},"south":{"uv":[13,3,14,4],"rotation":90,"texture":"#1"},"west":{"uv":[13,3,14,4],"rotation":90,"texture":"#1"},"up":{"uv":[13,3,14,4],"rotation":90,"texture":"#1"},"down":{"uv":[13,3,14,4],"rotation":90,"texture":"#1"}}},{"from":[11.21977,4.5224,7.6],"to":[12.56977,6.5474,8.95],"rotation":{"angle":-22.5,"axis":"z","origin":[14.73828,7.88708,8.275]},"faces":{"north":{"uv":[12,3,13,4],"texture":"#1"},"east":{"uv":[13,3,14,4],"texture":"#1"},"south":{"uv":[12,3,13,4],"rotation":180,"texture":"#1"},"west":{"uv":[13,3,14,4],"texture":"#1"},"up":{"uv":[13,3,14,4],"texture":"#1"},"down":{"uv":[13,3,14,4],"texture":"#1"}}},{"from":[18.01059,3.6776,7.6],"to":[19.36059,5.7026,8.95],"rotation":{"angle":-22.5,"axis":"z","origin":[15.84208,2.33792,8.275]},"faces":{"north":{"uv":[12,3,13,4],"rotation":180,"texture":"#1"},"east":{"uv":[13,3,14,4],"rotation":180,"texture":"#1"},"south":{"uv":[12,3,13,4],"rotation":180,"texture":"#1"},"west":{"uv":[13,3,14,4],"rotation":180,"texture":"#1"},"up":{"uv":[13,3,14,4],"rotation":180,"texture":"#1"},"down":{"uv":[13,3,14,4],"rotation":180,"texture":"#1"}}},{"from":[15.29746,9.27509,7.6],"to":[17.32246,10.62509,8.95],"rotation":{"angle":-22.5,"axis":"z","origin":[14.73828,7.88708,8.275]},"faces":{"north":{"uv":[10,3,11,4],"rotation":270,"texture":"#1"},"east":{"uv":[13,3,14,4],"rotation":270,"texture":"#1"},"south":{"uv":[10,3,11,4],"rotation":270,"texture":"#1"},"west":{"uv":[13,3,14,4],"rotation":270,"texture":"#1"},"up":{"uv":[10,3,11,4],"rotation":270,"texture":"#1"},"down":{"uv":[13,3,14,4],"rotation":270,"texture":"#1"}}},{"from":[13.25791,-0.40009,7.6],"to":[15.28291,0.94991,8.95],"rotation":{"angle":-22.5,"axis":"z","origin":[15.84208,2.33792,8.275]},"faces":{"north":{"uv":[13,3,14,4],"rotation":90,"texture":"#1"},"east":{"uv":[13,3,14,4],"rotation":90,"texture":"#1"},"south":{"uv":[13,3,14,4],"rotation":90,"texture":"#1"},"west":{"uv":[13,3,14,4],"rotation":90,"texture":"#1"},"up":{"uv":[13,3,14,4],"rotation":90,"texture":"#1"},"down":{"uv":[13,3,14,4],"rotation":90,"texture":"#1"}}},{"from":[13.17389,8.85268,7.6],"to":[15.19889,10.20268,8.95],"rotation":{"angle":22.5,"axis":"z","origin":[14.73828,7.88708,8.275]},"faces":{"north":{"uv":[10,3,11,4],"rotation":270,"texture":"#1"},"east":{"uv":[13,3,14,4],"rotation":270,"texture":"#1"},"south":{"uv":[10,3,11,4],"rotation":270,"texture":"#1"},"west":{"uv":[13,3,14,4],"rotation":270,"texture":"#1"},"up":{"uv":[10,3,11,4],"rotation":270,"texture":"#1"},"down":{"uv":[13,3,14,4],"rotation":270,"texture":"#1"}}},{"from":[15.38148,0.02232,7.6],"to":[17.40648,1.37232,8.95],"rotation":{"angle":22.5,"axis":"z","origin":[15.84208,2.33792,8.275]},"faces":{"north":{"uv":[13,3,14,4],"rotation":90,"texture":"#1"},"east":{"uv":[13,3,14,4],"rotation":90,"texture":"#1"},"south":{"uv":[13,3,14,4],"rotation":90,"texture":"#1"},"west":{"uv":[13,3,14,4],"rotation":90,"texture":"#1"},"up":{"uv":[13,3,14,4],"rotation":90,"texture":"#1"},"down":{"uv":[13,3,14,4],"rotation":90,"texture":"#1"}}},{"from":[17.92657,4.1,7.601],"to":[19.27657,6.125,8.951],"rotation":{"angle":22.5,"axis":"z","origin":[14.73828,7.88708,8.275]},"faces":{"north":{"uv":[12,3,13,4],"rotation":180,"texture":"#1"},"east":{"uv":[13,3,14,4],"rotation":180,"texture":"#1"},"south":{"uv":[12,3,13,4],"rotation":180,"texture":"#1"},"west":{"uv":[13,3,14,4],"rotation":180,"texture":"#1"},"up":{"uv":[13,3,14,4],"rotation":180,"texture":"#1"},"down":{"uv":[13,3,14,4],"rotation":180,"texture":"#1"}}},{"from":[11.3038,4.1,7.6],"to":[12.6538,6.125,8.95],"rotation":{"angle":22.5,"axis":"z","origin":[15.84208,2.33792,8.275]},"faces":{"north":{"uv":[12,3,13,4],"texture":"#1"},"east":{"uv":[13,3,14,4],"texture":"#1"},"south":{"uv":[12,3,13,4],"rotation":180,"texture":"#1"},"west":{"uv":[13,3,14,4],"texture":"#1"},"up":{"uv":[13,3,14,4],"texture":"#1"},"down":{"uv":[13,3,14,4],"texture":"#1"}}},{"from":[12.00028,5.30291,7.6],"to":[13.35028,7.32791,8.95],"rotation":{"angle":-45,"axis":"z","origin":[14.73828,7.88708,8.275]},"faces":{"north":{"uv":[10,3,11,4],"texture":"#1"},"east":{"uv":[13,3,14,4],"texture":"#1"},"south":{"uv":[10,3,11,4],"rotation":270,"texture":"#1"},"west":{"uv":[13,3,14,4],"texture":"#1"},"up":{"uv":[10,3,11,4],"rotation":270,"texture":"#1"},"down":{"uv":[13,3,14,4],"texture":"#1"}}},{"from":[17.23009,2.89709,7.601],"to":[18.58009,4.92209,8.951],"rotation":{"angle":-45,"axis":"z","origin":[15.84208,2.33792,8.275]},"faces":{"north":{"uv":[13,3,14,4],"rotation":180,"texture":"#1"},"east":{"uv":[13,3,14,4],"rotation":180,"texture":"#1"},"south":{"uv":[13,3,14,4],"rotation":180,"texture":"#1"},"west":{"uv":[13,3,14,4],"rotation":180,"texture":"#1"},"up":{"uv":[13,3,14,4],"rotation":180,"texture":"#1"},"down":{"uv":[13,3,14,4],"rotation":180,"texture":"#1"}}},{"from":[16.07796,10.05559,7.6],"to":[18.10296,11.40559,8.95],"rotation":{"angle":-45,"axis":"z","origin":[14.73828,7.88708,8.275]},"faces":{"north":{"uv":[10,3,11,4],"rotation":270,"texture":"#1"},"east":{"uv":[13,3,14,4],"rotation":270,"texture":"#1"},"south":{"uv":[10,3,11,4],"rotation":270,"texture":"#1"},"west":{"uv":[13,3,14,4],"rotation":270,"texture":"#1"},"up":{"uv":[10,3,11,4],"rotation":270,"texture":"#1"},"down":{"uv":[13,3,14,4],"rotation":270,"texture":"#1"}}},{"from":[12.47741,-1.18059,7.601],"to":[14.50241,0.16941,8.951],"rotation":{"angle":-45,"axis":"z","origin":[15.84208,2.33792,8.275]},"faces":{"north":{"uv":[13,3,14,4],"rotation":90,"texture":"#1"},"east":{"uv":[13,3,14,4],"rotation":90,"texture":"#1"},"south":{"uv":[13,3,14,4],"rotation":90,"texture":"#1"},"west":{"uv":[13,3,14,4],"rotation":90,"texture":"#1"},"up":{"uv":[13,3,14,4],"rotation":90,"texture":"#1"},"down":{"uv":[13,3,14,4],"rotation":90,"texture":"#1"}}},{"from":[14.25,5.225,7.6],"to":[14.7,5.675,8.05],"rotation":{"angle":0,"axis":"y","origin":[14.25,5.225,7.6]},"faces":{"north":{"uv":[13,3,14,4],"texture":"#1"},"east":{"uv":[13,3,14,4],"texture":"#1"},"south":{"uv":[13,3,14,4],"texture":"#1"},"west":{"uv":[13,3,14,4],"texture":"#1"},"up":{"uv":[13,3,14,4],"texture":"#1"},"down":{"uv":[13,3,14,4],"texture":"#1"}}},{"from":[16.0623,5.225,7.6],"to":[16.5123,5.675,8.05],"rotation":{"angle":0,"axis":"z","origin":[15.49442,4.88056,7.825]},"faces":{"north":{"uv":[13,3,14,4],"rotation":180,"texture":"#1"},"east":{"uv":[13,3,14,4],"rotation":180,"texture":"#1"},"south":{"uv":[13,3,14,4],"rotation":180,"texture":"#1"},"west":{"uv":[13,3,14,4],"rotation":180,"texture":"#1"},"up":{"uv":[13,3,14,4],"rotation":180,"texture":"#1"},"down":{"uv":[13,3,14,4],"rotation":180,"texture":"#1"}}},{"from":[15.15615,6.13115,7.6],"to":[15.60615,6.58115,8.05],"rotation":{"angle":0,"axis":"z","origin":[15.83732,6.13271,7.825]},"faces":{"north":{"uv":[13,3,14,4],"rotation":270,"texture":"#1"},"east":{"uv":[13,3,14,4],"rotation":270,"texture":"#1"},"south":{"uv":[13,3,14,4],"rotation":270,"texture":"#1"},"west":{"uv":[13,3,14,4],"rotation":270,"texture":"#1"},"up":{"uv":[13,3,14,4],"rotation":270,"texture":"#1"},"down":{"uv":[13,3,14,4],"rotation":270,"texture":"#1"}}},{"from":[15.15615,4.31885,7.6],"to":[15.60615,4.76885,8.05],"rotation":{"angle":0,"axis":"z","origin":[15.49442,4.88056,7.825]},"faces":{"north":{"uv":[13,3,14,4],"rotation":90,"texture":"#1"},"east":{"uv":[13,3,14,4],"rotation":90,"texture":"#1"},"south":{"uv":[13,3,14,4],"rotation":90,"texture":"#1"},"west":{"uv":[13,3,14,4],"rotation":90,"texture":"#1"},"up":{"uv":[13,3,14,4],"rotation":90,"texture":"#1"},"down":{"uv":[13,3,14,4],"rotation":90,"texture":"#1"}}},{"from":[14.31898,5.57177,7.6],"to":[14.76898,6.02177,8.05],"rotation":{"angle":-22.5,"axis":"z","origin":[14.54398,5.79677,7.825]},"faces":{"north":{"uv":[13,3,14,4],"texture":"#1"},"east":{"uv":[13,3,14,4],"texture":"#1"},"south":{"uv":[13,3,14,4],"texture":"#1"},"west":{"uv":[13,3,14,4],"texture":"#1"},"up":{"uv":[13,3,14,4],"texture":"#1"},"down":{"uv":[13,3,14,4],"texture":"#1"}}},{"from":[15.85301,5.13831,7.6],"to":[16.30301,5.58831,8.05],"rotation":{"angle":-22.5,"axis":"z","origin":[15.49442,4.88056,7.825]},"faces":{"north":{"uv":[13,3,14,4],"rotation":180,"texture":"#1"},"east":{"uv":[13,3,14,4],"rotation":180,"texture":"#1"},"south":{"uv":[13,3,14,4],"rotation":180,"texture":"#1"},"west":{"uv":[13,3,14,4],"rotation":180,"texture":"#1"},"up":{"uv":[13,3,14,4],"rotation":180,"texture":"#1"},"down":{"uv":[13,3,14,4],"rotation":180,"texture":"#1"}}},{"from":[15.45214,6.00855,7.6],"to":[15.90214,6.45855,8.05],"rotation":{"angle":-22.5,"axis":"z","origin":[15.83732,6.13271,7.825]},"faces":{"north":{"uv":[13,3,14,4],"rotation":270,"texture":"#1"},"east":{"uv":[13,3,14,4],"rotation":270,"texture":"#1"},"south":{"uv":[13,3,14,4],"rotation":270,"texture":"#1"},"west":{"uv":[13,3,14,4],"rotation":270,"texture":"#1"},"up":{"uv":[13,3,14,4],"rotation":270,"texture":"#1"},"down":{"uv":[13,3,14,4],"rotation":270,"texture":"#1"}}},{"from":[14.94686,4.23216,7.6],"to":[15.39686,4.68216,8.05],"rotation":{"angle":-22.5,"axis":"z","origin":[15.49442,4.88056,7.825]},"faces":{"north":{"uv":[13,3,14,4],"rotation":90,"texture":"#1"},"east":{"uv":[13,3,14,4],"rotation":90,"texture":"#1"},"south":{"uv":[13,3,14,4],"rotation":90,"texture":"#1"},"west":{"uv":[13,3,14,4],"rotation":90,"texture":"#1"},"up":{"uv":[13,3,14,4],"rotation":90,"texture":"#1"},"down":{"uv":[13,3,14,4],"rotation":90,"texture":"#1"}}},{"from":[14.51541,5.86575,7.6],"to":[14.96541,6.31575,8.05],"rotation":{"angle":-45,"axis":"z","origin":[14.74041,6.09075,7.825]},"faces":{"north":{"uv":[13,3,14,4],"texture":"#1"},"east":{"uv":[13,3,14,4],"texture":"#1"},"south":{"uv":[13,3,14,4],"texture":"#1"},"west":{"uv":[13,3,14,4],"texture":"#1"},"up":{"uv":[13,3,14,4],"texture":"#1"},"down":{"uv":[13,3,14,4],"texture":"#1"}}},{"from":[15.69282,4.97812,7.6],"to":[16.14282,5.42812,8.05],"rotation":{"angle":-45,"axis":"z","origin":[15.49442,4.88056,7.825]},"faces":{"north":{"uv":[13,3,14,4],"rotation":180,"texture":"#1"},"east":{"uv":[13,3,14,4],"rotation":180,"texture":"#1"},"south":{"uv":[13,3,14,4],"rotation":180,"texture":"#1"},"west":{"uv":[13,3,14,4],"rotation":180,"texture":"#1"},"up":{"uv":[13,3,14,4],"rotation":180,"texture":"#1"},"down":{"uv":[13,3,14,4],"rotation":180,"texture":"#1"}}},{"from":[15.77251,6.00855,7.6],"to":[16.22251,6.45855,8.05],"rotation":{"angle":-45,"axis":"z","origin":[15.83732,6.13271,7.825]},"faces":{"north":{"uv":[13,3,14,4],"rotation":270,"texture":"#1"},"east":{"uv":[13,3,14,4],"rotation":270,"texture":"#1"},"south":{"uv":[13,3,14,4],"rotation":270,"texture":"#1"},"west":{"uv":[13,3,14,4],"rotation":270,"texture":"#1"},"up":{"uv":[13,3,14,4],"rotation":270,"texture":"#1"},"down":{"uv":[13,3,14,4],"rotation":270,"texture":"#1"}}},{"from":[14.78667,4.07197,7.6],"to":[15.23667,4.52197,8.05],"rotation":{"angle":-45,"axis":"z","origin":[15.49442,4.88056,7.825]},"faces":{"north":{"uv":[13,3,14,4],"rotation":90,"texture":"#1"},"east":{"uv":[13,3,14,4],"rotation":90,"texture":"#1"},"south":{"uv":[13,3,14,4],"rotation":90,"texture":"#1"},"west":{"uv":[13,3,14,4],"rotation":90,"texture":"#1"},"up":{"uv":[13,3,14,4],"rotation":90,"texture":"#1"},"down":{"uv":[13,3,14,4],"rotation":90,"texture":"#1"}}},{"from":[14.80938,6.06217,7.6],"to":[15.25938,6.51217,8.05],"rotation":{"angle":22.5,"axis":"z","origin":[15.03438,6.28717,7.825]},"faces":{"north":{"uv":[13,3,14,4],"rotation":270,"texture":"#1"},"east":{"uv":[13,3,14,4],"rotation":270,"texture":"#1"},"south":{"uv":[13,3,14,4],"rotation":270,"texture":"#1"},"west":{"uv":[13,3,14,4],"rotation":270,"texture":"#1"},"up":{"uv":[13,3,14,4],"rotation":270,"texture":"#1"},"down":{"uv":[13,3,14,4],"rotation":270,"texture":"#1"}}},{"from":[15.38269,4.31885,7.6],"to":[15.83269,4.76885,8.05],"rotation":{"angle":22.5,"axis":"z","origin":[15.49442,4.88056,7.825]},"faces":{"north":{"uv":[13,3,14,4],"rotation":90,"texture":"#1"},"east":{"uv":[13,3,14,4],"rotation":90,"texture":"#1"},"south":{"uv":[13,3,14,4],"rotation":90,"texture":"#1"},"west":{"uv":[13,3,14,4],"rotation":90,"texture":"#1"},"up":{"uv":[13,3,14,4],"rotation":90,"texture":"#1"},"down":{"uv":[13,3,14,4],"rotation":90,"texture":"#1"}}},{"from":[15.83576,5.45154,7.6],"to":[16.28576,5.90154,8.05],"rotation":{"angle":22.5,"axis":"z","origin":[15.83732,6.13271,7.825]},"faces":{"north":{"uv":[13,3,14,4],"rotation":180,"texture":"#1"},"east":{"uv":[13,3,14,4],"rotation":180,"texture":"#1"},"south":{"uv":[13,3,14,4],"rotation":180,"texture":"#1"},"west":{"uv":[13,3,14,4],"rotation":180,"texture":"#1"},"up":{"uv":[13,3,14,4],"rotation":180,"texture":"#1"},"down":{"uv":[13,3,14,4],"rotation":180,"texture":"#1"}}},{"from":[14.47654,5.225,7.6],"to":[14.92654,5.675,8.05],"rotation":{"angle":22.5,"axis":"z","origin":[15.49442,4.88056,7.825]},"faces":{"north":{"uv":[13,3,14,4],"texture":"#1"},"east":{"uv":[13,3,14,4],"texture":"#1"},"south":{"uv":[13,3,14,4],"texture":"#1"},"west":{"uv":[13,3,14,4],"texture":"#1"},"up":{"uv":[13,3,14,4],"texture":"#1"},"down":{"uv":[13,3,14,4],"texture":"#1"}}},{"from":[11.2,1.25,8],"to":[19.2,9.25,8],"rotation":{"angle":0,"axis":"y","origin":[1.75,0,0.5]},"faces":{"north":{"uv":[0,0,16,16],"texture":"#2"},"east":{"uv":[0,0,16,16],"texture":"#2"},"south":{"uv":[0,0,16,16],"texture":"#2"},"west":{"uv":[0,0,16,16],"texture":"#2"},"up":{"uv":[0,0,16,16],"texture":"#2"},"down":{"uv":[0,0,16,16],"texture":"#2"}}},{"from":[3.48744,-0.00522,10],"to":[4.48744,0.99478,10.5],"rotation":{"angle":0,"axis":"y","origin":[3.98744,1.57534,10.25]},"faces":{"north":{"uv":[11,3,13,4],"texture":"#1"},"east":{"uv":[11,3,13,4],"texture":"#1"},"south":{"uv":[11,3,13,4],"texture":"#1"},"west":{"uv":[11,3,13,4],"texture":"#1"},"up":{"uv":[11,3,13,4],"texture":"#1"},"down":{"uv":[11,3,13,4],"texture":"#1"}}},{"from":[3.48744,-0.00522,21.5],"to":[4.48744,0.99478,22],"rotation":{"angle":0,"axis":"y","origin":[3.98744,1.57534,21.75]},"faces":{"north":{"uv":[11,3,13,4],"texture":"#1"},"east":{"uv":[11,3,13,4],"texture":"#1"},"south":{"uv":[11,3,13,4],"texture":"#1"},"west":{"uv":[11,3,13,4],"texture":"#1"},"up":{"uv":[11,3,13,4],"texture":"#1"},"down":{"uv":[11,3,13,4],"texture":"#1"}}},{"from":[2.80297,0.27474,10],"to":[3.80297,6.77474,10.5],"rotation":{"angle":22.5,"axis":"z","origin":[3.84892,1.85529,10.25]},"faces":{"north":{"uv":[11,3,13,4],"texture":"#1"},"east":{"uv":[11,3,13,4],"texture":"#1"},"south":{"uv":[11,3,13,4],"texture":"#1"},"west":{"uv":[11,3,13,4],"texture":"#1"},"up":{"uv":[11,3,13,4],"texture":"#1"},"down":{"uv":[11,3,13,4],"texture":"#1"}}},{"from":[2.80297,0.27474,21.5],"to":[3.80297,6.77474,22],"rotation":{"angle":22.5,"axis":"z","origin":[3.84892,1.85529,21.75]},"faces":{"north":{"uv":[11,3,13,4],"texture":"#1"},"east":{"uv":[11,3,13,4],"texture":"#1"},"south":{"uv":[11,3,13,4],"texture":"#1"},"west":{"uv":[11,3,13,4],"texture":"#1"},"up":{"uv":[11,3,13,4],"texture":"#1"},"down":{"uv":[11,3,13,4],"texture":"#1"}}},{"from":[4.17191,0.27474,10],"to":[5.17191,6.77474,10.5],"rotation":{"angle":-22.5,"axis":"z","origin":[4.12597,1.85529,10.25]},"faces":{"north":{"uv":[11,3,13,4],"texture":"#1"},"east":{"uv":[11,3,13,4],"texture":"#1"},"south":{"uv":[11,3,13,4],"texture":"#1"},"west":{"uv":[11,3,13,4],"texture":"#1"},"up":{"uv":[11,3,13,4],"texture":"#1"},"down":{"uv":[11,3,13,4],"texture":"#1"}}},{"from":[4.17191,0.27474,21.5],"to":[5.17191,6.77474,22],"rotation":{"angle":-22.5,"axis":"z","origin":[4.12597,1.85529,21.75]},"faces":{"north":{"uv":[11,3,13,4],"texture":"#1"},"east":{"uv":[11,3,13,4],"texture":"#1"},"south":{"uv":[11,3,13,4],"texture":"#1"},"west":{"uv":[11,3,13,4],"texture":"#1"},"up":{"uv":[11,3,13,4],"texture":"#1"},"down":{"uv":[11,3,13,4],"texture":"#1"}}},{"from":[-0.45,10.3,9.3],"to":[-0.25,10.7,9.7],"rotation":{"angle":0,"axis":"y","origin":[-0.31429,9,9.5]},"faces":{"north":{"uv":[13,3,14,4],"texture":"#1"},"east":{"uv":[13,3,14,4],"texture":"#1"},"south":{"uv":[13,3,14,4],"texture":"#1"},"west":{"uv":[13,3,14,4],"texture":"#1"},"up":{"uv":[13,3,14,4],"texture":"#1"},"down":{"uv":[13,3,14,4],"texture":"#1"}}},{"from":[-0.45,11.3,9.3],"to":[-0.25,11.7,9.7],"rotation":{"angle":0,"axis":"y","origin":[-0.31429,9,9.5]},"faces":{"north":{"uv":[13,3,14,4],"texture":"#1"},"east":{"uv":[13,3,14,4],"texture":"#1"},"south":{"uv":[13,3,14,4],"texture":"#1"},"west":{"uv":[13,3,14,4],"texture":"#1"},"up":{"uv":[13,3,14,4],"texture":"#1"},"down":{"uv":[13,3,14,4],"texture":"#1"}}},{"from":[0.3,10.3,8.55],"to":[0.7,10.7,8.75],"rotation":{"angle":0,"axis":"y","origin":[1,5.75,6.55]},"faces":{"north":{"uv":[13,3,14,4],"texture":"#1"},"east":{"uv":[13,3,14,4],"texture":"#1"},"south":{"uv":[13,3,14,4],"texture":"#1"},"west":{"uv":[13,3,14,4],"texture":"#1"},"up":{"uv":[13,3,14,4],"texture":"#1"},"down":{"uv":[13,3,14,4],"texture":"#1"}}},{"from":[10.3,10.3,8.55],"to":[10.7,10.7,8.75],"rotation":{"angle":0,"axis":"y","origin":[1,5.75,6.55]},"faces":{"north":{"uv":[13,3,14,4],"texture":"#1"},"east":{"uv":[13,3,14,4],"texture":"#1"},"south":{"uv":[13,3,14,4],"texture":"#1"},"west":{"uv":[13,3,14,4],"texture":"#1"},"up":{"uv":[13,3,14,4],"texture":"#1"},"down":{"uv":[13,3,14,4],"texture":"#1"}}},{"from":[20.3,10.3,8.55],"to":[20.7,10.7,8.75],"rotation":{"angle":0,"axis":"y","origin":[1,5.75,6.55]},"faces":{"north":{"uv":[13,3,14,4],"texture":"#1"},"east":{"uv":[13,3,14,4],"texture":"#1"},"south":{"uv":[13,3,14,4],"texture":"#1"},"west":{"uv":[13,3,14,4],"texture":"#1"},"up":{"uv":[13,3,14,4],"texture":"#1"},"down":{"uv":[13,3,14,4],"texture":"#1"}}},{"from":[21.25,10.3,9.3],"to":[21.45,10.7,9.7],"rotation":{"angle":0,"axis":"y","origin":[21.31429,9,9.5]},"faces":{"north":{"uv":[13,3,14,4],"texture":"#1"},"east":{"uv":[13,3,14,4],"texture":"#1"},"south":{"uv":[13,3,14,4],"texture":"#1"},"west":{"uv":[13,3,14,4],"texture":"#1"},"up":{"uv":[13,3,14,4],"texture":"#1"},"down":{"uv":[13,3,14,4],"texture":"#1"}}},{"from":[21.25,10.3,22.3],"to":[21.45,10.7,22.7],"rotation":{"angle":0,"axis":"y","origin":[21.31429,9,21.5]},"faces":{"north":{"uv":[13,3,14,4],"texture":"#1"},"east":{"uv":[13,3,14,4],"texture":"#1"},"south":{"uv":[13,3,14,4],"texture":"#1"},"west":{"uv":[13,3,14,4],"texture":"#1"},"up":{"uv":[13,3,14,4],"texture":"#1"},"down":{"uv":[13,3,14,4],"texture":"#1"}}},{"from":[20.3,10.3,23.25],"to":[20.7,10.7,23.45],"rotation":{"angle":0,"axis":"y","origin":[20.5,9,23.31429]},"faces":{"north":{"uv":[13,3,14,4],"texture":"#1"},"east":{"uv":[13,3,14,4],"texture":"#1"},"south":{"uv":[13,3,14,4],"texture":"#1"},"west":{"uv":[13,3,14,4],"texture":"#1"},"up":{"uv":[13,3,14,4],"texture":"#1"},"down":{"uv":[13,3,14,4],"texture":"#1"}}},{"from":[10.3,10.3,23.25],"to":[10.7,10.7,23.45],"rotation":{"angle":0,"axis":"y","origin":[20.5,9,23.31429]},"faces":{"north":{"uv":[13,3,14,4],"texture":"#1"},"east":{"uv":[13,3,14,4],"texture":"#1"},"south":{"uv":[13,3,14,4],"texture":"#1"},"west":{"uv":[13,3,14,4],"texture":"#1"},"up":{"uv":[13,3,14,4],"texture":"#1"},"down":{"uv":[13,3,14,4],"texture":"#1"}}},{"from":[0.3,10.3,23.25],"to":[0.7,10.7,23.45],"rotation":{"angle":0,"axis":"y","origin":[0.5,9,23.31429]},"faces":{"north":{"uv":[13,3,14,4],"texture":"#1"},"east":{"uv":[13,3,14,4],"texture":"#1"},"south":{"uv":[13,3,14,4],"texture":"#1"},"west":{"uv":[13,3,14,4],"texture":"#1"},"up":{"uv":[13,3,14,4],"texture":"#1"},"down":{"uv":[13,3,14,4],"texture":"#1"}}},{"from":[-0.45,10.3,22.3],"to":[-0.25,10.7,22.7],"rotation":{"angle":0,"axis":"y","origin":[-0.31429,9,22.5]},"faces":{"north":{"uv":[13,3,14,4],"texture":"#1"},"east":{"uv":[13,3,14,4],"texture":"#1"},"south":{"uv":[13,3,14,4],"texture":"#1"},"west":{"uv":[13,3,14,4],"texture":"#1"},"up":{"uv":[13,3,14,4],"texture":"#1"},"down":{"uv":[13,3,14,4],"texture":"#1"}}},{"from":[0.3,11.3,8.55],"to":[0.7,11.7,8.75],"rotation":{"angle":0,"axis":"y","origin":[1,5.75,6.55]},"faces":{"north":{"uv":[13,3,14,4],"texture":"#1"},"east":{"uv":[13,3,14,4],"texture":"#1"},"south":{"uv":[13,3,14,4],"texture":"#1"},"west":{"uv":[13,3,14,4],"texture":"#1"},"up":{"uv":[13,3,14,4],"texture":"#1"},"down":{"uv":[13,3,14,4],"texture":"#1"}}},{"from":[10.3,11.3,8.55],"to":[10.7,11.7,8.75],"rotation":{"angle":0,"axis":"y","origin":[1,5.75,6.55]},"faces":{"north":{"uv":[13,3,14,4],"texture":"#1"},"east":{"uv":[13,3,14,4],"texture":"#1"},"south":{"uv":[13,3,14,4],"texture":"#1"},"west":{"uv":[13,3,14,4],"texture":"#1"},"up":{"uv":[13,3,14,4],"texture":"#1"},"down":{"uv":[13,3,14,4],"texture":"#1"}}},{"from":[20.3,11.3,8.55],"to":[20.7,11.7,8.75],"rotation":{"angle":0,"axis":"y","origin":[1,5.75,6.55]},"faces":{"north":{"uv":[13,3,14,4],"texture":"#1"},"east":{"uv":[13,3,14,4],"texture":"#1"},"south":{"uv":[13,3,14,4],"texture":"#1"},"west":{"uv":[13,3,14,4],"texture":"#1"},"up":{"uv":[13,3,14,4],"texture":"#1"},"down":{"uv":[13,3,14,4],"texture":"#1"}}},{"from":[21.25,11.3,9.3],"to":[21.45,11.7,9.7],"rotation":{"angle":0,"axis":"y","origin":[21.31429,9,9.5]},"faces":{"north":{"uv":[13,3,14,4],"texture":"#1"},"east":{"uv":[13,3,14,4],"texture":"#1"},"south":{"uv":[13,3,14,4],"texture":"#1"},"west":{"uv":[13,3,14,4],"texture":"#1"},"up":{"uv":[13,3,14,4],"texture":"#1"},"down":{"uv":[13,3,14,4],"texture":"#1"}}},{"from":[21.25,11.3,22.3],"to":[21.45,11.7,22.7],"rotation":{"angle":0,"axis":"y","origin":[21.31429,9,21.5]},"faces":{"north":{"uv":[13,3,14,4],"texture":"#1"},"east":{"uv":[13,3,14,4],"texture":"#1"},"south":{"uv":[13,3,14,4],"texture":"#1"},"west":{"uv":[13,3,14,4],"texture":"#1"},"up":{"uv":[13,3,14,4],"texture":"#1"},"down":{"uv":[13,3,14,4],"texture":"#1"}}},{"from":[20.3,11.3,23.25],"to":[20.7,11.7,23.45],"rotation":{"angle":0,"axis":"y","origin":[20.5,9,23.31429]},"faces":{"north":{"uv":[13,3,14,4],"texture":"#1"},"east":{"uv":[13,3,14,4],"texture":"#1"},"south":{"uv":[13,3,14,4],"texture":"#1"},"west":{"uv":[13,3,14,4],"texture":"#1"},"up":{"uv":[13,3,14,4],"texture":"#1"},"down":{"uv":[13,3,14,4],"texture":"#1"}}},{"from":[10.3,11.3,23.25],"to":[10.7,11.7,23.45],"rotation":{"angle":0,"axis":"y","origin":[20.5,9,23.31429]},"faces":{"north":{"uv":[13,3,14,4],"texture":"#1"},"east":{"uv":[13,3,14,4],"texture":"#1"},"south":{"uv":[13,3,14,4],"texture":"#1"},"west":{"uv":[13,3,14,4],"texture":"#1"},"up":{"uv":[13,3,14,4],"texture":"#1"},"down":{"uv":[13,3,14,4],"texture":"#1"}}},{"from":[0.3,11.3,23.25],"to":[0.7,11.7,23.45],"rotation":{"angle":0,"axis":"y","origin":[0.5,9,23.31429]},"faces":{"north":{"uv":[13,3,14,4],"texture":"#1"},"east":{"uv":[13,3,14,4],"texture":"#1"},"south":{"uv":[13,3,14,4],"texture":"#1"},"west":{"uv":[13,3,14,4],"texture":"#1"},"up":{"uv":[13,3,14,4],"texture":"#1"},"down":{"uv":[13,3,14,4],"texture":"#1"}}},{"from":[-0.45,11.3,22.3],"to":[-0.25,11.7,22.7],"rotation":{"angle":0,"axis":"y","origin":[-0.31429,9,22.5]},"faces":{"north":{"uv":[13,3,14,4],"texture":"#1"},"east":{"uv":[13,3,14,4],"texture":"#1"},"south":{"uv":[13,3,14,4],"texture":"#1"},"west":{"uv":[13,3,14,4],"texture":"#1"},"up":{"uv":[13,3,14,4],"texture":"#1"},"down":{"uv":[13,3,14,4],"texture":"#1"}}},{"from":[-0.45,9.3,9.3],"to":[-0.25,9.7,9.7],"rotation":{"angle":0,"axis":"y","origin":[-0.31429,9,9.5]},"faces":{"north":{"uv":[13,3,14,4],"texture":"#1"},"east":{"uv":[13,3,14,4],"texture":"#1"},"south":{"uv":[13,3,14,4],"texture":"#1"},"west":{"uv":[13,3,14,4],"texture":"#1"},"up":{"uv":[13,3,14,4],"texture":"#1"},"down":{"uv":[13,3,14,4],"texture":"#1"}}},{"from":[0.3,9.3,8.55],"to":[0.7,9.7,8.75],"rotation":{"angle":0,"axis":"y","origin":[1,5.75,6.55]},"faces":{"north":{"uv":[13,3,14,4],"texture":"#1"},"east":{"uv":[13,3,14,4],"texture":"#1"},"south":{"uv":[13,3,14,4],"texture":"#1"},"west":{"uv":[13,3,14,4],"texture":"#1"},"up":{"uv":[13,3,14,4],"texture":"#1"},"down":{"uv":[13,3,14,4],"texture":"#1"}}},{"from":[10.3,9.3,8.55],"to":[10.7,9.7,8.75],"rotation":{"angle":0,"axis":"y","origin":[1,5.75,6.55]},"faces":{"north":{"uv":[13,3,14,4],"texture":"#1"},"east":{"uv":[13,3,14,4],"texture":"#1"},"south":{"uv":[13,3,14,4],"texture":"#1"},"west":{"uv":[13,3,14,4],"texture":"#1"},"up":{"uv":[13,3,14,4],"texture":"#1"},"down":{"uv":[13,3,14,4],"texture":"#1"}}},{"from":[20.3,9.3,8.55],"to":[20.7,9.7,8.75],"rotation":{"angle":0,"axis":"y","origin":[1,5.75,6.55]},"faces":{"north":{"uv":[13,3,14,4],"texture":"#1"},"east":{"uv":[13,3,14,4],"texture":"#1"},"south":{"uv":[13,3,14,4],"texture":"#1"},"west":{"uv":[13,3,14,4],"texture":"#1"},"up":{"uv":[13,3,14,4],"texture":"#1"},"down":{"uv":[13,3,14,4],"texture":"#1"}}},{"from":[21.25,9.3,9.3],"to":[21.45,9.7,9.7],"rotation":{"angle":0,"axis":"y","origin":[21.31429,9,9.5]},"faces":{"north":{"uv":[13,3,14,4],"texture":"#1"},"east":{"uv":[13,3,14,4],"texture":"#1"},"south":{"uv":[13,3,14,4],"texture":"#1"},"west":{"uv":[13,3,14,4],"texture":"#1"},"up":{"uv":[13,3,14,4],"texture":"#1"},"down":{"uv":[13,3,14,4],"texture":"#1"}}},{"from":[21.25,9.3,22.3],"to":[21.45,9.7,22.7],"rotation":{"angle":0,"axis":"y","origin":[21.31429,9,21.5]},"faces":{"north":{"uv":[13,3,14,4],"texture":"#1"},"east":{"uv":[13,3,14,4],"texture":"#1"},"south":{"uv":[13,3,14,4],"texture":"#1"},"west":{"uv":[13,3,14,4],"texture":"#1"},"up":{"uv":[13,3,14,4],"texture":"#1"},"down":{"uv":[13,3,14,4],"texture":"#1"}}},{"from":[20.3,9.3,23.25],"to":[20.7,9.7,23.45],"rotation":{"angle":0,"axis":"y","origin":[20.5,9,23.31429]},"faces":{"north":{"uv":[13,3,14,4],"texture":"#1"},"east":{"uv":[13,3,14,4],"texture":"#1"},"south":{"uv":[13,3,14,4],"texture":"#1"},"west":{"uv":[13,3,14,4],"texture":"#1"},"up":{"uv":[13,3,14,4],"texture":"#1"},"down":{"uv":[13,3,14,4],"texture":"#1"}}},{"from":[10.3,9.3,23.25],"to":[10.7,9.7,23.45],"rotation":{"angle":0,"axis":"y","origin":[20.5,9,23.31429]},"faces":{"north":{"uv":[13,3,14,4],"texture":"#1"},"east":{"uv":[13,3,14,4],"texture":"#1"},"south":{"uv":[13,3,14,4],"texture":"#1"},"west":{"uv":[13,3,14,4],"texture":"#1"},"up":{"uv":[13,3,14,4],"texture":"#1"},"down":{"uv":[13,3,14,4],"texture":"#1"}}},{"from":[0.3,9.3,23.25],"to":[0.7,9.7,23.45],"rotation":{"angle":0,"axis":"y","origin":[0.5,9,23.31429]},"faces":{"north":{"uv":[13,3,14,4],"texture":"#1"},"east":{"uv":[13,3,14,4],"texture":"#1"},"south":{"uv":[13,3,14,4],"texture":"#1"},"west":{"uv":[13,3,14,4],"texture":"#1"},"up":{"uv":[13,3,14,4],"texture":"#1"},"down":{"uv":[13,3,14,4],"texture":"#1"}}},{"from":[-0.45,9.3,22.3],"to":[-0.25,9.7,22.7],"rotation":{"angle":0,"axis":"y","origin":[-0.31429,9,22.5]},"faces":{"north":{"uv":[13,3,14,4],"texture":"#1"},"east":{"uv":[13,3,14,4],"texture":"#1"},"south":{"uv":[13,3,14,4],"texture":"#1"},"west":{"uv":[13,3,14,4],"texture":"#1"},"up":{"uv":[13,3,14,4],"texture":"#1"},"down":{"uv":[13,3,14,4],"texture":"#1"}}},{"from":[-0.45,8.3,9.3],"to":[-0.25,8.7,9.7],"rotation":{"angle":0,"axis":"y","origin":[-0.31429,9,9.5]},"faces":{"north":{"uv":[13,3,14,4],"texture":"#1"},"east":{"uv":[13,3,14,4],"texture":"#1"},"south":{"uv":[13,3,14,4],"texture":"#1"},"west":{"uv":[13,3,14,4],"texture":"#1"},"up":{"uv":[13,3,14,4],"texture":"#1"},"down":{"uv":[13,3,14,4],"texture":"#1"}}},{"from":[0.3,8.3,8.55],"to":[0.7,8.7,8.75],"rotation":{"angle":0,"axis":"y","origin":[1,5.75,6.55]},"faces":{"north":{"uv":[13,3,14,4],"texture":"#1"},"east":{"uv":[13,3,14,4],"texture":"#1"},"south":{"uv":[13,3,14,4],"texture":"#1"},"west":{"uv":[13,3,14,4],"texture":"#1"},"up":{"uv":[13,3,14,4],"texture":"#1"},"down":{"uv":[13,3,14,4],"texture":"#1"}}},{"from":[10.3,8.3,8.55],"to":[10.7,8.7,8.75],"rotation":{"angle":0,"axis":"y","origin":[1,5.75,6.55]},"faces":{"north":{"uv":[13,3,14,4],"texture":"#1"},"east":{"uv":[13,3,14,4],"texture":"#1"},"south":{"uv":[13,3,14,4],"texture":"#1"},"west":{"uv":[13,3,14,4],"texture":"#1"},"up":{"uv":[13,3,14,4],"texture":"#1"},"down":{"uv":[13,3,14,4],"texture":"#1"}}},{"from":[20.3,8.3,8.55],"to":[20.7,8.7,8.75],"rotation":{"angle":0,"axis":"y","origin":[1,5.75,6.55]},"faces":{"north":{"uv":[13,3,14,4],"texture":"#1"},"east":{"uv":[13,3,14,4],"texture":"#1"},"south":{"uv":[13,3,14,4],"texture":"#1"},"west":{"uv":[13,3,14,4],"texture":"#1"},"up":{"uv":[13,3,14,4],"texture":"#1"},"down":{"uv":[13,3,14,4],"texture":"#1"}}},{"from":[21.25,8.3,9.3],"to":[21.45,8.7,9.7],"rotation":{"angle":0,"axis":"y","origin":[21.31429,9,9.5]},"faces":{"north":{"uv":[13,3,14,4],"texture":"#1"},"east":{"uv":[13,3,14,4],"texture":"#1"},"south":{"uv":[13,3,14,4],"texture":"#1"},"west":{"uv":[13,3,14,4],"texture":"#1"},"up":{"uv":[13,3,14,4],"texture":"#1"},"down":{"uv":[13,3,14,4],"texture":"#1"}}},{"from":[21.25,8.3,22.3],"to":[21.45,8.7,22.7],"rotation":{"angle":0,"axis":"y","origin":[21.31429,9,21.5]},"faces":{"north":{"uv":[13,3,14,4],"texture":"#1"},"east":{"uv":[13,3,14,4],"texture":"#1"},"south":{"uv":[13,3,14,4],"texture":"#1"},"west":{"uv":[13,3,14,4],"texture":"#1"},"up":{"uv":[13,3,14,4],"texture":"#1"},"down":{"uv":[13,3,14,4],"texture":"#1"}}},{"from":[20.3,8.3,23.25],"to":[20.7,8.7,23.45],"rotation":{"angle":0,"axis":"y","origin":[20.5,9,23.31429]},"faces":{"north":{"uv":[13,3,14,4],"texture":"#1"},"east":{"uv":[13,3,14,4],"texture":"#1"},"south":{"uv":[13,3,14,4],"texture":"#1"},"west":{"uv":[13,3,14,4],"texture":"#1"},"up":{"uv":[13,3,14,4],"texture":"#1"},"down":{"uv":[13,3,14,4],"texture":"#1"}}},{"from":[10.3,8.3,23.25],"to":[10.7,8.7,23.45],"rotation":{"angle":0,"axis":"y","origin":[20.5,9,23.31429]},"faces":{"north":{"uv":[13,3,14,4],"texture":"#1"},"east":{"uv":[13,3,14,4],"texture":"#1"},"south":{"uv":[13,3,14,4],"texture":"#1"},"west":{"uv":[13,3,14,4],"texture":"#1"},"up":{"uv":[13,3,14,4],"texture":"#1"},"down":{"uv":[13,3,14,4],"texture":"#1"}}},{"from":[0.3,8.3,23.25],"to":[0.7,8.7,23.45],"rotation":{"angle":0,"axis":"y","origin":[0.5,9,23.31429]},"faces":{"north":{"uv":[13,3,14,4],"texture":"#1"},"east":{"uv":[13,3,14,4],"texture":"#1"},"south":{"uv":[13,3,14,4],"texture":"#1"},"west":{"uv":[13,3,14,4],"texture":"#1"},"up":{"uv":[13,3,14,4],"texture":"#1"},"down":{"uv":[13,3,14,4],"texture":"#1"}}},{"from":[-0.45,8.3,22.3],"to":[-0.25,8.7,22.7],"rotation":{"angle":0,"axis":"y","origin":[-0.31429,9,22.5]},"faces":{"north":{"uv":[13,3,14,4],"texture":"#1"},"east":{"uv":[13,3,14,4],"texture":"#1"},"south":{"uv":[13,3,14,4],"texture":"#1"},"west":{"uv":[13,3,14,4],"texture":"#1"},"up":{"uv":[13,3,14,4],"texture":"#1"},"down":{"uv":[13,3,14,4],"texture":"#1"}}},{"from":[-0.45,7.3,9.3],"to":[-0.25,7.7,9.7],"rotation":{"angle":0,"axis":"y","origin":[-0.31429,9,9.5]},"faces":{"north":{"uv":[13,3,14,4],"texture":"#1"},"east":{"uv":[13,3,14,4],"texture":"#1"},"south":{"uv":[13,3,14,4],"texture":"#1"},"west":{"uv":[13,3,14,4],"texture":"#1"},"up":{"uv":[13,3,14,4],"texture":"#1"},"down":{"uv":[13,3,14,4],"texture":"#1"}}},{"from":[0.3,7.3,8.55],"to":[0.7,7.7,8.75],"rotation":{"angle":0,"axis":"y","origin":[1,5.75,6.55]},"faces":{"north":{"uv":[13,3,14,4],"texture":"#1"},"east":{"uv":[13,3,14,4],"texture":"#1"},"south":{"uv":[13,3,14,4],"texture":"#1"},"west":{"uv":[13,3,14,4],"texture":"#1"},"up":{"uv":[13,3,14,4],"texture":"#1"},"down":{"uv":[13,3,14,4],"texture":"#1"}}},{"from":[10.3,7.3,8.55],"to":[10.7,7.7,8.75],"rotation":{"angle":0,"axis":"y","origin":[1,5.75,6.55]},"faces":{"north":{"uv":[13,3,14,4],"texture":"#1"},"east":{"uv":[13,3,14,4],"texture":"#1"},"south":{"uv":[13,3,14,4],"texture":"#1"},"west":{"uv":[13,3,14,4],"texture":"#1"},"up":{"uv":[13,3,14,4],"texture":"#1"},"down":{"uv":[13,3,14,4],"texture":"#1"}}},{"from":[20.3,7.3,8.55],"to":[20.7,7.7,8.75],"rotation":{"angle":0,"axis":"y","origin":[1,5.75,6.55]},"faces":{"north":{"uv":[13,3,14,4],"texture":"#1"},"east":{"uv":[13,3,14,4],"texture":"#1"},"south":{"uv":[13,3,14,4],"texture":"#1"},"west":{"uv":[13,3,14,4],"texture":"#1"},"up":{"uv":[13,3,14,4],"texture":"#1"},"down":{"uv":[13,3,14,4],"texture":"#1"}}},{"from":[21.25,7.3,9.3],"to":[21.45,7.7,9.7],"rotation":{"angle":0,"axis":"y","origin":[21.31429,9,9.5]},"faces":{"north":{"uv":[13,3,14,4],"texture":"#1"},"east":{"uv":[13,3,14,4],"texture":"#1"},"south":{"uv":[13,3,14,4],"texture":"#1"},"west":{"uv":[13,3,14,4],"texture":"#1"},"up":{"uv":[13,3,14,4],"texture":"#1"},"down":{"uv":[13,3,14,4],"texture":"#1"}}},{"from":[21.25,7.3,22.3],"to":[21.45,7.7,22.7],"rotation":{"angle":0,"axis":"y","origin":[21.31429,9,21.5]},"faces":{"north":{"uv":[13,3,14,4],"texture":"#1"},"east":{"uv":[13,3,14,4],"texture":"#1"},"south":{"uv":[13,3,14,4],"texture":"#1"},"west":{"uv":[13,3,14,4],"texture":"#1"},"up":{"uv":[13,3,14,4],"texture":"#1"},"down":{"uv":[13,3,14,4],"texture":"#1"}}},{"from":[20.3,7.3,23.25],"to":[20.7,7.7,23.45],"rotation":{"angle":0,"axis":"y","origin":[20.5,9,23.31429]},"faces":{"north":{"uv":[13,3,14,4],"texture":"#1"},"east":{"uv":[13,3,14,4],"texture":"#1"},"south":{"uv":[13,3,14,4],"texture":"#1"},"west":{"uv":[13,3,14,4],"texture":"#1"},"up":{"uv":[13,3,14,4],"texture":"#1"},"down":{"uv":[13,3,14,4],"texture":"#1"}}},{"from":[10.3,7.3,23.25],"to":[10.7,7.7,23.45],"rotation":{"angle":0,"axis":"y","origin":[20.5,9,23.31429]},"faces":{"north":{"uv":[13,3,14,4],"texture":"#1"},"east":{"uv":[13,3,14,4],"texture":"#1"},"south":{"uv":[13,3,14,4],"texture":"#1"},"west":{"uv":[13,3,14,4],"texture":"#1"},"up":{"uv":[13,3,14,4],"texture":"#1"},"down":{"uv":[13,3,14,4],"texture":"#1"}}},{"from":[0.3,7.3,23.25],"to":[0.7,7.7,23.45],"rotation":{"angle":0,"axis":"y","origin":[0.5,9,23.31429]},"faces":{"north":{"uv":[13,3,14,4],"texture":"#1"},"east":{"uv":[13,3,14,4],"texture":"#1"},"south":{"uv":[13,3,14,4],"texture":"#1"},"west":{"uv":[13,3,14,4],"texture":"#1"},"up":{"uv":[13,3,14,4],"texture":"#1"},"down":{"uv":[13,3,14,4],"texture":"#1"}}},{"from":[-0.45,7.3,22.3],"to":[-0.25,7.7,22.7],"rotation":{"angle":0,"axis":"y","origin":[-0.31429,9,22.5]},"faces":{"north":{"uv":[13,3,14,4],"texture":"#1"},"east":{"uv":[13,3,14,4],"texture":"#1"},"south":{"uv":[13,3,14,4],"texture":"#1"},"west":{"uv":[13,3,14,4],"texture":"#1"},"up":{"uv":[13,3,14,4],"texture":"#1"},"down":{"uv":[13,3,14,4],"texture":"#1"}}},{"from":[-0.45,6.3,9.3],"to":[-0.25,6.7,9.7],"rotation":{"angle":0,"axis":"y","origin":[-0.31429,9,9.5]},"faces":{"north":{"uv":[13,3,14,4],"texture":"#1"},"east":{"uv":[13,3,14,4],"texture":"#1"},"south":{"uv":[13,3,14,4],"texture":"#1"},"west":{"uv":[13,3,14,4],"texture":"#1"},"up":{"uv":[13,3,14,4],"texture":"#1"},"down":{"uv":[13,3,14,4],"texture":"#1"}}},{"from":[0.3,6.3,8.55],"to":[0.7,6.7,8.75],"rotation":{"angle":0,"axis":"y","origin":[1,5.75,6.55]},"faces":{"north":{"uv":[13,3,14,4],"texture":"#1"},"east":{"uv":[13,3,14,4],"texture":"#1"},"south":{"uv":[13,3,14,4],"texture":"#1"},"west":{"uv":[13,3,14,4],"texture":"#1"},"up":{"uv":[13,3,14,4],"texture":"#1"},"down":{"uv":[13,3,14,4],"texture":"#1"}}},{"from":[10.3,6.3,8.55],"to":[10.7,6.7,8.75],"rotation":{"angle":0,"axis":"y","origin":[1,5.75,6.55]},"faces":{"north":{"uv":[13,3,14,4],"texture":"#1"},"east":{"uv":[13,3,14,4],"texture":"#1"},"south":{"uv":[13,3,14,4],"texture":"#1"},"west":{"uv":[13,3,14,4],"texture":"#1"},"up":{"uv":[13,3,14,4],"texture":"#1"},"down":{"uv":[13,3,14,4],"texture":"#1"}}},{"from":[20.3,6.3,8.55],"to":[20.7,6.7,8.75],"rotation":{"angle":0,"axis":"y","origin":[1,5.75,6.55]},"faces":{"north":{"uv":[13,3,14,4],"texture":"#1"},"east":{"uv":[13,3,14,4],"texture":"#1"},"south":{"uv":[13,3,14,4],"texture":"#1"},"west":{"uv":[13,3,14,4],"texture":"#1"},"up":{"uv":[13,3,14,4],"texture":"#1"},"down":{"uv":[13,3,14,4],"texture":"#1"}}},{"from":[21.25,6.3,9.3],"to":[21.45,6.7,9.7],"rotation":{"angle":0,"axis":"y","origin":[21.31429,9,9.5]},"faces":{"north":{"uv":[13,3,14,4],"texture":"#1"},"east":{"uv":[13,3,14,4],"texture":"#1"},"south":{"uv":[13,3,14,4],"texture":"#1"},"west":{"uv":[13,3,14,4],"texture":"#1"},"up":{"uv":[13,3,14,4],"texture":"#1"},"down":{"uv":[13,3,14,4],"texture":"#1"}}},{"from":[21.25,6.3,22.3],"to":[21.45,6.7,22.7],"rotation":{"angle":0,"axis":"y","origin":[21.31429,9,21.5]},"faces":{"north":{"uv":[13,3,14,4],"texture":"#1"},"east":{"uv":[13,3,14,4],"texture":"#1"},"south":{"uv":[13,3,14,4],"texture":"#1"},"west":{"uv":[13,3,14,4],"texture":"#1"},"up":{"uv":[13,3,14,4],"texture":"#1"},"down":{"uv":[13,3,14,4],"texture":"#1"}}},{"from":[20.3,6.3,23.25],"to":[20.7,6.7,23.45],"rotation":{"angle":0,"axis":"y","origin":[20.5,9,23.31429]},"faces":{"north":{"uv":[13,3,14,4],"texture":"#1"},"east":{"uv":[13,3,14,4],"texture":"#1"},"south":{"uv":[13,3,14,4],"texture":"#1"},"west":{"uv":[13,3,14,4],"texture":"#1"},"up":{"uv":[13,3,14,4],"texture":"#1"},"down":{"uv":[13,3,14,4],"texture":"#1"}}},{"from":[10.3,6.3,23.25],"to":[10.7,6.7,23.45],"rotation":{"angle":0,"axis":"y","origin":[20.5,9,23.31429]},"faces":{"north":{"uv":[13,3,14,4],"texture":"#1"},"east":{"uv":[13,3,14,4],"texture":"#1"},"south":{"uv":[13,3,14,4],"texture":"#1"},"west":{"uv":[13,3,14,4],"texture":"#1"},"up":{"uv":[13,3,14,4],"texture":"#1"},"down":{"uv":[13,3,14,4],"texture":"#1"}}},{"from":[0.3,6.3,23.25],"to":[0.7,6.7,23.45],"rotation":{"angle":0,"axis":"y","origin":[0.5,9,23.31429]},"faces":{"north":{"uv":[13,3,14,4],"texture":"#1"},"east":{"uv":[13,3,14,4],"texture":"#1"},"south":{"uv":[13,3,14,4],"texture":"#1"},"west":{"uv":[13,3,14,4],"texture":"#1"},"up":{"uv":[13,3,14,4],"texture":"#1"},"down":{"uv":[13,3,14,4],"texture":"#1"}}},{"from":[-0.45,6.3,22.3],"to":[-0.25,6.7,22.7],"rotation":{"angle":0,"axis":"y","origin":[-0.31429,9,22.5]},"faces":{"north":{"uv":[13,3,14,4],"texture":"#1"},"east":{"uv":[13,3,14,4],"texture":"#1"},"south":{"uv":[13,3,14,4],"texture":"#1"},"west":{"uv":[13,3,14,4],"texture":"#1"},"up":{"uv":[13,3,14,4],"texture":"#1"},"down":{"uv":[13,3,14,4],"texture":"#1"}}},{"from":[-0.2,6,9],"to":[0,12,10],"rotation":{"angle":0,"axis":"y","origin":[-0.31429,9,9.5]},"faces":{"north":{"uv":[10,3,11,4],"texture":"#1"},"east":{"uv":[10,3,11,4],"texture":"#1"},"south":{"uv":[10,3,11,4],"texture":"#1"},"west":{"uv":[10,3,11,4],"texture":"#1"},"up":{"uv":[10,3,11,4],"texture":"#1"},"down":{"uv":[10,3,11,4],"texture":"#1"}}},{"from":[0,6,8.8],"to":[1,12,9],"rotation":{"angle":0,"axis":"y","origin":[0,6,6.55]},"faces":{"north":{"uv":[10,3,11,4],"texture":"#1"},"east":{"uv":[10,3,11,4],"texture":"#1"},"south":{"uv":[10,3,11,4],"texture":"#1"},"west":{"uv":[10,3,11,4],"texture":"#1"},"up":{"uv":[10,3,11,4],"texture":"#1"},"down":{"uv":[10,3,11,4],"texture":"#1"}}},{"from":[10,6,8.8],"to":[11,12,9],"rotation":{"angle":0,"axis":"y","origin":[0,6,6.55]},"faces":{"north":{"uv":[10,3,11,4],"texture":"#1"},"east":{"uv":[10,3,11,4],"texture":"#1"},"south":{"uv":[10,3,11,4],"texture":"#1"},"west":{"uv":[10,3,11,4],"texture":"#1"},"up":{"uv":[10,3,11,4],"texture":"#1"},"down":{"uv":[10,3,11,4],"texture":"#1"}}},{"from":[20,6,8.8],"to":[21,12,9],"rotation":{"angle":0,"axis":"y","origin":[0,6,6.55]},"faces":{"north":{"uv":[10,3,11,4],"texture":"#1"},"east":{"uv":[10,3,11,4],"texture":"#1"},"south":{"uv":[10,3,11,4],"texture":"#1"},"west":{"uv":[10,3,11,4],"texture":"#1"},"up":{"uv":[10,3,11,4],"texture":"#1"},"down":{"uv":[10,3,11,4],"texture":"#1"}}},{"from":[21,6,9],"to":[21.2,12,10],"rotation":{"angle":0,"axis":"y","origin":[21.31429,9,9.5]},"faces":{"north":{"uv":[10,3,11,4],"texture":"#1"},"east":{"uv":[10,3,11,4],"texture":"#1"},"south":{"uv":[10,3,11,4],"texture":"#1"},"west":{"uv":[10,3,11,4],"texture":"#1"},"up":{"uv":[10,3,11,4],"texture":"#1"},"down":{"uv":[10,3,11,4],"texture":"#1"}}},{"from":[21,6,22],"to":[21.2,12,23],"rotation":{"angle":0,"axis":"y","origin":[21.31429,9,21.5]},"faces":{"north":{"uv":[10,3,11,4],"texture":"#1"},"east":{"uv":[10,3,11,4],"texture":"#1"},"south":{"uv":[10,3,11,4],"texture":"#1"},"west":{"uv":[10,3,11,4],"texture":"#1"},"up":{"uv":[10,3,11,4],"texture":"#1"},"down":{"uv":[10,3,11,4],"texture":"#1"}}},{"from":[20,6,23],"to":[21,12,23.2],"rotation":{"angle":0,"axis":"y","origin":[20.5,9,23.31429]},"faces":{"north":{"uv":[10,3,11,4],"texture":"#1"},"east":{"uv":[10,3,11,4],"texture":"#1"},"south":{"uv":[10,3,11,4],"texture":"#1"},"west":{"uv":[10,3,11,4],"texture":"#1"},"up":{"uv":[10,3,11,4],"texture":"#1"},"down":{"uv":[10,3,11,4],"texture":"#1"}}},{"from":[10,6,23],"to":[11,12,23.2],"rotation":{"angle":0,"axis":"y","origin":[20.5,9,23.31429]},"faces":{"north":{"uv":[10,3,11,4],"texture":"#1"},"east":{"uv":[10,3,11,4],"texture":"#1"},"south":{"uv":[10,3,11,4],"texture":"#1"},"west":{"uv":[10,3,11,4],"texture":"#1"},"up":{"uv":[10,3,11,4],"texture":"#1"},"down":{"uv":[10,3,11,4],"texture":"#1"}}},{"from":[0,6,23],"to":[1,12,23.2],"rotation":{"angle":0,"axis":"y","origin":[0.5,9,23.31429]},"faces":{"north":{"uv":[10,3,11,4],"texture":"#1"},"east":{"uv":[10,3,11,4],"texture":"#1"},"south":{"uv":[10,3,11,4],"texture":"#1"},"west":{"uv":[10,3,11,4],"texture":"#1"},"up":{"uv":[10,3,11,4],"texture":"#1"},"down":{"uv":[10,3,11,4],"texture":"#1"}}},{"from":[-0.2,6,22],"to":[0,12,23],"rotation":{"angle":0,"axis":"y","origin":[-0.31429,9,22.5]},"faces":{"north":{"uv":[10,3,11,4],"texture":"#1"},"east":{"uv":[10,3,11,4],"texture":"#1"},"south":{"uv":[10,3,11,4],"texture":"#1"},"west":{"uv":[10,3,11,4],"texture":"#1"},"up":{"uv":[10,3,11,4],"texture":"#1"},"down":{"uv":[10,3,11,4],"texture":"#1"}}},{"from":[11.5,10.5,11.5],"to":[23.5,20.5,11.5],"rotation":{"angle":-22.5,"axis":"y","origin":[14,5,13]},"faces":{"north":{"uv":[0,0,16,16],"texture":"#5"},"east":{"uv":[0,0,16,16],"texture":"#5"},"south":{"uv":[0,0,16,16],"texture":"#5"},"west":{"uv":[0,0,16,16],"texture":"#5"},"up":{"uv":[0,0,16,16],"texture":"#5"},"down":{"uv":[0,0,16,16],"texture":"#5"}}},{"from":[17.5,10.5,5.5],"to":[17.5,20.5,17.5],"rotation":{"angle":-22.5,"axis":"y","origin":[14,5,13]},"faces":{"north":{"uv":[0,0,16,16],"texture":"#5"},"east":{"uv":[0,0,16,16],"texture":"#5"},"south":{"uv":[0,0,16,16],"texture":"#5"},"west":{"uv":[0,0,16,16],"texture":"#5"},"up":{"uv":[0,0,16,16],"texture":"#5"},"down":{"uv":[0,0,16,16],"texture":"#5"}}},{"from":[11.25,5.5,11.75],"to":[23.25,15.5,11.75],"rotation":{"angle":-22.5,"axis":"y","origin":[14,5,13]},"faces":{"north":{"uv":[0,0,16,16],"texture":"#4"},"east":{"uv":[0,0,16,16],"texture":"#4"},"south":{"uv":[0,0,16,16],"texture":"#4"},"west":{"uv":[0,0,16,16],"texture":"#4"},"up":{"uv":[0,0,16,16],"texture":"#4"},"down":{"uv":[0,0,16,16],"texture":"#4"}}},{"from":[17.25,5.5,5.75],"to":[17.25,15.5,17.75],"rotation":{"angle":-22.5,"axis":"y","origin":[14,5,13]},"faces":{"north":{"uv":[0,0,16,16],"texture":"#4"},"east":{"uv":[0,0,16,16],"texture":"#4"},"south":{"uv":[0,0,16,16],"texture":"#4"},"west":{"uv":[0,0,16,16],"texture":"#4"},"up":{"uv":[0,0,16,16],"texture":"#4"},"down":{"uv":[0,0,16,16],"texture":"#4"}}},{"from":[5,11.75,11.25],"to":[17,21.75,11.25],"faces":{"north":{"uv":[0,0,16,16],"texture":"#5"},"east":{"uv":[0,0,16,16],"texture":"#5"},"south":{"uv":[0,0,16,16],"texture":"#5"},"west":{"uv":[0,0,16,16],"texture":"#5"},"up":{"uv":[0,0,16,16],"texture":"#5"},"down":{"uv":[0,0,16,16],"texture":"#5"}}},{"from":[11,10.75,5.25],"to":[11,20.75,17.25],"rotation":{"angle":0,"axis":"y","origin":[6,5,-2]},"faces":{"north":{"uv":[0,0,16,16],"texture":"#5"},"east":{"uv":[0,0,16,16],"texture":"#5"},"south":{"uv":[0,0,16,16],"texture":"#5"},"west":{"uv":[0,0,16,16],"texture":"#5"},"up":{"uv":[0,0,16,16],"texture":"#5"},"down":{"uv":[0,0,16,16],"texture":"#5"}}},{"from":[11,5.75,5.25],"to":[11,15.75,17.25],"rotation":{"angle":-22.5,"axis":"y","origin":[11,10.25,11.25]},"faces":{"north":{"uv":[0,0,16,16],"texture":"#4"},"east":{"uv":[16,0,0,16],"texture":"#4"},"south":{"uv":[0,0,16,16],"texture":"#4"},"west":{"uv":[0,0,16,16],"texture":"#4"},"up":{"uv":[0,0,16,16],"rotation":270,"texture":"#4"},"down":{"uv":[0,0,16,16],"rotation":90,"texture":"#4"}}},{"from":[5,4.75,11.25],"to":[17,14.75,11.25],"rotation":{"angle":-22.5,"axis":"y","origin":[11,10.25,11.25]},"faces":{"north":{"uv":[0,0,16,16],"texture":"#4"},"east":{"uv":[0,0,16,16],"texture":"#4"},"south":{"uv":[0,0,16,16],"texture":"#4"},"west":{"uv":[0,0,16,16],"texture":"#4"},"up":{"uv":[0,0,16,16],"rotation":270,"texture":"#4"},"down":{"uv":[0,0,16,16],"rotation":90,"texture":"#4"}}},{"from":[6.25,11,20.25],"to":[18.25,21,20.25],"rotation":{"angle":22.5,"axis":"y","origin":[14,12,19]},"faces":{"north":{"uv":[0,0,16,16],"texture":"#5"},"east":{"uv":[0,0,16,16],"texture":"#5"},"south":{"uv":[0,0,16,16],"texture":"#5"},"west":{"uv":[0,0,16,16],"texture":"#5"},"up":{"uv":[0,0,16,16],"texture":"#5"},"down":{"uv":[0,0,16,16],"texture":"#5"}}},{"from":[12.25,11,14.25],"to":[12.25,21,26.25],"rotation":{"angle":22.5,"axis":"y","origin":[14,12,19]},"faces":{"north":{"uv":[0,0,16,16],"texture":"#5"},"east":{"uv":[0,0,16,16],"texture":"#5"},"south":{"uv":[0,0,16,16],"texture":"#5"},"west":{"uv":[0,0,16,16],"texture":"#5"},"up":{"uv":[0,0,16,16],"texture":"#5"},"down":{"uv":[0,0,16,16],"texture":"#5"}}},{"from":[6.5,6,20],"to":[18.5,16,20],"rotation":{"angle":22.5,"axis":"y","origin":[14,12,19]},"faces":{"north":{"uv":[0,0,16,16],"texture":"#4"},"east":{"uv":[0,0,16,16],"texture":"#4"},"south":{"uv":[0,0,16,16],"texture":"#4"},"west":{"uv":[0,0,16,16],"texture":"#4"},"up":{"uv":[0,0,16,16],"texture":"#4"},"down":{"uv":[0,0,16,16],"texture":"#4"}}},{"from":[12.5,6,14],"to":[12.5,16,26],"rotation":{"angle":22.5,"axis":"y","origin":[14,12,19]},"faces":{"north":{"uv":[0,0,16,16],"texture":"#4"},"east":{"uv":[0,0,16,16],"texture":"#4"},"south":{"uv":[0,0,16,16],"texture":"#4"},"west":{"uv":[16,0,0,16],"texture":"#4"},"up":{"uv":[0,0,16,16],"texture":"#4"},"down":{"uv":[0,0,16,16],"texture":"#4"}}},{"from":[-2,11,11.75],"to":[10,21,11.75],"rotation":{"angle":22.5,"axis":"y","origin":[4,15,11.75]},"faces":{"north":{"uv":[0,0,16,16],"texture":"#5"},"east":{"uv":[0,0,0,10],"texture":"#5"},"south":{"uv":[0,0,12,10],"texture":"#5"},"west":{"uv":[0,0,0,10],"texture":"#5"},"up":{"uv":[0,0,12,0],"texture":"#5"},"down":{"uv":[0,0,12,0],"texture":"#5"}}},{"from":[4,10.5,5.75],"to":[4,20.5,17.75],"rotation":{"angle":22.5,"axis":"y","origin":[4,15,11.75]},"faces":{"north":{"uv":[0,0,16,16],"texture":"#5"},"east":{"uv":[0,0,16,16],"texture":"#5"},"south":{"uv":[0,0,0,10],"texture":"#5"},"west":{"uv":[0,0,16,16],"texture":"#5"},"up":{"uv":[0,0,12,0],"rotation":90,"texture":"#5"},"down":{"uv":[0,0,12,0],"rotation":270,"texture":"#5"}}},{"from":[-1.75,5,12],"to":[10.25,15,12],"rotation":{"angle":22.5,"axis":"y","origin":[4,15,11.75]},"faces":{"north":{"uv":[0,0,16,16],"texture":"#4"},"east":{"uv":[0,0,0,10],"texture":"#4"},"south":{"uv":[0,0,16,16],"texture":"#4"},"west":{"uv":[0,0,0,10],"texture":"#4"},"up":{"uv":[0,0,12,0],"texture":"#4"},"down":{"uv":[0,0,12,0],"texture":"#4"}}},{"from":[4.25,4.5,6],"to":[4.25,14.5,18],"rotation":{"angle":22.5,"axis":"y","origin":[4,15,11.75]},"faces":{"north":{"uv":[0,0,16,16],"texture":"#4"},"east":{"uv":[16,0,0,16],"texture":"#4"},"south":{"uv":[0,0,0,10],"texture":"#4"},"west":{"uv":[0,0,16,16],"texture":"#4"},"up":{"uv":[0,0,12,0],"rotation":90,"texture":"#4"},"down":{"uv":[0,0,12,0],"rotation":270,"texture":"#4"}}},{"from":[-1.25,11,20.25],"to":[10.75,21,20.25],"rotation":{"angle":-22.5,"axis":"y","origin":[6,15,19]},"faces":{"north":{"uv":[0,0,16,16],"texture":"#5"},"east":{"uv":[0,0,16,16],"texture":"#5"},"south":{"uv":[0,0,16,16],"texture":"#5"},"west":{"uv":[0,0,16,16],"texture":"#5"},"up":{"uv":[0,0,16,16],"texture":"#5"},"down":{"uv":[0,0,16,16],"texture":"#5"}}},{"from":[4.75,11,14.25],"to":[4.75,21,26.25],"rotation":{"angle":-22.5,"axis":"y","origin":[6,15,19]},"faces":{"north":{"uv":[0,0,16,16],"texture":"#5"},"east":{"uv":[0,0,16,16],"texture":"#5"},"south":{"uv":[0,0,16,16],"texture":"#5"},"west":{"uv":[0,0,16,16],"texture":"#5"},"up":{"uv":[0,0,16,16],"texture":"#5"},"down":{"uv":[0,0,16,16],"texture":"#5"}}},{"from":[-1,5,20],"to":[11,15,20],"rotation":{"angle":-22.5,"axis":"y","origin":[6,15,19]},"faces":{"north":{"uv":[0,0,16,16],"texture":"#4"},"east":{"uv":[0,0,16,16],"texture":"#4"},"south":{"uv":[0,0,16,16],"texture":"#4"},"west":{"uv":[0,0,16,16],"texture":"#4"},"up":{"uv":[0,0,16,16],"texture":"#4"},"down":{"uv":[0,0,16,16],"texture":"#4"}}},{"from":[5,5,14],"to":[5,15,26],"rotation":{"angle":-22.5,"axis":"y","origin":[6,15,19]},"faces":{"north":{"uv":[0,0,16,16],"texture":"#4"},"east":{"uv":[0,0,16,16],"texture":"#4"},"south":{"uv":[0,0,16,16],"texture":"#4"},"west":{"uv":[16,0,0,16],"texture":"#4"},"up":{"uv":[0,0,16,16],"texture":"#4"},"down":{"uv":[0,0,16,16],"texture":"#4"}}},{"from":[12,11.25,15],"to":[24,21.25,15],"rotation":{"angle":-22.5,"axis":"y","origin":[6,15,19]},"faces":{"north":{"uv":[0,0,16,16],"texture":"#5"},"east":{"uv":[0,0,16,16],"texture":"#5"},"south":{"uv":[0,0,16,16],"texture":"#5"},"west":{"uv":[0,0,16,16],"texture":"#5"},"up":{"uv":[0,0,16,16],"texture":"#5"},"down":{"uv":[0,0,16,16],"texture":"#5"}}},{"from":[18,11.25,9],"to":[18,21.25,21],"rotation":{"angle":-22.5,"axis":"y","origin":[6,15,19]},"faces":{"north":{"uv":[0,0,16,16],"texture":"#5"},"east":{"uv":[0,0,16,16],"texture":"#5"},"south":{"uv":[0,0,16,16],"texture":"#5"},"west":{"uv":[0,0,16,16],"texture":"#5"},"up":{"uv":[0,0,16,16],"texture":"#5"},"down":{"uv":[0,0,16,16],"texture":"#5"}}},{"from":[11.75,5.25,14.75],"to":[23.75,15.25,14.75],"rotation":{"angle":-22.5,"axis":"y","origin":[6,15,19]},"faces":{"north":{"uv":[0,0,16,16],"texture":"#4"},"east":{"uv":[0,0,16,16],"texture":"#4"},"south":{"uv":[16,0,0,16],"texture":"#4"},"west":{"uv":[0,0,16,16],"texture":"#4"},"up":{"uv":[0,0,16,16],"texture":"#4"},"down":{"uv":[0,0,16,16],"texture":"#4"}}},{"from":[17.75,5.25,8.75],"to":[17.75,15.25,20.75],"rotation":{"angle":-22.5,"axis":"y","origin":[6,15,19]},"faces":{"north":{"uv":[0,0,16,16],"texture":"#4"},"east":{"uv":[0,0,16,16],"texture":"#4"},"south":{"uv":[0,0,16,16],"texture":"#4"},"west":{"uv":[16,0,0,16],"texture":"#4"},"up":{"uv":[0,0,16,16],"texture":"#4"},"down":{"uv":[0,0,16,16],"texture":"#4"}}},{"from":[5.70461,12.5,15.68037],"to":[17.70461,22.5,15.68037],"rotation":{"angle":-45,"axis":"y","origin":[11.70461,17.5,15.68037]},"faces":{"north":{"uv":[0,0,16,16],"texture":"#5"},"east":{"uv":[0,0,16,16],"texture":"#5"},"south":{"uv":[0,0,16,16],"texture":"#5"},"west":{"uv":[0,0,16,16],"texture":"#5"},"up":{"uv":[0,0,16,16],"texture":"#5"},"down":{"uv":[0,0,16,16],"texture":"#5"}}},{"from":[11.70461,12.5,9.68037],"to":[11.70461,22.5,21.68037],"rotation":{"angle":-45,"axis":"y","origin":[11.70461,17.5,15.68037]},"faces":{"north":{"uv":[0,0,16,16],"texture":"#5"},"east":{"uv":[0,0,16,16],"texture":"#5"},"south":{"uv":[0,0,16,16],"texture":"#5"},"west":{"uv":[0,0,16,16],"texture":"#5"},"up":{"uv":[0,0,16,16],"texture":"#5"},"down":{"uv":[0,0,16,16],"texture":"#5"}}},{"from":[5.70461,6.5,15.68037],"to":[17.70461,16.5,15.68037],"rotation":{"angle":-45,"axis":"y","origin":[11.70461,17.5,15.68037]},"faces":{"north":{"uv":[0,0,16,16],"texture":"#4"},"east":{"uv":[0,0,16,16],"texture":"#4"},"south":{"uv":[0,0,16,16],"texture":"#4"},"west":{"uv":[0,0,16,16],"texture":"#4"},"up":{"uv":[0,0,16,16],"texture":"#4"},"down":{"uv":[0,0,16,16],"texture":"#4"}}},{"from":[11.70461,6.5,9.68037],"to":[11.70461,16.5,21.68037],"rotation":{"angle":-45,"axis":"y","origin":[11.70461,17.5,15.68037]},"faces":{"north":{"uv":[0,0,16,16],"texture":"#4"},"east":{"uv":[0,0,16,16],"texture":"#4"},"south":{"uv":[0,0,16,16],"texture":"#4"},"west":{"uv":[0,0,16,16],"texture":"#4"},"up":{"uv":[0,0,16,16],"texture":"#4"},"down":{"uv":[0,0,16,16],"texture":"#4"}}}],"display":{"thirdperson_righthand":{"translation":[0,0,-3.25],"scale":[0.2,0.2,0.2]},"thirdperson_lefthand":{"translation":[0,0,-3.25],"scale":[0.2,0.2,0.2]},"firstperson_righthand":{"scale":[0.35,0.35,0.35]},"firstperson_lefthand":{"scale":[0.35,0.35,0.35]},"ground":{"scale":[0.5,0.5,0.5]},"gui":{"rotation":[18,149,0],"translation":[-1,-2.75,0],"scale":[0.4,0.4,0.4]},"fixed":{"rotation":[-90,0,0],"translation":[-1,-16,-15],"scale":[2,2,2]}},"groups":[{"name":"barrow","origin":[8,8,8],"children":[0,1,2,3,4,5,6,7,8,9,10,11]},{"name":"wheel","origin":[8,8,8],"children":[12,13,14,15,16,17,18,19,20,21,22,23,24,25,26,27,28,29,30,31,32,33,34,35,36,37,38,39,40,41,42,43,44,45]},{"name":"wheel","origin":[8,8,8],"children":[46,47,48,49,50,51,52,53,54,55,56,57,58,59,60,61,62,63,64,65,66,67,68,69,70,71,72,73,74,75,76,77,78]},{"name":"foot","origin":[3.98744,1.57534,10.25],"children":[79,80,81,82,83,84]},{"name":"remache","origin":[8,8,8],"children":[85,86,87,88,89,90,91,92,93,94,95,96,97,98,99,100,101,102,103,104,105,106,107,108,109,110,111,112,113,114,115,116,117,118,119,120,121,122,123,124,125,126,127,128,129,130,131,132,133,134,135,136,137,138,139,140,141,142,143,144,145,146,147,148,149,150,151,152,153,154]},{"name":"flower 1","origin":[8,8,8],"children":[155,156,{"name":"flower 1","origin":[8,8,8],"children":[157,158]}]},{"name":"flower 2","origin":[8,8,8],"children":[159,160,{"name":"flower 2","origin":[8,8,8],"children":[161,162]}]},{"name":"flower 3","origin":[8,8,8],"children":[163,164,{"name":"flower 3","origin":[8,8,8],"children":[165,166]}]},{"name":"flower 4","origin":[8,8,8],"children":[167,168,{"name":"flower 4","origin":[8,8,8],"children":[169,170]}]},{"name":"flower 5","origin":[8,8,8],"children":[171,172,{"name":"flower 5","origin":[8,8,8],"children":[173,174]}]},{"name":"flower 6","origin":[8,8,8],"children":[175,176,{"name":"flower 6","origin":[8,8,8],"children":[177,178]}]},{"name":"flower 7","origin":[8,8,8],"children":[179,180,{"name":"flower 7","origin":[8,8,8],"children":[181,182]}]}]}