{
	"credit": "Made with Blockbench",
	"parent": "./hc_cit_item",
	"textures": {
		"0": "block/white_wool",
		"1": "block/stripped_oak_log",
		"particle": "white_wool"
	},
	"elements": [
		{
			"from": [1.01, 6, 2.01],
			"to": [14.99, 8, 13.99],
			"rotation": {"angle": 0, "axis": "y", "origin": [0.01, 0, 0.01]},
			"faces": {
				"north": {"uv": [0, 1, 2, 14.98], "rotation": 270, "texture": "#1"},
				"east": {"uv": [14, 2, 16, 13.98], "rotation": 270, "texture": "#1"},
				"south": {"uv": [0, 1, 2, 14.98], "rotation": 90, "texture": "#1"},
				"west": {"uv": [14, 2, 16, 13.98], "rotation": 90, "texture": "#1"},
				"down": {"uv": [1, 2, 14.98, 13.98], "texture": "#1"}
			}
		},
		{
			"from": [0, 9, 2],
			"to": [16, 11, 14],
			"faces": {
				"north": {"uv": [0, 0, 16, 2], "texture": "#0"},
				"east": {"uv": [14, 2, 16, 14], "rotation": 90, "texture": "#0"},
				"south": {"uv": [0, 14, 16, 16], "texture": "#0"},
				"west": {"uv": [0, 2, 2, 14], "rotation": 90, "texture": "#0"},
				"up": {"uv": [0, 2, 16, 14], "texture": "#0"}
			}
		},
		{
			"from": [0, 8, 2],
			"to": [16, 9, 14],
			"faces": {
				"north": {"uv": [8, 0, 9, 16], "rotation": 90, "texture": "#1"},
				"east": {"uv": [8, 2, 9, 14], "rotation": 90, "texture": "#1"},
				"south": {"uv": [7, 0, 8, 16], "rotation": 90, "texture": "#1"},
				"west": {"uv": [7, 2, 8, 14], "rotation": 90, "texture": "#1"},
				"down": {"uv": [0, 2, 16, 14], "texture": "#1"}
			}
		},
		{
			"from": [1, 0, 2],
			"to": [3, 8, 4],
			"faces": {
				"north": {"uv": [0, 0, 2, 8], "texture": "#1"},
				"east": {"uv": [0, 8, 2, 16], "texture": "#1"},
				"south": {"uv": [14, 8, 16, 16], "texture": "#1"},
				"west": {"uv": [14, 0, 16, 8], "texture": "#1"},
				"down": {"uv": [0, 14, 2, 16], "texture": "#1"}
			}
		},
		{
			"from": [1, 0, 12],
			"to": [3, 8, 14],
			"faces": {
				"north": {"uv": [0, 8, 2, 16], "texture": "#1"},
				"east": {"uv": [14, 8, 16, 16], "texture": "#1"},
				"south": {"uv": [14, 0, 16, 8], "texture": "#1"},
				"west": {"uv": [0, 0, 2, 8], "texture": "#1"},
				"down": {"uv": [0, 0, 2, 2], "texture": "#1"}
			}
		},
		{
			"from": [13, 0, 12],
			"to": [15, 8, 14],
			"faces": {
				"north": {"uv": [14, 8, 16, 16], "texture": "#1"},
				"east": {"uv": [14, 0, 16, 8], "texture": "#1"},
				"south": {"uv": [0, 0, 2, 8], "texture": "#1"},
				"west": {"uv": [0, 8, 2, 16], "texture": "#1"},
				"down": {"uv": [14, 0, 16, 2], "texture": "#1"}
			}
		},
		{
			"from": [13, 0, 2],
			"to": [15, 8, 4],
			"faces": {
				"north": {"uv": [14, 0, 16, 8], "texture": "#1"},
				"east": {"uv": [0, 0, 2, 8], "texture": "#1"},
				"south": {"uv": [0, 8, 2, 16], "texture": "#1"},
				"west": {"uv": [14, 8, 16, 16], "texture": "#1"},
				"down": {"uv": [14, 14, 16, 16], "texture": "#1"}
			}
		}
	]
}