{
	"credit": "Made with Blockbench",
	"parent": "./hc_cit_screen",
	"texture_size": [32, 32],
	"textures": {
		"0": "hc_kebaya_1",
		"1": "hc_mannequin_1",
		"particle": "hc_kebaya_1"
	},
	"elements": [
		{
			"from": [4, -12, 6],
			"to": [12, 14, 10],
			"rotation": {"angle": 0, "axis": "y", "origin": [8, 0, 8]},
			"faces": {
				"north": {"uv": [8, 2, 12, 15], "texture": "#0"},
				"east": {"uv": [6, 2, 8, 15], "texture": "#0"},
				"south": {"uv": [2, 2, 6, 15], "texture": "#0"},
				"west": {"uv": [0, 2, 2, 15], "texture": "#0"},
				"up": {"uv": [2, 0, 6, 2], "texture": "#0"}
			}
		},
		{
			"from": [5, 14, 6],
			"to": [11, 15, 10],
			"rotation": {"angle": 0, "axis": "y", "origin": [8, 0, 8]},
			"faces": {
				"north": {"uv": [8.5, 1.5, 11.5, 2], "texture": "#0"},
				"east": {"uv": [5, 0.5, 5.5, 2.5], "rotation": 90, "texture": "#0"},
				"south": {"uv": [2.5, 1.5, 5.5, 2], "texture": "#0"},
				"west": {"uv": [2.5, 0.5, 3, 2.5], "rotation": 270, "texture": "#0"},
				"up": {"uv": [2.5, 0, 5.5, 2], "texture": "#1"},
				"down": {"uv": [0, 0, 4, 6], "rotation": 90, "texture": "#missing"}
			}
		},
		{
			"from": [6.5, 15, 6.5],
			"to": [9.5, 17, 9.5],
			"rotation": {"angle": 0, "axis": "y", "origin": [8, 0, 8]},
			"faces": {
				"north": {"uv": [7.5, 1.5, 9, 2.5], "texture": "#1"},
				"east": {"uv": [9, 1.5, 10.5, 2.5], "texture": "#1"},
				"south": {"uv": [7.5, 1.5, 9, 2.5], "texture": "#1"},
				"west": {"uv": [6, 1.5, 7.5, 2.5], "texture": "#1"},
				"up": {"uv": [7.5, 0, 9, 1.5], "rotation": 270, "texture": "#1"}
			}
		},
		{
			"from": [7.5, 17, 7.5],
			"to": [8.5, 19, 8.5],
			"rotation": {"angle": 0, "axis": "y", "origin": [8, 0, 8]},
			"faces": {
				"north": {"uv": [1, 0.5, 1.5, 1.5], "texture": "#1"},
				"east": {"uv": [0.5, 0.5, 1, 1.5], "texture": "#1"},
				"south": {"uv": [0.5, 0.5, 1, 1.5], "texture": "#1"},
				"west": {"uv": [0, 0.5, 0.5, 1.5], "texture": "#1"},
				"up": {"uv": [0.5, 0, 1, 0.5], "rotation": 270, "texture": "#1"}
			}
		},
		{
			"from": [7.5, -11, 7.5],
			"to": [8.5, 4, 8.5],
			"rotation": {"angle": 0, "axis": "y", "origin": [8, 0, 8]},
			"faces": {
				"north": {"uv": [4, 8.5, 4.5, 16], "texture": "#1"},
				"east": {"uv": [3.5, 8.5, 4, 16], "texture": "#1"},
				"south": {"uv": [4, 8.5, 4.5, 16], "texture": "#1"},
				"west": {"uv": [3.5, 8.5, 4, 16], "texture": "#1"},
				"up": {"uv": [3.5, 8.5, 4, 9], "rotation": 270, "texture": "#1"}
			}
		},
		{
			"from": [2, 3, 6.5],
			"to": [4, 14, 9.5],
			"rotation": {"angle": 0, "axis": "y", "origin": [8, 0, 8]},
			"faces": {
				"north": {"uv": [13, 2, 14, 7.5], "texture": "#0"},
				"south": {"uv": [12, 2, 13, 7.5], "texture": "#0"},
				"west": {"uv": [14, 2, 15.5, 7.5], "texture": "#0"},
				"up": {"uv": [1, 0.5, 2, 2], "texture": "#0"}
			}
		},
		{
			"from": [12, 3, 6.5],
			"to": [14, 14, 9.5],
			"rotation": {"angle": 0, "axis": "y", "origin": [8, 0, 8]},
			"faces": {
				"north": {"uv": [12, 2, 13, 7.5], "texture": "#0"},
				"east": {"uv": [14.5, 2, 16, 7.5], "texture": "#0"},
				"south": {"uv": [13, 2, 14, 7.5], "texture": "#0"},
				"up": {"uv": [6, 0.5, 7, 2], "texture": "#0"}
			}
		},
		{
			"from": [7, -13, 7],
			"to": [9, -11, 9],
			"faces": {
				"north": {"uv": [1, 10, 2, 11], "texture": "#1"},
				"east": {"uv": [0, 11, 1, 12], "texture": "#1"},
				"south": {"uv": [1, 12, 2, 13], "texture": "#1"},
				"west": {"uv": [2, 11, 3, 12], "texture": "#1"},
				"up": {"uv": [1, 11, 2, 12], "texture": "#1"}
			}
		},
		{
			"from": [6, -14, 6],
			"to": [10, -13, 10],
			"faces": {
				"north": {"uv": [0.5, 15.5, 2.5, 16], "texture": "#1"},
				"east": {"uv": [0.5, 13, 2.5, 13.5], "texture": "#1"},
				"south": {"uv": [0.5, 15.5, 2.5, 16], "texture": "#1"},
				"west": {"uv": [0.5, 13, 2.5, 13.5], "texture": "#1"},
				"up": {"uv": [0.5, 13.5, 2.5, 15.5], "texture": "#1"},
				"down": {"uv": [0.5, 13.5, 2.5, 15.5], "texture": "#1"}
			}
		},
		{
			"from": [3, -16, 8],
			"to": [13, -13, 8],
			"faces": {
				"north": {"uv": [4.5, 14.5, 9.5, 16], "texture": "#1"},
				"east": {"uv": [0, 0, 0, 1.5], "texture": "#missing"},
				"south": {"uv": [4.5, 14.5, 9.5, 16], "texture": "#1"},
				"west": {"uv": [0, 0, 0, 1.5], "texture": "#missing"},
				"up": {"uv": [0, 0, 5, 0], "texture": "#missing"},
				"down": {"uv": [0, 0, 5, 0], "texture": "#missing"}
			}
		},
		{
			"from": [8, -16, 3],
			"to": [8, -13, 13],
			"faces": {
				"north": {"uv": [0, 0, 0, 1.5], "texture": "#missing"},
				"east": {"uv": [4.5, 14.5, 9.5, 16], "texture": "#1"},
				"south": {"uv": [0, 0, 0, 1.5], "texture": "#missing"},
				"west": {"uv": [4.5, 14.5, 9.5, 16], "texture": "#1"},
				"up": {"uv": [0, 0, 0, 5], "texture": "#missing"},
				"down": {"uv": [0, 0, 0, 5], "texture": "#missing"}
			}
		},
		{
			"from": [4, 0, 5.5],
			"to": [12, 5, 10.5],
			"faces": {
				"north": {"uv": [12, 11, 16, 13.5], "texture": "#0"},
				"south": {"uv": [12, 13.5, 16, 16], "texture": "#0"}
			}
		},
		{
			"from": [1.5, 3, 6],
			"to": [4, 7, 10],
			"faces": {
				"north": {"uv": [14.75, 0, 16, 2], "texture": "#0"},
				"south": {"uv": [14, 0, 15.25, 2], "texture": "#0"},
				"west": {"uv": [12, 0, 14, 2], "texture": "#0"}
			}
		},
		{
			"from": [12, 3, 6],
			"to": [14.5, 7, 10],
			"faces": {
				"north": {"uv": [14, 0, 15.25, 2], "texture": "#0"},
				"east": {"uv": [12, 0, 14, 2], "texture": "#0"},
				"south": {"uv": [14.75, 0, 16, 2], "texture": "#0"}
			}
		},
		{
			"from": [7, 9, 9.5],
			"to": [9, 10, 10.5],
			"faces": {
				"east": {"uv": [4, 4, 4.5, 4.5], "texture": "#0"},
				"south": {"uv": [3.5, 4, 4.5, 4.5], "texture": "#0"},
				"west": {"uv": [3.5, 4, 4, 4.5], "texture": "#0"},
				"up": {"uv": [3.5, 4, 4.5, 4.5], "texture": "#0"},
				"down": {"uv": [3.5, 4, 4.5, 4.5], "texture": "#0"}
			}
		},
		{
			"from": [7, 7, 9.5],
			"to": [9, 8, 10.5],
			"faces": {
				"east": {"uv": [4, 4, 4.5, 4.5], "texture": "#0"},
				"south": {"uv": [3.5, 4, 4.5, 4.5], "texture": "#0"},
				"west": {"uv": [3.5, 4, 4, 4.5], "texture": "#0"},
				"up": {"uv": [3.5, 4, 4.5, 4.5], "texture": "#0"},
				"down": {"uv": [3.5, 4, 4.5, 4.5], "texture": "#0"}
			}
		},
		{
			"from": [7, 5, 9.5],
			"to": [9, 6, 10.5],
			"faces": {
				"east": {"uv": [4, 4, 4.5, 4.5], "texture": "#0"},
				"south": {"uv": [3.5, 4, 4.5, 4.5], "texture": "#0"},
				"west": {"uv": [3.5, 4, 4, 4.5], "texture": "#0"},
				"up": {"uv": [3.5, 4, 4.5, 4.5], "texture": "#0"},
				"down": {"uv": [3.5, 4, 4.5, 4.5], "texture": "#0"}
			}
		},
		{
			"from": [3.5, -11, 6.5],
			"to": [12.5, 1, 9.5],
			"faces": {
				"north": {"uv": [5, 9.5, 9, 15.5], "texture": "#0"},
				"east": {"uv": [9.5, 9, 11, 15], "texture": "#0"},
				"south": {"uv": [5, 9.5, 9, 15.5], "texture": "#0"},
				"west": {"uv": [3, 9, 4.5, 15], "texture": "#0"}
			}
		}
	]
}