{"credit":"Made with Blockbench","textures":{"0":"block/maceta_1","1":"block/flowers/pansy","particle":"block/maceta_1"},"elements":[{"from":[4,1,8],"to":[12,9,8],"rotation":{"angle":0,"axis":"y","origin":[4,0,8]},"faces":{"north":{"uv":[0,0,16,16],"texture":"#1"},"east":{"uv":[0,0,16,16],"texture":"#1"},"south":{"uv":[0,0,16,16],"texture":"#1"},"west":{"uv":[0,0,16,16],"texture":"#1"},"up":{"uv":[0,0,16,16],"texture":"#1"},"down":{"uv":[0,0,16,16],"texture":"#1"}}},{"from":[8,1,4],"to":[8,9,12],"rotation":{"angle":0,"axis":"y","origin":[8,4,9]},"faces":{"north":{"uv":[0,0,16,16],"texture":"#1"},"east":{"uv":[0,0,16,16],"texture":"#1"},"south":{"uv":[0,0,16,16],"texture":"#1"},"west":{"uv":[0,0,16,16],"texture":"#1"},"up":{"uv":[0,0,16,16],"texture":"#1"},"down":{"uv":[0,0,16,16],"texture":"#1"}}},{"from":[7.63781,1,8.8776],"to":[8.38781,2.5,9.8776],"rotation":{"angle":0,"axis":"y","origin":[8.01115,1.32561,8.06377]},"faces":{"north":{"uv":[0,0,0.75,1.5],"texture":"#missing"},"east":{"uv":[0,0,1,1.5],"texture":"#missing"},"south":{"uv":[0,13,1,15],"texture":"#0"},"west":{"uv":[0,0,1,1.5],"texture":"#missing"},"up":{"uv":[0,0,0.75,1],"rotation":180,"texture":"#missing"},"down":{"uv":[3,14,4,15],"rotation":180,"texture":"#0"}}},{"from":[7.66502,1,8.88367],"to":[8.41502,2.5,9.88367],"rotation":{"angle":22.5,"axis":"y","origin":[8.01115,1.32561,8.06377]},"faces":{"north":{"uv":[0,0,0.75,1.5],"texture":"#missing"},"east":{"uv":[0,0,1,1.5],"texture":"#missing"},"south":{"uv":[2,13,3,15],"texture":"#0"},"west":{"uv":[0,0,1,1.5],"texture":"#missing"},"up":{"uv":[0,0,0.75,1],"rotation":180,"texture":"#missing"},"down":{"uv":[3,14,4,15],"rotation":180,"texture":"#0"}}},{"from":[8.84707,1,7.63709],"to":[9.84707,2.5,8.38709],"rotation":{"angle":-45,"axis":"y","origin":[8.01115,1.32561,8.06377]},"faces":{"north":{"uv":[0,0,1,1.5],"texture":"#missing"},"east":{"uv":[2,13,3,15],"texture":"#0"},"south":{"uv":[0,0,1,1.5],"texture":"#missing"},"west":{"uv":[0,0,0.75,1.5],"texture":"#missing"},"up":{"uv":[0,0,0.75,1],"rotation":90,"texture":"#missing"},"down":{"uv":[3,14,4,15],"rotation":270,"texture":"#0"}}},{"from":[8.8706,1,7.62215],"to":[9.8706,2.5,8.37215],"rotation":{"angle":-22.5,"axis":"y","origin":[8.01115,1.32561,8.06377]},"faces":{"north":{"uv":[0,0,1,1.5],"texture":"#missing"},"east":{"uv":[0,13,1,15],"texture":"#0"},"south":{"uv":[0,0,1,1.5],"texture":"#missing"},"west":{"uv":[0,0,0.75,1.5],"texture":"#missing"},"up":{"uv":[0,0,0.75,1],"rotation":90,"texture":"#missing"},"down":{"uv":[3,14,4,15],"rotation":270,"texture":"#0"}}},{"from":[8.89806,1,7.61735],"to":[9.89806,2.5,8.36735],"rotation":{"angle":0,"axis":"y","origin":[8.01115,1.32561,8.06377]},"faces":{"north":{"uv":[0,0,1,1.5],"texture":"#missing"},"east":{"uv":[0,13,1,15],"texture":"#0"},"south":{"uv":[0,0,1,1.5],"texture":"#missing"},"west":{"uv":[0,0,0.75,1.5],"texture":"#missing"},"up":{"uv":[0,0,0.75,1],"rotation":90,"texture":"#missing"},"down":{"uv":[3,14,4,15],"rotation":270,"texture":"#0"}}},{"from":[8.92527,1,7.62342],"to":[9.92527,2.5,8.37342],"rotation":{"angle":22.5,"axis":"y","origin":[8.01115,1.32561,8.06377]},"faces":{"north":{"uv":[0,0,1,1.5],"texture":"#missing"},"east":{"uv":[2,13,3,15],"texture":"#0"},"south":{"uv":[0,0,1,1.5],"texture":"#missing"},"west":{"uv":[0,0,0.75,1.5],"texture":"#missing"},"up":{"uv":[0,0,0.75,1],"rotation":90,"texture":"#missing"},"down":{"uv":[3,14,4,15],"rotation":270,"texture":"#0"}}},{"from":[7.58682,1,6.12684],"to":[8.33682,2.5,7.12684],"rotation":{"angle":-45,"axis":"y","origin":[8.01115,1.32561,8.06377]},"faces":{"north":{"uv":[2,13,3,15],"texture":"#0"},"east":{"uv":[0,0,1,1.5],"texture":"#missing"},"south":{"uv":[0,0,0.75,1.5],"texture":"#missing"},"west":{"uv":[0,0,1,1.5],"texture":"#missing"},"up":{"uv":[0,0,0.75,1],"texture":"#missing"},"down":{"uv":[3,14,4,15],"texture":"#0"}}},{"from":[7.61035,1,6.11189],"to":[8.36035,2.5,7.11189],"rotation":{"angle":-22.5,"axis":"y","origin":[8.01115,1.32561,8.06377]},"faces":{"north":{"uv":[0,13,1,15],"texture":"#0"},"east":{"uv":[0,0,1,1.5],"texture":"#missing"},"south":{"uv":[0,0,0.75,1.5],"texture":"#missing"},"west":{"uv":[0,0,1,1.5],"texture":"#missing"},"up":{"uv":[0,0,0.75,1],"texture":"#missing"},"down":{"uv":[3,14,4,15],"texture":"#0"}}},{"from":[7.63781,1,6.10709],"to":[8.38781,2.5,7.10709],"rotation":{"angle":0,"axis":"y","origin":[8.01115,1.32561,8.06377]},"faces":{"north":{"uv":[0,13,1,15],"texture":"#0"},"east":{"uv":[0,0,1,1.5],"texture":"#missing"},"south":{"uv":[0,0,0.75,1.5],"texture":"#missing"},"west":{"uv":[0,0,1,1.5],"texture":"#missing"},"up":{"uv":[0,0,0.75,1],"texture":"#missing"},"down":{"uv":[3,14,4,15],"texture":"#0"}}},{"from":[7.66502,1,6.11317],"to":[8.41502,2.5,7.11317],"rotation":{"angle":22.5,"axis":"y","origin":[8.01115,1.32561,8.06377]},"faces":{"north":{"uv":[2,13,3,15],"texture":"#0"},"east":{"uv":[0,0,1,1.5],"texture":"#missing"},"south":{"uv":[0,0,0.75,1.5],"texture":"#missing"},"west":{"uv":[0,0,1,1.5],"texture":"#missing"},"up":{"uv":[0,0,0.75,1],"texture":"#missing"},"down":{"uv":[3,14,4,15],"texture":"#0"}}},{"from":[6.07657,1,7.63709],"to":[7.07657,2.5,8.38709],"rotation":{"angle":-45,"axis":"y","origin":[8.01115,1.32561,8.06377]},"faces":{"north":{"uv":[0,0,1,1.5],"texture":"#missing"},"east":{"uv":[0,0,0.75,1.5],"texture":"#missing"},"south":{"uv":[0,0,1,1.5],"texture":"#missing"},"west":{"uv":[2,13,3,15],"texture":"#0"},"up":{"uv":[0,0,0.75,1],"rotation":270,"texture":"#missing"},"down":{"uv":[3,14,4,15],"rotation":90,"texture":"#0"}}},{"from":[6.1001,1,7.62215],"to":[7.1001,2.5,8.37215],"rotation":{"angle":-22.5,"axis":"y","origin":[8.01115,1.32561,8.06377]},"faces":{"north":{"uv":[0,0,1,1.5],"texture":"#missing"},"east":{"uv":[0,0,0.75,1.5],"texture":"#missing"},"south":{"uv":[0,0,1,1.5],"texture":"#missing"},"west":{"uv":[0,13,1,15],"texture":"#0"},"up":{"uv":[0,0,0.75,1],"rotation":270,"texture":"#missing"},"down":{"uv":[3,14,4,15],"rotation":90,"texture":"#0"}}},{"from":[6.12756,1,7.61735],"to":[7.12756,2.5,8.36735],"rotation":{"angle":0,"axis":"y","origin":[8.01115,1.32561,8.06377]},"faces":{"north":{"uv":[0,0,1,1.5],"texture":"#missing"},"east":{"uv":[0,0,0.75,1.5],"texture":"#missing"},"south":{"uv":[0,0,1,1.5],"texture":"#missing"},"west":{"uv":[0,13,1,15],"texture":"#0"},"up":{"uv":[0,0,0.75,1],"rotation":270,"texture":"#missing"},"down":{"uv":[3,14,4,15],"rotation":90,"texture":"#0"}}},{"from":[6.15477,1,7.62342],"to":[7.15477,2.5,8.37342],"rotation":{"angle":22.5,"axis":"y","origin":[8.01115,1.32561,8.06377]},"faces":{"north":{"uv":[0,0,1,1.5],"texture":"#missing"},"east":{"uv":[0,0,0.75,1.5],"texture":"#missing"},"south":{"uv":[0,0,1,1.5],"texture":"#missing"},"west":{"uv":[2,13,3,15],"texture":"#0"},"up":{"uv":[0,0,0.75,1],"rotation":270,"texture":"#missing"},"down":{"uv":[3,14,4,15],"rotation":90,"texture":"#0"}}},{"from":[7.58682,1,8.89734],"to":[8.33682,2.5,9.89734],"rotation":{"angle":-45,"axis":"y","origin":[8.01115,1.32561,8.06377]},"faces":{"north":{"uv":[0,0,0.75,1.5],"texture":"#missing"},"east":{"uv":[0,0,1,1.5],"texture":"#missing"},"south":{"uv":[2,13,3,15],"texture":"#0"},"west":{"uv":[0,0,1,1.5],"texture":"#missing"},"up":{"uv":[0,0,0.75,1],"rotation":180,"texture":"#missing"},"down":{"uv":[3,14,4,15],"rotation":180,"texture":"#0"}}},{"from":[7.61035,1,8.8824],"to":[8.36035,2.5,9.8824],"rotation":{"angle":-22.5,"axis":"y","origin":[8.01115,1.32561,8.06377]},"faces":{"north":{"uv":[0,0,0.75,1.5],"texture":"#missing"},"east":{"uv":[0,0,1,1.5],"texture":"#missing"},"south":{"uv":[0,13,1,15],"texture":"#0"},"west":{"uv":[0,0,1,1.5],"texture":"#missing"},"up":{"uv":[0,0,0.75,1],"rotation":180,"texture":"#missing"},"down":{"uv":[3,14,4,15],"rotation":180,"texture":"#0"}}},{"from":[7.73697,0,6.47488],"to":[8.34197,1,8.89488],"rotation":{"angle":22.5,"axis":"y","origin":[8.01546,1.32561,8.0623]},"faces":{"north":{"uv":[0,15,1,16],"texture":"#0"},"east":{"uv":[0,15,1,16],"texture":"#0"},"south":{"uv":[0,15,1,16],"texture":"#0"},"west":{"uv":[0,15,1,16],"texture":"#0"},"up":{"uv":[0,15,1,16],"texture":"#0"},"down":{"uv":[2,15,3,16],"texture":"#0"}}},{"from":[7.70964,0,6.47077],"to":[8.31464,1,8.89077],"rotation":{"angle":0,"axis":"y","origin":[8.01546,1.32561,8.0623]},"faces":{"north":{"uv":[2,15,3,16],"rotation":90,"texture":"#0"},"east":{"uv":[2,15,3,16],"rotation":90,"texture":"#0"},"south":{"uv":[2,15,3,16],"rotation":90,"texture":"#0"},"west":{"uv":[2,15,3,16],"rotation":90,"texture":"#0"},"up":{"uv":[2,15,3,16],"rotation":90,"texture":"#0"},"down":{"uv":[2,15,3,16],"rotation":90,"texture":"#0"}}},{"from":[7.70964,0,7.09231],"to":[8.31464,1,9.51231],"rotation":{"angle":0,"axis":"y","origin":[8.01546,1.32561,8.0623]},"faces":{"north":{"uv":[2,15,3,16],"rotation":90,"texture":"#0"},"east":{"uv":[2,15,3,16],"rotation":90,"texture":"#0"},"south":{"uv":[2,15,3,16],"rotation":90,"texture":"#0"},"west":{"uv":[2,15,3,16],"rotation":90,"texture":"#0"},"up":{"uv":[2,15,3,16],"rotation":90,"texture":"#0"},"down":{"uv":[2,15,3,16],"rotation":90,"texture":"#0"}}},{"from":[7.11291,0,7.68904],"to":[9.53291,1,8.29404],"rotation":{"angle":0,"axis":"y","origin":[8.01546,1.32561,8.0623]},"faces":{"north":{"uv":[2,15,3,16],"rotation":90,"texture":"#0"},"east":{"uv":[2,15,3,16],"rotation":90,"texture":"#0"},"south":{"uv":[2,15,3,16],"rotation":90,"texture":"#0"},"west":{"uv":[2,15,3,16],"rotation":90,"texture":"#0"},"up":{"uv":[2,15,3,16],"rotation":90,"texture":"#0"},"down":{"uv":[2,15,3,16],"rotation":90,"texture":"#0"}}},{"from":[6.49137,0,7.68904],"to":[8.91137,1,8.29404],"rotation":{"angle":0,"axis":"y","origin":[8.01546,1.32561,8.0623]},"faces":{"north":{"uv":[0,0,2,0.5],"texture":"#missing"},"east":{"uv":[0,0,0.5,0.5],"texture":"#missing"},"south":{"uv":[0,0,2,0.5],"texture":"#missing"},"west":{"uv":[2,15,3,16],"rotation":90,"texture":"#0"},"up":{"uv":[0,0,0.5,2],"rotation":270,"texture":"#missing"},"down":{"uv":[2,15,3,16],"rotation":90,"texture":"#0"}}},{"from":[7.68281,0,6.47743],"to":[8.28781,1,8.89743],"rotation":{"angle":-22.5,"axis":"y","origin":[8.01546,1.32561,8.0623]},"faces":{"north":{"uv":[2,15,3,16],"rotation":90,"texture":"#0"},"east":{"uv":[2,15,3,16],"rotation":90,"texture":"#0"},"south":{"uv":[2,15,3,16],"rotation":90,"texture":"#0"},"west":{"uv":[2,15,3,16],"rotation":90,"texture":"#0"},"up":{"uv":[2,15,3,16],"rotation":90,"texture":"#0"},"down":{"uv":[2,15,3,16],"rotation":90,"texture":"#0"}}},{"from":[7.68281,0,7.09897],"to":[8.28781,1,9.51897],"rotation":{"angle":-22.5,"axis":"y","origin":[8.01546,1.32561,8.0623]},"faces":{"north":{"uv":[0,0,0.5,0.5],"texture":"#missing"},"east":{"uv":[0,0,2,0.5],"texture":"#missing"},"south":{"uv":[2,15,3,16],"rotation":90,"texture":"#0"},"west":{"uv":[0,0,2,0.5],"texture":"#missing"},"up":{"uv":[0,0,0.5,2],"rotation":180,"texture":"#missing"},"down":{"uv":[2,15,3,16],"rotation":180,"texture":"#0"}}},{"from":[7.08608,0,7.6957],"to":[9.50608,1,8.3007],"rotation":{"angle":-22.5,"axis":"y","origin":[8.01546,1.32561,8.0623]},"faces":{"north":{"uv":[2,15,3,16],"rotation":90,"texture":"#0"},"east":{"uv":[2,15,3,16],"rotation":90,"texture":"#0"},"south":{"uv":[2,15,3,16],"rotation":90,"texture":"#0"},"west":{"uv":[2,15,3,16],"rotation":90,"texture":"#0"},"up":{"uv":[2,15,3,16],"rotation":90,"texture":"#0"},"down":{"uv":[2,15,3,16],"rotation":90,"texture":"#0"}}},{"from":[6.46454,0,7.6957],"to":[8.88454,1,8.3007],"rotation":{"angle":-22.5,"axis":"y","origin":[8.01546,1.32561,8.0623]},"faces":{"north":{"uv":[2,15,3,16],"rotation":90,"texture":"#0"},"east":{"uv":[2,15,3,16],"rotation":90,"texture":"#0"},"south":{"uv":[2,15,3,16],"rotation":90,"texture":"#0"},"west":{"uv":[2,15,3,16],"rotation":90,"texture":"#0"},"up":{"uv":[2,15,3,16],"rotation":90,"texture":"#0"},"down":{"uv":[2,15,3,16],"rotation":90,"texture":"#0"}}},{"from":[7.66058,0,6.49384],"to":[8.26558,1,8.91384],"rotation":{"angle":-45,"axis":"y","origin":[8.01546,1.32561,8.0623]},"faces":{"north":{"uv":[1,15,2,16],"rotation":90,"texture":"#0"},"east":{"uv":[1,15,2,16],"rotation":90,"texture":"#0"},"south":{"uv":[1,15,2,16],"rotation":90,"texture":"#0"},"west":{"uv":[1,15,2,16],"rotation":90,"texture":"#0"},"up":{"uv":[1,15,2,16],"rotation":90,"texture":"#0"},"down":{"uv":[2,15,3,16],"rotation":90,"texture":"#0"}}},{"from":[7.66058,0,7.11538],"to":[8.26558,1,9.53538],"rotation":{"angle":-45,"axis":"y","origin":[8.01546,1.32561,8.0623]},"faces":{"north":{"uv":[0,0,0.5,0.5],"texture":"#missing"},"east":{"uv":[0,0,2,0.5],"texture":"#missing"},"south":{"uv":[1,15,2,16],"rotation":90,"texture":"#0"},"west":{"uv":[0,0,2,0.5],"texture":"#missing"},"up":{"uv":[0,0,0.5,2],"rotation":180,"texture":"#missing"},"down":{"uv":[2,15,3,16],"rotation":180,"texture":"#0"}}},{"from":[7.06385,0,7.71211],"to":[9.48385,1,8.31711],"rotation":{"angle":-45,"axis":"y","origin":[8.01546,1.32561,8.0623]},"faces":{"north":{"uv":[1,15,2,16],"rotation":90,"texture":"#0"},"east":{"uv":[1,15,2,16],"rotation":90,"texture":"#0"},"south":{"uv":[1,15,2,16],"rotation":90,"texture":"#0"},"west":{"uv":[1,15,2,16],"rotation":90,"texture":"#0"},"up":{"uv":[1,15,2,16],"rotation":90,"texture":"#0"},"down":{"uv":[2,15,3,16],"rotation":90,"texture":"#0"}}},{"from":[6.44231,0,7.71211],"to":[8.86231,1,8.31711],"rotation":{"angle":-45,"axis":"y","origin":[8.01546,1.32561,8.0623]},"faces":{"north":{"uv":[0,15,1,16],"texture":"#0"},"east":{"uv":[0,15,1,16],"texture":"#0"},"south":{"uv":[0,15,1,16],"texture":"#0"},"west":{"uv":[0,15,1,16],"texture":"#0"},"up":{"uv":[0,15,1,16],"texture":"#0"},"down":{"uv":[2,15,3,16],"texture":"#0"}}},{"from":[7.14024,0,7.69315],"to":[9.56024,1,8.29815],"rotation":{"angle":22.5,"axis":"y","origin":[8.01546,1.32561,8.0623]},"faces":{"north":{"uv":[1,15,2,16],"rotation":90,"texture":"#0"},"east":{"uv":[1,15,2,16],"rotation":90,"texture":"#0"},"south":{"uv":[1,15,2,16],"rotation":90,"texture":"#0"},"west":{"uv":[1,15,2,16],"rotation":90,"texture":"#0"},"up":{"uv":[1,15,2,16],"rotation":90,"texture":"#0"},"down":{"uv":[2,15,3,16],"rotation":90,"texture":"#0"}}},{"from":[6.5187,0,7.69315],"to":[8.9387,1,8.29815],"rotation":{"angle":22.5,"axis":"y","origin":[8.01546,1.32561,8.0623]},"faces":{"north":{"uv":[1,15,2,16],"rotation":90,"texture":"#0"},"east":{"uv":[1,15,2,16],"rotation":90,"texture":"#0"},"south":{"uv":[1,15,2,16],"rotation":90,"texture":"#0"},"west":{"uv":[1,15,2,16],"rotation":90,"texture":"#0"},"up":{"uv":[1,15,2,16],"rotation":90,"texture":"#0"},"down":{"uv":[2,15,3,16],"rotation":90,"texture":"#0"}}},{"from":[7.73697,0,7.09642],"to":[8.34197,1,9.51642],"rotation":{"angle":22.5,"axis":"y","origin":[8.01546,1.32561,8.0623]},"faces":{"north":{"uv":[1,15,2,16],"rotation":90,"texture":"#0"},"east":{"uv":[1,15,2,16],"rotation":90,"texture":"#0"},"south":{"uv":[1,15,2,16],"rotation":90,"texture":"#0"},"west":{"uv":[1,15,2,16],"rotation":90,"texture":"#0"},"up":{"uv":[1,15,2,16],"rotation":90,"texture":"#0"},"down":{"uv":[2,15,3,16],"rotation":90,"texture":"#0"}}},{"from":[7.57587,2.5,5.84623],"to":[8.42451,3.5,6.69487],"rotation":{"angle":0,"axis":"y","origin":[7.99852,1.32561,7.83725]},"faces":{"north":{"uv":[0,12,1,13],"texture":"#0"},"east":{"uv":[0,12,1,13],"texture":"#0"},"south":{"uv":[2,15,3,16],"texture":"#0"},"west":{"uv":[0,12,1,13],"texture":"#0"},"up":{"uv":[0,12,1,13],"texture":"#0"},"down":{"uv":[2,15,3,16],"texture":"#0"}}},{"from":[7.57587,2.5,9.26399],"to":[8.42451,3.5,10.11263],"rotation":{"angle":0,"axis":"y","origin":[7.99852,1.32561,7.83725]},"faces":{"north":{"uv":[2,15,3,16],"texture":"#0"},"east":{"uv":[0,12,1,13],"texture":"#0"},"south":{"uv":[0,12,1,13],"texture":"#0"},"west":{"uv":[0,12,1,13],"texture":"#0"},"up":{"uv":[0,12,1,13],"texture":"#0"},"down":{"uv":[2,15,3,16],"texture":"#0"}}},{"from":[9.28475,2.5,7.55511],"to":[10.13339,3.5,8.40375],"rotation":{"angle":0,"axis":"y","origin":[7.99852,1.32561,7.83725]},"faces":{"north":{"uv":[0,0,1,1],"texture":"#missing"},"east":{"uv":[0,12,1,13],"texture":"#0"},"south":{"uv":[0,0,1,1],"texture":"#missing"},"west":{"uv":[2,15,3,16],"texture":"#0"},"up":{"uv":[0,12,1,13],"rotation":90,"texture":"#0"},"down":{"uv":[2,15,3,16],"texture":"#0"}}},{"from":[5.86698,2.5,7.55511],"to":[6.71562,3.5,8.40375],"rotation":{"angle":0,"axis":"y","origin":[7.99852,1.32561,7.83725]},"faces":{"north":{"uv":[2,15,3,16],"texture":"#0"},"east":{"uv":[2,15,3,16],"texture":"#0"},"south":{"uv":[2,15,3,16],"texture":"#0"},"west":{"uv":[0,12,1,13],"texture":"#0"},"up":{"uv":[0,12,1,13],"texture":"#0"},"down":{"uv":[2,15,3,16],"texture":"#0"}}},{"from":[7.63015,2.5,5.83477],"to":[8.47879,3.5,6.68341],"rotation":{"angle":-22.5,"axis":"y","origin":[7.99852,1.32561,7.83725]},"faces":{"north":{"uv":[2,12,3,13],"texture":"#0"},"east":{"uv":[0,0,1,1],"texture":"#missing"},"south":{"uv":[2,15,3,16],"texture":"#0"},"west":{"uv":[2,15,3,16],"texture":"#missing"},"up":{"uv":[0,12,1,13],"texture":"#0"},"down":{"uv":[2,15,3,16],"texture":"#0"}}},{"from":[7.63015,2.5,9.25253],"to":[8.47879,3.5,10.10117],"rotation":{"angle":-22.5,"axis":"y","origin":[7.99852,1.32561,7.83725]},"faces":{"north":{"uv":[2,15,3,16],"texture":"#0"},"east":{"uv":[0,0,1,1],"texture":"#missing"},"south":{"uv":[2,12,3,13],"texture":"#0"},"west":{"uv":[0,0,1,1],"texture":"#missing"},"up":{"uv":[0,12,1,13],"rotation":180,"texture":"#0"},"down":{"uv":[2,15,3,16],"texture":"#0"}}},{"from":[9.33903,2.5,7.54365],"to":[10.18767,3.5,8.39229],"rotation":{"angle":-22.5,"axis":"y","origin":[7.99852,1.32561,7.83725]},"faces":{"north":{"uv":[0,0,1,1],"texture":"#missing"},"east":{"uv":[2,12,3,13],"texture":"#0"},"south":{"uv":[0,0,1,1],"texture":"#missing"},"west":{"uv":[2,15,3,16],"texture":"#0"},"up":{"uv":[0,12,1,13],"rotation":90,"texture":"#0"},"down":{"uv":[2,15,3,16],"texture":"#0"}}},{"from":[5.92127,2.5,7.54365],"to":[6.76991,3.5,8.39229],"rotation":{"angle":-22.5,"axis":"y","origin":[7.99852,1.32561,7.83725]},"faces":{"north":{"uv":[2,15,3,16],"texture":"#0"},"east":{"uv":[2,15,3,16],"texture":"#0"},"south":{"uv":[2,15,3,16],"texture":"#0"},"west":{"uv":[2,15,3,16],"texture":"#0"},"up":{"uv":[0,12,1,13],"rotation":270,"texture":"#0"},"down":{"uv":[2,15,3,16],"texture":"#0"}}},{"from":[7.67592,2.5,5.80341],"to":[8.52456,3.5,6.65205],"rotation":{"angle":-45,"axis":"y","origin":[7.99852,1.32561,7.83725]},"faces":{"north":{"uv":[2,12,3,13],"texture":"#0"},"east":{"uv":[0,0,1,1],"texture":"#missing"},"south":{"uv":[2,15,3,16],"texture":"#0"},"west":{"uv":[2,15,3,16],"texture":"#missing"},"up":{"uv":[0,12,1,13],"texture":"#0"},"down":{"uv":[2,15,3,16],"texture":"#0"}}},{"from":[5.76596,2.5,7.51464],"to":[6.6146,3.5,8.36328],"rotation":{"angle":45,"axis":"y","origin":[7.99852,1.32561,7.83725]},"faces":{"north":{"uv":[2,15,3,16],"texture":"#0"},"east":{"uv":[2,15,3,16],"texture":"#0"},"south":{"uv":[2,15,3,16],"texture":"#0"},"west":{"uv":[2,12,3,13],"texture":"#0"},"up":{"uv":[0,12,1,13],"rotation":270,"texture":"#0"},"down":{"uv":[2,15,3,16],"texture":"#0"}}},{"from":[9.3848,2.5,7.51229],"to":[10.23344,3.5,8.36093],"rotation":{"angle":-45,"axis":"y","origin":[7.99852,1.32561,7.83725]},"faces":{"north":{"uv":[0,0,1,1],"texture":"#missing"},"east":{"uv":[2,12,3,13],"texture":"#0"},"south":{"uv":[0,0,1,1],"texture":"#missing"},"west":{"uv":[2,15,3,16],"texture":"#0"},"up":{"uv":[0,12,1,13],"rotation":90,"texture":"#0"},"down":{"uv":[2,15,3,16],"texture":"#0"}}},{"from":[7.47484,2.5,5.80576],"to":[8.32348,3.5,6.6544],"rotation":{"angle":45,"axis":"y","origin":[7.99852,1.32561,7.83725]},"faces":{"north":{"uv":[2,12,3,13],"texture":"#0"},"east":{"uv":[0,0,1,1],"texture":"#missing"},"south":{"uv":[2,15,3,16],"texture":"#0"},"west":{"uv":[0,0,1,1],"texture":"#missing"},"up":{"uv":[0,12,1,13],"texture":"#0"},"down":{"uv":[2,15,3,16],"texture":"#0"}}},{"from":[9.23021,2.5,7.54493],"to":[10.07885,3.5,8.39357],"rotation":{"angle":22.5,"axis":"y","origin":[7.99852,1.32561,7.83725]},"faces":{"north":{"uv":[0,0,1,1],"texture":"#missing"},"east":{"uv":[0,12,1,13],"texture":"#0"},"south":{"uv":[0,0,1,1],"texture":"#missing"},"west":{"uv":[2,15,3,16],"texture":"#0"},"up":{"uv":[0,12,1,13],"rotation":90,"texture":"#0"},"down":{"uv":[2,15,3,16],"texture":"#0"}}},{"from":[5.81245,2.5,7.54493],"to":[6.66109,3.5,8.39357],"rotation":{"angle":22.5,"axis":"y","origin":[7.99852,1.32561,7.83725]},"faces":{"north":{"uv":[2,15,3,16],"texture":"#0"},"east":{"uv":[2,15,3,16],"texture":"#0"},"south":{"uv":[2,15,3,16],"texture":"#0"},"west":{"uv":[0,12,1,13],"texture":"#0"},"up":{"uv":[0,12,1,13],"texture":"#0"},"down":{"uv":[2,15,3,16],"texture":"#0"}}},{"from":[7.52133,2.5,9.25381],"to":[8.36997,3.5,10.10245],"rotation":{"angle":22.5,"axis":"y","origin":[7.99852,1.32561,7.83725]},"faces":{"north":{"uv":[2,15,3,16],"texture":"#0"},"east":{"uv":[0,12,1,13],"texture":"#0"},"south":{"uv":[0,12,1,13],"texture":"#0"},"west":{"uv":[0,12,1,13],"texture":"#0"},"up":{"uv":[0,12,1,13],"texture":"#0"},"down":{"uv":[2,15,3,16],"texture":"#0"}}},{"from":[7.52133,2.5,5.83605],"to":[8.36997,3.5,6.68469],"rotation":{"angle":22.5,"axis":"y","origin":[7.99852,1.32561,7.83725]},"faces":{"north":{"uv":[0,12,1,13],"texture":"#0"},"east":{"uv":[0,12,1,13],"texture":"#0"},"south":{"uv":[2,15,3,16],"texture":"#0"},"west":{"uv":[0,12,1,13],"texture":"#0"},"up":{"uv":[0,12,1,13],"texture":"#0"},"down":{"uv":[2,15,3,16],"texture":"#0"}}},{"from":[6.5,3,6.5],"to":[9.5,3,9.5],"rotation":{"angle":0,"axis":"y","origin":[6.5,0,6.5]},"faces":{"north":{"uv":[10,0,16,6],"texture":"#0"},"east":{"uv":[10,0,16,6],"texture":"#0"},"south":{"uv":[10,0,16,6],"texture":"#0"},"west":{"uv":[10,0,16,6],"texture":"#0"},"up":{"uv":[10,0,16,6],"texture":"#0"},"down":{"uv":[10,0,16,6],"texture":"#0"}}}],"display":{"thirdperson_righthand":{"translation":[-0.5,4,-2.25]},"thirdperson_lefthand":{"translation":[1,4,-2.25]},"ground":{"translation":[0,3.25,0]},"gui":{"rotation":[30,45,0],"translation":[1,1.5,0],"scale":[0.7,0.7,0.7]},"fixed":{"translation":[6,0,7],"scale":[2,2,2]}},"groups":[{"name":"plant","origin":[7.99852,1.32561,7.83725],"children":[0,1]},{"name":"body","origin":[-0.49552,0.5,2.05841],"children":[2,3,4,5,6,7,8,9,10,11,12,13,14,15,16,17]},{"name":"base","origin":[-0.49552,0.5,2.05841],"children":[18,19,20,21,22,23,24,25,26,27,28,29,30,31,32,33]},{"name":"border","origin":[8,8,8],"children":[34,35,36,37,38,39,40,41,42,43,44,45,46,47,48,49]},50]}