{"credit":"Made with Blockbench","texture_size":[32,32],"textures":{"0":"block/flowers/wisteria1","particle":"block/flowers/wisteria1"},"elements":[{"from":[3,15,2],"to":[6,16,3],"rotation":{"angle":0,"axis":"y","origin":[3,-10,0]},"faces":{"north":{"uv":[13,5.5,14.5,6],"texture":"#0"},"east":{"uv":[12.5,5,13,5.5],"texture":"#0"},"south":{"uv":[13,5.5,14.5,6],"texture":"#0"},"west":{"uv":[12,5,12.5,5.5],"texture":"#0"},"up":{"uv":[13,5.5,14.5,6],"texture":"#0"},"down":{"uv":[13,5.5,14.5,6],"texture":"#0"}}},{"from":[-1,20,2],"to":[2,21,3],"rotation":{"angle":0,"axis":"y","origin":[3,-10,0]},"faces":{"north":{"uv":[13,5.5,14.5,6],"texture":"#0"},"east":{"uv":[12.5,5,13,5.5],"texture":"#0"},"south":{"uv":[13,5.5,14.5,6],"texture":"#0"},"west":{"uv":[12,5,12.5,5.5],"texture":"#0"},"up":{"uv":[13,5.5,14.5,6],"texture":"#0"},"down":{"uv":[13,5.5,14.5,6],"texture":"#0"}}},{"from":[0,11,2],"to":[1,12,3],"rotation":{"angle":0,"axis":"z","origin":[18,7,2.5]},"faces":{"north":{"uv":[12,5,12.5,5.5],"rotation":90,"texture":"#0"},"east":{"uv":[12,5,12.5,5.5],"rotation":270,"texture":"#0"},"south":{"uv":[12,5,12.5,5.5],"rotation":270,"texture":"#0"},"west":{"uv":[12,5,12.5,5.5],"rotation":270,"texture":"#0"},"up":{"uv":[12,5,12.5,5.5],"rotation":270,"texture":"#0"},"down":{"uv":[12,5,12.5,5.5],"rotation":270,"texture":"#0"}}},{"from":[6,7,2],"to":[7,8,3],"rotation":{"angle":0,"axis":"z","origin":[18,7,2.5]},"faces":{"north":{"uv":[12,5,12.5,5.5],"rotation":90,"texture":"#0"},"east":{"uv":[12,5,12.5,5.5],"rotation":270,"texture":"#0"},"south":{"uv":[12,5,12.5,5.5],"rotation":270,"texture":"#0"},"west":{"uv":[12,5,12.5,5.5],"rotation":270,"texture":"#0"},"up":{"uv":[12,5,12.5,5.5],"rotation":270,"texture":"#0"},"down":{"uv":[12,5,12.5,5.5],"rotation":270,"texture":"#0"}}},{"from":[1,10,2],"to":[2,11,3],"rotation":{"angle":0,"axis":"z","origin":[18,7,2.5]},"faces":{"north":{"uv":[12,5,12.5,5.5],"rotation":90,"texture":"#0"},"east":{"uv":[12,5,12.5,5.5],"rotation":270,"texture":"#0"},"south":{"uv":[12,5,12.5,5.5],"rotation":270,"texture":"#0"},"west":{"uv":[12,5,12.5,5.5],"rotation":270,"texture":"#0"},"up":{"uv":[12,5,12.5,5.5],"rotation":270,"texture":"#0"},"down":{"uv":[12,5,12.5,5.5],"rotation":270,"texture":"#0"}}},{"from":[7,6,2],"to":[8,7,3],"rotation":{"angle":0,"axis":"z","origin":[18,7,2.5]},"faces":{"north":{"uv":[12,5,12.5,5.5],"rotation":90,"texture":"#0"},"east":{"uv":[12,5,12.5,5.5],"rotation":270,"texture":"#0"},"south":{"uv":[12,5,12.5,5.5],"rotation":270,"texture":"#0"},"west":{"uv":[12,5,12.5,5.5],"rotation":270,"texture":"#0"},"up":{"uv":[12,5,12.5,5.5],"rotation":270,"texture":"#0"},"down":{"uv":[12,5,12.5,5.5],"rotation":270,"texture":"#0"}}},{"from":[15,8,1],"to":[16,9,2],"rotation":{"angle":0,"axis":"z","origin":[18,7,2.5]},"faces":{"north":{"uv":[12,5,12.5,5.5],"rotation":90,"texture":"#0"},"east":{"uv":[12,5,12.5,5.5],"rotation":270,"texture":"#0"},"south":{"uv":[12,5,12.5,5.5],"rotation":270,"texture":"#0"},"west":{"uv":[12,5,12.5,5.5],"rotation":270,"texture":"#0"},"up":{"uv":[12,5,12.5,5.5],"rotation":270,"texture":"#0"},"down":{"uv":[12,5,12.5,5.5],"rotation":270,"texture":"#0"}}},{"from":[-2,19,2],"to":[-1,20,3],"rotation":{"angle":0,"axis":"z","origin":[18,7,2.5]},"faces":{"north":{"uv":[12,5,12.5,5.5],"rotation":90,"texture":"#0"},"east":{"uv":[12,5,12.5,5.5],"rotation":270,"texture":"#0"},"south":{"uv":[12,5,12.5,5.5],"rotation":270,"texture":"#0"},"west":{"uv":[12,5,12.5,5.5],"rotation":270,"texture":"#0"},"up":{"uv":[12,5,12.5,5.5],"rotation":270,"texture":"#0"},"down":{"uv":[12,5,12.5,5.5],"rotation":270,"texture":"#0"}}},{"from":[11,9,1],"to":[12,12,2],"rotation":{"angle":0,"axis":"y","origin":[3,-10,0]},"faces":{"north":{"uv":[12,11,12.5,12.5],"texture":"#0"},"east":{"uv":[12,11,12.5,12.5],"texture":"#0"},"south":{"uv":[12,11,12.5,12.5],"texture":"#0"},"west":{"uv":[12,11,12.5,12.5],"texture":"#0"},"up":{"uv":[12,12,12.5,12.5],"texture":"#0"},"down":{"uv":[12,11.5,12.5,12],"texture":"#0"}}},{"from":[15,3,1],"to":[16,6,2],"rotation":{"angle":0,"axis":"y","origin":[3,-10,0]},"faces":{"north":{"uv":[12,11,12.5,12.5],"texture":"#0"},"east":{"uv":[12,11,12.5,12.5],"texture":"#0"},"south":{"uv":[12,11,12.5,12.5],"texture":"#0"},"west":{"uv":[12,11,12.5,12.5],"texture":"#0"},"up":{"uv":[12,12,12.5,12.5],"texture":"#0"},"down":{"uv":[12,11.5,12.5,12],"texture":"#0"}}},{"from":[15,6,1],"to":[16,8,2],"rotation":{"angle":0,"axis":"y","origin":[3,-10,0]},"faces":{"north":{"uv":[12,11.5,12.5,12.5],"texture":"#0"},"east":{"uv":[12,11.5,12.5,12.5],"texture":"#0"},"south":{"uv":[12,11.5,12.5,12.5],"texture":"#0"},"west":{"uv":[12,11.5,12.5,12.5],"texture":"#0"},"up":{"uv":[12,12,12.5,12.5],"texture":"#0"},"down":{"uv":[12,11.5,12.5,12.5],"texture":"#0"}}},{"from":[10,19,1],"to":[11,22,2],"rotation":{"angle":0,"axis":"y","origin":[3,-10,0]},"faces":{"north":{"uv":[12,11,12.5,12.5],"texture":"#0"},"east":{"uv":[12,11,12.5,12.5],"texture":"#0"},"south":{"uv":[12,11,12.5,12.5],"texture":"#0"},"west":{"uv":[12,11,12.5,12.5],"texture":"#0"},"up":{"uv":[12,12,12.5,12.5],"texture":"#0"},"down":{"uv":[12,11.5,12.5,12],"texture":"#0"}}},{"from":[14,3,2],"to":[15,8,3],"rotation":{"angle":0,"axis":"y","origin":[3,-10,0]},"faces":{"north":{"uv":[12,11,12.5,12.5],"texture":"#0"},"east":{"uv":[12,11,12.5,12.5],"texture":"#0"},"south":{"uv":[12,11,12.5,12.5],"texture":"#0"},"west":{"uv":[12,11,12.5,12.5],"texture":"#0"},"up":{"uv":[12,12,12.5,12.5],"texture":"#0"},"down":{"uv":[12,11.5,12.5,12],"texture":"#0"}}},{"from":[14,1,2],"to":[15,4,3],"rotation":{"angle":0,"axis":"z","origin":[14.5,1.5,2.5]},"faces":{"north":{"uv":[12,11,12.5,12.5],"rotation":180,"texture":"#0"},"east":{"uv":[12,11,12.5,12.5],"rotation":180,"texture":"#0"},"south":{"uv":[12,11,12.5,12.5],"rotation":180,"texture":"#0"},"west":{"uv":[12,11,12.5,12.5],"rotation":180,"texture":"#0"},"up":{"uv":[12,11.5,12.5,12],"rotation":180,"texture":"#0"},"down":{"uv":[12,12,12.5,12.5],"rotation":180,"texture":"#0"}}},{"from":[12,10,1],"to":[13,13,2],"rotation":{"angle":0,"axis":"y","origin":[3,-10,0]},"faces":{"north":{"uv":[12,11,12.5,12.5],"texture":"#0"},"east":{"uv":[12,11,12.5,12.5],"texture":"#0"},"south":{"uv":[12,11,12.5,12.5],"texture":"#0"},"west":{"uv":[12,11,12.5,12.5],"texture":"#0"},"up":{"uv":[12,12,12.5,12.5],"texture":"#0"},"down":{"uv":[12,11.5,12.5,12],"texture":"#0"}}},{"from":[11,17,1],"to":[12,20,2],"rotation":{"angle":0,"axis":"y","origin":[3,-10,0]},"faces":{"north":{"uv":[12,11,12.5,12.5],"texture":"#0"},"east":{"uv":[12,11,12.5,12.5],"texture":"#0"},"south":{"uv":[12,11,12.5,12.5],"texture":"#0"},"west":{"uv":[12,11,12.5,12.5],"texture":"#0"},"up":{"uv":[12,12,12.5,12.5],"texture":"#0"},"down":{"uv":[12,11.5,12.5,12],"texture":"#0"}}},{"from":[3,14,2],"to":[4,15,3],"rotation":{"angle":0,"axis":"y","origin":[3,-10,0]},"faces":{"north":{"uv":[12,5,12.5,5.5],"texture":"#0"},"east":{"uv":[12,5,12.5,5.5],"texture":"#0"},"south":{"uv":[12,5,12.5,5.5],"texture":"#0"},"west":{"uv":[12,5,12.5,5.5],"texture":"#0"},"up":{"uv":[12,5,12.5,5.5],"texture":"#0"},"down":{"uv":[12,5,12.5,5.5],"texture":"#0"}}},{"from":[4,16,4],"to":[6,19,4],"rotation":{"angle":0,"axis":"y","origin":[3,-10,0]},"faces":{"north":{"uv":[2,11.5,3,13],"texture":"#0"},"east":{"uv":[0,0,0,1.5],"texture":"#missing"},"south":{"uv":[2,11.5,3,13],"texture":"#0"},"west":{"uv":[2,11.5,3,13],"texture":"#missing"},"up":{"uv":[0,0,1,0],"texture":"#missing"},"down":{"uv":[0,0,1,0],"texture":"#missing"}}},{"from":[5,16,4],"to":[5,19,6],"rotation":{"angle":0,"axis":"y","origin":[16,18.5,2]},"faces":{"north":{"uv":[2,11.5,2,13],"texture":"#missing"},"east":{"uv":[2,11.5,3,13],"texture":"#0"},"south":{"uv":[2,11.5,3,13],"texture":"#0"},"west":{"uv":[2,11.5,3,13],"texture":"#0"},"up":{"uv":[0,0,1,0],"rotation":90,"texture":"#missing"},"down":{"uv":[0,0,1,0],"rotation":270,"texture":"#missing"}}},{"from":[6,13,4],"to":[8,16,4],"rotation":{"angle":0,"axis":"y","origin":[3,-10,0]},"faces":{"north":{"uv":[4,12.5,5,14],"texture":"#0"},"east":{"uv":[0,0,0,1.5],"texture":"#missing"},"south":{"uv":[4,12.5,5,14],"texture":"#0"},"west":{"uv":[0,0,0,1.5],"texture":"#missing"},"up":{"uv":[0,0,1,0],"texture":"#missing"},"down":{"uv":[0,0,1,0],"texture":"#missing"}}},{"from":[7,13,3],"to":[7,16,5],"rotation":{"angle":0,"axis":"y","origin":[16,18.5,2]},"faces":{"north":{"uv":[0,0,0,1.5],"texture":"#missing"},"east":{"uv":[4,12.5,5,14],"texture":"#0"},"south":{"uv":[0,0,0,1.5],"texture":"#missing"},"west":{"uv":[4,12.5,5,14],"texture":"#0"},"up":{"uv":[0,0,1,0],"rotation":90,"texture":"#missing"},"down":{"uv":[0,0,1,0],"rotation":270,"texture":"#missing"}}},{"from":[8,4,4],"to":[10,7,4],"rotation":{"angle":0,"axis":"y","origin":[3,-10,0]},"faces":{"north":{"uv":[4,12.5,5,14],"texture":"#0"},"east":{"uv":[0,0,0,1.5],"texture":"#missing"},"south":{"uv":[4,12.5,5,14],"texture":"#0"},"west":{"uv":[0,0,0,1.5],"texture":"#missing"},"up":{"uv":[0,0,1,0],"texture":"#missing"},"down":{"uv":[0,0,1,0],"texture":"#missing"}}},{"from":[9,4,3],"to":[9,7,5],"rotation":{"angle":0,"axis":"y","origin":[16,18.5,2]},"faces":{"north":{"uv":[0,0,0,1.5],"texture":"#missing"},"east":{"uv":[4,12.5,5,14],"texture":"#0"},"south":{"uv":[0,0,0,1.5],"texture":"#missing"},"west":{"uv":[4,12.5,5,14],"texture":"#0"},"up":{"uv":[0,0,1,0],"rotation":90,"texture":"#missing"},"down":{"uv":[0,0,1,0],"rotation":270,"texture":"#missing"}}},{"from":[2,11,4],"to":[4,14,4],"rotation":{"angle":0,"axis":"y","origin":[6.5,7.5,4.25]},"faces":{"north":{"uv":[4,12.5,5,14],"texture":"#0"},"east":{"uv":[0,0,0,1.5],"texture":"#missing"},"south":{"uv":[4,12.5,5,14],"texture":"#0"},"west":{"uv":[0,0,0,1.5],"texture":"#missing"},"up":{"uv":[0,0,1,0],"rotation":180,"texture":"#missing"},"down":{"uv":[0,0,1,0],"rotation":180,"texture":"#missing"}}},{"from":[3,11,3.5],"to":[3,14,5.5],"rotation":{"angle":0,"axis":"y","origin":[6.5,7.5,4.25]},"faces":{"north":{"uv":[0,0,0,1.5],"texture":"#missing"},"east":{"uv":[4,12.5,5,14],"texture":"#0"},"south":{"uv":[0,0,0,1.5],"texture":"#missing"},"west":{"uv":[4,12.5,5,14],"texture":"#0"},"up":{"uv":[0,0,1,0],"rotation":270,"texture":"#missing"},"down":{"uv":[0,0,1,0],"rotation":90,"texture":"#missing"}}},{"from":[8,17,4],"to":[11,19,4],"rotation":{"angle":0,"axis":"z","origin":[10,7,4.5]},"faces":{"north":{"uv":[2,11.5,3,13],"rotation":90,"texture":"#0"},"east":{"uv":[0,0,1,0],"rotation":90,"texture":"#missing"},"south":{"uv":[2,11.5,3,13],"rotation":270,"texture":"#0"},"west":{"uv":[0,0,1,0],"rotation":90,"texture":"#missing"},"up":{"uv":[2,11.5,3,13],"rotation":270,"texture":"#missing"},"down":{"uv":[0,0,0,1.5],"rotation":270,"texture":"#missing"}}},{"from":[7,18,3],"to":[10,18,5],"rotation":{"angle":0,"axis":"z","origin":[10,7,4.5]},"faces":{"north":{"uv":[2,11.5,3,13],"rotation":90,"texture":"#0"},"east":{"uv":[0,0,1,0],"texture":"#missing"},"south":{"uv":[2,11.5,2,13],"rotation":270,"texture":"#missing"},"west":{"uv":[0,0,1,0],"rotation":180,"texture":"#missing"},"up":{"uv":[2,11.5,3,13],"rotation":270,"texture":"#0"},"down":{"uv":[2,11.5,3,13],"rotation":270,"texture":"#0"}}},{"from":[-3,20,3],"to":[-1,23,3],"rotation":{"angle":0,"axis":"y","origin":[6.5,7.5,4.25]},"faces":{"north":{"uv":[6.5,12.5,7.5,14],"texture":"#0"},"east":{"uv":[0,0,0,1.5],"texture":"#missing"},"south":{"uv":[6.5,12.5,7.5,14],"texture":"#0"},"west":{"uv":[0,0,0,1.5],"texture":"#missing"},"up":{"uv":[0,0,1,0],"rotation":180,"texture":"#missing"},"down":{"uv":[0,0,1,0],"rotation":180,"texture":"#missing"}}},{"from":[-2,20,2],"to":[-2,23,4],"rotation":{"angle":0,"axis":"y","origin":[6.5,7.5,4.25]},"faces":{"north":{"uv":[0,0,0,1.5],"texture":"#missing"},"east":{"uv":[6.5,12.5,7.5,14],"texture":"#0"},"south":{"uv":[6.5,12.5,6.5,14],"texture":"#missing"},"west":{"uv":[6.5,12.5,7.5,14],"texture":"#0"},"up":{"uv":[0,0,1,0],"rotation":270,"texture":"#missing"},"down":{"uv":[0,0,1,0],"rotation":90,"texture":"#missing"}}},{"from":[7,21,3],"to":[9,24,3],"rotation":{"angle":0,"axis":"y","origin":[6.5,-11.5,4.25]},"faces":{"north":{"uv":[6.5,14,7.5,12.5],"texture":"#0"},"east":{"uv":[0,1.5,0,0],"texture":"#missing"},"south":{"uv":[6.5,14,7.5,12.5],"texture":"#0"},"west":{"uv":[0,1.5,0,0],"texture":"#missing"},"up":{"uv":[0,0,1,0],"rotation":180,"texture":"#missing"},"down":{"uv":[0,0,1,0],"rotation":180,"texture":"#missing"}}},{"from":[8,21,2],"to":[8,24,4],"rotation":{"angle":0,"axis":"y","origin":[6.5,-11.5,4.25]},"faces":{"north":{"uv":[0,1.5,0,0],"texture":"#missing"},"east":{"uv":[6.5,14,7.5,12.5],"texture":"#0"},"south":{"uv":[6.5,14,6.5,12.5],"texture":"#missing"},"west":{"uv":[6.5,14,7.5,12.5],"texture":"#0"},"up":{"uv":[1,0,0,0],"rotation":90,"texture":"#missing"},"down":{"uv":[1,0,0,0],"rotation":270,"texture":"#missing"}}},{"from":[-4,8,2],"to":[0,17,2],"rotation":{"angle":0,"axis":"y","origin":[3,-10,0]},"faces":{"north":{"uv":[2.5,0,4.5,4.5],"texture":"#0"},"east":{"uv":[0,0,0,4.5],"texture":"#missing"},"south":{"uv":[2.5,0,4.5,4.5],"texture":"#0"},"west":{"uv":[0,0,0,4.5],"texture":"#missing"},"up":{"uv":[0,0,2,0],"texture":"#missing"},"down":{"uv":[0,0,2,0],"texture":"#missing"}}},{"from":[-2,7,1],"to":[-2,16,5],"rotation":{"angle":0,"axis":"y","origin":[5,-6.5,0]},"faces":{"north":{"uv":[0,0,0,4.5],"texture":"#missing"},"east":{"uv":[2.5,0,4.5,4.5],"texture":"#0"},"south":{"uv":[0,0,0,4.5],"texture":"#missing"},"west":{"uv":[2.5,0,4.5,4.5],"texture":"#0"},"up":{"uv":[0,0,2,0],"rotation":270,"texture":"#missing"},"down":{"uv":[0,0,2,0],"rotation":90,"texture":"#missing"}}},{"from":[0,11,3],"to":[4,20,3],"rotation":{"angle":45,"axis":"y","origin":[2,15,3.5]},"faces":{"north":{"uv":[4.5,0,2.5,4.5],"texture":"#0"},"east":{"uv":[0,0,0,4.5],"texture":"#missing"},"south":{"uv":[4.5,0,2.5,4.5],"texture":"#0"},"west":{"uv":[0,0,0,4.5],"texture":"#missing"},"up":{"uv":[2,0,0,0],"texture":"#missing"},"down":{"uv":[2,0,0,0],"texture":"#missing"}}},{"from":[2,10,2],"to":[2,19,6],"rotation":{"angle":45,"axis":"y","origin":[2,15,3.5]},"faces":{"north":{"uv":[0,0,0,4.5],"texture":"#missing"},"east":{"uv":[4.5,0,2.5,4.5],"texture":"#0"},"south":{"uv":[0,0,0,4.5],"texture":"#missing"},"west":{"uv":[4.5,0,2.5,4.5],"texture":"#0"},"up":{"uv":[0,0,2,0],"rotation":270,"texture":"#missing"},"down":{"uv":[0,0,2,0],"rotation":90,"texture":"#missing"}}},{"from":[11.5,0,3],"to":[11.5,9,7],"rotation":{"angle":-45,"axis":"y","origin":[11.5,4,4]},"faces":{"north":{"uv":[0,0,0,4.5],"texture":"#missing"},"east":{"uv":[4.5,0,2.5,4.5],"texture":"#0"},"south":{"uv":[0,0,0,4.5],"texture":"#missing"},"west":{"uv":[4.5,0,2.5,4.5],"texture":"#0"},"up":{"uv":[2,0,0,0],"rotation":90,"texture":"#missing"},"down":{"uv":[2,0,0,0],"rotation":270,"texture":"#missing"}}},{"from":[9.5,-1,3],"to":[13.5,8,3],"rotation":{"angle":-45,"axis":"y","origin":[11.5,4,4]},"faces":{"north":{"uv":[4.5,0,2.5,4.5],"texture":"#0"},"east":{"uv":[0,0,0,4.5],"texture":"#missing"},"south":{"uv":[4.5,0,2.5,4.5],"texture":"#0"},"west":{"uv":[0,0,0,4.5],"texture":"#missing"},"up":{"uv":[0,0,2,0],"texture":"#missing"},"down":{"uv":[0,0,2,0],"texture":"#missing"}}},{"from":[3.5,8,5],"to":[8.5,14,5],"rotation":{"angle":0,"axis":"y","origin":[18.75,12.5,4.75]},"faces":{"north":{"uv":[5,0,7.5,3],"texture":"#0"},"east":{"uv":[0,0,0,3],"texture":"#missing"},"south":{"uv":[5,0,7.5,3],"texture":"#0"},"west":{"uv":[0,0,0,3],"texture":"#missing"},"up":{"uv":[0,0,2.5,0],"texture":"#missing"},"down":{"uv":[0,0,2.5,0],"texture":"#missing"}}},{"from":[5.5,7,3],"to":[5.5,13,7],"rotation":{"angle":0,"axis":"y","origin":[18.75,12.5,4.75]},"faces":{"north":{"uv":[0,0,0,3],"texture":"#missing"},"east":{"uv":[5,0,7,3],"texture":"#0"},"south":{"uv":[0,0,0,3],"texture":"#missing"},"west":{"uv":[5,0,7,3],"texture":"#0"},"up":{"uv":[0,0,2,0],"rotation":270,"texture":"#missing"},"down":{"uv":[0,0,2,0],"rotation":90,"texture":"#missing"}}},{"from":[6,7,3],"to":[11,13,3],"rotation":{"angle":0,"axis":"y","origin":[13,-10,0]},"faces":{"north":{"uv":[7.5,0,5,3],"texture":"#0"},"east":{"uv":[0,0,0,3],"texture":"#missing"},"south":{"uv":[7.5,0,5,3],"texture":"#0"},"west":{"uv":[0,0,0,3],"texture":"#missing"},"up":{"uv":[2.5,0,0,0],"texture":"#missing"},"down":{"uv":[2.5,0,0,0],"texture":"#missing"}}},{"from":[9,6,2],"to":[9,12,6],"rotation":{"angle":0,"axis":"y","origin":[11,-6.5,0]},"faces":{"north":{"uv":[0,0,0,3],"texture":"#missing"},"east":{"uv":[7,0,5,3],"texture":"#0"},"south":{"uv":[0,0,0,3],"texture":"#missing"},"west":{"uv":[7,0,5,3],"texture":"#0"},"up":{"uv":[0,0,2,0],"rotation":270,"texture":"#missing"},"down":{"uv":[0,0,2,0],"rotation":90,"texture":"#missing"}}},{"from":[7.75,16,3.25],"to":[7.75,22,8.25],"rotation":{"angle":45,"axis":"y","origin":[7.25,18.5,5.5]},"faces":{"north":{"uv":[0,0,0,3],"texture":"#missing"},"east":{"uv":[5,0,7.5,3],"texture":"#0"},"south":{"uv":[0,0,0,3],"texture":"#missing"},"west":{"uv":[5,0,7.5,3],"texture":"#0"},"up":{"uv":[0,0,2.5,0],"rotation":90,"texture":"#missing"},"down":{"uv":[0,0,2.5,0],"rotation":270,"texture":"#missing"}}},{"from":[4.75,15,5.25],"to":[8.75,21,5.25],"rotation":{"angle":45,"axis":"y","origin":[7.25,18.5,5.5]},"faces":{"north":{"uv":[5,0,7,3],"texture":"#0"},"east":{"uv":[0,0,0,3],"texture":"#missing"},"south":{"uv":[5,0,7,3],"texture":"#0"},"west":{"uv":[0,0,0,3],"texture":"#missing"},"up":{"uv":[0,0,2,0],"texture":"#missing"},"down":{"uv":[0,0,2,0],"texture":"#missing"}}},{"from":[10.25,12,3.25],"to":[10.25,18,8.25],"rotation":{"angle":0,"axis":"y","origin":[-3.25,18.5,2.5]},"faces":{"north":{"uv":[0,0,0,3],"texture":"#missing"},"east":{"uv":[7.5,0,5,3],"texture":"#0"},"south":{"uv":[0,0,0,3],"texture":"#missing"},"west":{"uv":[7.5,0,5,3],"texture":"#0"},"up":{"uv":[0,0,2.5,0],"rotation":90,"texture":"#missing"},"down":{"uv":[0,0,2.5,0],"rotation":270,"texture":"#missing"}}},{"from":[7.25,11,5.25],"to":[12.25,17,5.25],"rotation":{"angle":0,"axis":"y","origin":[-3.25,18.5,2.5]},"faces":{"north":{"uv":[7.5,0,5,3],"texture":"#0"},"east":{"uv":[0,0,0,3],"texture":"#missing"},"south":{"uv":[7.5,0,5,3],"texture":"#0"},"west":{"uv":[0,0,0,3],"texture":"#missing"},"up":{"uv":[2,0,0,0],"texture":"#missing"},"down":{"uv":[2,0,0,0],"texture":"#missing"}}},{"from":[12.5,7,4],"to":[16.5,14,4],"rotation":{"angle":0,"axis":"y","origin":[24.5,13,4]},"faces":{"north":{"uv":[0,0,2,3.5],"texture":"#0"},"east":{"uv":[0,0,0,3.5],"texture":"#missing"},"south":{"uv":[0,0,2,3.5],"texture":"#0"},"west":{"uv":[0,0,0,3.5],"texture":"#missing"},"up":{"uv":[0,0,2,0],"rotation":180,"texture":"#missing"},"down":{"uv":[0,0,2,0],"rotation":180,"texture":"#missing"}}},{"from":[14.5,6,2],"to":[14.5,13,6],"rotation":{"angle":0,"axis":"y","origin":[24.5,13,4]},"faces":{"north":{"uv":[0,0,0,3.5],"texture":"#missing"},"east":{"uv":[0,0,2,3.5],"texture":"#0"},"south":{"uv":[0,0,0,3.5],"texture":"#missing"},"west":{"uv":[0,0,2,3.5],"texture":"#0"},"up":{"uv":[0,0,2,0],"rotation":90,"texture":"#missing"},"down":{"uv":[0,0,2,0],"rotation":270,"texture":"#missing"}}},{"from":[1.5,16,3],"to":[5.5,23,3],"rotation":{"angle":0,"axis":"y","origin":[-8.5,13,4]},"faces":{"north":{"uv":[2,0,0,3.5],"texture":"#0"},"east":{"uv":[0,0,0,3.5],"texture":"#missing"},"south":{"uv":[2,0,0,3.5],"texture":"#0"},"west":{"uv":[0,0,0,3.5],"texture":"#missing"},"up":{"uv":[2,0,0,0],"rotation":180,"texture":"#missing"},"down":{"uv":[2,0,0,0],"rotation":180,"texture":"#missing"}}},{"from":[3.5,15,1],"to":[3.5,22,5],"rotation":{"angle":0,"axis":"y","origin":[-8.5,13,4]},"faces":{"north":{"uv":[0,0,0,3.5],"texture":"#missing"},"east":{"uv":[2,0,0,3.5],"texture":"#0"},"south":{"uv":[0,0,0,3.5],"texture":"#missing"},"west":{"uv":[2,0,0,3.5],"texture":"#0"},"up":{"uv":[0,0,2,0],"rotation":90,"texture":"#missing"},"down":{"uv":[0,0,2,0],"rotation":270,"texture":"#missing"}}},{"from":[11,16,2],"to":[15,23,2],"rotation":{"angle":-45,"axis":"y","origin":[13,20,2.5]},"faces":{"north":{"uv":[0,0,2,3.5],"texture":"#0"},"east":{"uv":[0,0,0,3.5],"texture":"#missing"},"south":{"uv":[0,0,2,3.5],"texture":"#0"},"west":{"uv":[0,0,0,3.5],"texture":"#missing"},"up":{"uv":[0,0,2,0],"texture":"#missing"},"down":{"uv":[0,0,2,0],"texture":"#missing"}}},{"from":[13,15,1],"to":[13,22,5],"rotation":{"angle":-45,"axis":"y","origin":[13,20,2.5]},"faces":{"north":{"uv":[0,0,0,3.5],"texture":"#missing"},"east":{"uv":[0,0,2,3.5],"texture":"#0"},"south":{"uv":[0,0,0,3.5],"texture":"#missing"},"west":{"uv":[0,0,2,3.5],"texture":"#0"},"up":{"uv":[0,0,2,0],"rotation":270,"texture":"#missing"},"down":{"uv":[0,0,2,0],"rotation":90,"texture":"#missing"}}},{"from":[13,14,2],"to":[17,21,2],"rotation":{"angle":0,"axis":"y","origin":[3,-10,0]},"faces":{"north":{"uv":[0,0,2,3.5],"texture":"#0"},"east":{"uv":[0,0,0,3.5],"texture":"#missing"},"south":{"uv":[0,0,2,3.5],"texture":"#0"},"west":{"uv":[0,0,0,3.5],"texture":"#missing"},"up":{"uv":[0,0,2,0],"texture":"#missing"},"down":{"uv":[0,0,2,0],"texture":"#missing"}}},{"from":[16,13,1],"to":[16,20,5],"rotation":{"angle":0,"axis":"y","origin":[5,-6.5,0]},"faces":{"north":{"uv":[0,0,0,3.5],"texture":"#missing"},"east":{"uv":[0,0,2,3.5],"texture":"#0"},"south":{"uv":[0,0,0,3.5],"texture":"#missing"},"west":{"uv":[0,0,2,3.5],"texture":"#0"},"up":{"uv":[0,0,2,0],"rotation":270,"texture":"#missing"},"down":{"uv":[0,0,2,0],"rotation":90,"texture":"#missing"}}}],"display":{"thirdperson_righthand":{"scale":[0.3,0.3,0.3]},"thirdperson_lefthand":{"scale":[0.3,0.3,0.3]},"firstperson_righthand":{"translation":[0,0,2.25],"scale":[0.3,0.3,0.3]},"firstperson_lefthand":{"translation":[0,0,2.25],"scale":[0.3,0.3,0.3]},"ground":{"scale":[0.3,0.3,0.3]},"gui":{"rotation":[10,14,0],"translation":[1.75,-1.25,0],"scale":[0.4,0.4,0.4]},"fixed":{"rotation":[0,-180,0],"translation":[2,-8,-16],"scale":[2,2,2]}},"groups":[{"name":"branches","origin":[0,0,0],"children":[0,1,2,3,4,5,6,7,8,9,10,11,12,13,14,15,16,{"name":"2","origin":[0,0,0],"children":[17,18]},{"name":"1","origin":[0,0,0],"children":[19,20]},{"name":"1","origin":[0,0,0],"children":[21,22]},{"name":"1","origin":[0,0,0],"children":[23,24]},{"name":"2","origin":[0,0,0],"children":[25,26]},{"name":"3","origin":[0,0,0],"children":[27,28]},{"name":"3","origin":[0,0,0],"children":[29,30]}]},{"name":"flowers","origin":[0,0,0],"children":[{"name":"2","origin":[0,0,0],"children":[31,32]},{"name":"2","origin":[0,0,0],"children":[33,34]},{"name":"2","origin":[0,0,0],"children":[35,36]},{"name":"3","origin":[0,0,0],"children":[37,38]},{"name":"3","origin":[0,0,0],"children":[39,40]},{"name":"3","origin":[0,0,0],"children":[41,42]},{"name":"3","origin":[0,0,0],"children":[43,44]},{"name":"1","origin":[0,0,0],"children":[45,46]},{"name":"1","origin":[0,0,0],"children":[47,48]},{"name":"1","origin":[0,0,0],"children":[49,50]},{"name":"1","origin":[0,0,0],"children":[51,52]}]}]}