{"credit":"Made with Blockbench","texture_size":[32,32],"textures":{"0":"block/flowers/wisteria","particle":"block/flowers/wisteria"},"elements":[{"from":[0,15,7],"to":[2,18,7],"rotation":{"angle":0,"axis":"y","origin":[-12,-5,0]},"faces":{"north":{"uv":[5,12.5,4,14],"texture":"#0"},"east":{"uv":[0,0,0,1.5],"texture":"#missing"},"south":{"uv":[5,12.5,4,14],"texture":"#0"},"west":{"uv":[0,0,0,1.5],"texture":"#missing"},"up":{"uv":[1,0,0,0],"texture":"#missing"},"down":{"uv":[1,0,0,0],"texture":"#missing"}}},{"from":[1,15,6],"to":[1,18,8],"rotation":{"angle":0,"axis":"y","origin":[-25,23.5,2]},"faces":{"north":{"uv":[0,0,0,1.5],"texture":"#missing"},"east":{"uv":[5,12.5,4,14],"texture":"#0"},"south":{"uv":[0,0,0,1.5],"texture":"#missing"},"west":{"uv":[5,12.5,4,14],"texture":"#0"},"up":{"uv":[0,0,1,0],"rotation":90,"texture":"#missing"},"down":{"uv":[0,0,1,0],"rotation":270,"texture":"#missing"}}},{"from":[8,12,10],"to":[10,15,10],"rotation":{"angle":0,"axis":"y","origin":[-12,-5,0]},"faces":{"north":{"uv":[5,12.5,4,14],"texture":"#0"},"east":{"uv":[0,0,0,1.5],"texture":"#missing"},"south":{"uv":[5,12.5,4,14],"texture":"#0"},"west":{"uv":[0,0,0,1.5],"texture":"#missing"},"up":{"uv":[1,0,0,0],"texture":"#missing"},"down":{"uv":[1,0,0,0],"texture":"#missing"}}},{"from":[9,12,9],"to":[9,15,11],"rotation":{"angle":0,"axis":"y","origin":[-25,23.5,2]},"faces":{"north":{"uv":[0,0,0,1.5],"texture":"#missing"},"east":{"uv":[5,12.5,4,14],"texture":"#0"},"south":{"uv":[0,0,0,1.5],"texture":"#missing"},"west":{"uv":[5,12.5,4,14],"texture":"#0"},"up":{"uv":[0,0,1,0],"rotation":90,"texture":"#missing"},"down":{"uv":[0,0,1,0],"rotation":270,"texture":"#missing"}}},{"from":[1,9,6],"to":[3,12,6],"rotation":{"angle":0,"axis":"y","origin":[-12,-5,0]},"faces":{"north":{"uv":[5,12.5,4,14],"texture":"#0"},"east":{"uv":[0,0,0,1.5],"texture":"#missing"},"south":{"uv":[5,12.5,4,14],"texture":"#0"},"west":{"uv":[0,0,0,1.5],"texture":"#missing"},"up":{"uv":[1,0,0,0],"texture":"#missing"},"down":{"uv":[1,0,0,0],"texture":"#missing"}}},{"from":[1,9,6],"to":[3,12,6],"rotation":{"angle":0,"axis":"y","origin":[-12,-5,0]},"faces":{"north":{"uv":[5,12.5,4,14],"texture":"#0"},"east":{"uv":[0,0,0,1.5],"texture":"#missing"},"south":{"uv":[5,12.5,4,14],"texture":"#0"},"west":{"uv":[0,0,0,1.5],"texture":"#missing"},"up":{"uv":[1,0,0,0],"texture":"#missing"},"down":{"uv":[1,0,0,0],"texture":"#missing"}}},{"from":[2,9,5],"to":[2,12,7],"rotation":{"angle":0,"axis":"y","origin":[-25,23.5,2]},"faces":{"north":{"uv":[0,0,0,1.5],"texture":"#missing"},"east":{"uv":[5,12.5,4,14],"texture":"#0"},"south":{"uv":[0,0,0,1.5],"texture":"#missing"},"west":{"uv":[5,12.5,4,14],"texture":"#0"},"up":{"uv":[0,0,1,0],"rotation":90,"texture":"#missing"},"down":{"uv":[0,0,1,0],"rotation":270,"texture":"#missing"}}},{"from":[9,12,2],"to":[11,15,2],"rotation":{"angle":0,"axis":"y","origin":[-12,-5,0]},"faces":{"north":{"uv":[3,11.5,2,13],"texture":"#0"},"east":{"uv":[3,11.5,2,13],"texture":"#missing"},"south":{"uv":[3,11.5,2,13],"texture":"#0"},"west":{"uv":[0,0,0,1.5],"texture":"#missing"},"up":{"uv":[1,0,0,0],"texture":"#missing"},"down":{"uv":[1,0,0,0],"texture":"#missing"}}},{"from":[10,12,2],"to":[10,15,4],"rotation":{"angle":0,"axis":"y","origin":[-25,23.5,2]},"faces":{"north":{"uv":[2,11.5,2,13],"texture":"#missing"},"east":{"uv":[3,11.5,2,13],"texture":"#0"},"south":{"uv":[3,11.5,2,13],"texture":"#0"},"west":{"uv":[3,11.5,2,13],"texture":"#0"},"up":{"uv":[0,0,1,0],"rotation":90,"texture":"#missing"},"down":{"uv":[0,0,1,0],"rotation":270,"texture":"#missing"}}},{"from":[13.5,14.5,6.25],"to":[16.5,16.5,6.25],"rotation":{"angle":0,"axis":"z","origin":[10,24.5,2.5]},"faces":{"north":{"uv":[2,13,3,11.5],"rotation":270,"texture":"#0"},"east":{"uv":[0,0,1,0],"rotation":90,"texture":"#missing"},"south":{"uv":[2,13,3,11.5],"rotation":90,"texture":"#0"},"west":{"uv":[0,0,1,0],"rotation":90,"texture":"#missing"},"up":{"uv":[2,13,3,11.5],"rotation":90,"texture":"#missing"},"down":{"uv":[0,1.5,0,0],"rotation":90,"texture":"#missing"}}},{"from":[13.5,15.5,6.25],"to":[16.5,15.5,8.25],"rotation":{"angle":0,"axis":"z","origin":[10,24.5,2.5]},"faces":{"north":{"uv":[2,13,2,11.5],"rotation":270,"texture":"#missing"},"east":{"uv":[1,0,0,0],"texture":"#missing"},"south":{"uv":[2,13,3,11.5],"rotation":90,"texture":"#0"},"west":{"uv":[1,0,0,0],"rotation":180,"texture":"#missing"},"up":{"uv":[2,13,3,11.5],"rotation":90,"texture":"#0"},"down":{"uv":[2,13,3,11.5],"rotation":90,"texture":"#0"}}},{"from":[11.5,14.5,5.25],"to":[11.5,16.5,8.25],"rotation":{"angle":0,"axis":"y","origin":[15,15.5,6.75]},"faces":{"north":{"uv":[0,0,1,0],"rotation":90,"texture":"#missing"},"east":{"uv":[2,13,3,11.5],"rotation":90,"texture":"#0"},"south":{"uv":[0,0,1,0],"rotation":90,"texture":"#missing"},"west":{"uv":[2,13,3,11.5],"rotation":270,"texture":"#0"},"up":{"uv":[2,13,3,11.5],"texture":"#missing"},"down":{"uv":[0,1.5,0,0],"rotation":180,"texture":"#missing"}}},{"from":[11.5,15.5,5.25],"to":[13.5,15.5,8.25],"rotation":{"angle":0,"axis":"y","origin":[15,15.5,6.75]},"faces":{"north":{"uv":[1,0,0,0],"texture":"#missing"},"east":{"uv":[2,13,3,11.5],"rotation":90,"texture":"#0"},"south":{"uv":[1,0,0,0],"rotation":180,"texture":"#missing"},"west":{"uv":[2,13,2,11.5],"rotation":270,"texture":"#missing"},"up":{"uv":[2,13,3,11.5],"texture":"#0"},"down":{"uv":[2,13,3,11.5],"rotation":180,"texture":"#0"}}},{"from":[10.5,14.5,9.25],"to":[10.5,16.5,12.25],"rotation":{"angle":0,"axis":"y","origin":[15,15.5,6.75]},"faces":{"north":{"uv":[0,0,1,0],"rotation":90,"texture":"#missing"},"east":{"uv":[2,13,3,11.5],"rotation":90,"texture":"#0"},"south":{"uv":[0,0,1,0],"rotation":90,"texture":"#missing"},"west":{"uv":[2,13,3,11.5],"rotation":270,"texture":"#0"},"up":{"uv":[2,13,3,11.5],"texture":"#missing"},"down":{"uv":[0,1.5,0,0],"rotation":180,"texture":"#missing"}}},{"from":[10.5,15.5,9.25],"to":[12.5,15.5,12.25],"rotation":{"angle":0,"axis":"y","origin":[15,15.5,6.75]},"faces":{"north":{"uv":[1,0,0,0],"texture":"#missing"},"east":{"uv":[2,13,3,11.5],"rotation":90,"texture":"#0"},"south":{"uv":[1,0,0,0],"rotation":180,"texture":"#missing"},"west":{"uv":[2,13,2,11.5],"rotation":270,"texture":"#missing"},"up":{"uv":[2,13,3,11.5],"texture":"#0"},"down":{"uv":[2,13,3,11.5],"rotation":180,"texture":"#0"}}},{"from":[7.5,15.5,14],"to":[10.5,15.5,16],"rotation":{"angle":0,"axis":"x","origin":[-1,23.5,3]},"faces":{"north":{"uv":[0,1.5,0,0],"rotation":90,"texture":"#missing"},"east":{"uv":[0,0,1,0],"texture":"#missing"},"south":{"uv":[2,13,3,11.5],"rotation":270,"texture":"#missing"},"west":{"uv":[0,0,1,0],"rotation":180,"texture":"#missing"},"up":{"uv":[2,13,3,11.5],"rotation":270,"texture":"#0"},"down":{"uv":[2,13,3,11.5],"rotation":270,"texture":"#0"}}},{"from":[7.25,14.5,15],"to":[10.25,16.5,15],"rotation":{"angle":0,"axis":"z","origin":[-0.25,24.5,3]},"faces":{"north":{"uv":[2,13,3,11.5],"rotation":270,"texture":"#0"},"east":{"uv":[0,0,1,0],"rotation":270,"texture":"#missing"},"south":{"uv":[2,13,3,11.5],"rotation":90,"texture":"#0"},"west":{"uv":[0,0,1,0],"rotation":270,"texture":"#missing"},"up":{"uv":[2,13,3,11.5],"rotation":90,"texture":"#0"},"down":{"uv":[2,13,2,11.5],"rotation":90,"texture":"#missing"}}},{"from":[8.5,14.5,4],"to":[11.5,16.5,4],"rotation":{"angle":0,"axis":"z","origin":[10,21.5,4]},"faces":{"north":{"uv":[5,12.5,4,14],"rotation":90,"texture":"#0"},"east":{"uv":[1,0,0,0],"rotation":90,"texture":"#missing"},"south":{"uv":[5,12.5,4,14],"rotation":270,"texture":"#0"},"west":{"uv":[1,0,0,0],"rotation":90,"texture":"#missing"},"up":{"uv":[0,0,0,1.5],"rotation":270,"texture":"#missing"},"down":{"uv":[0,0,0,1.5],"rotation":270,"texture":"#missing"}}},{"from":[8.5,15.5,3],"to":[11.5,15.5,5],"rotation":{"angle":0,"axis":"z","origin":[10,21.5,4]},"faces":{"north":{"uv":[0,0,0,1.5],"rotation":90,"texture":"#missing"},"east":{"uv":[0,0,1,0],"texture":"#missing"},"south":{"uv":[0,0,0,1.5],"rotation":270,"texture":"#missing"},"west":{"uv":[0,0,1,0],"rotation":180,"texture":"#missing"},"up":{"uv":[5,12.5,4,14],"rotation":270,"texture":"#0"},"down":{"uv":[5,12.5,4,14],"rotation":270,"texture":"#0"}}},{"from":[5.8125,14.9375,2],"to":[8.8125,14.9375,4],"rotation":{"angle":0,"axis":"z","origin":[5.4375,14.9375,3]},"faces":{"north":{"uv":[0,1.5,0,0],"rotation":270,"texture":"#missing"},"east":{"uv":[0,0,1,0],"texture":"#missing"},"south":{"uv":[2,13,3,11.5],"rotation":90,"texture":"#missing"},"west":{"uv":[0,0,1,0],"rotation":180,"texture":"#missing"},"up":{"uv":[2,13,3,11.5],"rotation":90,"texture":"#0"},"down":{"uv":[2,13,3,11.5],"rotation":90,"texture":"#0"}}},{"from":[6.0625,13.9375,3],"to":[9.0625,15.9375,3],"rotation":{"angle":0,"axis":"z","origin":[5.4375,14.9375,3]},"faces":{"north":{"uv":[2,13,3,11.5],"rotation":90,"texture":"#0"},"east":{"uv":[0,0,1,0],"rotation":90,"texture":"#missing"},"south":{"uv":[2,13,3,11.5],"rotation":270,"texture":"#0"},"west":{"uv":[0,0,1,0],"rotation":90,"texture":"#missing"},"up":{"uv":[2,13,2,11.5],"rotation":270,"texture":"#missing"},"down":{"uv":[2,13,3,11.5],"rotation":270,"texture":"#0"}}},{"from":[6.8125,14.9375,7],"to":[9.8125,14.9375,9],"rotation":{"angle":0,"axis":"z","origin":[5.4375,14.9375,3]},"faces":{"north":{"uv":[0,1.5,0,0],"rotation":270,"texture":"#missing"},"east":{"uv":[0,0,1,0],"texture":"#missing"},"south":{"uv":[2,13,3,11.5],"rotation":90,"texture":"#missing"},"west":{"uv":[0,0,1,0],"rotation":180,"texture":"#missing"},"up":{"uv":[2,13,3,11.5],"rotation":90,"texture":"#0"},"down":{"uv":[2,13,3,11.5],"rotation":90,"texture":"#0"}}},{"from":[7.0625,13.9375,8],"to":[10.0625,15.9375,8],"rotation":{"angle":0,"axis":"z","origin":[5.4375,14.9375,3]},"faces":{"north":{"uv":[2,13,3,11.5],"rotation":90,"texture":"#0"},"east":{"uv":[0,0,1,0],"rotation":90,"texture":"#missing"},"south":{"uv":[2,13,3,11.5],"rotation":270,"texture":"#0"},"west":{"uv":[0,0,1,0],"rotation":90,"texture":"#missing"},"up":{"uv":[2,13,2,11.5],"rotation":270,"texture":"#missing"},"down":{"uv":[2,13,3,11.5],"rotation":270,"texture":"#0"}}},{"from":[2.4375,11.5625,2],"to":[4.4375,14.5625,2],"rotation":{"angle":0,"axis":"z","origin":[9.4375,15.5,-6.5]},"faces":{"north":{"uv":[5,12.5,4,14],"rotation":180,"texture":"#0"},"east":{"uv":[0,0,0,1.5],"rotation":180,"texture":"#missing"},"south":{"uv":[5,12.5,4,14],"rotation":180,"texture":"#0"},"west":{"uv":[0,0,0,1.5],"rotation":180,"texture":"#missing"},"up":{"uv":[1,0,0,0],"texture":"#missing"},"down":{"uv":[1,0,0,0],"texture":"#missing"}}},{"from":[3.4375,11.5625,1],"to":[3.4375,14.5625,3],"rotation":{"angle":0,"axis":"z","origin":[9.4375,15.5,-6.5]},"faces":{"north":{"uv":[0,0,0,1.5],"rotation":180,"texture":"#missing"},"east":{"uv":[5,12.5,4,14],"rotation":180,"texture":"#0"},"south":{"uv":[0,0,0,1.5],"rotation":180,"texture":"#missing"},"west":{"uv":[5,12.5,4,14],"rotation":180,"texture":"#0"},"up":{"uv":[0,0,1,0],"rotation":270,"texture":"#missing"},"down":{"uv":[0,0,1,0],"rotation":90,"texture":"#missing"}}},{"from":[-0.5,13.5,12],"to":[2.5,15.5,12],"rotation":{"angle":0,"axis":"z","origin":[3,21.5,2]},"faces":{"north":{"uv":[7.5,12.5,6.5,14],"rotation":90,"texture":"#0"},"east":{"uv":[1,0,0,0],"rotation":90,"texture":"#missing"},"south":{"uv":[7.5,12.5,6.5,14],"rotation":270,"texture":"#0"},"west":{"uv":[1,0,0,0],"rotation":90,"texture":"#missing"},"up":{"uv":[0,0,0,1.5],"rotation":270,"texture":"#missing"},"down":{"uv":[0,0,0,1.5],"rotation":270,"texture":"#missing"}}},{"from":[-0.5,14.5,11],"to":[2.5,14.5,13],"rotation":{"angle":0,"axis":"z","origin":[3,21.5,2]},"faces":{"north":{"uv":[0,0,0,1.5],"rotation":90,"texture":"#missing"},"east":{"uv":[0,0,1,0],"texture":"#missing"},"south":{"uv":[6.5,12.5,6.5,14],"rotation":270,"texture":"#missing"},"west":{"uv":[0,0,1,0],"rotation":180,"texture":"#missing"},"up":{"uv":[7.5,12.5,6.5,14],"rotation":270,"texture":"#0"},"down":{"uv":[7.5,12.5,6.5,14],"rotation":270,"texture":"#0"}}},{"from":[2.5,13.5,9],"to":[5.5,15.5,9],"rotation":{"angle":0,"axis":"z","origin":[3,21.5,2]},"faces":{"north":{"uv":[7.5,12.5,6.5,14],"rotation":90,"texture":"#0"},"east":{"uv":[1,0,0,0],"rotation":90,"texture":"#missing"},"south":{"uv":[7.5,12.5,6.5,14],"rotation":270,"texture":"#0"},"west":{"uv":[1,0,0,0],"rotation":90,"texture":"#missing"},"up":{"uv":[0,0,0,1.5],"rotation":270,"texture":"#missing"},"down":{"uv":[0,0,0,1.5],"rotation":270,"texture":"#missing"}}},{"from":[2.5,14.5,8],"to":[5.5,14.5,10],"rotation":{"angle":0,"axis":"z","origin":[3,21.5,2]},"faces":{"north":{"uv":[0,0,0,1.5],"rotation":90,"texture":"#missing"},"east":{"uv":[0,0,1,0],"texture":"#missing"},"south":{"uv":[6.5,12.5,6.5,14],"rotation":270,"texture":"#missing"},"west":{"uv":[0,0,1,0],"rotation":180,"texture":"#missing"},"up":{"uv":[7.5,12.5,6.5,14],"rotation":270,"texture":"#0"},"down":{"uv":[7.5,12.5,6.5,14],"rotation":270,"texture":"#0"}}},{"from":[2.5,13.5,6],"to":[5.5,15.5,6],"rotation":{"angle":0,"axis":"z","origin":[3,21.5,2]},"faces":{"north":{"uv":[7.5,12.5,6.5,14],"rotation":90,"texture":"#0"},"east":{"uv":[1,0,0,0],"rotation":90,"texture":"#missing"},"south":{"uv":[7.5,12.5,6.5,14],"rotation":270,"texture":"#0"},"west":{"uv":[1,0,0,0],"rotation":90,"texture":"#missing"},"up":{"uv":[0,0,0,1.5],"rotation":270,"texture":"#missing"},"down":{"uv":[0,0,0,1.5],"rotation":270,"texture":"#missing"}}},{"from":[2.5,14.5,5],"to":[5.5,14.5,7],"rotation":{"angle":0,"axis":"z","origin":[3,21.5,2]},"faces":{"north":{"uv":[0,0,0,1.5],"rotation":90,"texture":"#missing"},"east":{"uv":[0,0,1,0],"texture":"#missing"},"south":{"uv":[6.5,12.5,6.5,14],"rotation":270,"texture":"#missing"},"west":{"uv":[0,0,1,0],"rotation":180,"texture":"#missing"},"up":{"uv":[7.5,12.5,6.5,14],"rotation":270,"texture":"#0"},"down":{"uv":[7.5,12.5,6.5,14],"rotation":270,"texture":"#0"}}},{"from":[12.5,9.5,8],"to":[15.5,11.5,8],"rotation":{"angle":0,"axis":"z","origin":[-2,15.5,3]},"faces":{"north":{"uv":[7.5,12.5,6.5,14],"rotation":90,"texture":"#0"},"east":{"uv":[1,0,0,0],"rotation":90,"texture":"#missing"},"south":{"uv":[7.5,12.5,6.5,14],"rotation":270,"texture":"#0"},"west":{"uv":[1,0,0,0],"rotation":90,"texture":"#missing"},"up":{"uv":[0,0,0,1.5],"rotation":270,"texture":"#missing"},"down":{"uv":[0,0,0,1.5],"rotation":270,"texture":"#missing"}}},{"from":[12.5,10.5,7],"to":[15.5,10.5,9],"rotation":{"angle":0,"axis":"z","origin":[-2,15.5,3]},"faces":{"north":{"uv":[0,0,0,1.5],"rotation":90,"texture":"#missing"},"east":{"uv":[0,0,1,0],"texture":"#missing"},"south":{"uv":[6.5,12.5,6.5,14],"rotation":270,"texture":"#missing"},"west":{"uv":[0,0,1,0],"rotation":180,"texture":"#missing"},"up":{"uv":[7.5,12.5,6.5,14],"rotation":270,"texture":"#0"},"down":{"uv":[7.5,12.5,6.5,14],"rotation":270,"texture":"#0"}}},{"from":[6,10,15],"to":[8,13,15],"rotation":{"angle":0,"axis":"y","origin":[-15.5,-6.5,4.25]},"faces":{"north":{"uv":[7.5,14,6.5,12.5],"texture":"#0"},"east":{"uv":[0,1.5,0,0],"texture":"#missing"},"south":{"uv":[7.5,14,6.5,12.5],"texture":"#0"},"west":{"uv":[0,1.5,0,0],"texture":"#missing"},"up":{"uv":[1,0,0,0],"rotation":180,"texture":"#missing"},"down":{"uv":[1,0,0,0],"rotation":180,"texture":"#missing"}}},{"from":[7,10,14],"to":[7,13,16],"rotation":{"angle":0,"axis":"y","origin":[-15.5,-6.5,4.25]},"faces":{"north":{"uv":[0,1.5,0,0],"texture":"#missing"},"east":{"uv":[7.5,14,6.5,12.5],"texture":"#0"},"south":{"uv":[6.5,14,6.5,12.5],"texture":"#missing"},"west":{"uv":[7.5,14,6.5,12.5],"texture":"#0"},"up":{"uv":[1,0,0,0],"rotation":90,"texture":"#missing"},"down":{"uv":[1,0,0,0],"rotation":270,"texture":"#missing"}}},{"from":[12,14,11],"to":[14,17,11],"rotation":{"angle":0,"axis":"y","origin":[-15.5,-6.5,4.25]},"faces":{"north":{"uv":[7.5,14,6.5,12.5],"texture":"#0"},"east":{"uv":[0,1.5,0,0],"texture":"#missing"},"south":{"uv":[7.5,14,6.5,12.5],"texture":"#0"},"west":{"uv":[0,1.5,0,0],"texture":"#missing"},"up":{"uv":[1,0,0,0],"rotation":180,"texture":"#missing"},"down":{"uv":[1,0,0,0],"rotation":180,"texture":"#missing"}}},{"from":[13,14,10],"to":[13,17,12],"rotation":{"angle":0,"axis":"y","origin":[-15.5,-6.5,4.25]},"faces":{"north":{"uv":[0,1.5,0,0],"texture":"#missing"},"east":{"uv":[7.5,14,6.5,12.5],"texture":"#0"},"south":{"uv":[6.5,14,6.5,12.5],"texture":"#missing"},"west":{"uv":[7.5,14,6.5,12.5],"texture":"#0"},"up":{"uv":[1,0,0,0],"rotation":90,"texture":"#missing"},"down":{"uv":[1,0,0,0],"rotation":270,"texture":"#missing"}}},{"from":[1,14,9],"to":[3,17,9],"rotation":{"angle":0,"axis":"y","origin":[-15.5,-6.5,4.25]},"faces":{"north":{"uv":[7.5,14,6.5,12.5],"texture":"#0"},"east":{"uv":[0,1.5,0,0],"texture":"#missing"},"south":{"uv":[7.5,14,6.5,12.5],"texture":"#0"},"west":{"uv":[0,1.5,0,0],"texture":"#missing"},"up":{"uv":[1,0,0,0],"rotation":180,"texture":"#missing"},"down":{"uv":[1,0,0,0],"rotation":180,"texture":"#missing"}}},{"from":[2,14,8],"to":[2,17,10],"rotation":{"angle":0,"axis":"y","origin":[-15.5,-6.5,4.25]},"faces":{"north":{"uv":[0,1.5,0,0],"texture":"#missing"},"east":{"uv":[7.5,14,6.5,12.5],"texture":"#0"},"south":{"uv":[6.5,14,6.5,12.5],"texture":"#missing"},"west":{"uv":[7.5,14,6.5,12.5],"texture":"#0"},"up":{"uv":[1,0,0,0],"rotation":90,"texture":"#missing"},"down":{"uv":[1,0,0,0],"rotation":270,"texture":"#missing"}}},{"from":[6,15,5],"to":[12,16,6],"rotation":{"angle":0,"axis":"z","origin":[-1.5,17,0.5]},"faces":{"north":{"uv":[15,6.5,14.5,9.5],"rotation":90,"texture":"#0"},"east":{"uv":[15,6.5,14.5,9.5],"texture":"#0"},"south":{"uv":[15,6.5,14.5,9.5],"rotation":270,"texture":"#0"},"west":{"uv":[15,6.5,14.5,9.5],"rotation":180,"texture":"#0"},"up":{"uv":[15,6.5,14.5,9.5],"rotation":270,"texture":"#0"},"down":{"uv":[15,6.5,14.5,9.5],"rotation":270,"texture":"#0"}}},{"from":[11,16,2],"to":[16,17,3],"rotation":{"angle":0,"axis":"z","origin":[-0.5,19.5,0.5]},"faces":{"north":{"uv":[14.5,5.5,14,8],"rotation":90,"texture":"#0"},"east":{"uv":[14.5,5.5,14,8],"rotation":270,"texture":"#0"},"south":{"uv":[14.5,5.5,14,8],"rotation":270,"texture":"#0"},"west":{"uv":[14.5,5.5,14,8],"rotation":270,"texture":"#0"},"up":{"uv":[14.5,5.5,14,8],"rotation":270,"texture":"#0"},"down":{"uv":[14.5,5.5,14,8],"rotation":270,"texture":"#0"}}},{"from":[-0.5,16,7],"to":[1.5,17,8],"rotation":{"angle":0,"axis":"z","origin":[0.5,21,0.5]},"faces":{"north":{"uv":[14,5.5,13.5,6.5],"rotation":90,"texture":"#0"},"east":{"uv":[14,5.5,13.5,6.5],"rotation":270,"texture":"#0"},"south":{"uv":[14,5.5,13.5,6.5],"rotation":270,"texture":"#0"},"west":{"uv":[14,5.5,13.5,6.5],"rotation":270,"texture":"#0"},"up":{"uv":[14,5.5,13.5,6.5],"rotation":270,"texture":"#0"},"down":{"uv":[14,5.5,13.5,6.5],"rotation":270,"texture":"#0"}}},{"from":[1,16,4],"to":[2,17,5],"rotation":{"angle":0,"axis":"y","origin":[3,0,0]},"faces":{"north":{"uv":[13.5,5.5,13,6],"texture":"#0"},"east":{"uv":[13.5,5.5,13,6],"texture":"#0"},"south":{"uv":[13.5,5.5,13,6],"texture":"#0"},"west":{"uv":[13.5,5.5,13,6],"texture":"#0"},"up":{"uv":[13.5,5.5,13,6],"texture":"#0"},"down":{"uv":[13.5,5.5,13,6],"texture":"#0"}}},{"from":[11,15,12],"to":[14,16,13],"rotation":{"angle":0,"axis":"y","origin":[-12,-5,0]},"faces":{"north":{"uv":[14.5,5.5,13,6],"texture":"#0"},"east":{"uv":[12.5,5,12,5.5],"texture":"#0"},"south":{"uv":[14.5,5.5,13,6],"texture":"#0"},"west":{"uv":[13,5,12.5,5.5],"texture":"#0"},"up":{"uv":[14.5,5.5,13,6],"texture":"#0"},"down":{"uv":[14.5,5.5,13,6],"texture":"#0"}}},{"from":[2,16,3],"to":[5,17,4],"rotation":{"angle":0,"axis":"y","origin":[-12,-5,0]},"faces":{"north":{"uv":[14.5,5.5,13,6],"texture":"#0"},"east":{"uv":[12.5,5,12,5.5],"texture":"#0"},"south":{"uv":[14.5,5.5,13,6],"texture":"#0"},"west":{"uv":[13,5,12.5,5.5],"texture":"#0"},"up":{"uv":[14.5,5.5,13,6],"texture":"#0"},"down":{"uv":[14.5,5.5,13,6],"texture":"#0"}}},{"from":[5,16,10],"to":[8,17,11],"rotation":{"angle":0,"axis":"y","origin":[-12,-5,0]},"faces":{"north":{"uv":[14.5,5.5,13,6],"texture":"#0"},"east":{"uv":[12.5,5,12,5.5],"texture":"#0"},"south":{"uv":[14.5,5.5,13,6],"texture":"#0"},"west":{"uv":[13,5,12.5,5.5],"texture":"#0"},"up":{"uv":[14.5,5.5,13,6],"texture":"#0"},"down":{"uv":[14.5,5.5,13,6],"texture":"#0"}}},{"from":[9,16,3],"to":[12,17,4],"rotation":{"angle":0,"axis":"y","origin":[-12,-5,0]},"faces":{"north":{"uv":[14.5,5.5,13,6],"texture":"#0"},"east":{"uv":[12.5,5,12,5.5],"texture":"#0"},"south":{"uv":[14.5,5.5,13,6],"texture":"#0"},"west":{"uv":[13,5,12.5,5.5],"texture":"#0"},"up":{"uv":[14.5,5.5,13,6],"texture":"#0"},"down":{"uv":[14.5,5.5,13,6],"texture":"#0"}}},{"from":[8,16,13],"to":[11,17,14],"rotation":{"angle":0,"axis":"y","origin":[-12,-5,0]},"faces":{"north":{"uv":[14.5,5.5,13,6],"texture":"#0"},"east":{"uv":[12.5,5,12,5.5],"texture":"#0"},"south":{"uv":[14.5,5.5,13,6],"texture":"#0"},"west":{"uv":[13,5,12.5,5.5],"texture":"#0"},"up":{"uv":[14.5,5.5,13,6],"texture":"#0"},"down":{"uv":[14.5,5.5,13,6],"texture":"#0"}}},{"from":[10,16,8],"to":[14,17,9],"rotation":{"angle":0,"axis":"z","origin":[-12.5,10,0.5]},"faces":{"north":{"uv":[14.5,9,15,7],"rotation":90,"texture":"#0"},"east":{"uv":[14.5,7.5,15,7],"rotation":270,"texture":"#0"},"south":{"uv":[14.5,9,15,7],"rotation":270,"texture":"#0"},"west":{"uv":[14.5,9,15,7],"rotation":270,"texture":"#0"},"up":{"uv":[14.5,9,15,7],"rotation":270,"texture":"#0"},"down":{"uv":[14.5,8.5,15,6.5],"rotation":270,"texture":"#0"}}},{"from":[6,16,6],"to":[7,17,8],"rotation":{"angle":0,"axis":"y","origin":[5.5,1.5,6.5]},"faces":{"north":{"uv":[12.5,12,12,12.5],"rotation":270,"texture":"#0"},"east":{"uv":[12.5,11.5,12,12.5],"rotation":270,"texture":"#0"},"south":{"uv":[12.5,12,12,12.5],"rotation":270,"texture":"#0"},"west":{"uv":[12.5,11.5,12,12.5],"rotation":90,"texture":"#0"},"up":{"uv":[12.5,11.5,12,12.5],"rotation":180,"texture":"#0"},"down":{"uv":[12.5,11.5,12,12.5],"texture":"#0"}}},{"from":[3,15,11],"to":[5,16,12],"rotation":{"angle":0,"axis":"z","origin":[0.5,8,1.5]},"faces":{"north":{"uv":[12.5,11.5,12,12.5],"rotation":90,"texture":"#0"},"east":{"uv":[12.5,12,12,12.5],"rotation":270,"texture":"#0"},"south":{"uv":[12.5,11.5,12,12.5],"rotation":270,"texture":"#0"},"west":{"uv":[12.5,12,12,12.5],"rotation":270,"texture":"#0"},"up":{"uv":[12.5,11.5,12,12.5],"rotation":270,"texture":"#0"},"down":{"uv":[12.5,11.5,12,12.5],"rotation":270,"texture":"#0"}}},{"from":[6,15,12],"to":[8,16,13],"rotation":{"angle":0,"axis":"z","origin":[0.5,8,1.5]},"faces":{"north":{"uv":[12.5,11.5,12,12.5],"rotation":90,"texture":"#0"},"east":{"uv":[12.5,12,12,12.5],"rotation":270,"texture":"#0"},"south":{"uv":[12.5,11.5,12,12.5],"rotation":270,"texture":"#0"},"west":{"uv":[12.5,12,12,12.5],"rotation":270,"texture":"#0"},"up":{"uv":[12.5,11.5,12,12.5],"rotation":270,"texture":"#0"},"down":{"uv":[12.5,11.5,12,12.5],"rotation":270,"texture":"#0"}}},{"from":[4.75,9,2.75],"to":[4.75,15,7.75],"rotation":{"angle":0,"axis":"y","origin":[4.75,18.5,4]},"faces":{"north":{"uv":[0,0,0,3],"texture":"#missing"},"east":{"uv":[7.5,0,5,3],"texture":"#0"},"south":{"uv":[0,0,0,3],"texture":"#missing"},"west":{"uv":[7.5,0,5,3],"texture":"#0"},"up":{"uv":[0,0,2.5,0],"rotation":90,"texture":"#missing"},"down":{"uv":[0,0,2.5,0],"rotation":270,"texture":"#missing"}}},{"from":[2.75,8,4.75],"to":[6.75,14,4.75],"rotation":{"angle":0,"axis":"y","origin":[4.75,18.5,4]},"faces":{"north":{"uv":[7,0,5,3],"texture":"#0"},"east":{"uv":[0,0,0,3],"texture":"#missing"},"south":{"uv":[7,0,5,3],"texture":"#0"},"west":{"uv":[0,0,0,3],"texture":"#missing"},"up":{"uv":[2,0,0,0],"texture":"#missing"},"down":{"uv":[2,0,0,0],"texture":"#missing"}}},{"from":[13,8,10],"to":[18,14,10],"rotation":{"angle":0,"axis":"y","origin":[1.65228,15.1,2.83105]},"faces":{"north":{"uv":[5,0,7.5,3],"texture":"#0"},"east":{"uv":[0,0,0,3],"texture":"#missing"},"south":{"uv":[5,0,7.5,3],"texture":"#0"},"west":{"uv":[0,0,0,3],"texture":"#missing"},"up":{"uv":[0,0,2.5,0],"texture":"#missing"},"down":{"uv":[0,0,2.5,0],"texture":"#missing"}}},{"from":[15,7,8],"to":[15,13,12],"rotation":{"angle":0,"axis":"y","origin":[1.65228,15.1,2.83105]},"faces":{"north":{"uv":[0,0,0,3],"texture":"#missing"},"east":{"uv":[5,0,7,3],"texture":"#0"},"south":{"uv":[0,0,0,3],"texture":"#missing"},"west":{"uv":[5,0,7,3],"texture":"#0"},"up":{"uv":[0,0,2,0],"rotation":270,"texture":"#missing"},"down":{"uv":[0,0,2,0],"rotation":90,"texture":"#missing"}}},{"from":[0.25,7,0.25],"to":[0.25,13,5.25],"rotation":{"angle":0,"axis":"y","origin":[1.65228,15.1,2.83105]},"faces":{"north":{"uv":[0,0,0,3],"texture":"#missing"},"east":{"uv":[5,0,7.5,3],"texture":"#0"},"south":{"uv":[0,0,0,3],"texture":"#missing"},"west":{"uv":[5,0,7.5,3],"texture":"#0"},"up":{"uv":[2.5,0,0,0],"rotation":90,"texture":"#missing"},"down":{"uv":[2.5,0,0,0],"rotation":270,"texture":"#missing"}}},{"from":[-1.75,6,2.25],"to":[2.25,12,2.25],"rotation":{"angle":0,"axis":"y","origin":[1.65228,15.1,2.83105]},"faces":{"north":{"uv":[5,0,7,3],"texture":"#0"},"east":{"uv":[0,0,0,3],"texture":"#missing"},"south":{"uv":[5,0,7,3],"texture":"#0"},"west":{"uv":[0,0,0,3],"texture":"#missing"},"up":{"uv":[2,0,0,0],"texture":"#missing"},"down":{"uv":[2,0,0,0],"texture":"#missing"}}},{"from":[7.07374,8,12.53433],"to":[12.07374,14,12.53433],"rotation":{"angle":0,"axis":"y","origin":[1.65228,15.1,2.83105]},"faces":{"north":{"uv":[5,0,7.5,3],"texture":"#0"},"east":{"uv":[0,0,0,3],"texture":"#missing"},"south":{"uv":[5,0,7.5,3],"texture":"#0"},"west":{"uv":[0,0,0,3],"texture":"#missing"},"up":{"uv":[2.5,0,0,0],"rotation":180,"texture":"#missing"},"down":{"uv":[2.5,0,0,0],"rotation":180,"texture":"#missing"}}},{"from":[10.07374,7,10.53433],"to":[10.07374,13,14.53433],"rotation":{"angle":0,"axis":"y","origin":[1.65228,15.1,2.83105]},"faces":{"north":{"uv":[0,0,0,3],"texture":"#missing"},"east":{"uv":[5,0,7,3],"texture":"#0"},"south":{"uv":[0,0,0,3],"texture":"#missing"},"west":{"uv":[5,0,7,3],"texture":"#0"},"up":{"uv":[2,0,0,0],"rotation":90,"texture":"#missing"},"down":{"uv":[2,0,0,0],"rotation":270,"texture":"#missing"}}},{"from":[-6.75164,10,8.83027],"to":[-6.75164,16,13.83027],"rotation":{"angle":45,"axis":"y","origin":[1.65228,15.1,2.83105]},"faces":{"north":{"uv":[0,0,0,3],"texture":"#missing"},"east":{"uv":[5,0,7.5,3],"texture":"#0"},"south":{"uv":[0,0,0,3],"texture":"#missing"},"west":{"uv":[5,0,7.5,3],"texture":"#0"},"up":{"uv":[0,0,2.5,0],"rotation":90,"texture":"#missing"},"down":{"uv":[0,0,2.5,0],"rotation":270,"texture":"#missing"}}},{"from":[-8.75164,9,10.83027],"to":[-4.75164,15,10.83027],"rotation":{"angle":45,"axis":"y","origin":[1.65228,15.1,2.83105]},"faces":{"north":{"uv":[5,0,7,3],"texture":"#0"},"east":{"uv":[0,0,0,3],"texture":"#missing"},"south":{"uv":[5,0,7,3],"texture":"#0"},"west":{"uv":[0,0,0,3],"texture":"#missing"},"up":{"uv":[0,0,2,0],"texture":"#missing"},"down":{"uv":[0,0,2,0],"texture":"#missing"}}},{"from":[4.87704,9,10.54474],"to":[9.87704,15,10.54474],"rotation":{"angle":45,"axis":"y","origin":[1.65228,15.1,2.83105]},"faces":{"north":{"uv":[5,0,7.5,3],"texture":"#0"},"east":{"uv":[0,0,0,3],"texture":"#missing"},"south":{"uv":[5,0,7.5,3],"texture":"#0"},"west":{"uv":[0,0,0,3],"texture":"#missing"},"up":{"uv":[0,0,2.5,0],"texture":"#missing"},"down":{"uv":[0,0,2.5,0],"texture":"#missing"}}},{"from":[6.87704,8,8.54474],"to":[6.87704,14,12.54474],"rotation":{"angle":45,"axis":"y","origin":[1.65228,15.1,2.83105]},"faces":{"north":{"uv":[0,0,0,3],"texture":"#missing"},"east":{"uv":[5,0,7,3],"texture":"#0"},"south":{"uv":[0,0,0,3],"texture":"#missing"},"west":{"uv":[5,0,7,3],"texture":"#0"},"up":{"uv":[0,0,2,0],"rotation":270,"texture":"#missing"},"down":{"uv":[0,0,2,0],"rotation":90,"texture":"#missing"}}},{"from":[3,9,14],"to":[7,16,14],"rotation":{"angle":-45,"axis":"y","origin":[5,9.5,14]},"faces":{"north":{"uv":[0,0,2,3.5],"texture":"#0"},"east":{"uv":[0,0,0,3.5],"texture":"#missing"},"south":{"uv":[0,0,2,3.5],"texture":"#0"},"west":{"uv":[0,0,0,3.5],"texture":"#missing"},"up":{"uv":[0,0,2,0],"texture":"#missing"},"down":{"uv":[0,0,2,0],"texture":"#missing"}}},{"from":[5,7,12],"to":[5,14,16],"rotation":{"angle":-45,"axis":"y","origin":[5,9.5,14]},"faces":{"north":{"uv":[0,0,0,3.5],"texture":"#missing"},"east":{"uv":[0,0,2,3.5],"texture":"#0"},"south":{"uv":[0,0,0,3.5],"texture":"#missing"},"west":{"uv":[0,0,2,3.5],"texture":"#0"},"up":{"uv":[0,0,2,0],"rotation":270,"texture":"#missing"},"down":{"uv":[0,0,2,0],"rotation":90,"texture":"#missing"}}},{"from":[0.14214,9,6.85786],"to":[0.14214,16,10.85786],"rotation":{"angle":0,"axis":"y","origin":[1.65228,15.1,2.83105]},"faces":{"north":{"uv":[0,0,0,3.5],"texture":"#missing"},"east":{"uv":[0,0,2,3.5],"texture":"#0"},"south":{"uv":[0,0,0,3.5],"texture":"#missing"},"west":{"uv":[0,0,2,3.5],"texture":"#0"},"up":{"uv":[2,0,0,0],"rotation":90,"texture":"#missing"},"down":{"uv":[2,0,0,0],"rotation":270,"texture":"#missing"}}},{"from":[-1.85786,8,8.85786],"to":[2.14214,15,8.85786],"rotation":{"angle":0,"axis":"y","origin":[1.65228,15.1,2.83105]},"faces":{"north":{"uv":[0,0,2,3.5],"texture":"#0"},"east":{"uv":[0,0,0,3.5],"texture":"#missing"},"south":{"uv":[0,0,2,3.5],"texture":"#0"},"west":{"uv":[0,0,0,3.5],"texture":"#missing"},"up":{"uv":[2,0,0,0],"texture":"#missing"},"down":{"uv":[2,0,0,0],"texture":"#missing"}}},{"from":[-0.0203,8,9.78217],"to":[3.9797,15,9.78217],"rotation":{"angle":45,"axis":"y","origin":[1.65228,15.1,2.83105]},"faces":{"north":{"uv":[0,0,2,3.5],"texture":"#0"},"east":{"uv":[0,0,0,3.5],"texture":"#missing"},"south":{"uv":[0,0,2,3.5],"texture":"#0"},"west":{"uv":[0,0,0,3.5],"texture":"#missing"},"up":{"uv":[2,0,0,0],"rotation":180,"texture":"#missing"},"down":{"uv":[2,0,0,0],"rotation":180,"texture":"#missing"}}},{"from":[1.9797,7,7.78217],"to":[1.9797,14,11.78217],"rotation":{"angle":45,"axis":"y","origin":[1.65228,15.1,2.83105]},"faces":{"north":{"uv":[0,0,0,3.5],"texture":"#missing"},"east":{"uv":[0,0,2,3.5],"texture":"#0"},"south":{"uv":[0,0,0,3.5],"texture":"#missing"},"west":{"uv":[0,0,2,3.5],"texture":"#0"},"up":{"uv":[2,0,0,0],"rotation":90,"texture":"#missing"},"down":{"uv":[2,0,0,0],"rotation":270,"texture":"#missing"}}},{"from":[5.00052,8,11.83243],"to":[5.00052,15,15.83243],"rotation":{"angle":45,"axis":"y","origin":[1.65228,15.1,2.83105]},"faces":{"north":{"uv":[0,0,0,3.5],"texture":"#missing"},"east":{"uv":[0,0,2,3.5],"texture":"#0"},"south":{"uv":[0,0,0,3.5],"texture":"#missing"},"west":{"uv":[0,0,2,3.5],"texture":"#0"},"up":{"uv":[0,0,2,0],"rotation":90,"texture":"#missing"},"down":{"uv":[0,0,2,0],"rotation":270,"texture":"#missing"}}},{"from":[3.00052,7,13.83243],"to":[7.00052,14,13.83243],"rotation":{"angle":45,"axis":"y","origin":[1.65228,15.1,2.83105]},"faces":{"north":{"uv":[0,0,2,3.5],"texture":"#0"},"east":{"uv":[0,0,0,3.5],"texture":"#missing"},"south":{"uv":[0,0,2,3.5],"texture":"#0"},"west":{"uv":[0,0,0,3.5],"texture":"#missing"},"up":{"uv":[0,0,2,0],"texture":"#missing"},"down":{"uv":[0,0,2,0],"texture":"#missing"}}},{"from":[-1,6,3],"to":[3,15,3],"rotation":{"angle":0,"axis":"y","origin":[1.65228,15.1,2.83105]},"faces":{"north":{"uv":[2.5,0,4.5,4.5],"texture":"#0"},"east":{"uv":[0,0,0,4.5],"texture":"#missing"},"south":{"uv":[2.5,0,4.5,4.5],"texture":"#0"},"west":{"uv":[0,0,0,4.5],"texture":"#missing"},"up":{"uv":[0,0,2,0],"texture":"#missing"},"down":{"uv":[0,0,2,0],"texture":"#missing"}}},{"from":[2,5,1],"to":[2,14,5],"rotation":{"angle":0,"axis":"y","origin":[1.65228,15.1,2.83105]},"faces":{"north":{"uv":[0,0,0,4.5],"texture":"#missing"},"east":{"uv":[2.5,0,4.5,4.5],"texture":"#0"},"south":{"uv":[0,0,0,4.5],"texture":"#missing"},"west":{"uv":[2.5,0,4.5,4.5],"texture":"#0"},"up":{"uv":[0,0,2,0],"rotation":270,"texture":"#missing"},"down":{"uv":[0,0,2,0],"rotation":90,"texture":"#missing"}}},{"from":[7.43554,6,4.02481],"to":[7.43554,15,8.02481],"rotation":{"angle":45,"axis":"y","origin":[1.65228,15.1,2.83105]},"faces":{"north":{"uv":[0,0,0,4.5],"texture":"#missing"},"east":{"uv":[4.5,0,2.5,4.5],"texture":"#0"},"south":{"uv":[0,0,0,4.5],"texture":"#missing"},"west":{"uv":[4.5,0,2.5,4.5],"texture":"#0"},"up":{"uv":[2,0,0,0],"rotation":90,"texture":"#missing"},"down":{"uv":[2,0,0,0],"rotation":270,"texture":"#missing"}}},{"from":[5.43554,5,6.02481],"to":[9.43554,14,6.02481],"rotation":{"angle":45,"axis":"y","origin":[1.65228,15.1,2.83105]},"faces":{"north":{"uv":[4.5,0,2.5,4.5],"texture":"#0"},"east":{"uv":[0,0,0,4.5],"texture":"#missing"},"south":{"uv":[4.5,0,2.5,4.5],"texture":"#0"},"west":{"uv":[0,0,0,4.5],"texture":"#missing"},"up":{"uv":[0,0,2,0],"texture":"#missing"},"down":{"uv":[0,0,2,0],"texture":"#missing"}}},{"from":[-0.55925,6,5.91911],"to":[-0.55925,15,9.91911],"rotation":{"angle":45,"axis":"y","origin":[1.65228,15.1,2.83105]},"faces":{"north":{"uv":[0,0,0,4.5],"texture":"#missing"},"east":{"uv":[2.5,0,4.5,4.5],"texture":"#0"},"south":{"uv":[0,0,0,4.5],"texture":"#missing"},"west":{"uv":[2.5,0,4.5,4.5],"texture":"#0"},"up":{"uv":[0,0,2,0],"rotation":90,"texture":"#missing"},"down":{"uv":[0,0,2,0],"rotation":270,"texture":"#missing"}}},{"from":[-2.55925,5,7.91911],"to":[1.44075,14,7.91911],"rotation":{"angle":45,"axis":"y","origin":[1.65228,15.1,2.83105]},"faces":{"north":{"uv":[2.5,0,4.5,4.5],"texture":"#0"},"east":{"uv":[0,0,0,4.5],"texture":"#missing"},"south":{"uv":[2.5,0,4.5,4.5],"texture":"#0"},"west":{"uv":[0,0,0,4.5],"texture":"#missing"},"up":{"uv":[0,0,2,0],"texture":"#missing"},"down":{"uv":[0,0,2,0],"texture":"#missing"}}},{"from":[13,6,2],"to":[17,15,2],"rotation":{"angle":0,"axis":"y","origin":[1.65228,15.1,2.83105]},"faces":{"north":{"uv":[4.5,0,2.5,4.5],"texture":"#0"},"east":{"uv":[0,0,0,4.5],"texture":"#missing"},"south":{"uv":[4.5,0,2.5,4.5],"texture":"#0"},"west":{"uv":[0,0,0,4.5],"texture":"#missing"},"up":{"uv":[2,0,0,0],"texture":"#missing"},"down":{"uv":[2,0,0,0],"texture":"#missing"}}},{"from":[15,5,0],"to":[15,14,4],"rotation":{"angle":0,"axis":"y","origin":[1.65228,15.1,2.83105]},"faces":{"north":{"uv":[0,0,0,4.5],"texture":"#missing"},"east":{"uv":[4.5,0,2.5,4.5],"texture":"#0"},"south":{"uv":[0,0,0,4.5],"texture":"#missing"},"west":{"uv":[4.5,0,2.5,4.5],"texture":"#0"},"up":{"uv":[0,0,2,0],"rotation":270,"texture":"#missing"},"down":{"uv":[0,0,2,0],"rotation":90,"texture":"#missing"}}},{"from":[3.82894,6,16.66085],"to":[3.82894,15,20.66085],"rotation":{"angle":45,"axis":"y","origin":[1.65228,15.1,2.83105]},"faces":{"north":{"uv":[0,0,0,4.5],"texture":"#missing"},"east":{"uv":[2.5,0,4.5,4.5],"texture":"#0"},"south":{"uv":[0,0,0,4.5],"texture":"#missing"},"west":{"uv":[2.5,0,4.5,4.5],"texture":"#0"},"up":{"uv":[0,0,2,0],"rotation":90,"texture":"#missing"},"down":{"uv":[0,0,2,0],"rotation":270,"texture":"#missing"}}},{"from":[1.82894,5,18.66085],"to":[5.82894,14,18.66085],"rotation":{"angle":45,"axis":"y","origin":[1.65228,15.1,2.83105]},"faces":{"north":{"uv":[2.5,0,4.5,4.5],"texture":"#0"},"east":{"uv":[0,0,0,4.5],"texture":"#missing"},"south":{"uv":[2.5,0,4.5,4.5],"texture":"#0"},"west":{"uv":[0,0,0,4.5],"texture":"#missing"},"up":{"uv":[0,0,2,0],"texture":"#missing"},"down":{"uv":[0,0,2,0],"texture":"#missing"}}}],"display":{"thirdperson_righthand":{"scale":[0.3,0.3,0.3]},"thirdperson_lefthand":{"scale":[0.3,0.3,0.3]},"firstperson_righthand":{"translation":[0,0,2.25],"scale":[0.3,0.3,0.3]},"firstperson_lefthand":{"translation":[0,0,2.25],"scale":[0.3,0.3,0.3]},"ground":{"scale":[0.3,0.3,0.3]},"gui":{"rotation":[18,33,0],"translation":[0.5,-1.5,0],"scale":[0.4,0.4,0.4]},"fixed":{"rotation":[90,-180,0],"translation":[-1,0,-17],"scale":[2,2,2]}},"groups":[{"name":"branches","origin":[8,8,8],"children":[{"name":"1","origin":[0,0,0],"children":[0,1]},{"name":"1","origin":[0,0,0],"children":[2,3]},{"name":"1","origin":[0,0,0],"children":[4,5,6]},{"name":"2","origin":[0,0,0],"children":[7,8]},{"name":"2","origin":[0,0,0],"children":[9,10]},{"name":"2","origin":[0,0,0],"children":[11,12]},{"name":"2","origin":[0,0,0],"children":[13,14]},{"name":"2","origin":[0,0,0],"children":[15,16]},{"name":"1","origin":[0,0,0],"children":[17,18]},{"name":"2","origin":[0,0,0],"children":[19,20]},{"name":"2","origin":[0,0,0],"children":[21,22]},{"name":"1","origin":[0,0,0],"children":[23,24]},{"name":"3","origin":[0,0,0],"children":[25,26]},{"name":"3","origin":[0,0,0],"children":[27,28]},{"name":"3","origin":[0,0,0],"children":[29,30]},{"name":"3","origin":[0,0,0],"children":[31,32]},{"name":"3","origin":[0,0,0],"children":[33,34]},{"name":"3","origin":[0,0,0],"children":[35,36]},{"name":"3","origin":[0,0,0],"children":[37,38]},39,40,41,42,43,44,45,46,47,48,49,50,51]},{"name":"flowers","origin":[8,8,8],"children":[{"name":"3","origin":[0,0,0],"children":[52,53]},{"name":"3","origin":[0,0,0],"children":[54,55]},{"name":"3","origin":[0,0,0],"children":[56,57]},{"name":"3","origin":[0,0,0],"children":[58,59]},{"name":"3","origin":[0,0,0],"children":[60,61]},{"name":"3","origin":[0,0,0],"children":[62,63]},{"name":"1","origin":[0,0,0],"children":[64,65]},{"name":"1","origin":[0,0,0],"children":[66,67]},{"name":"1","origin":[0,0,0],"children":[68,69]},{"name":"1","origin":[0,0,0],"children":[70,71]},{"name":"2","origin":[0,0,0],"children":[72,73]},{"name":"2","origin":[0,0,0],"children":[74,75]},{"name":"2","origin":[0,0,0],"children":[76,77]},{"name":"2","origin":[0,0,0],"children":[78,79]},{"name":"2","origin":[0,0,0],"children":[80,81]}]}]}