{"credit":"Made with Blockbench","texture_size":[32,32],"textures":{"0":"block/flowers/wisteria","particle":"block/flowers/wisteria"},"elements":[{"from":[12,12,7],"to":[14,15,7],"rotation":{"angle":0,"axis":"y","origin":[-12,-5,7]},"faces":{"north":{"uv":[5,12.5,4,14],"texture":"#0"},"east":{"uv":[0,0,0,1.5],"texture":"#missing"},"south":{"uv":[5,12.5,4,14],"texture":"#0"},"west":{"uv":[0,0,0,1.5],"texture":"#missing"},"up":{"uv":[1,0,0,0],"texture":"#missing"},"down":{"uv":[1,0,0,0],"texture":"#missing"}}},{"from":[13,12,6],"to":[13,15,8],"rotation":{"angle":0,"axis":"y","origin":[-25,23.5,9]},"faces":{"north":{"uv":[0,0,0,1.5],"texture":"#missing"},"east":{"uv":[5,12.5,4,14],"texture":"#0"},"south":{"uv":[0,0,0,1.5],"texture":"#missing"},"west":{"uv":[5,12.5,4,14],"texture":"#0"},"up":{"uv":[0,0,1,0],"rotation":90,"texture":"#missing"},"down":{"uv":[0,0,1,0],"rotation":270,"texture":"#missing"}}},{"from":[17,11,12],"to":[19,14,12],"rotation":{"angle":0,"axis":"y","origin":[-12,-5,7]},"faces":{"north":{"uv":[5,12.5,4,14],"texture":"#0"},"east":{"uv":[0,0,0,1.5],"texture":"#missing"},"south":{"uv":[5,12.5,4,14],"texture":"#0"},"west":{"uv":[0,0,0,1.5],"texture":"#missing"},"up":{"uv":[1,0,0,0],"texture":"#missing"},"down":{"uv":[1,0,0,0],"texture":"#missing"}}},{"from":[17,11,12],"to":[19,14,12],"rotation":{"angle":0,"axis":"y","origin":[-12,-5,7]},"faces":{"north":{"uv":[5,12.5,4,14],"texture":"#0"},"east":{"uv":[0,0,0,1.5],"texture":"#missing"},"south":{"uv":[5,12.5,4,14],"texture":"#0"},"west":{"uv":[0,0,0,1.5],"texture":"#missing"},"up":{"uv":[1,0,0,0],"texture":"#missing"},"down":{"uv":[1,0,0,0],"texture":"#missing"}}},{"from":[18,11,11],"to":[18,14,13],"rotation":{"angle":0,"axis":"y","origin":[-25,23.5,9]},"faces":{"north":{"uv":[0,0,0,1.5],"texture":"#missing"},"east":{"uv":[5,12.5,4,14],"texture":"#0"},"south":{"uv":[0,0,0,1.5],"texture":"#missing"},"west":{"uv":[5,12.5,4,14],"texture":"#0"},"up":{"uv":[0,0,1,0],"rotation":90,"texture":"#missing"},"down":{"uv":[0,0,1,0],"rotation":270,"texture":"#missing"}}},{"from":[7,11,14],"to":[9,14,14],"rotation":{"angle":0,"axis":"y","origin":[-12,-5,7]},"faces":{"north":{"uv":[5,12.5,4,14],"texture":"#0"},"east":{"uv":[0,0,0,1.5],"texture":"#missing"},"south":{"uv":[5,12.5,4,14],"texture":"#0"},"west":{"uv":[0,0,0,1.5],"texture":"#missing"},"up":{"uv":[1,0,0,0],"texture":"#missing"},"down":{"uv":[1,0,0,0],"texture":"#missing"}}},{"from":[8,11,13],"to":[8,14,15],"rotation":{"angle":0,"axis":"y","origin":[-25,23.5,9]},"faces":{"north":{"uv":[0,0,0,1.5],"texture":"#missing"},"east":{"uv":[5,12.5,4,14],"texture":"#0"},"south":{"uv":[0,0,0,1.5],"texture":"#missing"},"west":{"uv":[5,12.5,4,14],"texture":"#0"},"up":{"uv":[0,0,1,0],"rotation":90,"texture":"#missing"},"down":{"uv":[0,0,1,0],"rotation":270,"texture":"#missing"}}},{"from":[28,11,7],"to":[30,14,7],"rotation":{"angle":0,"axis":"y","origin":[-12,-5,7]},"faces":{"north":{"uv":[5,12.5,4,14],"texture":"#0"},"east":{"uv":[0,0,0,1.5],"texture":"#missing"},"south":{"uv":[5,12.5,4,14],"texture":"#0"},"west":{"uv":[0,0,0,1.5],"texture":"#missing"},"up":{"uv":[1,0,0,0],"texture":"#missing"},"down":{"uv":[1,0,0,0],"texture":"#missing"}}},{"from":[29,11,6],"to":[29,14,8],"rotation":{"angle":0,"axis":"y","origin":[-25,23.5,9]},"faces":{"north":{"uv":[0,0,0,1.5],"texture":"#missing"},"east":{"uv":[5,12.5,4,14],"texture":"#0"},"south":{"uv":[0,0,0,1.5],"texture":"#missing"},"west":{"uv":[5,12.5,4,14],"texture":"#0"},"up":{"uv":[0,0,1,0],"rotation":90,"texture":"#missing"},"down":{"uv":[0,0,1,0],"rotation":270,"texture":"#missing"}}},{"from":[22,11,14],"to":[24,14,14],"rotation":{"angle":0,"axis":"y","origin":[-12,-5,7]},"faces":{"north":{"uv":[5,12.5,4,14],"texture":"#0"},"east":{"uv":[0,0,0,1.5],"texture":"#missing"},"south":{"uv":[5,12.5,4,14],"texture":"#0"},"west":{"uv":[0,0,0,1.5],"texture":"#missing"},"up":{"uv":[1,0,0,0],"texture":"#missing"},"down":{"uv":[1,0,0,0],"texture":"#missing"}}},{"from":[23,11,13],"to":[23,14,15],"rotation":{"angle":0,"axis":"y","origin":[-25,23.5,9]},"faces":{"north":{"uv":[0,0,0,1.5],"texture":"#missing"},"east":{"uv":[5,12.5,4,14],"texture":"#0"},"south":{"uv":[0,0,0,1.5],"texture":"#missing"},"west":{"uv":[5,12.5,4,14],"texture":"#0"},"up":{"uv":[0,0,1,0],"rotation":90,"texture":"#missing"},"down":{"uv":[0,0,1,0],"rotation":270,"texture":"#missing"}}},{"from":[27,11,13],"to":[29,14,13],"rotation":{"angle":0,"axis":"y","origin":[-12,-5,7]},"faces":{"north":{"uv":[5,12.5,4,14],"texture":"#0"},"east":{"uv":[0,0,0,1.5],"texture":"#missing"},"south":{"uv":[5,12.5,4,14],"texture":"#0"},"west":{"uv":[0,0,0,1.5],"texture":"#missing"},"up":{"uv":[1,0,0,0],"texture":"#missing"},"down":{"uv":[1,0,0,0],"texture":"#missing"}}},{"from":[28,11,12],"to":[28,14,14],"rotation":{"angle":0,"axis":"y","origin":[-25,23.5,9]},"faces":{"north":{"uv":[0,0,0,1.5],"texture":"#missing"},"east":{"uv":[5,12.5,4,14],"texture":"#0"},"south":{"uv":[0,0,0,1.5],"texture":"#missing"},"west":{"uv":[5,12.5,4,14],"texture":"#0"},"up":{"uv":[0,0,1,0],"rotation":90,"texture":"#missing"},"down":{"uv":[0,0,1,0],"rotation":270,"texture":"#missing"}}},{"from":[17,11,8],"to":[19,14,8],"rotation":{"angle":0,"axis":"y","origin":[-12,-5,7]},"faces":{"north":{"uv":[5,12.5,4,14],"texture":"#0"},"east":{"uv":[0,0,0,1.5],"texture":"#missing"},"south":{"uv":[5,12.5,4,14],"texture":"#0"},"west":{"uv":[0,0,0,1.5],"texture":"#missing"},"up":{"uv":[1,0,0,0],"texture":"#missing"},"down":{"uv":[1,0,0,0],"texture":"#missing"}}},{"from":[18,11,7],"to":[18,14,9],"rotation":{"angle":0,"axis":"y","origin":[-25,23.5,9]},"faces":{"north":{"uv":[0,0,0,1.5],"texture":"#missing"},"east":{"uv":[5,12.5,4,14],"texture":"#0"},"south":{"uv":[0,0,0,1.5],"texture":"#missing"},"west":{"uv":[5,12.5,4,14],"texture":"#0"},"up":{"uv":[0,0,1,0],"rotation":90,"texture":"#missing"},"down":{"uv":[0,0,1,0],"rotation":270,"texture":"#missing"}}},{"from":[9,12,6],"to":[11,15,6],"rotation":{"angle":0,"axis":"y","origin":[-12,-5,7]},"faces":{"north":{"uv":[3,11.5,2,13],"texture":"#0"},"east":{"uv":[3,11.5,2,13],"texture":"#missing"},"south":{"uv":[3,11.5,2,13],"texture":"#0"},"west":{"uv":[0,0,0,1.5],"texture":"#missing"},"up":{"uv":[1,0,0,0],"texture":"#missing"},"down":{"uv":[1,0,0,0],"texture":"#missing"}}},{"from":[10,12,5],"to":[10,15,7],"rotation":{"angle":0,"axis":"y","origin":[-25,23.5,9]},"faces":{"north":{"uv":[2,11.5,2,13],"texture":"#missing"},"east":{"uv":[3,11.5,2,13],"texture":"#0"},"south":{"uv":[3,11.5,2,13],"texture":"#0"},"west":{"uv":[3,11.5,2,13],"texture":"#0"},"up":{"uv":[0,0,1,0],"rotation":90,"texture":"#missing"},"down":{"uv":[0,0,1,0],"rotation":270,"texture":"#missing"}}},{"from":[10.5,11.5,3.25],"to":[13.5,13.5,3.25],"rotation":{"angle":0,"axis":"z","origin":[10,24.5,9.5]},"faces":{"north":{"uv":[2,13,3,11.5],"rotation":270,"texture":"#0"},"east":{"uv":[0,0,1,0],"rotation":90,"texture":"#missing"},"south":{"uv":[2,13,3,11.5],"rotation":90,"texture":"#0"},"west":{"uv":[0,0,1,0],"rotation":90,"texture":"#missing"},"up":{"uv":[2,13,3,11.5],"rotation":90,"texture":"#missing"},"down":{"uv":[0,1.5,0,0],"rotation":90,"texture":"#missing"}}},{"from":[10.5,12.5,3.25],"to":[13.5,12.5,5.25],"rotation":{"angle":0,"axis":"z","origin":[10,24.5,9.5]},"faces":{"north":{"uv":[2,13,2,11.5],"rotation":270,"texture":"#missing"},"east":{"uv":[1,0,0,0],"texture":"#missing"},"south":{"uv":[2,13,3,11.5],"rotation":90,"texture":"#0"},"west":{"uv":[1,0,0,0],"rotation":180,"texture":"#missing"},"up":{"uv":[2,13,3,11.5],"rotation":90,"texture":"#0"},"down":{"uv":[2,13,3,11.5],"rotation":90,"texture":"#0"}}},{"from":[19.5,11.5,8.25],"to":[22.5,13.5,8.25],"rotation":{"angle":0,"axis":"z","origin":[10,24.5,9.5]},"faces":{"north":{"uv":[2,13,3,11.5],"rotation":270,"texture":"#0"},"east":{"uv":[0,0,1,0],"rotation":90,"texture":"#missing"},"south":{"uv":[2,13,3,11.5],"rotation":90,"texture":"#0"},"west":{"uv":[0,0,1,0],"rotation":90,"texture":"#missing"},"up":{"uv":[2,13,3,11.5],"rotation":90,"texture":"#missing"},"down":{"uv":[0,1.5,0,0],"rotation":90,"texture":"#missing"}}},{"from":[19.5,12.5,8.25],"to":[22.5,12.5,10.25],"rotation":{"angle":0,"axis":"z","origin":[10,24.5,9.5]},"faces":{"north":{"uv":[2,13,2,11.5],"rotation":270,"texture":"#missing"},"east":{"uv":[1,0,0,0],"texture":"#missing"},"south":{"uv":[2,13,3,11.5],"rotation":90,"texture":"#0"},"west":{"uv":[1,0,0,0],"rotation":180,"texture":"#missing"},"up":{"uv":[2,13,3,11.5],"rotation":90,"texture":"#0"},"down":{"uv":[2,13,3,11.5],"rotation":90,"texture":"#0"}}},{"from":[20.5,10.5,10],"to":[23.5,12.5,10],"rotation":{"angle":0,"axis":"z","origin":[8,11.5,10]},"faces":{"north":{"uv":[2,13,3,11.5],"rotation":90,"texture":"#0"},"east":{"uv":[0,0,1,0],"rotation":90,"texture":"#missing"},"south":{"uv":[2,13,3,11.5],"rotation":270,"texture":"#0"},"west":{"uv":[0,0,1,0],"rotation":90,"texture":"#missing"},"up":{"uv":[2,13,3,11.5],"rotation":270,"texture":"#missing"},"down":{"uv":[0,1.5,0,0],"rotation":270,"texture":"#missing"}}},{"from":[1.25,11.5,10],"to":[4.25,13.5,10],"rotation":{"angle":0,"axis":"z","origin":[-0.25,24.5,10]},"faces":{"north":{"uv":[2,13,3,11.5],"rotation":270,"texture":"#0"},"east":{"uv":[0,0,1,0],"rotation":270,"texture":"#missing"},"south":{"uv":[2,13,3,11.5],"rotation":90,"texture":"#0"},"west":{"uv":[0,0,1,0],"rotation":270,"texture":"#missing"},"up":{"uv":[2,13,3,11.5],"rotation":90,"texture":"#0"},"down":{"uv":[2,13,2,11.5],"rotation":90,"texture":"#missing"}}},{"from":[6,12,8],"to":[8,15,8],"rotation":{"angle":0,"axis":"y","origin":[-15.5,12.5,11.25]},"faces":{"north":{"uv":[5,12.5,4,14],"texture":"#0"},"east":{"uv":[0,0,0,1.5],"texture":"#missing"},"south":{"uv":[5,12.5,4,14],"texture":"#0"},"west":{"uv":[0,0,0,1.5],"texture":"#missing"},"up":{"uv":[1,0,0,0],"rotation":180,"texture":"#missing"},"down":{"uv":[1,0,0,0],"rotation":180,"texture":"#missing"}}},{"from":[7,12,7],"to":[7,15,9],"rotation":{"angle":0,"axis":"y","origin":[-15.5,12.5,11.25]},"faces":{"north":{"uv":[0,0,0,1.5],"texture":"#missing"},"east":{"uv":[5,12.5,4,14],"texture":"#0"},"south":{"uv":[0,0,0,1.5],"texture":"#missing"},"west":{"uv":[5,12.5,4,14],"texture":"#0"},"up":{"uv":[0,0,1,0],"rotation":270,"texture":"#missing"},"down":{"uv":[0,0,1,0],"rotation":90,"texture":"#missing"}}},{"from":[4,12,5],"to":[6,15,5],"rotation":{"angle":0,"axis":"y","origin":[-15.5,12.5,11.25]},"faces":{"north":{"uv":[7.5,12.5,6.5,14],"texture":"#0"},"east":{"uv":[0,0,0,1.5],"texture":"#missing"},"south":{"uv":[7.5,12.5,6.5,14],"texture":"#0"},"west":{"uv":[0,0,0,1.5],"texture":"#missing"},"up":{"uv":[1,0,0,0],"rotation":180,"texture":"#missing"},"down":{"uv":[1,0,0,0],"rotation":180,"texture":"#missing"}}},{"from":[5,12,4],"to":[5,15,6],"rotation":{"angle":0,"axis":"y","origin":[-15.5,12.5,11.25]},"faces":{"north":{"uv":[0,0,0,1.5],"texture":"#missing"},"east":{"uv":[7.5,12.5,6.5,14],"texture":"#0"},"south":{"uv":[6.5,12.5,6.5,14],"texture":"#missing"},"west":{"uv":[7.5,12.5,6.5,14],"texture":"#0"},"up":{"uv":[0,0,1,0],"rotation":270,"texture":"#missing"},"down":{"uv":[0,0,1,0],"rotation":90,"texture":"#missing"}}},{"from":[12,12,10],"to":[14,15,10],"rotation":{"angle":0,"axis":"y","origin":[-15.5,12.5,11.25]},"faces":{"north":{"uv":[7.5,12.5,6.5,14],"texture":"#0"},"east":{"uv":[0,0,0,1.5],"texture":"#missing"},"south":{"uv":[7.5,12.5,6.5,14],"texture":"#0"},"west":{"uv":[0,0,0,1.5],"texture":"#missing"},"up":{"uv":[1,0,0,0],"rotation":180,"texture":"#missing"},"down":{"uv":[1,0,0,0],"rotation":180,"texture":"#missing"}}},{"from":[13,12,9],"to":[13,15,11],"rotation":{"angle":0,"axis":"y","origin":[-15.5,12.5,11.25]},"faces":{"north":{"uv":[0,0,0,1.5],"texture":"#missing"},"east":{"uv":[7.5,12.5,6.5,14],"texture":"#0"},"south":{"uv":[6.5,12.5,6.5,14],"texture":"#missing"},"west":{"uv":[7.5,12.5,6.5,14],"texture":"#0"},"up":{"uv":[0,0,1,0],"rotation":270,"texture":"#missing"},"down":{"uv":[0,0,1,0],"rotation":90,"texture":"#missing"}}},{"from":[0,12,6],"to":[2,15,6],"rotation":{"angle":0,"axis":"y","origin":[-15.5,-6.5,11.25]},"faces":{"north":{"uv":[7.5,14,6.5,12.5],"texture":"#0"},"east":{"uv":[0,1.5,0,0],"texture":"#missing"},"south":{"uv":[7.5,14,6.5,12.5],"texture":"#0"},"west":{"uv":[0,1.5,0,0],"texture":"#missing"},"up":{"uv":[1,0,0,0],"rotation":180,"texture":"#missing"},"down":{"uv":[1,0,0,0],"rotation":180,"texture":"#missing"}}},{"from":[1,12,5],"to":[1,15,7],"rotation":{"angle":0,"axis":"y","origin":[-15.5,-6.5,11.25]},"faces":{"north":{"uv":[0,1.5,0,0],"texture":"#missing"},"east":{"uv":[7.5,14,6.5,12.5],"texture":"#0"},"south":{"uv":[6.5,14,6.5,12.5],"texture":"#missing"},"west":{"uv":[7.5,14,6.5,12.5],"texture":"#0"},"up":{"uv":[1,0,0,0],"rotation":90,"texture":"#missing"},"down":{"uv":[1,0,0,0],"rotation":270,"texture":"#missing"}}},{"from":[15.5,13,12],"to":[21.5,14,13],"rotation":{"angle":0,"axis":"z","origin":[-1.5,-5,7.5]},"faces":{"north":{"uv":[15,6.5,14.5,9.5],"rotation":90,"texture":"#0"},"east":{"uv":[15,6.5,14.5,9.5],"rotation":270,"texture":"#0"},"south":{"uv":[15,6.5,14.5,9.5],"rotation":270,"texture":"#0"},"west":{"uv":[15,6.5,14.5,9.5],"rotation":270,"texture":"#0"},"up":{"uv":[15,6.5,14.5,9.5],"rotation":270,"texture":"#0"},"down":{"uv":[15,6.5,14.5,9.5],"rotation":270,"texture":"#0"}}},{"from":[21,12,7],"to":[26,13,8],"rotation":{"angle":0,"axis":"z","origin":[-0.5,-2.5,7.5]},"faces":{"north":{"uv":[14.5,5.5,14,8],"rotation":90,"texture":"#0"},"east":{"uv":[14.5,5.5,14,8],"rotation":270,"texture":"#0"},"south":{"uv":[14.5,5.5,14,8],"rotation":270,"texture":"#0"},"west":{"uv":[14.5,5.5,14,8],"rotation":270,"texture":"#0"},"up":{"uv":[14.5,5.5,14,8],"rotation":270,"texture":"#0"},"down":{"uv":[14.5,5.5,14,8],"rotation":270,"texture":"#0"}}},{"from":[25.5,12,11],"to":[27.5,13,12],"rotation":{"angle":0,"axis":"z","origin":[0.5,-1,7.5]},"faces":{"north":{"uv":[14,5.5,13.5,6.5],"rotation":270,"texture":"#0"},"east":{"uv":[14,5.5,13.5,6.5],"rotation":90,"texture":"#0"},"south":{"uv":[14,5.5,13.5,6.5],"rotation":90,"texture":"#0"},"west":{"uv":[14,5.5,13.5,6.5],"rotation":90,"texture":"#0"},"up":{"uv":[14,5.5,13.5,6.5],"rotation":90,"texture":"#0"},"down":{"uv":[14,5.5,13.5,6.5],"rotation":90,"texture":"#0"}}},{"from":[29,12,9],"to":[30,13,10],"rotation":{"angle":0,"axis":"y","origin":[3,0,7]},"faces":{"north":{"uv":[13.5,5.5,13,6],"texture":"#0"},"east":{"uv":[13.5,5.5,13,6],"texture":"#0"},"south":{"uv":[13.5,5.5,13,6],"texture":"#0"},"west":{"uv":[13.5,5.5,13,6],"texture":"#0"},"up":{"uv":[13.5,5.5,13,6],"texture":"#0"},"down":{"uv":[13.5,5.5,13,6],"texture":"#0"}}},{"from":[2,13,10],"to":[5,14,11],"rotation":{"angle":0,"axis":"y","origin":[-12,-5,7]},"faces":{"north":{"uv":[14.5,5.5,13,6],"texture":"#0"},"east":{"uv":[12.5,5,12,5.5],"texture":"#0"},"south":{"uv":[14.5,5.5,13,6],"texture":"#0"},"west":{"uv":[13,5,12.5,5.5],"texture":"#0"},"up":{"uv":[14.5,5.5,13,6],"texture":"#0"},"down":{"uv":[14.5,5.5,13,6],"texture":"#0"}}},{"from":[0,13,3],"to":[3,14,4],"rotation":{"angle":0,"axis":"y","origin":[-12,-5,7]},"faces":{"north":{"uv":[14.5,5.5,13,6],"texture":"#0"},"east":{"uv":[12.5,5,12,5.5],"texture":"#0"},"south":{"uv":[14.5,5.5,13,6],"texture":"#0"},"west":{"uv":[13,5,12.5,5.5],"texture":"#0"},"up":{"uv":[14.5,5.5,13,6],"texture":"#0"},"down":{"uv":[14.5,5.5,13,6],"texture":"#0"}}},{"from":[11,14,6],"to":[14,15,7],"rotation":{"angle":0,"axis":"y","origin":[-12,-5,7]},"faces":{"north":{"uv":[14.5,5.5,13,6],"texture":"#0"},"east":{"uv":[12.5,5,12,5.5],"texture":"#0"},"south":{"uv":[14.5,5.5,13,6],"texture":"#0"},"west":{"uv":[13,5,12.5,5.5],"texture":"#0"},"up":{"uv":[14.5,5.5,13,6],"texture":"#0"},"down":{"uv":[14.5,5.5,13,6],"texture":"#0"}}},{"from":[5,14,6],"to":[8,15,7],"rotation":{"angle":0,"axis":"y","origin":[-12,-5,7]},"faces":{"north":{"uv":[14.5,5.5,13,6],"texture":"#0"},"east":{"uv":[12.5,5,12,5.5],"texture":"#0"},"south":{"uv":[14.5,5.5,13,6],"texture":"#0"},"west":{"uv":[13,5,12.5,5.5],"texture":"#0"},"up":{"uv":[14.5,5.5,13,6],"texture":"#0"},"down":{"uv":[14.5,5.5,13,6],"texture":"#0"}}},{"from":[5,14,3],"to":[8,15,4],"rotation":{"angle":0,"axis":"y","origin":[-12,-5,7]},"faces":{"north":{"uv":[14.5,5.5,13,6],"texture":"#0"},"east":{"uv":[12.5,5,12,5.5],"texture":"#0"},"south":{"uv":[14.5,5.5,13,6],"texture":"#0"},"west":{"uv":[13,5,12.5,5.5],"texture":"#0"},"up":{"uv":[14.5,5.5,13,6],"texture":"#0"},"down":{"uv":[14.5,5.5,13,6],"texture":"#0"}}},{"from":[8,14,3],"to":[11,15,4],"rotation":{"angle":0,"axis":"y","origin":[-12,-5,7]},"faces":{"north":{"uv":[14.5,5.5,13,6],"texture":"#0"},"east":{"uv":[12.5,5,12,5.5],"texture":"#0"},"south":{"uv":[14.5,5.5,13,6],"texture":"#0"},"west":{"uv":[13,5,12.5,5.5],"texture":"#0"},"up":{"uv":[14.5,5.5,13,6],"texture":"#0"},"down":{"uv":[14.5,5.5,13,6],"texture":"#0"}}},{"from":[9,13,12],"to":[12,14,13],"rotation":{"angle":0,"axis":"y","origin":[-12,-5,7]},"faces":{"north":{"uv":[14.5,5.5,13,6],"texture":"#0"},"east":{"uv":[12.5,5,12,5.5],"texture":"#0"},"south":{"uv":[14.5,5.5,13,6],"texture":"#0"},"west":{"uv":[13,5,12.5,5.5],"texture":"#0"},"up":{"uv":[14.5,5.5,13,6],"texture":"#0"},"down":{"uv":[14.5,5.5,13,6],"texture":"#0"}}},{"from":[6,13,12],"to":[9,14,13],"rotation":{"angle":0,"axis":"y","origin":[-12,-5,7]},"faces":{"north":{"uv":[14.5,5.5,13,6],"texture":"#0"},"east":{"uv":[12.5,5,12,5.5],"texture":"#0"},"south":{"uv":[14.5,5.5,13,6],"texture":"#0"},"west":{"uv":[13,5,12.5,5.5],"texture":"#0"},"up":{"uv":[14.5,5.5,13,6],"texture":"#0"},"down":{"uv":[14.5,5.5,13,6],"texture":"#0"}}},{"from":[13.5,13.5,9],"to":[17.5,14.5,10],"rotation":{"angle":0,"axis":"z","origin":[-12.5,10,7.5]},"faces":{"north":{"uv":[14.5,9,15,7],"rotation":90,"texture":"#0"},"east":{"uv":[14.5,7.5,15,7],"rotation":270,"texture":"#0"},"south":{"uv":[14.5,9,15,7],"rotation":270,"texture":"#0"},"west":{"uv":[14.5,9,15,7],"rotation":270,"texture":"#0"},"up":{"uv":[14.5,9,15,7],"rotation":270,"texture":"#0"},"down":{"uv":[14.5,8.5,15,6.5],"rotation":270,"texture":"#0"}}},{"from":[28.5,13.5,8],"to":[30.5,14.5,9],"rotation":{"angle":0,"axis":"z","origin":[29.5,1,8.5]},"faces":{"north":{"uv":[12.5,11.5,12,12.5],"rotation":270,"texture":"#0"},"east":{"uv":[12.5,12,12,12.5],"rotation":90,"texture":"#0"},"south":{"uv":[12.5,11.5,12,12.5],"rotation":90,"texture":"#0"},"west":{"uv":[12.5,12,12,12.5],"rotation":90,"texture":"#0"},"up":{"uv":[12.5,11.5,12,12.5],"rotation":90,"texture":"#0"},"down":{"uv":[12.5,11.5,12,12.5],"rotation":90,"texture":"#0"}}},{"from":[22.75,8,26.75],"to":[22.75,14,31.75],"rotation":{"angle":45,"axis":"y","origin":[4.75,7.5,11]},"faces":{"north":{"uv":[0,0,0,3],"texture":"#missing"},"east":{"uv":[7.5,0,5,3],"texture":"#0"},"south":{"uv":[0,0,0,3],"texture":"#missing"},"west":{"uv":[7.5,0,5,3],"texture":"#0"},"up":{"uv":[0,0,2.5,0],"rotation":90,"texture":"#missing"},"down":{"uv":[0,0,2.5,0],"rotation":270,"texture":"#missing"}}},{"from":[20.75,7,28.75],"to":[24.75,13,28.75],"rotation":{"angle":45,"axis":"y","origin":[4.75,7.5,11]},"faces":{"north":{"uv":[7,0,5,3],"texture":"#0"},"east":{"uv":[0,0,0,3],"texture":"#missing"},"south":{"uv":[7,0,5,3],"texture":"#0"},"west":{"uv":[0,0,0,3],"texture":"#missing"},"up":{"uv":[2,0,0,0],"texture":"#missing"},"down":{"uv":[2,0,0,0],"texture":"#missing"}}},{"from":[26,7,8],"to":[31,13,8],"rotation":{"angle":0,"axis":"y","origin":[-28,-17,7]},"faces":{"north":{"uv":[5,0,7.5,3],"texture":"#0"},"east":{"uv":[0,0,0,3],"texture":"#missing"},"south":{"uv":[5,0,7.5,3],"texture":"#0"},"west":{"uv":[0,0,0,3],"texture":"#missing"},"up":{"uv":[0,0,2.5,0],"texture":"#missing"},"down":{"uv":[0,0,2.5,0],"texture":"#missing"}}},{"from":[28,6,6],"to":[28,12,10],"rotation":{"angle":0,"axis":"y","origin":[-26,-13.5,7]},"faces":{"north":{"uv":[0,0,0,3],"texture":"#missing"},"east":{"uv":[5,0,7,3],"texture":"#0"},"south":{"uv":[0,0,0,3],"texture":"#missing"},"west":{"uv":[5,0,7,3],"texture":"#0"},"up":{"uv":[0,0,2,0],"rotation":270,"texture":"#missing"},"down":{"uv":[0,0,2,0],"rotation":90,"texture":"#missing"}}},{"from":[24.25,8,7.25],"to":[24.25,14,12.25],"rotation":{"angle":0,"axis":"y","origin":[-19.75,-2.5,8]},"faces":{"north":{"uv":[0,0,0,3],"texture":"#missing"},"east":{"uv":[5,0,7.5,3],"texture":"#0"},"south":{"uv":[0,0,0,3],"texture":"#missing"},"west":{"uv":[5,0,7.5,3],"texture":"#0"},"up":{"uv":[2.5,0,0,0],"rotation":90,"texture":"#missing"},"down":{"uv":[2.5,0,0,0],"rotation":270,"texture":"#missing"}}},{"from":[22.25,7,9.25],"to":[26.25,13,9.25],"rotation":{"angle":0,"axis":"y","origin":[-19.75,-2.5,8]},"faces":{"north":{"uv":[5,0,7,3],"texture":"#0"},"east":{"uv":[0,0,0,3],"texture":"#missing"},"south":{"uv":[5,0,7,3],"texture":"#0"},"west":{"uv":[0,0,0,3],"texture":"#missing"},"up":{"uv":[2,0,0,0],"texture":"#missing"},"down":{"uv":[2,0,0,0],"texture":"#missing"}}},{"from":[18.25,8,-15.75],"to":[18.25,14,-10.75],"rotation":{"angle":-45,"axis":"y","origin":[-9.75,3.5,9.5]},"faces":{"north":{"uv":[0,0,0,3],"texture":"#missing"},"east":{"uv":[5,0,7.5,3],"texture":"#0"},"south":{"uv":[0,0,0,3],"texture":"#missing"},"west":{"uv":[5,0,7.5,3],"texture":"#0"},"up":{"uv":[2.5,0,0,0],"rotation":90,"texture":"#missing"},"down":{"uv":[2.5,0,0,0],"rotation":270,"texture":"#missing"}}},{"from":[16.25,7,-13.75],"to":[20.25,13,-13.75],"rotation":{"angle":-45,"axis":"y","origin":[-9.75,3.5,9.5]},"faces":{"north":{"uv":[5,0,7,3],"texture":"#0"},"east":{"uv":[0,0,0,3],"texture":"#missing"},"south":{"uv":[5,0,7,3],"texture":"#0"},"west":{"uv":[0,0,0,3],"texture":"#missing"},"up":{"uv":[2,0,0,0],"texture":"#missing"},"down":{"uv":[2,0,0,0],"texture":"#missing"}}},{"from":[5,7,-2],"to":[10,13,-2],"rotation":{"angle":-45,"axis":"y","origin":[2.25,-6.5,11]},"faces":{"north":{"uv":[5,0,7.5,3],"texture":"#0"},"east":{"uv":[0,0,0,3],"texture":"#missing"},"south":{"uv":[5,0,7.5,3],"texture":"#0"},"west":{"uv":[0,0,0,3],"texture":"#missing"},"up":{"uv":[0,0,2.5,0],"texture":"#missing"},"down":{"uv":[0,0,2.5,0],"texture":"#missing"}}},{"from":[7,7,-4],"to":[7,13,0],"rotation":{"angle":-45,"axis":"y","origin":[2.25,-6.5,11]},"faces":{"north":{"uv":[0,0,0,3],"texture":"#missing"},"east":{"uv":[5,0,7,3],"texture":"#0"},"south":{"uv":[0,0,0,3],"texture":"#missing"},"west":{"uv":[5,0,7,3],"texture":"#0"},"up":{"uv":[0,0,2,0],"rotation":270,"texture":"#missing"},"down":{"uv":[0,0,2,0],"rotation":90,"texture":"#missing"}}},{"from":[14,8,24],"to":[19,14,24],"rotation":{"angle":45,"axis":"y","origin":[-1.75,-1.5,10]},"faces":{"north":{"uv":[5,0,7.5,3],"texture":"#0"},"east":{"uv":[0,0,0,3],"texture":"#missing"},"south":{"uv":[5,0,7.5,3],"texture":"#0"},"west":{"uv":[0,0,0,3],"texture":"#missing"},"up":{"uv":[0,0,2.5,0],"texture":"#missing"},"down":{"uv":[0,0,2.5,0],"texture":"#missing"}}},{"from":[16,7,22],"to":[16,13,26],"rotation":{"angle":45,"axis":"y","origin":[-1.75,-1.5,10]},"faces":{"north":{"uv":[0,0,0,3],"texture":"#missing"},"east":{"uv":[5,0,7,3],"texture":"#0"},"south":{"uv":[0,0,0,3],"texture":"#missing"},"west":{"uv":[5,0,7,3],"texture":"#0"},"up":{"uv":[0,0,2,0],"rotation":270,"texture":"#missing"},"down":{"uv":[0,0,2,0],"rotation":90,"texture":"#missing"}}},{"from":[20,6,12],"to":[24,13,12],"rotation":{"angle":0,"axis":"y","origin":[12,7,8.5]},"faces":{"north":{"uv":[0,0,2,3.5],"texture":"#0"},"east":{"uv":[0,0,0,3.5],"texture":"#missing"},"south":{"uv":[0,0,2,3.5],"texture":"#0"},"west":{"uv":[0,0,0,3.5],"texture":"#missing"},"up":{"uv":[0,0,2,0],"texture":"#missing"},"down":{"uv":[0,0,2,0],"texture":"#missing"}}},{"from":[22,4,10],"to":[22,11,14],"rotation":{"angle":0,"axis":"y","origin":[12,7,8.5]},"faces":{"north":{"uv":[0,0,0,3.5],"texture":"#missing"},"east":{"uv":[0,0,2,3.5],"texture":"#0"},"south":{"uv":[0,0,0,3.5],"texture":"#missing"},"west":{"uv":[0,0,2,3.5],"texture":"#0"},"up":{"uv":[0,0,2,0],"rotation":270,"texture":"#missing"},"down":{"uv":[0,0,2,0],"rotation":90,"texture":"#missing"}}},{"from":[17.14214,8,6.85786],"to":[17.14214,15,10.85786],"rotation":{"angle":0,"axis":"y","origin":[-9.85786,11,-4.14214]},"faces":{"north":{"uv":[0,0,0,3.5],"texture":"#missing"},"east":{"uv":[0,0,2,3.5],"texture":"#0"},"south":{"uv":[0,0,0,3.5],"texture":"#missing"},"west":{"uv":[0,0,2,3.5],"texture":"#0"},"up":{"uv":[2,0,0,0],"rotation":90,"texture":"#missing"},"down":{"uv":[2,0,0,0],"rotation":270,"texture":"#missing"}}},{"from":[15.14214,7,8.85786],"to":[19.14214,14,8.85786],"rotation":{"angle":0,"axis":"y","origin":[-9.85786,11,-4.14214]},"faces":{"north":{"uv":[0,0,2,3.5],"texture":"#0"},"east":{"uv":[0,0,0,3.5],"texture":"#missing"},"south":{"uv":[0,0,2,3.5],"texture":"#0"},"west":{"uv":[0,0,0,3.5],"texture":"#missing"},"up":{"uv":[2,0,0,0],"texture":"#missing"},"down":{"uv":[2,0,0,0],"texture":"#missing"}}},{"from":[5.14214,7,10.85786],"to":[5.14214,14,14.85786],"rotation":{"angle":0,"axis":"y","origin":[-9.85786,11,-4.14214]},"faces":{"north":{"uv":[0,0,0,3.5],"texture":"#missing"},"east":{"uv":[0,0,2,3.5],"texture":"#0"},"south":{"uv":[0,0,0,3.5],"texture":"#missing"},"west":{"uv":[0,0,2,3.5],"texture":"#0"},"up":{"uv":[2,0,0,0],"rotation":90,"texture":"#missing"},"down":{"uv":[2,0,0,0],"rotation":270,"texture":"#missing"}}},{"from":[3.14214,6,12.85786],"to":[7.14214,13,12.85786],"rotation":{"angle":0,"axis":"y","origin":[-9.85786,11,-4.14214]},"faces":{"north":{"uv":[0,0,2,3.5],"texture":"#0"},"east":{"uv":[0,0,0,3.5],"texture":"#missing"},"south":{"uv":[0,0,2,3.5],"texture":"#0"},"west":{"uv":[0,0,0,3.5],"texture":"#missing"},"up":{"uv":[2,0,0,0],"texture":"#missing"},"down":{"uv":[2,0,0,0],"texture":"#missing"}}},{"from":[8.14214,7,7.85786],"to":[8.14214,14,11.85786],"rotation":{"angle":0,"axis":"y","origin":[-9.85786,11,-4.14214]},"faces":{"north":{"uv":[0,0,0,3.5],"texture":"#missing"},"east":{"uv":[0,0,2,3.5],"texture":"#0"},"south":{"uv":[0,0,0,3.5],"texture":"#missing"},"west":{"uv":[0,0,2,3.5],"texture":"#0"},"up":{"uv":[2,0,0,0],"rotation":90,"texture":"#missing"},"down":{"uv":[2,0,0,0],"rotation":270,"texture":"#missing"}}},{"from":[6.14214,6,9.85786],"to":[10.14214,13,9.85786],"rotation":{"angle":0,"axis":"y","origin":[-9.85786,11,-4.14214]},"faces":{"north":{"uv":[0,0,2,3.5],"texture":"#0"},"east":{"uv":[0,0,0,3.5],"texture":"#missing"},"south":{"uv":[0,0,2,3.5],"texture":"#0"},"west":{"uv":[0,0,0,3.5],"texture":"#missing"},"up":{"uv":[2,0,0,0],"texture":"#missing"},"down":{"uv":[2,0,0,0],"texture":"#missing"}}},{"from":[15.14214,7,-3.14214],"to":[15.14214,14,0.85786],"rotation":{"angle":-45,"axis":"y","origin":[1.14214,12,8.85786]},"faces":{"north":{"uv":[0,0,0,3.5],"texture":"#missing"},"east":{"uv":[0,0,2,3.5],"texture":"#0"},"south":{"uv":[0,0,0,3.5],"texture":"#missing"},"west":{"uv":[0,0,2,3.5],"texture":"#0"},"up":{"uv":[2,0,0,0],"rotation":90,"texture":"#missing"},"down":{"uv":[2,0,0,0],"rotation":270,"texture":"#missing"}}},{"from":[13.14214,7,-1.14214],"to":[17.14214,14,-1.14214],"rotation":{"angle":-45,"axis":"y","origin":[1.14214,12,8.85786]},"faces":{"north":{"uv":[0,0,2,3.5],"texture":"#0"},"east":{"uv":[0,0,0,3.5],"texture":"#missing"},"south":{"uv":[0,0,2,3.5],"texture":"#0"},"west":{"uv":[0,0,0,3.5],"texture":"#missing"},"up":{"uv":[2,0,0,0],"texture":"#missing"},"down":{"uv":[2,0,0,0],"texture":"#missing"}}},{"from":[5,7,-1],"to":[9,14,-1],"rotation":{"angle":-45,"axis":"y","origin":[-8,7,11]},"faces":{"north":{"uv":[0,0,2,3.5],"texture":"#0"},"east":{"uv":[0,0,0,3.5],"texture":"#missing"},"south":{"uv":[0,0,2,3.5],"texture":"#0"},"west":{"uv":[0,0,0,3.5],"texture":"#missing"},"up":{"uv":[0,0,2,0],"texture":"#missing"},"down":{"uv":[0,0,2,0],"texture":"#missing"}}},{"from":[7,6,-3],"to":[7,13,1],"rotation":{"angle":-45,"axis":"y","origin":[-8,7,11]},"faces":{"north":{"uv":[0,0,0,3.5],"texture":"#missing"},"east":{"uv":[0,0,2,3.5],"texture":"#0"},"south":{"uv":[0,0,0,3.5],"texture":"#missing"},"west":{"uv":[0,0,2,3.5],"texture":"#0"},"up":{"uv":[0,0,2,0],"rotation":270,"texture":"#missing"},"down":{"uv":[0,0,2,0],"rotation":90,"texture":"#missing"}}},{"from":[9,6,9],"to":[13,15,9],"rotation":{"angle":0,"axis":"y","origin":[-28,-17,7]},"faces":{"north":{"uv":[2.5,0,4.5,4.5],"texture":"#0"},"east":{"uv":[0,0,0,4.5],"texture":"#missing"},"south":{"uv":[2.5,0,4.5,4.5],"texture":"#0"},"west":{"uv":[0,0,0,4.5],"texture":"#missing"},"up":{"uv":[0,0,2,0],"texture":"#missing"},"down":{"uv":[0,0,2,0],"texture":"#missing"}}},{"from":[12,5,7],"to":[12,14,11],"rotation":{"angle":0,"axis":"y","origin":[-26,-13.5,7]},"faces":{"north":{"uv":[0,0,0,4.5],"texture":"#missing"},"east":{"uv":[2.5,0,4.5,4.5],"texture":"#0"},"south":{"uv":[0,0,0,4.5],"texture":"#missing"},"west":{"uv":[2.5,0,4.5,4.5],"texture":"#0"},"up":{"uv":[0,0,2,0],"rotation":270,"texture":"#missing"},"down":{"uv":[0,0,2,0],"rotation":90,"texture":"#missing"}}},{"from":[5,5,7],"to":[9,14,7],"rotation":{"angle":-45,"axis":"y","origin":[8,9,8]},"faces":{"north":{"uv":[4.5,0,2.5,4.5],"texture":"#0"},"east":{"uv":[0,0,0,4.5],"texture":"#missing"},"south":{"uv":[4.5,0,2.5,4.5],"texture":"#0"},"west":{"uv":[0,0,0,4.5],"texture":"#missing"},"up":{"uv":[2,0,0,0],"texture":"#missing"},"down":{"uv":[2,0,0,0],"texture":"#missing"}}},{"from":[7,4,5],"to":[7,13,9],"rotation":{"angle":-45,"axis":"y","origin":[8,9,8]},"faces":{"north":{"uv":[0,0,0,4.5],"texture":"#missing"},"east":{"uv":[4.5,0,2.5,4.5],"texture":"#0"},"south":{"uv":[0,0,0,4.5],"texture":"#missing"},"west":{"uv":[4.5,0,2.5,4.5],"texture":"#0"},"up":{"uv":[0,0,2,0],"rotation":270,"texture":"#missing"},"down":{"uv":[0,0,2,0],"rotation":90,"texture":"#missing"}}},{"from":[14,5,7],"to":[18,14,7],"rotation":{"angle":-45,"axis":"y","origin":[8,9,8]},"faces":{"north":{"uv":[4.5,0,2.5,4.5],"texture":"#0"},"east":{"uv":[0,0,0,4.5],"texture":"#missing"},"south":{"uv":[4.5,0,2.5,4.5],"texture":"#0"},"west":{"uv":[0,0,0,4.5],"texture":"#missing"},"up":{"uv":[2,0,0,0],"texture":"#missing"},"down":{"uv":[2,0,0,0],"texture":"#missing"}}},{"from":[16,4,5],"to":[16,13,9],"rotation":{"angle":-45,"axis":"y","origin":[8,9,8]},"faces":{"north":{"uv":[0,0,0,4.5],"texture":"#missing"},"east":{"uv":[4.5,0,2.5,4.5],"texture":"#0"},"south":{"uv":[0,0,0,4.5],"texture":"#missing"},"west":{"uv":[4.5,0,2.5,4.5],"texture":"#0"},"up":{"uv":[0,0,2,0],"rotation":270,"texture":"#missing"},"down":{"uv":[0,0,2,0],"rotation":90,"texture":"#missing"}}},{"from":[18,5,5],"to":[22,14,5],"rotation":{"angle":-45,"axis":"y","origin":[8,9,8]},"faces":{"north":{"uv":[4.5,0,2.5,4.5],"texture":"#0"},"east":{"uv":[0,0,0,4.5],"texture":"#missing"},"south":{"uv":[4.5,0,2.5,4.5],"texture":"#0"},"west":{"uv":[0,0,0,4.5],"texture":"#missing"},"up":{"uv":[2,0,0,0],"texture":"#missing"},"down":{"uv":[2,0,0,0],"texture":"#missing"}}},{"from":[20,4,3],"to":[20,13,7],"rotation":{"angle":-45,"axis":"y","origin":[8,9,8]},"faces":{"north":{"uv":[0,0,0,4.5],"texture":"#missing"},"east":{"uv":[4.5,0,2.5,4.5],"texture":"#0"},"south":{"uv":[0,0,0,4.5],"texture":"#missing"},"west":{"uv":[4.5,0,2.5,4.5],"texture":"#0"},"up":{"uv":[0,0,2,0],"rotation":270,"texture":"#missing"},"down":{"uv":[0,0,2,0],"rotation":90,"texture":"#missing"}}},{"from":[1,6,10.75],"to":[5,15,10.75],"rotation":{"angle":-45,"axis":"y","origin":[15,-1,10.75]},"faces":{"north":{"uv":[2.5,0,4.5,4.5],"texture":"#0"},"east":{"uv":[0,0,0,4.5],"texture":"#missing"},"south":{"uv":[2.5,0,4.5,4.5],"texture":"#0"},"west":{"uv":[0,0,0,4.5],"texture":"#missing"},"up":{"uv":[0,0,2,0],"texture":"#missing"},"down":{"uv":[0,0,2,0],"texture":"#missing"}}},{"from":[3,6,8.75],"to":[3,15,12.75],"rotation":{"angle":-45,"axis":"y","origin":[15,-1,10.75]},"faces":{"north":{"uv":[0,0,0,4.5],"texture":"#missing"},"east":{"uv":[2.5,0,4.5,4.5],"texture":"#0"},"south":{"uv":[0,0,0,4.5],"texture":"#missing"},"west":{"uv":[2.5,0,4.5,4.5],"texture":"#0"},"up":{"uv":[0,0,2,0],"rotation":270,"texture":"#missing"},"down":{"uv":[0,0,2,0],"rotation":90,"texture":"#missing"}}},{"from":[4,5,18.75],"to":[8,14,18.75],"rotation":{"angle":-45,"axis":"y","origin":[15,-1,10.75]},"faces":{"north":{"uv":[2.5,0,4.5,4.5],"texture":"#0"},"east":{"uv":[0,0,0,4.5],"texture":"#missing"},"south":{"uv":[2.5,0,4.5,4.5],"texture":"#0"},"west":{"uv":[0,0,0,4.5],"texture":"#missing"},"up":{"uv":[0,0,2,0],"texture":"#missing"},"down":{"uv":[0,0,2,0],"texture":"#missing"}}},{"from":[6,5,16.75],"to":[6,14,20.75],"rotation":{"angle":-45,"axis":"y","origin":[15,-1,10.75]},"faces":{"north":{"uv":[0,0,0,4.5],"texture":"#missing"},"east":{"uv":[2.5,0,4.5,4.5],"texture":"#0"},"south":{"uv":[0,0,0,4.5],"texture":"#missing"},"west":{"uv":[2.5,0,4.5,4.5],"texture":"#0"},"up":{"uv":[0,0,2,0],"rotation":270,"texture":"#missing"},"down":{"uv":[0,0,2,0],"rotation":90,"texture":"#missing"}}},{"from":[-1,5,4],"to":[3,14,4],"rotation":{"angle":0,"axis":"y","origin":[-7,-10,11]},"faces":{"north":{"uv":[4.5,0,2.5,4.5],"texture":"#0"},"east":{"uv":[0,0,0,4.5],"texture":"#missing"},"south":{"uv":[4.5,0,2.5,4.5],"texture":"#0"},"west":{"uv":[0,0,0,4.5],"texture":"#missing"},"up":{"uv":[2,0,0,0],"texture":"#missing"},"down":{"uv":[2,0,0,0],"texture":"#missing"}}},{"from":[1,4,2],"to":[1,13,6],"rotation":{"angle":0,"axis":"y","origin":[-7,-10,11]},"faces":{"north":{"uv":[0,0,0,4.5],"texture":"#missing"},"east":{"uv":[4.5,0,2.5,4.5],"texture":"#0"},"south":{"uv":[0,0,0,4.5],"texture":"#missing"},"west":{"uv":[4.5,0,2.5,4.5],"texture":"#0"},"up":{"uv":[0,0,2,0],"rotation":270,"texture":"#missing"},"down":{"uv":[0,0,2,0],"rotation":90,"texture":"#missing"}}},{"from":[-3,6,3],"to":[1,15,3],"rotation":{"angle":-45,"axis":"y","origin":[-4,-4,11]},"faces":{"north":{"uv":[2.5,0,4.5,4.5],"texture":"#0"},"east":{"uv":[0,0,0,4.5],"texture":"#missing"},"south":{"uv":[2.5,0,4.5,4.5],"texture":"#0"},"west":{"uv":[0,0,0,4.5],"texture":"#missing"},"up":{"uv":[0,0,2,0],"texture":"#missing"},"down":{"uv":[0,0,2,0],"texture":"#missing"}}},{"from":[-1,5,1],"to":[-1,14,5],"rotation":{"angle":-45,"axis":"y","origin":[-4,-4,11]},"faces":{"north":{"uv":[0,0,0,4.5],"texture":"#missing"},"east":{"uv":[2.5,0,4.5,4.5],"texture":"#0"},"south":{"uv":[0,0,0,4.5],"texture":"#missing"},"west":{"uv":[2.5,0,4.5,4.5],"texture":"#0"},"up":{"uv":[0,0,2,0],"rotation":270,"texture":"#missing"},"down":{"uv":[0,0,2,0],"rotation":90,"texture":"#missing"}}}],"display":{"thirdperson_righthand":{"scale":[0.3,0.3,0.3]},"thirdperson_lefthand":{"scale":[0.3,0.3,0.3]},"firstperson_righthand":{"translation":[0,0,2.25],"scale":[0.3,0.3,0.3]},"firstperson_lefthand":{"translation":[0,0,2.25],"scale":[0.3,0.3,0.3]},"ground":{"scale":[0.3,0.3,0.3]},"gui":{"rotation":[18,33,0],"translation":[-1.75,-1,0],"scale":[0.4,0.4,0.4]},"fixed":{"rotation":[90,-180,0],"translation":[1.5,2,-13],"scale":[2,2,2]}},"groups":[{"name":"branches","origin":[8,8,8],"children":[{"name":"1","origin":[0,0,0],"children":[0,1]},{"name":"1","origin":[0,0,0],"children":[2,3,4]},{"name":"1","origin":[0,0,0],"children":[5,6]},{"name":"1","origin":[0,0,0],"children":[7,8]},{"name":"1","origin":[0,0,0],"children":[9,10]},{"name":"1","origin":[0,0,0],"children":[11,12]},{"name":"1","origin":[0,0,0],"children":[13,14]},{"name":"2","origin":[0,0,0],"children":[15,16]},{"name":"2","origin":[0,0,0],"children":[17,18]},{"name":"2","origin":[0,0,0],"children":[19,20]},{"name":"2","origin":[0,0,0],"children":[21,22]},{"name":"1","origin":[0,0,0],"children":[23,24]},{"name":"3","origin":[0,0,0],"children":[25,26]},{"name":"3","origin":[0,0,0],"children":[27,28]},{"name":"3","origin":[0,0,0],"children":[29,30]},31,32,33,34,35,36,37,38,39,40,41,42,43,44]},{"name":"flowers","origin":[8,8,8],"children":[{"name":"3","origin":[0,0,0],"children":[45,46]},{"name":"3","origin":[0,0,0],"children":[47,48]},{"name":"3","origin":[0,0,0],"children":[49,50]},{"name":"3","origin":[0,0,0],"children":[51,52]},{"name":"3","origin":[0,0,0],"children":[53,54]},{"name":"3","origin":[0,0,0],"children":[55,56]},{"name":"1","origin":[0,0,0],"children":[57,58]},{"name":"1","origin":[0,0,0],"children":[59,60]},{"name":"1","origin":[0,0,0],"children":[61,62]},{"name":"1","origin":[0,0,0],"children":[63,64]},{"name":"1","origin":[0,0,0],"children":[65,66]},{"name":"1","origin":[0,0,0],"children":[67,68]},{"name":"2","origin":[0,0,0],"children":[69,70]},{"name":"2","origin":[0,0,0],"children":[71,72]},{"name":"2","origin":[0,0,0],"children":[73,74]},{"name":"2","origin":[0,0,0],"children":[75,76]},{"name":"2","origin":[0,0,0],"children":[77,78]},{"name":"2","origin":[0,0,0],"children":[79,80]},{"name":"2","origin":[0,0,0],"children":[81,82]},{"name":"2","origin":[0,0,0],"children":[83,84]}]}]}