{"credit":"Made with Blockbench","texture_size":[32,32],"textures":{"0":"block/flowers/wisteria1","particle":"block/flowers/wisteria1"},"elements":[{"from":[0,17,2],"to":[2,20,2],"rotation":{"angle":0,"axis":"y","origin":[-12,-5,0]},"faces":{"north":{"uv":[5,12.5,4,14],"texture":"#0"},"east":{"uv":[0,0,0,1.5],"texture":"#missing"},"south":{"uv":[5,12.5,4,14],"texture":"#0"},"west":{"uv":[0,0,0,1.5],"texture":"#missing"},"up":{"uv":[1,0,0,0],"texture":"#missing"},"down":{"uv":[1,0,0,0],"texture":"#missing"}}},{"from":[1,17,1],"to":[1,20,3],"rotation":{"angle":0,"axis":"y","origin":[-25,23.5,2]},"faces":{"north":{"uv":[0,0,0,1.5],"texture":"#missing"},"east":{"uv":[5,12.5,4,14],"texture":"#0"},"south":{"uv":[0,0,0,1.5],"texture":"#missing"},"west":{"uv":[5,12.5,4,14],"texture":"#0"},"up":{"uv":[0,0,1,0],"rotation":90,"texture":"#missing"},"down":{"uv":[0,0,1,0],"rotation":270,"texture":"#missing"}}},{"from":[-6,19,2],"to":[-4,22,2],"rotation":{"angle":0,"axis":"y","origin":[-12,-5,0]},"faces":{"north":{"uv":[5,12.5,4,14],"texture":"#0"},"east":{"uv":[0,0,0,1.5],"texture":"#missing"},"south":{"uv":[5,12.5,4,14],"texture":"#0"},"west":{"uv":[0,0,0,1.5],"texture":"#missing"},"up":{"uv":[1,0,0,0],"texture":"#missing"},"down":{"uv":[1,0,0,0],"texture":"#missing"}}},{"from":[-6,19,2],"to":[-4,22,2],"rotation":{"angle":0,"axis":"y","origin":[-12,-5,0]},"faces":{"north":{"uv":[5,12.5,4,14],"texture":"#0"},"east":{"uv":[0,0,0,1.5],"texture":"#missing"},"south":{"uv":[5,12.5,4,14],"texture":"#0"},"west":{"uv":[0,0,0,1.5],"texture":"#missing"},"up":{"uv":[1,0,0,0],"texture":"#missing"},"down":{"uv":[1,0,0,0],"texture":"#missing"}}},{"from":[-5,19,1],"to":[-5,22,3],"rotation":{"angle":0,"axis":"y","origin":[-25,23.5,2]},"faces":{"north":{"uv":[0,0,0,1.5],"texture":"#missing"},"east":{"uv":[5,12.5,4,14],"texture":"#0"},"south":{"uv":[0,0,0,1.5],"texture":"#missing"},"west":{"uv":[5,12.5,4,14],"texture":"#0"},"up":{"uv":[0,0,1,0],"rotation":90,"texture":"#missing"},"down":{"uv":[0,0,1,0],"rotation":270,"texture":"#missing"}}},{"from":[1,8,4],"to":[3,11,4],"rotation":{"angle":0,"axis":"y","origin":[-12,-5,0]},"faces":{"north":{"uv":[5,12.5,4,14],"texture":"#0"},"east":{"uv":[0,0,0,1.5],"texture":"#missing"},"south":{"uv":[5,12.5,4,14],"texture":"#0"},"west":{"uv":[0,0,0,1.5],"texture":"#missing"},"up":{"uv":[1,0,0,0],"texture":"#missing"},"down":{"uv":[1,0,0,0],"texture":"#missing"}}},{"from":[1,8,4],"to":[3,11,4],"rotation":{"angle":0,"axis":"y","origin":[-12,-5,0]},"faces":{"north":{"uv":[5,12.5,4,14],"texture":"#0"},"east":{"uv":[0,0,0,1.5],"texture":"#missing"},"south":{"uv":[5,12.5,4,14],"texture":"#0"},"west":{"uv":[0,0,0,1.5],"texture":"#missing"},"up":{"uv":[1,0,0,0],"texture":"#missing"},"down":{"uv":[1,0,0,0],"texture":"#missing"}}},{"from":[2,8,3],"to":[2,11,5],"rotation":{"angle":0,"axis":"y","origin":[-25,23.5,2]},"faces":{"north":{"uv":[0,0,0,1.5],"texture":"#missing"},"east":{"uv":[5,12.5,4,14],"texture":"#0"},"south":{"uv":[0,0,0,1.5],"texture":"#missing"},"west":{"uv":[5,12.5,4,14],"texture":"#0"},"up":{"uv":[0,0,1,0],"rotation":90,"texture":"#missing"},"down":{"uv":[0,0,1,0],"rotation":270,"texture":"#missing"}}},{"from":[9,23,2],"to":[11,26,2],"rotation":{"angle":0,"axis":"y","origin":[-12,-5,0]},"faces":{"north":{"uv":[3,11.5,2,13],"texture":"#0"},"east":{"uv":[3,11.5,2,13],"texture":"#missing"},"south":{"uv":[3,11.5,2,13],"texture":"#0"},"west":{"uv":[0,0,0,1.5],"texture":"#missing"},"up":{"uv":[1,0,0,0],"texture":"#missing"},"down":{"uv":[1,0,0,0],"texture":"#missing"}}},{"from":[10,23,2],"to":[10,26,4],"rotation":{"angle":0,"axis":"y","origin":[-25,23.5,2]},"faces":{"north":{"uv":[2,11.5,2,13],"texture":"#missing"},"east":{"uv":[3,11.5,2,13],"texture":"#0"},"south":{"uv":[3,11.5,2,13],"texture":"#0"},"west":{"uv":[3,11.5,2,13],"texture":"#0"},"up":{"uv":[0,0,1,0],"rotation":90,"texture":"#missing"},"down":{"uv":[0,0,1,0],"rotation":270,"texture":"#missing"}}},{"from":[0.5,18.5,3.25],"to":[3.5,20.5,3.25],"rotation":{"angle":0,"axis":"z","origin":[10,24.5,2.5]},"faces":{"north":{"uv":[2,13,3,11.5],"rotation":270,"texture":"#0"},"east":{"uv":[0,0,1,0],"rotation":90,"texture":"#missing"},"south":{"uv":[2,13,3,11.5],"rotation":90,"texture":"#0"},"west":{"uv":[0,0,1,0],"rotation":90,"texture":"#missing"},"up":{"uv":[2,13,3,11.5],"rotation":90,"texture":"#missing"},"down":{"uv":[0,1.5,0,0],"rotation":90,"texture":"#missing"}}},{"from":[0.5,19.5,3.25],"to":[3.5,19.5,5.25],"rotation":{"angle":0,"axis":"z","origin":[10,24.5,2.5]},"faces":{"north":{"uv":[2,13,2,11.5],"rotation":270,"texture":"#missing"},"east":{"uv":[1,0,0,0],"texture":"#missing"},"south":{"uv":[2,13,3,11.5],"rotation":90,"texture":"#0"},"west":{"uv":[1,0,0,0],"rotation":180,"texture":"#missing"},"up":{"uv":[2,13,3,11.5],"rotation":90,"texture":"#0"},"down":{"uv":[2,13,3,11.5],"rotation":90,"texture":"#0"}}},{"from":[16.5,22.5,3],"to":[19.5,24.5,3],"rotation":{"angle":0,"axis":"z","origin":[8,11.5,3]},"faces":{"north":{"uv":[2,13,3,11.5],"rotation":90,"texture":"#0"},"east":{"uv":[0,0,1,0],"rotation":90,"texture":"#missing"},"south":{"uv":[2,13,3,11.5],"rotation":270,"texture":"#0"},"west":{"uv":[0,0,1,0],"rotation":90,"texture":"#missing"},"up":{"uv":[2,13,3,11.5],"rotation":270,"texture":"#missing"},"down":{"uv":[0,1.5,0,0],"rotation":270,"texture":"#missing"}}},{"from":[-2.75,23.5,3],"to":[0.25,25.5,3],"rotation":{"angle":0,"axis":"z","origin":[-0.25,24.5,3]},"faces":{"north":{"uv":[2,13,3,11.5],"rotation":270,"texture":"#0"},"east":{"uv":[0,0,1,0],"rotation":270,"texture":"#missing"},"south":{"uv":[2,13,3,11.5],"rotation":90,"texture":"#0"},"west":{"uv":[0,0,1,0],"rotation":270,"texture":"#missing"},"up":{"uv":[2,13,3,11.5],"rotation":90,"texture":"#0"},"down":{"uv":[2,13,2,11.5],"rotation":90,"texture":"#missing"}}},{"from":[9,20,4],"to":[11,23,4],"rotation":{"angle":0,"axis":"y","origin":[-15.5,12.5,4.25]},"faces":{"north":{"uv":[5,12.5,4,14],"texture":"#0"},"east":{"uv":[0,0,0,1.5],"texture":"#missing"},"south":{"uv":[5,12.5,4,14],"texture":"#0"},"west":{"uv":[0,0,0,1.5],"texture":"#missing"},"up":{"uv":[1,0,0,0],"rotation":180,"texture":"#missing"},"down":{"uv":[1,0,0,0],"rotation":180,"texture":"#missing"}}},{"from":[10,20,3],"to":[10,23,5],"rotation":{"angle":0,"axis":"y","origin":[-15.5,12.5,4.25]},"faces":{"north":{"uv":[0,0,0,1.5],"texture":"#missing"},"east":{"uv":[5,12.5,4,14],"texture":"#0"},"south":{"uv":[0,0,0,1.5],"texture":"#missing"},"west":{"uv":[5,12.5,4,14],"texture":"#0"},"up":{"uv":[0,0,1,0],"rotation":270,"texture":"#missing"},"down":{"uv":[0,0,1,0],"rotation":90,"texture":"#missing"}}},{"from":[2,20,2],"to":[4,23,2],"rotation":{"angle":0,"axis":"y","origin":[-15.5,12.5,4.25]},"faces":{"north":{"uv":[7.5,12.5,6.5,14],"texture":"#0"},"east":{"uv":[0,0,0,1.5],"texture":"#missing"},"south":{"uv":[7.5,12.5,6.5,14],"texture":"#0"},"west":{"uv":[0,0,0,1.5],"texture":"#missing"},"up":{"uv":[1,0,0,0],"rotation":180,"texture":"#missing"},"down":{"uv":[1,0,0,0],"rotation":180,"texture":"#missing"}}},{"from":[3,20,1],"to":[3,23,3],"rotation":{"angle":0,"axis":"y","origin":[-15.5,12.5,4.25]},"faces":{"north":{"uv":[0,0,0,1.5],"texture":"#missing"},"east":{"uv":[7.5,12.5,6.5,14],"texture":"#0"},"south":{"uv":[6.5,12.5,6.5,14],"texture":"#missing"},"west":{"uv":[7.5,12.5,6.5,14],"texture":"#0"},"up":{"uv":[0,0,1,0],"rotation":270,"texture":"#missing"},"down":{"uv":[0,0,1,0],"rotation":90,"texture":"#missing"}}},{"from":[-3,14,3],"to":[-1,17,3],"rotation":{"angle":0,"axis":"y","origin":[-15.5,12.5,4.25]},"faces":{"north":{"uv":[7.5,12.5,6.5,14],"texture":"#0"},"east":{"uv":[0,0,0,1.5],"texture":"#missing"},"south":{"uv":[7.5,12.5,6.5,14],"texture":"#0"},"west":{"uv":[0,0,0,1.5],"texture":"#missing"},"up":{"uv":[1,0,0,0],"rotation":180,"texture":"#missing"},"down":{"uv":[1,0,0,0],"rotation":180,"texture":"#missing"}}},{"from":[-2,14,2],"to":[-2,17,4],"rotation":{"angle":0,"axis":"y","origin":[-15.5,12.5,4.25]},"faces":{"north":{"uv":[0,0,0,1.5],"texture":"#missing"},"east":{"uv":[7.5,12.5,6.5,14],"texture":"#0"},"south":{"uv":[6.5,12.5,6.5,14],"texture":"#missing"},"west":{"uv":[7.5,12.5,6.5,14],"texture":"#0"},"up":{"uv":[0,0,1,0],"rotation":270,"texture":"#missing"},"down":{"uv":[0,0,1,0],"rotation":90,"texture":"#missing"}}},{"from":[15,17,2],"to":[17,20,2],"rotation":{"angle":0,"axis":"y","origin":[-15.5,-6.5,4.25]},"faces":{"north":{"uv":[7.5,14,6.5,12.5],"texture":"#0"},"east":{"uv":[0,1.5,0,0],"texture":"#missing"},"south":{"uv":[7.5,14,6.5,12.5],"texture":"#0"},"west":{"uv":[0,1.5,0,0],"texture":"#missing"},"up":{"uv":[1,0,0,0],"rotation":180,"texture":"#missing"},"down":{"uv":[1,0,0,0],"rotation":180,"texture":"#missing"}}},{"from":[16,17,1],"to":[16,20,3],"rotation":{"angle":0,"axis":"y","origin":[-15.5,-6.5,4.25]},"faces":{"north":{"uv":[0,1.5,0,0],"texture":"#missing"},"east":{"uv":[7.5,14,6.5,12.5],"texture":"#0"},"south":{"uv":[6.5,14,6.5,12.5],"texture":"#missing"},"west":{"uv":[7.5,14,6.5,12.5],"texture":"#0"},"up":{"uv":[1,0,0,0],"rotation":90,"texture":"#missing"},"down":{"uv":[1,0,0,0],"rotation":270,"texture":"#missing"}}},{"from":[-2,14,0],"to":[-1,20,1],"rotation":{"angle":0,"axis":"y","origin":[3,0,0]},"faces":{"north":{"uv":[15,6.5,14.5,9.5],"texture":"#0"},"east":{"uv":[15,6.5,14.5,9.5],"texture":"#0"},"south":{"uv":[15,6.5,14.5,9.5],"texture":"#0"},"west":{"uv":[15,6.5,14.5,9.5],"texture":"#0"},"up":{"uv":[15,6.5,14.5,9.5],"texture":"#0"},"down":{"uv":[15,6.5,14.5,9.5],"texture":"#0"}}},{"from":[-1,17,0],"to":[0,22,1],"rotation":{"angle":0,"axis":"y","origin":[3,0,0]},"faces":{"north":{"uv":[14.5,5.5,14,8],"texture":"#0"},"east":{"uv":[14.5,5.5,14,8],"texture":"#0"},"south":{"uv":[14.5,5.5,14,8],"texture":"#0"},"west":{"uv":[14.5,5.5,14,8],"texture":"#0"},"up":{"uv":[14.5,5.5,14,8],"texture":"#0"},"down":{"uv":[14.5,5.5,14,8],"texture":"#0"}}},{"from":[0,20,0],"to":[1,22,1],"rotation":{"angle":0,"axis":"y","origin":[3,0,0]},"faces":{"north":{"uv":[14,5.5,13.5,6.5],"texture":"#0"},"east":{"uv":[14,5.5,13.5,6.5],"texture":"#0"},"south":{"uv":[14,5.5,13.5,6.5],"texture":"#0"},"west":{"uv":[14,5.5,13.5,6.5],"texture":"#0"},"up":{"uv":[14,5.5,13.5,6.5],"texture":"#0"},"down":{"uv":[14,5.5,13.5,6.5],"texture":"#0"}}},{"from":[1,21,0],"to":[2,22,1],"rotation":{"angle":0,"axis":"y","origin":[3,0,0]},"faces":{"north":{"uv":[13.5,5.5,13,6],"texture":"#0"},"east":{"uv":[13.5,5.5,13,6],"texture":"#0"},"south":{"uv":[13.5,5.5,13,6],"texture":"#0"},"west":{"uv":[13.5,5.5,13,6],"texture":"#0"},"up":{"uv":[13.5,5.5,13,6],"texture":"#0"},"down":{"uv":[13.5,5.5,13,6],"texture":"#0"}}},{"from":[2,22,0],"to":[5,23,1],"rotation":{"angle":0,"axis":"y","origin":[-12,-5,0]},"faces":{"north":{"uv":[14.5,5.5,13,6],"texture":"#0"},"east":{"uv":[12.5,5,12,5.5],"texture":"#0"},"south":{"uv":[14.5,5.5,13,6],"texture":"#0"},"west":{"uv":[13,5,12.5,5.5],"texture":"#0"},"up":{"uv":[14.5,5.5,13,6],"texture":"#0"},"down":{"uv":[14.5,5.5,13,6],"texture":"#0"}}},{"from":[11,24,-1],"to":[14,25,0],"rotation":{"angle":0,"axis":"y","origin":[-12,-5,0]},"faces":{"north":{"uv":[14.5,5.5,13,6],"texture":"#0"},"east":{"uv":[12.5,5,12,5.5],"texture":"#0"},"south":{"uv":[14.5,5.5,13,6],"texture":"#0"},"west":{"uv":[13,5,12.5,5.5],"texture":"#0"},"up":{"uv":[14.5,5.5,13,6],"texture":"#0"},"down":{"uv":[14.5,5.5,13,6],"texture":"#0"}}},{"from":[5,23,-1],"to":[8,24,0],"rotation":{"angle":0,"axis":"y","origin":[-12,-5,0]},"faces":{"north":{"uv":[14.5,5.5,13,6],"texture":"#0"},"east":{"uv":[12.5,5,12,5.5],"texture":"#0"},"south":{"uv":[14.5,5.5,13,6],"texture":"#0"},"west":{"uv":[13,5,12.5,5.5],"texture":"#0"},"up":{"uv":[14.5,5.5,13,6],"texture":"#0"},"down":{"uv":[14.5,5.5,13,6],"texture":"#0"}}},{"from":[-8,18,0],"to":[-5,19,1],"rotation":{"angle":0,"axis":"y","origin":[-12,-5,0]},"faces":{"north":{"uv":[14.5,5.5,13,6],"texture":"#0"},"east":{"uv":[12.5,5,12,5.5],"texture":"#0"},"south":{"uv":[14.5,5.5,13,6],"texture":"#0"},"west":{"uv":[13,5,12.5,5.5],"texture":"#0"},"up":{"uv":[14.5,5.5,13,6],"texture":"#0"},"down":{"uv":[14.5,5.5,13,6],"texture":"#0"}}},{"from":[-6.5,10.5,2],"to":[-2.5,11.5,3],"rotation":{"angle":0,"axis":"z","origin":[-12.5,10,0.5]},"faces":{"north":{"uv":[14.5,9,15,7],"rotation":90,"texture":"#0"},"east":{"uv":[14.5,7.5,15,7],"rotation":270,"texture":"#0"},"south":{"uv":[14.5,9,15,7],"rotation":270,"texture":"#0"},"west":{"uv":[14.5,9,15,7],"rotation":270,"texture":"#0"},"up":{"uv":[14.5,9,15,7],"rotation":270,"texture":"#0"},"down":{"uv":[14.5,8.5,15,6.5],"rotation":270,"texture":"#0"}}},{"from":[-8,13,1],"to":[-7,15,2],"rotation":{"angle":0,"axis":"y","origin":[-12,-5,0]},"faces":{"north":{"uv":[12.5,11.5,12,12.5],"texture":"#0"},"east":{"uv":[12.5,11.5,12,12.5],"texture":"#0"},"south":{"uv":[12.5,11.5,12,12.5],"texture":"#0"},"west":{"uv":[12.5,11.5,12,12.5],"texture":"#0"},"up":{"uv":[12.5,12,12,12.5],"texture":"#0"},"down":{"uv":[12.5,12,12,12.5],"texture":"#0"}}},{"from":[0,7,1],"to":[1,9,2],"rotation":{"angle":0,"axis":"y","origin":[-12,-5,0]},"faces":{"north":{"uv":[12.5,11.5,12,12.5],"texture":"#0"},"east":{"uv":[12.5,11.5,12,12.5],"texture":"#0"},"south":{"uv":[12.5,11.5,12,12.5],"texture":"#0"},"west":{"uv":[12.5,11.5,12,12.5],"texture":"#0"},"up":{"uv":[12.5,12,12,12.5],"texture":"#0"},"down":{"uv":[12.5,12,12,12.5],"texture":"#0"}}},{"from":[4.75,17,1.75],"to":[4.75,23,6.75],"rotation":{"angle":45,"axis":"y","origin":[4.75,19.5,4]},"faces":{"north":{"uv":[0,0,0,3],"texture":"#missing"},"east":{"uv":[7.5,0,5,3],"texture":"#0"},"south":{"uv":[0,0,0,3],"texture":"#missing"},"west":{"uv":[7.5,0,5,3],"texture":"#0"},"up":{"uv":[0,0,2.5,0],"rotation":90,"texture":"#missing"},"down":{"uv":[0,0,2.5,0],"rotation":270,"texture":"#missing"}}},{"from":[2.75,16,3.75],"to":[6.75,22,3.75],"rotation":{"angle":45,"axis":"y","origin":[4.75,19.5,4]},"faces":{"north":{"uv":[7,0,5,3],"texture":"#0"},"east":{"uv":[0,0,0,3],"texture":"#missing"},"south":{"uv":[7,0,5,3],"texture":"#0"},"west":{"uv":[0,0,0,3],"texture":"#missing"},"up":{"uv":[2,0,0,0],"texture":"#missing"},"down":{"uv":[2,0,0,0],"texture":"#missing"}}},{"from":[16,17,1],"to":[21,23,1],"rotation":{"angle":0,"axis":"y","origin":[-28,-5,0]},"faces":{"north":{"uv":[5,0,7.5,3],"texture":"#0"},"east":{"uv":[0,0,0,3],"texture":"#missing"},"south":{"uv":[5,0,7.5,3],"texture":"#0"},"west":{"uv":[0,0,0,3],"texture":"#missing"},"up":{"uv":[0,0,2.5,0],"texture":"#missing"},"down":{"uv":[0,0,2.5,0],"texture":"#missing"}}},{"from":[18,16,-1],"to":[18,22,3],"rotation":{"angle":0,"axis":"y","origin":[-26,-1.5,0]},"faces":{"north":{"uv":[0,0,0,3],"texture":"#missing"},"east":{"uv":[5,0,7,3],"texture":"#0"},"south":{"uv":[0,0,0,3],"texture":"#missing"},"west":{"uv":[5,0,7,3],"texture":"#0"},"up":{"uv":[0,0,2,0],"rotation":270,"texture":"#missing"},"down":{"uv":[0,0,2,0],"rotation":90,"texture":"#missing"}}},{"from":[-4.75,13,0.25],"to":[-4.75,19,5.25],"rotation":{"angle":0,"axis":"y","origin":[-19.75,9.5,1]},"faces":{"north":{"uv":[0,0,0,3],"texture":"#missing"},"east":{"uv":[5,0,7.5,3],"texture":"#0"},"south":{"uv":[0,0,0,3],"texture":"#missing"},"west":{"uv":[5,0,7.5,3],"texture":"#0"},"up":{"uv":[2.5,0,0,0],"rotation":90,"texture":"#missing"},"down":{"uv":[2.5,0,0,0],"rotation":270,"texture":"#missing"}}},{"from":[-6.75,12,2.25],"to":[-2.75,18,2.25],"rotation":{"angle":0,"axis":"y","origin":[-19.75,9.5,1]},"faces":{"north":{"uv":[5,0,7,3],"texture":"#0"},"east":{"uv":[0,0,0,3],"texture":"#missing"},"south":{"uv":[5,0,7,3],"texture":"#0"},"west":{"uv":[0,0,0,3],"texture":"#missing"},"up":{"uv":[2,0,0,0],"texture":"#missing"},"down":{"uv":[2,0,0,0],"texture":"#missing"}}},{"from":[-9.75,13,0.25],"to":[-9.75,19,5.25],"rotation":{"angle":-45,"axis":"y","origin":[-9.75,15.5,2.5]},"faces":{"north":{"uv":[0,0,0,3],"texture":"#missing"},"east":{"uv":[5,0,7.5,3],"texture":"#0"},"south":{"uv":[0,0,0,3],"texture":"#missing"},"west":{"uv":[5,0,7.5,3],"texture":"#0"},"up":{"uv":[2.5,0,0,0],"rotation":90,"texture":"#missing"},"down":{"uv":[2.5,0,0,0],"rotation":270,"texture":"#missing"}}},{"from":[-11.75,12,2.25],"to":[-7.75,18,2.25],"rotation":{"angle":-45,"axis":"y","origin":[-9.75,15.5,2.5]},"faces":{"north":{"uv":[5,0,7,3],"texture":"#0"},"east":{"uv":[0,0,0,3],"texture":"#missing"},"south":{"uv":[5,0,7,3],"texture":"#0"},"west":{"uv":[0,0,0,3],"texture":"#missing"},"up":{"uv":[2,0,0,0],"texture":"#missing"},"down":{"uv":[2,0,0,0],"texture":"#missing"}}},{"from":[0,3,4],"to":[5,9,4],"rotation":{"angle":-45,"axis":"y","origin":[2.25,5.5,4]},"faces":{"north":{"uv":[5,0,7.5,3],"texture":"#0"},"east":{"uv":[0,0,0,3],"texture":"#missing"},"south":{"uv":[5,0,7.5,3],"texture":"#0"},"west":{"uv":[0,0,0,3],"texture":"#missing"},"up":{"uv":[0,0,2.5,0],"texture":"#missing"},"down":{"uv":[0,0,2.5,0],"texture":"#missing"}}},{"from":[2,2,2],"to":[2,8,6],"rotation":{"angle":-45,"axis":"y","origin":[2.25,5.5,4]},"faces":{"north":{"uv":[0,0,0,3],"texture":"#missing"},"east":{"uv":[5,0,7,3],"texture":"#0"},"south":{"uv":[0,0,0,3],"texture":"#missing"},"west":{"uv":[5,0,7,3],"texture":"#0"},"up":{"uv":[0,0,2,0],"rotation":270,"texture":"#missing"},"down":{"uv":[0,0,2,0],"rotation":90,"texture":"#missing"}}},{"from":[-4,8,3],"to":[1,14,3],"rotation":{"angle":45,"axis":"y","origin":[-1.75,10.5,3]},"faces":{"north":{"uv":[5,0,7.5,3],"texture":"#0"},"east":{"uv":[0,0,0,3],"texture":"#missing"},"south":{"uv":[5,0,7.5,3],"texture":"#0"},"west":{"uv":[0,0,0,3],"texture":"#missing"},"up":{"uv":[0,0,2.5,0],"texture":"#missing"},"down":{"uv":[0,0,2.5,0],"texture":"#missing"}}},{"from":[-2,7,1],"to":[-2,13,5],"rotation":{"angle":45,"axis":"y","origin":[-1.75,10.5,3]},"faces":{"north":{"uv":[0,0,0,3],"texture":"#missing"},"east":{"uv":[5,0,7,3],"texture":"#0"},"south":{"uv":[0,0,0,3],"texture":"#missing"},"west":{"uv":[5,0,7,3],"texture":"#0"},"up":{"uv":[0,0,2,0],"rotation":270,"texture":"#missing"},"down":{"uv":[0,0,2,0],"rotation":90,"texture":"#missing"}}},{"from":[10,17,2],"to":[14,24,2],"rotation":{"angle":0,"axis":"y","origin":[12,19,1.5]},"faces":{"north":{"uv":[0,0,2,3.5],"texture":"#0"},"east":{"uv":[0,0,0,3.5],"texture":"#missing"},"south":{"uv":[0,0,2,3.5],"texture":"#0"},"west":{"uv":[0,0,0,3.5],"texture":"#missing"},"up":{"uv":[0,0,2,0],"texture":"#missing"},"down":{"uv":[0,0,2,0],"texture":"#missing"}}},{"from":[12,15,0],"to":[12,22,4],"rotation":{"angle":0,"axis":"y","origin":[12,19,1.5]},"faces":{"north":{"uv":[0,0,0,3.5],"texture":"#missing"},"east":{"uv":[0,0,2,3.5],"texture":"#0"},"south":{"uv":[0,0,0,3.5],"texture":"#missing"},"west":{"uv":[0,0,2,3.5],"texture":"#0"},"up":{"uv":[0,0,2,0],"rotation":270,"texture":"#missing"},"down":{"uv":[0,0,2,0],"rotation":90,"texture":"#missing"}}},{"from":[-2.85786,19,-0.14214],"to":[-2.85786,26,3.85786],"rotation":{"angle":0,"axis":"y","origin":[-9.85786,23,-11.14214]},"faces":{"north":{"uv":[0,0,0,3.5],"texture":"#missing"},"east":{"uv":[0,0,2,3.5],"texture":"#0"},"south":{"uv":[0,0,0,3.5],"texture":"#missing"},"west":{"uv":[0,0,2,3.5],"texture":"#0"},"up":{"uv":[2,0,0,0],"rotation":90,"texture":"#missing"},"down":{"uv":[2,0,0,0],"rotation":270,"texture":"#missing"}}},{"from":[-4.85786,18,1.85786],"to":[-0.85786,25,1.85786],"rotation":{"angle":0,"axis":"y","origin":[-9.85786,23,-11.14214]},"faces":{"north":{"uv":[0,0,2,3.5],"texture":"#0"},"east":{"uv":[0,0,0,3.5],"texture":"#missing"},"south":{"uv":[0,0,2,3.5],"texture":"#0"},"west":{"uv":[0,0,0,3.5],"texture":"#missing"},"up":{"uv":[2,0,0,0],"texture":"#missing"},"down":{"uv":[2,0,0,0],"texture":"#missing"}}},{"from":[1.14214,21,-0.14214],"to":[1.14214,28,3.85786],"rotation":{"angle":-45,"axis":"y","origin":[1.14214,24,1.85786]},"faces":{"north":{"uv":[0,0,0,3.5],"texture":"#missing"},"east":{"uv":[0,0,2,3.5],"texture":"#0"},"south":{"uv":[0,0,0,3.5],"texture":"#missing"},"west":{"uv":[0,0,2,3.5],"texture":"#0"},"up":{"uv":[2,0,0,0],"rotation":90,"texture":"#missing"},"down":{"uv":[2,0,0,0],"rotation":270,"texture":"#missing"}}},{"from":[-0.85786,20,1.85786],"to":[3.14214,27,1.85786],"rotation":{"angle":-45,"axis":"y","origin":[1.14214,24,1.85786]},"faces":{"north":{"uv":[0,0,2,3.5],"texture":"#0"},"east":{"uv":[0,0,0,3.5],"texture":"#missing"},"south":{"uv":[0,0,2,3.5],"texture":"#0"},"west":{"uv":[0,0,0,3.5],"texture":"#missing"},"up":{"uv":[2,0,0,0],"texture":"#missing"},"down":{"uv":[2,0,0,0],"texture":"#missing"}}},{"from":[-10,16,4],"to":[-6,23,4],"rotation":{"angle":-45,"axis":"y","origin":[-8,19,4]},"faces":{"north":{"uv":[0,0,2,3.5],"texture":"#0"},"east":{"uv":[0,0,0,3.5],"texture":"#missing"},"south":{"uv":[0,0,2,3.5],"texture":"#0"},"west":{"uv":[0,0,0,3.5],"texture":"#missing"},"up":{"uv":[0,0,2,0],"texture":"#missing"},"down":{"uv":[0,0,2,0],"texture":"#missing"}}},{"from":[-8,15,2],"to":[-8,22,6],"rotation":{"angle":-45,"axis":"y","origin":[-8,19,4]},"faces":{"north":{"uv":[0,0,0,3.5],"texture":"#missing"},"east":{"uv":[0,0,2,3.5],"texture":"#0"},"south":{"uv":[0,0,0,3.5],"texture":"#missing"},"west":{"uv":[0,0,2,3.5],"texture":"#0"},"up":{"uv":[0,0,2,0],"rotation":270,"texture":"#missing"},"down":{"uv":[0,0,2,0],"rotation":90,"texture":"#missing"}}},{"from":[-1,10,3],"to":[3,19,3],"rotation":{"angle":0,"axis":"y","origin":[-28,-5,0]},"faces":{"north":{"uv":[2.5,0,4.5,4.5],"texture":"#0"},"east":{"uv":[0,0,0,4.5],"texture":"#missing"},"south":{"uv":[2.5,0,4.5,4.5],"texture":"#0"},"west":{"uv":[0,0,0,4.5],"texture":"#missing"},"up":{"uv":[0,0,2,0],"texture":"#missing"},"down":{"uv":[0,0,2,0],"texture":"#missing"}}},{"from":[2,9,1],"to":[2,18,5],"rotation":{"angle":0,"axis":"y","origin":[-26,-1.5,0]},"faces":{"north":{"uv":[0,0,0,4.5],"texture":"#missing"},"east":{"uv":[2.5,0,4.5,4.5],"texture":"#0"},"south":{"uv":[0,0,0,4.5],"texture":"#missing"},"west":{"uv":[2.5,0,4.5,4.5],"texture":"#0"},"up":{"uv":[0,0,2,0],"rotation":270,"texture":"#missing"},"down":{"uv":[0,0,2,0],"rotation":90,"texture":"#missing"}}},{"from":[6,17,1],"to":[10,26,1],"rotation":{"angle":-45,"axis":"y","origin":[8,21,1]},"faces":{"north":{"uv":[4.5,0,2.5,4.5],"texture":"#0"},"east":{"uv":[0,0,0,4.5],"texture":"#missing"},"south":{"uv":[4.5,0,2.5,4.5],"texture":"#0"},"west":{"uv":[0,0,0,4.5],"texture":"#missing"},"up":{"uv":[2,0,0,0],"texture":"#missing"},"down":{"uv":[2,0,0,0],"texture":"#missing"}}},{"from":[8,16,-1],"to":[8,25,3],"rotation":{"angle":-45,"axis":"y","origin":[8,21,1]},"faces":{"north":{"uv":[0,0,0,4.5],"texture":"#missing"},"east":{"uv":[4.5,0,2.5,4.5],"texture":"#0"},"south":{"uv":[0,0,0,4.5],"texture":"#missing"},"west":{"uv":[4.5,0,2.5,4.5],"texture":"#0"},"up":{"uv":[0,0,2,0],"rotation":270,"texture":"#missing"},"down":{"uv":[0,0,2,0],"rotation":90,"texture":"#missing"}}},{"from":[13,15,3.75],"to":[17,24,3.75],"rotation":{"angle":-45,"axis":"y","origin":[15,11,3.75]},"faces":{"north":{"uv":[2.5,0,4.5,4.5],"texture":"#0"},"east":{"uv":[0,0,0,4.5],"texture":"#missing"},"south":{"uv":[2.5,0,4.5,4.5],"texture":"#0"},"west":{"uv":[0,0,0,4.5],"texture":"#missing"},"up":{"uv":[0,0,2,0],"texture":"#missing"},"down":{"uv":[0,0,2,0],"texture":"#missing"}}},{"from":[15,14,1.75],"to":[15,23,5.75],"rotation":{"angle":-45,"axis":"y","origin":[15,11,3.75]},"faces":{"north":{"uv":[0,0,0,4.5],"texture":"#missing"},"east":{"uv":[2.5,0,4.5,4.5],"texture":"#0"},"south":{"uv":[0,0,0,4.5],"texture":"#missing"},"west":{"uv":[2.5,0,4.5,4.5],"texture":"#0"},"up":{"uv":[0,0,2,0],"rotation":270,"texture":"#missing"},"down":{"uv":[0,0,2,0],"rotation":90,"texture":"#missing"}}},{"from":[-9,5,4],"to":[-5,14,4],"rotation":{"angle":0,"axis":"y","origin":[-7,2,4]},"faces":{"north":{"uv":[4.5,0,2.5,4.5],"texture":"#0"},"east":{"uv":[0,0,0,4.5],"texture":"#missing"},"south":{"uv":[4.5,0,2.5,4.5],"texture":"#0"},"west":{"uv":[0,0,0,4.5],"texture":"#missing"},"up":{"uv":[2,0,0,0],"texture":"#missing"},"down":{"uv":[2,0,0,0],"texture":"#missing"}}},{"from":[-7,4,2],"to":[-7,13,6],"rotation":{"angle":0,"axis":"y","origin":[-7,2,4]},"faces":{"north":{"uv":[0,0,0,4.5],"texture":"#missing"},"east":{"uv":[4.5,0,2.5,4.5],"texture":"#0"},"south":{"uv":[0,0,0,4.5],"texture":"#missing"},"west":{"uv":[4.5,0,2.5,4.5],"texture":"#0"},"up":{"uv":[0,0,2,0],"rotation":270,"texture":"#missing"},"down":{"uv":[0,0,2,0],"rotation":90,"texture":"#missing"}}},{"from":[-6,4,4],"to":[-2,13,4],"rotation":{"angle":-45,"axis":"y","origin":[-4,8,4]},"faces":{"north":{"uv":[2.5,0,4.5,4.5],"texture":"#0"},"east":{"uv":[0,0,0,4.5],"texture":"#missing"},"south":{"uv":[2.5,0,4.5,4.5],"texture":"#0"},"west":{"uv":[0,0,0,4.5],"texture":"#missing"},"up":{"uv":[0,0,2,0],"texture":"#missing"},"down":{"uv":[0,0,2,0],"texture":"#missing"}}},{"from":[-4,3,2],"to":[-4,12,6],"rotation":{"angle":-45,"axis":"y","origin":[-4,8,4]},"faces":{"north":{"uv":[0,0,0,4.5],"texture":"#missing"},"east":{"uv":[2.5,0,4.5,4.5],"texture":"#0"},"south":{"uv":[0,0,0,4.5],"texture":"#missing"},"west":{"uv":[2.5,0,4.5,4.5],"texture":"#0"},"up":{"uv":[0,0,2,0],"rotation":270,"texture":"#missing"},"down":{"uv":[0,0,2,0],"rotation":90,"texture":"#missing"}}}],"display":{"thirdperson_righthand":{"scale":[0.3,0.3,0.3]},"thirdperson_lefthand":{"scale":[0.3,0.3,0.3]},"firstperson_righthand":{"translation":[0,0,2.25],"scale":[0.3,0.3,0.3]},"firstperson_lefthand":{"translation":[0,0,2.25],"scale":[0.3,0.3,0.3]},"ground":{"scale":[0.3,0.3,0.3]},"gui":{"rotation":[18,33,0],"translation":[1.75,-2.75,0],"scale":[0.4,0.4,0.4]},"fixed":{"rotation":[0,-180,0],"translation":[-24,-14,-17],"scale":[2,2,2]}},"groups":[{"name":"branches","origin":[8,8,8],"children":[{"name":"1","origin":[0,0,0],"children":[0,1]},{"name":"1","origin":[0,0,0],"children":[2,3,4]},{"name":"1","origin":[0,0,0],"children":[5,6,7]},{"name":"2","origin":[0,0,0],"children":[8,9]},{"name":"2","origin":[0,0,0],"children":[10,11]},{"name":"2","origin":[0,0,0],"children":[12,13]},{"name":"1","origin":[0,0,0],"children":[14,15]},{"name":"3","origin":[0,0,0],"children":[16,17]},{"name":"3","origin":[0,0,0],"children":[18,19]},{"name":"3","origin":[0,0,0],"children":[20,21]},22,23,24,25,26,27,28,29,30,31,32]},{"name":"flowers","origin":[8,8,8],"children":[{"name":"3","origin":[0,0,0],"children":[33,34]},{"name":"3","origin":[0,0,0],"children":[35,36]},{"name":"3","origin":[0,0,0],"children":[37,38]},{"name":"3","origin":[0,0,0],"children":[39,40]},{"name":"3","origin":[0,0,0],"children":[41,42]},{"name":"3","origin":[0,0,0],"children":[43,44]},{"name":"1","origin":[0,0,0],"children":[45,46]},{"name":"1","origin":[0,0,0],"children":[47,48]},{"name":"1","origin":[0,0,0],"children":[49,50]},{"name":"1","origin":[0,0,0],"children":[51,52]},{"name":"2","origin":[0,0,0],"children":[53,54]},{"name":"2","origin":[0,0,0],"children":[55,56]},{"name":"2","origin":[0,0,0],"children":[57,58]},{"name":"2","origin":[0,0,0],"children":[59,60]},{"name":"2","origin":[0,0,0],"children":[61,62]}]}]}