{"credit":"Made with Blockbench","texture_size":[32,32],"textures":{"0":"block/flowers/wisteria1","particle":"block/flowers/wisteria1"},"elements":[{"from":[1,0,2],"to":[4,1,3],"faces":{"north":{"uv":[9.5,15.5,11,16],"texture":"#0"},"east":{"uv":[13,5.5,13.5,6],"texture":"#0"},"south":{"uv":[9.5,15.5,11,16],"texture":"#0"},"west":{"uv":[13,5.5,13.5,6],"texture":"#0"},"up":{"uv":[9.5,15.5,11,16],"texture":"#0"},"down":{"uv":[9.5,15.5,11,16],"texture":"#0"}}},{"from":[11,0,4.5],"to":[12,1,7.5],"rotation":{"angle":0,"axis":"y","origin":[10.5,0.5,4]},"faces":{"north":{"uv":[12,5,12.5,5.5],"texture":"#0"},"east":{"uv":[13,5.5,14.5,6],"texture":"#0"},"south":{"uv":[13,5.5,13.5,6],"texture":"#0"},"west":{"uv":[13,5.5,14.5,6],"texture":"#0"},"up":{"uv":[13.5,15.5,15,16],"rotation":90,"texture":"#0"},"down":{"uv":[13.5,15.5,15,16],"rotation":90,"texture":"#0"}}},{"from":[7,0,-4],"to":[8,1,-1],"rotation":{"angle":0,"axis":"y","origin":[10.5,0.5,4]},"faces":{"north":{"uv":[12,5,12.5,5.5],"texture":"#0"},"east":{"uv":[13,5.5,14.5,6],"texture":"#0"},"south":{"uv":[13,5.5,13.5,6],"texture":"#0"},"west":{"uv":[13,5.5,14.5,6],"texture":"#0"},"up":{"uv":[13.5,15.5,15,16],"rotation":90,"texture":"#0"},"down":{"uv":[13.5,15.5,15,16],"rotation":90,"texture":"#0"}}},{"from":[12,0,6.5],"to":[13,1,8.5],"rotation":{"angle":0,"axis":"y","origin":[10.5,0.5,4]},"faces":{"north":{"uv":[13,5.5,13.5,6],"texture":"#0"},"east":{"uv":[14,7,15,7.5],"texture":"#0"},"south":{"uv":[13,5.5,13.5,6],"texture":"#0"},"west":{"uv":[14,7,15,7.5],"texture":"#0"},"up":{"uv":[14.5,7,15,8],"texture":"#0"},"down":{"uv":[14.5,7,15,8],"texture":"#0"}}},{"from":[8,0,-2],"to":[9,1,0],"rotation":{"angle":0,"axis":"y","origin":[10.5,0.5,4]},"faces":{"north":{"uv":[13,5.5,13.5,6],"texture":"#0"},"east":{"uv":[14,7,15,7.5],"texture":"#0"},"south":{"uv":[13,5.5,13.5,6],"texture":"#0"},"west":{"uv":[14,7,15,7.5],"texture":"#0"},"up":{"uv":[14.5,7,15,8],"texture":"#0"},"down":{"uv":[14.5,7,15,8],"texture":"#0"}}},{"from":[13,0,7.5],"to":[14,1,8.5],"rotation":{"angle":0,"axis":"y","origin":[10.5,0.5,4]},"faces":{"north":{"uv":[12,5,12.5,5.5],"texture":"#0"},"east":{"uv":[12,5,12.5,5.5],"texture":"#0"},"south":{"uv":[12,5,12.5,5.5],"texture":"#0"},"west":{"uv":[12,5,12.5,5.5],"texture":"#0"},"up":{"uv":[12,5,12.5,5.5],"texture":"#0"},"down":{"uv":[12,5,12.5,5.5],"texture":"#0"}}},{"from":[9,0,-1],"to":[10,1,0],"rotation":{"angle":0,"axis":"y","origin":[10.5,0.5,4]},"faces":{"north":{"uv":[12,5,12.5,5.5],"texture":"#0"},"east":{"uv":[12,5,12.5,5.5],"texture":"#0"},"south":{"uv":[12,5,12.5,5.5],"texture":"#0"},"west":{"uv":[12,5,12.5,5.5],"texture":"#0"},"up":{"uv":[12,5,12.5,5.5],"texture":"#0"},"down":{"uv":[12,5,12.5,5.5],"texture":"#0"}}},{"from":[9,1,-1],"to":[10,2,0],"rotation":{"angle":0,"axis":"y","origin":[10.5,0.5,4]},"faces":{"north":{"uv":[12,5,12.5,5.5],"texture":"#0"},"east":{"uv":[12,5,12.5,5.5],"texture":"#0"},"south":{"uv":[12,5,12.5,5.5],"texture":"#0"},"west":{"uv":[12,5,12.5,5.5],"texture":"#0"},"up":{"uv":[12,5,12.5,5.5],"texture":"#0"},"down":{"uv":[12,5,12.5,5.5],"texture":"#0"}}},{"from":[3,0,3],"to":[6,1,4],"faces":{"north":{"uv":[13,5.5,14.5,6],"texture":"#0"},"east":{"uv":[12.5,5,13,5.5],"texture":"#0"},"south":{"uv":[13,5.5,14.5,6],"texture":"#0"},"west":{"uv":[12,5,12.5,5.5],"texture":"#0"},"up":{"uv":[13,5.5,14.5,6],"texture":"#0"},"down":{"uv":[13,5.5,14.5,6],"texture":"#0"}}},{"from":[9,27,2],"to":[12,28,3],"faces":{"north":{"uv":[13,5.5,14.5,6],"texture":"#0"},"east":{"uv":[12.5,5,13,5.5],"texture":"#0"},"south":{"uv":[13,5.5,14.5,6],"texture":"#0"},"west":{"uv":[12,5,12.5,5.5],"texture":"#0"},"up":{"uv":[13,5.5,14.5,6],"texture":"#0"},"down":{"uv":[13,5.5,14.5,6],"texture":"#0"}}},{"from":[11,0,3],"to":[14,1,4],"faces":{"north":{"uv":[12,14,13.5,14.5],"texture":"#0"},"east":{"uv":[13,5.5,13.5,6],"texture":"#0"},"south":{"uv":[12,14,13.5,14.5],"texture":"#0"},"west":{"uv":[12,14,13.5,14.5],"texture":"#0"},"up":{"uv":[12,14,13.5,14.5],"texture":"#0"},"down":{"uv":[12,14,13.5,14.5],"texture":"#0"}}},{"from":[10,0,1.5],"to":[11,1,4.5],"rotation":{"angle":0,"axis":"y","origin":[10.5,0.5,4]},"faces":{"north":{"uv":[12,5,12.5,5.5],"texture":"#0"},"east":{"uv":[12,14,13.5,14.5],"texture":"#0"},"south":{"uv":[12,5,12.5,5.5],"texture":"#0"},"west":{"uv":[12,14,13.5,14.5],"texture":"#0"},"up":{"uv":[12,14,13.5,14.5],"rotation":90,"texture":"#0"},"down":{"uv":[12,14,13.5,14.5],"rotation":90,"texture":"#0"}}},{"from":[7,2,0],"to":[8,8,1],"faces":{"north":{"uv":[14.5,6.5,15,9.5],"texture":"#0"},"east":{"uv":[14.5,6.5,15,9.5],"texture":"#0"},"south":{"uv":[14.5,6.5,15,9.5],"texture":"#0"},"west":{"uv":[14.5,6.5,15,9.5],"texture":"#0"},"up":{"uv":[15,10,15.5,10.5],"texture":"#0"},"down":{"uv":[15,11,15.5,11.5],"texture":"#0"}}},{"from":[6,11,0],"to":[7,16,1],"faces":{"north":{"uv":[14.5,6.5,15,9],"texture":"#0"},"east":{"uv":[14.5,6.5,15,9],"texture":"#0"},"south":{"uv":[14.5,6.5,15,9],"texture":"#0"},"west":{"uv":[14.5,6.5,15,9],"texture":"#0"},"up":{"uv":[14.5,6.5,15,7],"texture":"#0"},"down":{"uv":[14.5,6.5,15,9],"texture":"#0"}}},{"from":[4,19,0],"to":[5,24,1],"faces":{"north":{"uv":[14.5,6.5,15,9],"texture":"#0"},"east":{"uv":[14.5,6.5,15,9],"texture":"#0"},"south":{"uv":[14.5,7,15,9.5],"texture":"#0"},"west":{"uv":[14.5,6.5,15,9],"texture":"#0"},"up":{"uv":[14.5,6.5,15,7],"texture":"#0"},"down":{"uv":[14.5,6.5,15,9],"texture":"#0"}}},{"from":[6,6,0],"to":[7,11,1],"faces":{"north":{"uv":[12.5,12,13,14.5],"texture":"#0"},"east":{"uv":[12.5,12.5,13,14.5],"texture":"#0"},"south":{"uv":[12.5,12,13,14.5],"texture":"#0"},"west":{"uv":[12.5,12,13,14.5],"texture":"#0"},"up":{"uv":[12.5,12.5,13,14.5],"texture":"#0"},"down":{"uv":[12.5,14,13,14.5],"texture":"#0"}}},{"from":[8,0,0],"to":[9,5,1],"faces":{"north":{"uv":[12.5,12,13,14.5],"texture":"#0"},"east":{"uv":[12.5,12,13,14.5],"texture":"#0"},"south":{"uv":[12.5,12,13,14.5],"texture":"#0"},"west":{"uv":[12.5,12,13,14.5],"texture":"#0"},"up":{"uv":[12,12,12.5,12.5],"texture":"#0"},"down":{"uv":[12,11.5,12.5,12],"texture":"#0"}}},{"from":[7,10,0],"to":[8,15,1],"faces":{"north":{"uv":[14,5.5,14.5,8],"texture":"#0"},"east":{"uv":[14,5.5,14.5,8],"texture":"#0"},"south":{"uv":[14,5.5,14.5,8],"texture":"#0"},"west":{"uv":[14,5.5,14.5,8],"texture":"#0"},"up":{"uv":[14,7.5,14.5,8],"texture":"#0"},"down":{"uv":[14,7.5,14.5,8],"texture":"#0"}}},{"from":[9,5,0],"to":[10,11,1],"faces":{"north":{"uv":[14.5,6.5,15,9.5],"texture":"#0"},"east":{"uv":[14.5,6.5,15,9.5],"texture":"#0"},"south":{"uv":[14.5,6.5,15,9.5],"texture":"#0"},"west":{"uv":[14.5,6.5,15,9.5],"texture":"#0"},"up":{"uv":[14.5,9,15,9.5],"texture":"#0"},"down":{"uv":[14.5,8.5,15,9],"texture":"#0"}}},{"from":[9,0,0],"to":[10,5,1],"faces":{"north":{"uv":[14,5.5,14.5,8],"texture":"#0"},"east":{"uv":[14,5.5,14.5,8],"texture":"#0"},"south":{"uv":[14,5.5,14.5,8],"texture":"#0"},"west":{"uv":[14,5.5,14.5,8],"texture":"#0"},"up":{"uv":[14,5.5,14.5,8],"texture":"#0"},"down":{"uv":[12.5,12,13,12.5],"texture":"#0"}}},{"from":[10,12,0],"to":[11,16,1],"faces":{"north":{"uv":[12,13.5,12.5,15.5],"texture":"#0"},"east":{"uv":[12,13.5,12.5,15.5],"texture":"#0"},"south":{"uv":[12,13.5,12.5,15.5],"texture":"#0"},"west":{"uv":[12,13.5,12.5,15.5],"texture":"#0"},"up":{"uv":[14,7.5,14.5,8],"texture":"#0"},"down":{"uv":[14,7.5,14.5,8],"texture":"#0"}}},{"from":[6,8,-1],"to":[7,12,0],"faces":{"north":{"uv":[12,13.5,12.5,15.5],"texture":"#0"},"east":{"uv":[12,13.5,12.5,15.5],"texture":"#0"},"south":{"uv":[12,13.5,12.5,15.5],"texture":"#0"},"west":{"uv":[12,13.5,12.5,15.5],"texture":"#0"},"up":{"uv":[14,7.5,14.5,8],"texture":"#0"},"down":{"uv":[14,7.5,14.5,8],"texture":"#0"}}},{"from":[4,7,0],"to":[5,10,1],"faces":{"north":{"uv":[12,11,12.5,12.5],"texture":"#0"},"east":{"uv":[12,11,12.5,12.5],"texture":"#0"},"south":{"uv":[12,11,12.5,12.5],"texture":"#0"},"west":{"uv":[12,11,12.5,12.5],"texture":"#0"},"up":{"uv":[12,12,12.5,12.5],"texture":"#0"},"down":{"uv":[12,11.5,12.5,12],"texture":"#0"}}},{"from":[8,17,1],"to":[9,20,2],"faces":{"north":{"uv":[12,11,12.5,12.5],"texture":"#0"},"east":{"uv":[12,11,12.5,12.5],"texture":"#0"},"south":{"uv":[12,11,12.5,12.5],"texture":"#0"},"west":{"uv":[12,11,12.5,12.5],"texture":"#0"},"up":{"uv":[12,12,12.5,12.5],"texture":"#0"},"down":{"uv":[12,11.5,12.5,12],"texture":"#0"}}},{"from":[9,18,1],"to":[10,21,2],"faces":{"north":{"uv":[12,11,12.5,12.5],"texture":"#0"},"east":{"uv":[12,11,12.5,12.5],"texture":"#0"},"south":{"uv":[12,11,12.5,12.5],"texture":"#0"},"west":{"uv":[12,11,12.5,12.5],"texture":"#0"},"up":{"uv":[12,12,12.5,12.5],"texture":"#0"},"down":{"uv":[12,11.5,12.5,12],"texture":"#0"}}},{"from":[6,2,1],"to":[7,5,2],"faces":{"north":{"uv":[13.5,14.5,14,16],"texture":"#0"},"east":{"uv":[13.5,14.5,14,16],"texture":"#0"},"south":{"uv":[13.5,14.5,14,16],"texture":"#0"},"west":{"uv":[13.5,14.5,14,16],"texture":"#0"},"up":{"uv":[12,12,12.5,12.5],"texture":"#0"},"down":{"uv":[12,12,12.5,12.5],"texture":"#0"}}},{"from":[5,1,1],"to":[6,4,2],"faces":{"north":{"uv":[11.5,14.5,12,16],"texture":"#0"},"east":{"uv":[11.5,14.5,12,16],"texture":"#0"},"south":{"uv":[11.5,14.5,12,16],"texture":"#0"},"west":{"uv":[11.5,14.5,12,16],"texture":"#0"},"up":{"uv":[12,12,12.5,12.5],"texture":"#0"},"down":{"uv":[12,12,12.5,12.5],"texture":"#0"}}},{"from":[5,0,2],"to":[6,3,3],"faces":{"north":{"uv":[14.5,7,15,8.5],"texture":"#0"},"east":{"uv":[14.5,7,15,8.5],"texture":"#0"},"south":{"uv":[14.5,7,15,8.5],"texture":"#0"},"west":{"uv":[14.5,7,15,8.5],"texture":"#0"},"up":{"uv":[12,5,12.5,5.5],"texture":"#0"},"down":{"uv":[12,5,12.5,5.5],"texture":"#0"}}},{"from":[10,3,0],"to":[11,6,1],"faces":{"north":{"uv":[12,11,12.5,12.5],"texture":"#0"},"east":{"uv":[12,11,12.5,12.5],"texture":"#0"},"south":{"uv":[12,11,12.5,12.5],"texture":"#0"},"west":{"uv":[12,11,12.5,12.5],"texture":"#0"},"up":{"uv":[12,12,12.5,12.5],"texture":"#0"},"down":{"uv":[12.5,12,13,12.5],"texture":"#0"}}},{"from":[8,9,0],"to":[9,13,1],"faces":{"north":{"uv":[14,5.5,14.5,7.5],"texture":"#0"},"east":{"uv":[14,5.5,14.5,7.5],"texture":"#0"},"south":{"uv":[14,5.5,14.5,7.5],"texture":"#0"},"west":{"uv":[14,5.5,14.5,7.5],"texture":"#0"},"up":{"uv":[14.5,6.5,15,7],"texture":"#0"},"down":{"uv":[14.5,6.5,15,7],"texture":"#0"}}},{"from":[9,4,1],"to":[10,8,2],"faces":{"north":{"uv":[12.5,12,13,14],"texture":"#0"},"east":{"uv":[12.5,12,13,14],"texture":"#0"},"south":{"uv":[12.5,12,13,14],"texture":"#0"},"west":{"uv":[12.5,12,13,14],"texture":"#0"},"up":{"uv":[14.5,9,15,9.5],"texture":"#0"},"down":{"uv":[12.5,12,13,14],"texture":"#0"}}},{"from":[9,0,1],"to":[10,4,2],"faces":{"north":{"uv":[12,13.5,12.5,15.5],"texture":"#0"},"east":{"uv":[12,13.5,12.5,15.5],"texture":"#0"},"south":{"uv":[12,13.5,12.5,15.5],"texture":"#0"},"west":{"uv":[12,13.5,12.5,15.5],"texture":"#0"},"up":{"uv":[12,13.5,12.5,15.5],"texture":"#0"},"down":{"uv":[12,5,12.5,5.5],"texture":"#0"}}},{"from":[8,7,1],"to":[9,12,2],"faces":{"north":{"uv":[14,5.5,14.5,8],"texture":"#0"},"east":{"uv":[14,5.5,14.5,8],"texture":"#0"},"south":{"uv":[14,5.5,14.5,8],"texture":"#0"},"west":{"uv":[14,5.5,14.5,8],"texture":"#0"},"up":{"uv":[14,7.5,14.5,8],"texture":"#0"},"down":{"uv":[14,7.5,14.5,8],"texture":"#0"}}},{"from":[8,2,1],"to":[9,7,2],"faces":{"north":{"uv":[12.5,12,13,14.5],"texture":"#0"},"east":{"uv":[12.5,12,13,14.5],"texture":"#0"},"south":{"uv":[12.5,12,13,14.5],"texture":"#0"},"west":{"uv":[12.5,12,13,14.5],"texture":"#0"},"up":{"uv":[12.5,12,13,14.5],"texture":"#0"},"down":{"uv":[12,5,12.5,5.5],"texture":"#0"}}},{"from":[7,9,1],"to":[8,13,2],"faces":{"north":{"uv":[14.5,7,15,9],"texture":"#0"},"east":{"uv":[14.5,7,15,9],"texture":"#0"},"south":{"uv":[14.5,7,15,9],"texture":"#0"},"west":{"uv":[14.5,7,15,9],"texture":"#0"},"up":{"uv":[14.5,6.5,15,7],"texture":"#0"},"down":{"uv":[14.5,7,15,9],"texture":"#0"}}},{"from":[5,18,1],"to":[6,22,2],"faces":{"north":{"uv":[14.5,7,15,9],"texture":"#0"},"east":{"uv":[14.5,7,15,9],"texture":"#0"},"south":{"uv":[14.5,7,15,9],"texture":"#0"},"west":{"uv":[14.5,7,15,9],"texture":"#0"},"up":{"uv":[14.5,6.5,15,7],"texture":"#0"},"down":{"uv":[14.5,7,15,9],"texture":"#0"}}},{"from":[7,5,1],"to":[8,9,2],"faces":{"north":{"uv":[14.5,7,15,9],"texture":"#0"},"east":{"uv":[14.5,7,15,9],"texture":"#0"},"south":{"uv":[14.5,7,15,9],"texture":"#0"},"west":{"uv":[14.5,7,15,9],"texture":"#0"},"up":{"uv":[14.5,7,15,9],"texture":"#0"},"down":{"uv":[14.5,7,15,9],"texture":"#0"}}},{"from":[7,0,1],"to":[8,4,2],"faces":{"north":{"uv":[12,13.5,12.5,15.5],"texture":"#0"},"east":{"uv":[12,13.5,12.5,15.5],"texture":"#0"},"south":{"uv":[12,13.5,12.5,15.5],"texture":"#0"},"west":{"uv":[12,13.5,12.5,15.5],"texture":"#0"},"up":{"uv":[12,13.5,12.5,15.5],"texture":"#0"},"down":{"uv":[12,5,12.5,5.5],"texture":"#0"}}},{"from":[6,8,1],"to":[7,12,2],"faces":{"north":{"uv":[13,14,13.5,16],"texture":"#0"},"east":{"uv":[13,14,13.5,16],"texture":"#0"},"south":{"uv":[13,14,13.5,16],"texture":"#0"},"west":{"uv":[13,14,13.5,16],"texture":"#0"},"up":{"uv":[13,15.5,13.5,16],"texture":"#0"},"down":{"uv":[13,15.5,13.5,16],"texture":"#0"}}},{"from":[7,4,2],"to":[8,8,3],"faces":{"north":{"uv":[12,13.5,12.5,15.5],"texture":"#0"},"east":{"uv":[12,13.5,12.5,15.5],"texture":"#0"},"south":{"uv":[12,13.5,12.5,15.5],"texture":"#0"},"west":{"uv":[12,13.5,12.5,15.5],"texture":"#0"},"up":{"uv":[14,7.5,14.5,8],"texture":"#0"},"down":{"uv":[14,7.5,14.5,8],"texture":"#0"}}},{"from":[6,0,2],"to":[7,1,3],"faces":{"north":{"uv":[14.5,6.5,15,7],"texture":"#0"},"east":{"uv":[14.5,6.5,15,7],"texture":"#0"},"south":{"uv":[14.5,6.5,15,7],"texture":"#0"},"west":{"uv":[14.5,6.5,15,7],"texture":"#0"},"up":{"uv":[14.5,6.5,15,7],"texture":"#0"},"down":{"uv":[14.5,6.5,15,7],"texture":"#0"}}},{"from":[8,3,3],"to":[9,4,4],"faces":{"north":{"uv":[12,5,12.5,5.5],"texture":"#0"},"east":{"uv":[12,5,12.5,5.5],"texture":"#0"},"south":{"uv":[12,5,12.5,5.5],"texture":"#0"},"west":{"uv":[12,5,12.5,5.5],"texture":"#0"},"up":{"uv":[12,5,12.5,5.5],"texture":"#0"},"down":{"uv":[12,5,12.5,5.5],"texture":"#0"}}},{"from":[8,26,2],"to":[9,27,3],"faces":{"north":{"uv":[12,5,12.5,5.5],"texture":"#0"},"east":{"uv":[12,5,12.5,5.5],"texture":"#0"},"south":{"uv":[12,5,12.5,5.5],"texture":"#0"},"west":{"uv":[12,5,12.5,5.5],"texture":"#0"},"up":{"uv":[12,5,12.5,5.5],"texture":"#0"},"down":{"uv":[12,5,12.5,5.5],"texture":"#0"}}},{"from":[8,2,3],"to":[9,3,4],"faces":{"north":{"uv":[13,5.5,13.5,6],"texture":"#0"},"east":{"uv":[13,5.5,13.5,6],"texture":"#0"},"south":{"uv":[13,5.5,13.5,6],"texture":"#0"},"west":{"uv":[13,5.5,13.5,6],"texture":"#0"},"up":{"uv":[13,5.5,13.5,6],"texture":"#0"},"down":{"uv":[13,5.5,13.5,6],"texture":"#0"}}},{"from":[10,1,2],"to":[11,2,3],"faces":{"north":{"uv":[12,5,12.5,5.5],"texture":"#0"},"east":{"uv":[12,5,12.5,5.5],"texture":"#0"},"south":{"uv":[12,5,12.5,5.5],"texture":"#0"},"west":{"uv":[12,5,12.5,5.5],"texture":"#0"},"up":{"uv":[12,5,12.5,5.5],"texture":"#0"},"down":{"uv":[12,5,12.5,5.5],"texture":"#0"}}},{"from":[10,2,2],"to":[11,3,3],"faces":{"north":{"uv":[12,5,12.5,5.5],"texture":"#0"},"east":{"uv":[12,5,12.5,5.5],"texture":"#0"},"south":{"uv":[12,5,12.5,5.5],"texture":"#0"},"west":{"uv":[12,5,12.5,5.5],"texture":"#0"},"up":{"uv":[12,5,12.5,5.5],"texture":"#0"},"down":{"uv":[12,5,12.5,5.5],"texture":"#0"}}},{"from":[10,1,3],"to":[11,2,4],"faces":{"north":{"uv":[12.5,5,13,5.5],"texture":"#0"},"east":{"uv":[12.5,5,13,5.5],"texture":"#0"},"south":{"uv":[12.5,5,13,5.5],"texture":"#0"},"west":{"uv":[12.5,5,13,5.5],"texture":"#0"},"up":{"uv":[12.5,5,13,5.5],"texture":"#0"},"down":{"uv":[12.5,5,13,5.5],"texture":"#0"}}},{"from":[7,1,3],"to":[8,2,4],"faces":{"north":{"uv":[13,5.5,13.5,6],"texture":"#0"},"east":{"uv":[13,5.5,13.5,6],"texture":"#0"},"south":{"uv":[13,5.5,13.5,6],"texture":"#0"},"west":{"uv":[13,5.5,13.5,6],"texture":"#0"},"up":{"uv":[13,5.5,13.5,6],"texture":"#0"},"down":{"uv":[13,5.5,13.5,6],"texture":"#0"}}},{"from":[8,5,2],"to":[9,10,3],"faces":{"north":{"uv":[12.5,12,13,14.5],"texture":"#0"},"east":{"uv":[12.5,12,13,14.5],"texture":"#0"},"south":{"uv":[12.5,12,13,14.5],"texture":"#0"},"west":{"uv":[12.5,12,13,14.5],"texture":"#0"},"up":{"uv":[13,5.5,13.5,6],"texture":"#0"},"down":{"uv":[12.5,12,13,14.5],"texture":"#0"}}},{"from":[8,0,2],"to":[9,5,3],"faces":{"north":{"uv":[14.5,7,15,9.5],"texture":"#0"},"east":{"uv":[14.5,7,15,9.5],"texture":"#0"},"south":{"uv":[14.5,7,15,9.5],"texture":"#0"},"west":{"uv":[14.5,7,15,9.5],"texture":"#0"},"up":{"uv":[14.5,7,15,9.5],"texture":"#0"},"down":{"uv":[12.5,12,13,12.5],"texture":"#0"}}},{"from":[9,2,2],"to":[10,7,3],"faces":{"north":{"uv":[14.5,7,15,9.5],"texture":"#0"},"east":{"uv":[14.5,7,15,9.5],"texture":"#0"},"south":{"uv":[14.5,7,15,9.5],"texture":"#0"},"west":{"uv":[14.5,7,15,9.5],"texture":"#0"},"up":{"uv":[13,5.5,13.5,6],"texture":"#0"},"down":{"uv":[14.5,7.5,15,8],"texture":"#0"}}},{"from":[7,0,3],"to":[8,1,7],"faces":{"north":{"uv":[13,5.5,13.5,6],"texture":"#0"},"east":{"uv":[12.5,15.5,14.5,16],"texture":"#0"},"south":{"uv":[13,5.5,13.5,6],"texture":"#0"},"west":{"uv":[12.5,15.5,14.5,16],"texture":"#0"},"up":{"uv":[12.5,15.5,14.5,16],"rotation":90,"texture":"#0"},"down":{"uv":[12.5,15.5,14.5,16],"rotation":90,"texture":"#0"}}},{"from":[6,0,5],"to":[7,1,9],"faces":{"north":{"uv":[12,5,12.5,5.5],"texture":"#0"},"east":{"uv":[12.5,15.5,14.5,16],"texture":"#0"},"south":{"uv":[12,5,12.5,5.5],"texture":"#0"},"west":{"uv":[12.5,15.5,14.5,16],"texture":"#0"},"up":{"uv":[12.5,15.5,14.5,16],"rotation":90,"texture":"#0"},"down":{"uv":[12.5,15.5,14.5,16],"rotation":90,"texture":"#0"}}},{"from":[12,27,2],"to":[14,30,2],"faces":{"north":{"uv":[4,12.5,5,14],"texture":"#0"},"east":{"uv":[0,0,0,1.5],"texture":"#missing"},"south":{"uv":[4,12.5,5,14],"texture":"#0"},"west":{"uv":[0,0,0,1.5],"texture":"#missing"},"up":{"uv":[0,0,1,0],"texture":"#missing"},"down":{"uv":[0,0,1,0],"texture":"#missing"}}},{"from":[13,27,1],"to":[13,30,3],"rotation":{"angle":0,"axis":"y","origin":[13,28.5,2]},"faces":{"north":{"uv":[0,0,0,1.5],"texture":"#missing"},"east":{"uv":[4,12.5,5,14],"texture":"#0"},"south":{"uv":[0,0,0,1.5],"texture":"#missing"},"west":{"uv":[4,12.5,5,14],"texture":"#0"},"up":{"uv":[0,0,1,0],"rotation":90,"texture":"#missing"},"down":{"uv":[0,0,1,0],"rotation":270,"texture":"#missing"}}},{"from":[5,27,2],"to":[7,30,2],"faces":{"north":{"uv":[2,11.5,3,13],"texture":"#0"},"east":{"uv":[0,0,0,1.5],"texture":"#missing"},"south":{"uv":[2,11.5,3,13],"texture":"#0"},"west":{"uv":[2,11.5,3,13],"texture":"#missing"},"up":{"uv":[0,0,1,0],"texture":"#missing"},"down":{"uv":[0,0,1,0],"texture":"#missing"}}},{"from":[6,27,2],"to":[6,30,4],"rotation":{"angle":0,"axis":"y","origin":[13,28.5,2]},"faces":{"north":{"uv":[2,11.5,2,13],"texture":"#missing"},"east":{"uv":[2,11.5,3,13],"texture":"#0"},"south":{"uv":[2,11.5,3,13],"texture":"#0"},"west":{"uv":[2,11.5,3,13],"texture":"#0"},"up":{"uv":[0,0,1,0],"rotation":90,"texture":"#missing"},"down":{"uv":[0,0,1,0],"rotation":270,"texture":"#missing"}}},{"from":[-1,16,4.5],"to":[1,19,4.5],"rotation":{"angle":0,"axis":"y","origin":[3.5,17.5,4.25]},"faces":{"north":{"uv":[4,12.5,5,14],"texture":"#0"},"east":{"uv":[0,0,0,1.5],"texture":"#missing"},"south":{"uv":[4,12.5,5,14],"texture":"#0"},"west":{"uv":[0,0,0,1.5],"texture":"#missing"},"up":{"uv":[0,0,1,0],"rotation":180,"texture":"#missing"},"down":{"uv":[0,0,1,0],"rotation":180,"texture":"#missing"}}},{"from":[0,16,3.5],"to":[0,19,5.5],"rotation":{"angle":0,"axis":"y","origin":[3.5,17.5,4.25]},"faces":{"north":{"uv":[0,0,0,1.5],"texture":"#missing"},"east":{"uv":[4,12.5,5,14],"texture":"#0"},"south":{"uv":[0,0,0,1.5],"texture":"#missing"},"west":{"uv":[4,12.5,5,14],"texture":"#0"},"up":{"uv":[0,0,1,0],"rotation":270,"texture":"#missing"},"down":{"uv":[0,0,1,0],"rotation":90,"texture":"#missing"}}},{"from":[6,15,4.5],"to":[8,18,4.5],"rotation":{"angle":0,"axis":"y","origin":[3.5,17.5,4.25]},"faces":{"north":{"uv":[2,11.5,3,13],"texture":"#0"},"east":{"uv":[2,11.5,3,13],"texture":"#missing"},"south":{"uv":[2,11.5,3,13],"texture":"#0"},"west":{"uv":[0,0,0,1.5],"texture":"#missing"},"up":{"uv":[0,0,1,0],"rotation":180,"texture":"#missing"},"down":{"uv":[0,0,1,0],"rotation":180,"texture":"#missing"}}},{"from":[7,16,2.5],"to":[7,19,4.5],"rotation":{"angle":0,"axis":"y","origin":[3.5,17.5,4.25]},"faces":{"north":{"uv":[2,11.5,3,13],"texture":"#0"},"east":{"uv":[2,11.5,3,13],"texture":"#0"},"south":{"uv":[2,11.5,2,13],"texture":"#missing"},"west":{"uv":[2,11.5,3,13],"texture":"#0"},"up":{"uv":[0,0,1,0],"rotation":270,"texture":"#missing"},"down":{"uv":[0,0,1,0],"rotation":90,"texture":"#missing"}}},{"from":[-2,26,0.5],"to":[0,29,0.5],"rotation":{"angle":0,"axis":"y","origin":[3.5,17.5,4.25]},"faces":{"north":{"uv":[6.5,12.5,7.5,14],"texture":"#0"},"east":{"uv":[0,0,0,1.5],"texture":"#missing"},"south":{"uv":[6.5,12.5,7.5,14],"texture":"#0"},"west":{"uv":[0,0,0,1.5],"texture":"#missing"},"up":{"uv":[0,0,1,0],"rotation":180,"texture":"#missing"},"down":{"uv":[0,0,1,0],"rotation":180,"texture":"#missing"}}},{"from":[-1,26,-0.5],"to":[-1,29,1.5],"rotation":{"angle":0,"axis":"y","origin":[3.5,17.5,4.25]},"faces":{"north":{"uv":[0,0,0,1.5],"texture":"#missing"},"east":{"uv":[6.5,12.5,7.5,14],"texture":"#0"},"south":{"uv":[6.5,12.5,6.5,14],"texture":"#missing"},"west":{"uv":[6.5,12.5,7.5,14],"texture":"#0"},"up":{"uv":[0,0,1,0],"rotation":270,"texture":"#missing"},"down":{"uv":[0,0,1,0],"rotation":90,"texture":"#missing"}}},{"from":[1,13,1],"to":[5,20,1],"faces":{"north":{"uv":[0,0,2,3.5],"texture":"#0"},"east":{"uv":[0,0,0,3.5],"texture":"#missing"},"south":{"uv":[0,0,2,3.5],"texture":"#0"},"west":{"uv":[0,0,0,3.5],"texture":"#missing"},"up":{"uv":[0,0,2,0],"texture":"#missing"},"down":{"uv":[0,0,2,0],"texture":"#missing"}}},{"from":[3,12,0],"to":[3,19,4],"rotation":{"angle":0,"axis":"y","origin":[2,3.5,0]},"faces":{"north":{"uv":[0,0,0,3.5],"texture":"#missing"},"east":{"uv":[0,0,2,3.5],"texture":"#0"},"south":{"uv":[0,0,0,3.5],"texture":"#missing"},"west":{"uv":[0,0,2,3.5],"texture":"#0"},"up":{"uv":[0,0,2,0],"rotation":270,"texture":"#missing"},"down":{"uv":[0,0,2,0],"rotation":90,"texture":"#missing"}}},{"from":[-0.5,20,-0.5],"to":[-0.5,27,3.5],"rotation":{"angle":-45,"axis":"y","origin":[-1,23,1.5]},"faces":{"north":{"uv":[0,0,0,3.5],"texture":"#missing"},"east":{"uv":[0,0,2,3.5],"texture":"#0"},"south":{"uv":[0,0,0,3.5],"texture":"#missing"},"west":{"uv":[0,0,2,3.5],"texture":"#0"},"up":{"uv":[0,0,2,0],"rotation":90,"texture":"#missing"},"down":{"uv":[0,0,2,0],"rotation":270,"texture":"#missing"}}},{"from":[-3.5,19,1.5],"to":[0.5,26,1.5],"rotation":{"angle":-45,"axis":"y","origin":[-1,23,1.5]},"faces":{"north":{"uv":[0,0,2,3.5],"texture":"#0"},"east":{"uv":[0,0,0,3.5],"texture":"#missing"},"south":{"uv":[0,0,2,3.5],"texture":"#0"},"west":{"uv":[0,0,0,3.5],"texture":"#missing"},"up":{"uv":[0,0,2,0],"texture":"#missing"},"down":{"uv":[0,0,2,0],"texture":"#missing"}}},{"from":[3.5,20,-0.5],"to":[3.5,27,3.5],"rotation":{"angle":0,"axis":"y","origin":[7,16,1.5]},"faces":{"north":{"uv":[0,0,0,3.5],"texture":"#missing"},"east":{"uv":[0,0,2,3.5],"texture":"#0"},"south":{"uv":[0,0,0,3.5],"texture":"#missing"},"west":{"uv":[0,0,2,3.5],"texture":"#0"},"up":{"uv":[0,0,2,0],"rotation":90,"texture":"#missing"},"down":{"uv":[0,0,2,0],"rotation":270,"texture":"#missing"}}},{"from":[0.5,19,1.5],"to":[4.5,26,1.5],"rotation":{"angle":0,"axis":"y","origin":[7,16,1.5]},"faces":{"north":{"uv":[0,0,2,3.5],"texture":"#0"},"east":{"uv":[0,0,0,3.5],"texture":"#missing"},"south":{"uv":[0,0,2,3.5],"texture":"#0"},"west":{"uv":[0,0,0,3.5],"texture":"#missing"},"up":{"uv":[0,0,2,0],"texture":"#missing"},"down":{"uv":[0,0,2,0],"texture":"#missing"}}},{"from":[10,16,2],"to":[14,25,2],"faces":{"north":{"uv":[2.5,0,4.5,4.5],"texture":"#0"},"east":{"uv":[0,0,0,4.5],"texture":"#missing"},"south":{"uv":[2.5,0,4.5,4.5],"texture":"#0"},"west":{"uv":[0,0,0,4.5],"texture":"#missing"},"up":{"uv":[0,0,2,0],"texture":"#missing"},"down":{"uv":[0,0,2,0],"texture":"#missing"}}},{"from":[12,15,1],"to":[12,24,5],"rotation":{"angle":0,"axis":"y","origin":[2,3.5,0]},"faces":{"north":{"uv":[0,0,0,4.5],"texture":"#missing"},"east":{"uv":[2.5,0,4.5,4.5],"texture":"#0"},"south":{"uv":[0,0,0,4.5],"texture":"#missing"},"west":{"uv":[2.5,0,4.5,4.5],"texture":"#0"},"up":{"uv":[0,0,2,0],"rotation":270,"texture":"#missing"},"down":{"uv":[0,0,2,0],"rotation":90,"texture":"#missing"}}},{"from":[7,13,4],"to":[11,22,4],"rotation":{"angle":-45,"axis":"y","origin":[9,17,4.5]},"faces":{"north":{"uv":[2.5,0,4.5,4.5],"texture":"#0"},"east":{"uv":[0,0,0,4.5],"texture":"#missing"},"south":{"uv":[2.5,0,4.5,4.5],"texture":"#0"},"west":{"uv":[0,0,0,4.5],"texture":"#missing"},"up":{"uv":[0,0,2,0],"texture":"#missing"},"down":{"uv":[0,0,2,0],"texture":"#missing"}}},{"from":[9,12,3],"to":[9,21,7],"rotation":{"angle":-45,"axis":"y","origin":[9,17,4.5]},"faces":{"north":{"uv":[0,0,0,4.5],"texture":"#missing"},"east":{"uv":[2.5,0,4.5,4.5],"texture":"#0"},"south":{"uv":[0,0,0,4.5],"texture":"#missing"},"west":{"uv":[2.5,0,4.5,4.5],"texture":"#0"},"up":{"uv":[0,0,2,0],"rotation":270,"texture":"#missing"},"down":{"uv":[0,0,2,0],"rotation":90,"texture":"#missing"}}},{"from":[4,20,4],"to":[9,26,4],"faces":{"north":{"uv":[5,0,7.5,3],"texture":"#0"},"east":{"uv":[0,0,0,3],"texture":"#missing"},"south":{"uv":[5,0,7.5,3],"texture":"#0"},"west":{"uv":[0,0,0,3],"texture":"#missing"},"up":{"uv":[0,0,2.5,0],"texture":"#missing"},"down":{"uv":[0,0,2.5,0],"texture":"#missing"}}},{"from":[6,19,3],"to":[6,25,7],"rotation":{"angle":0,"axis":"y","origin":[2,3.5,0]},"faces":{"north":{"uv":[0,0,0,3],"texture":"#missing"},"east":{"uv":[5,0,7,3],"texture":"#0"},"south":{"uv":[0,0,0,3],"texture":"#missing"},"west":{"uv":[5,0,7,3],"texture":"#0"},"up":{"uv":[0,0,2,0],"rotation":270,"texture":"#missing"},"down":{"uv":[0,0,2,0],"rotation":90,"texture":"#missing"}}},{"from":[7,24,2],"to":[12,30,2],"rotation":{"angle":-45,"axis":"y","origin":[9.25,26.5,2.5]},"faces":{"north":{"uv":[5,0,7.5,3],"texture":"#0"},"east":{"uv":[0,0,0,3],"texture":"#missing"},"south":{"uv":[5,0,7.5,3],"texture":"#0"},"west":{"uv":[0,0,0,3],"texture":"#missing"},"up":{"uv":[0,0,2.5,0],"texture":"#missing"},"down":{"uv":[0,0,2.5,0],"texture":"#missing"}}},{"from":[9,23,1],"to":[9,29,5],"rotation":{"angle":-45,"axis":"y","origin":[9.25,26.5,2.5]},"faces":{"north":{"uv":[0,0,0,3],"texture":"#missing"},"east":{"uv":[5,0,7,3],"texture":"#0"},"south":{"uv":[0,0,0,3],"texture":"#missing"},"west":{"uv":[5,0,7,3],"texture":"#0"},"up":{"uv":[0,0,2,0],"rotation":270,"texture":"#missing"},"down":{"uv":[0,0,2,0],"rotation":90,"texture":"#missing"}}},{"from":[1.75,26,1.75],"to":[1.75,32,6.75],"rotation":{"angle":-45,"axis":"y","origin":[2.25,28.5,4.5]},"faces":{"north":{"uv":[0,0,0,3],"texture":"#missing"},"east":{"uv":[5,0,7.5,3],"texture":"#0"},"south":{"uv":[0,0,0,3],"texture":"#missing"},"west":{"uv":[5,0,7.5,3],"texture":"#0"},"up":{"uv":[0,0,2.5,0],"rotation":270,"texture":"#missing"},"down":{"uv":[0,0,2.5,0],"rotation":90,"texture":"#missing"}}},{"from":[0.75,25,4.75],"to":[4.75,31,4.75],"rotation":{"angle":-45,"axis":"y","origin":[2.25,28.5,4.5]},"faces":{"north":{"uv":[5,0,7,3],"texture":"#0"},"east":{"uv":[0,0,0,3],"texture":"#missing"},"south":{"uv":[5,0,7,3],"texture":"#0"},"west":{"uv":[0,0,0,3],"texture":"#missing"},"up":{"uv":[0,0,2,0],"rotation":180,"texture":"#missing"},"down":{"uv":[0,0,2,0],"rotation":180,"texture":"#missing"}}}],"display":{"thirdperson_righthand":{"scale":[0.3,0.3,0.3]},"thirdperson_lefthand":{"scale":[0.3,0.3,0.3]},"firstperson_righthand":{"translation":[0,0,2.25],"scale":[0.3,0.3,0.3]},"firstperson_lefthand":{"translation":[0,0,2.25],"scale":[0.3,0.3,0.3]},"ground":{"scale":[0.3,0.3,0.3]},"gui":{"rotation":[18,33,0],"translation":[2.25,-3,0],"scale":[0.4,0.4,0.4]},"fixed":{"rotation":[0,-180,0],"translation":[-3,0,-17],"scale":[2,2,2]}},"groups":[{"name":"stem","origin":[8,8,8],"children":[0,1,2,3,4,5,6,7,8,9,10,11,12,13,14,15,16,17,18,19,20,21,22,23,24,25,26,27,28,29,30,31,32,33,34,35,36,37,38,39,40,41,42,43,44,45,46,47,48,49,50,51,52]},{"name":"branches","origin":[8,8,8],"children":[]},{"name":"1","origin":[0,0,0],"children":[53,54]},{"name":"2","origin":[0,0,0],"children":[55,56]},{"name":"1","origin":[0,0,0],"children":[57,58]},{"name":"2","origin":[0,0,0],"children":[59,60]},{"name":"3","origin":[0,0,0],"children":[61,62]},{"name":"flowers","origin":[8,8,8],"children":[{"name":"1","origin":[0,0,0],"children":[63,64]},{"name":"1","origin":[0,0,0],"children":[65,66]},{"name":"1","origin":[0,0,0],"children":[67,68]},{"name":"2","origin":[0,0,0],"children":[69,70]},{"name":"2","origin":[0,0,0],"children":[71,72]},{"name":"3","origin":[0,0,0],"children":[73,74]},{"name":"3","origin":[0,0,0],"children":[75,76]},{"name":"3","origin":[0,0,0],"children":[77,78]}]}]}