{"credit":"Made with Blockbench","texture_size":[32,32],"textures":{"0":"block/flowers/wisteria1","particle":"block/flowers/wisteria1"},"elements":[{"from":[4,8,2],"to":[7,9,3],"rotation":{"angle":0,"axis":"y","origin":[-12,-10,0]},"faces":{"north":{"uv":[13,5.5,14.5,6],"texture":"#0"},"east":{"uv":[12.5,5,13,5.5],"texture":"#0"},"south":{"uv":[13,5.5,14.5,6],"texture":"#0"},"west":{"uv":[12,5,12.5,5.5],"texture":"#0"},"up":{"uv":[13,5.5,14.5,6],"texture":"#0"},"down":{"uv":[13,5.5,14.5,6],"texture":"#0"}}},{"from":[3,7,2],"to":[4,8,3],"rotation":{"angle":0,"axis":"y","origin":[-12,-10,0]},"faces":{"north":{"uv":[12,5,12.5,5.5],"texture":"#0"},"east":{"uv":[12,5,12.5,5.5],"texture":"#0"},"south":{"uv":[12,5,12.5,5.5],"texture":"#0"},"west":{"uv":[12,5,12.5,5.5],"texture":"#0"},"up":{"uv":[12,5,12.5,5.5],"texture":"#0"},"down":{"uv":[12,5,12.5,5.5],"texture":"#0"}}},{"from":[2,6,2],"to":[3,7,3],"rotation":{"angle":0,"axis":"y","origin":[-12,-10,0]},"faces":{"north":{"uv":[12,5,12.5,5.5],"texture":"#0"},"east":{"uv":[12,5,12.5,5.5],"texture":"#0"},"south":{"uv":[12,5,12.5,5.5],"texture":"#0"},"west":{"uv":[12,5,12.5,5.5],"texture":"#0"},"up":{"uv":[12,5,12.5,5.5],"texture":"#0"},"down":{"uv":[12,5,12.5,5.5],"texture":"#0"}}},{"from":[11,14,1],"to":[12,17,2],"rotation":{"angle":0,"axis":"y","origin":[-12,-10,0]},"faces":{"north":{"uv":[12,11,12.5,12.5],"texture":"#0"},"east":{"uv":[12,11,12.5,12.5],"texture":"#0"},"south":{"uv":[12,11,12.5,12.5],"texture":"#0"},"west":{"uv":[12,11,12.5,12.5],"texture":"#0"},"up":{"uv":[12,12,12.5,12.5],"texture":"#0"},"down":{"uv":[12,11.5,12.5,12],"texture":"#0"}}},{"from":[12,15,1],"to":[13,18,2],"rotation":{"angle":0,"axis":"y","origin":[-12,-10,0]},"faces":{"north":{"uv":[12,11,12.5,12.5],"texture":"#0"},"east":{"uv":[12,11,12.5,12.5],"texture":"#0"},"south":{"uv":[12,11,12.5,12.5],"texture":"#0"},"west":{"uv":[12,11,12.5,12.5],"texture":"#0"},"up":{"uv":[12,12,12.5,12.5],"texture":"#0"},"down":{"uv":[12,11.5,12.5,12],"texture":"#0"}}},{"from":[5,20,1],"to":[6,21,2],"rotation":{"angle":0,"axis":"y","origin":[-12,-10,0]},"faces":{"north":{"uv":[12,5,12.5,5.5],"texture":"#0"},"east":{"uv":[12,5,12.5,5.5],"texture":"#0"},"south":{"uv":[12,5,12.5,5.5],"texture":"#0"},"west":{"uv":[12,5,12.5,5.5],"texture":"#0"},"up":{"uv":[12,5,12.5,5.5],"texture":"#0"},"down":{"uv":[12,5,12.5,5.5],"texture":"#0"}}},{"from":[6,14,4],"to":[8,17,4],"rotation":{"angle":0,"axis":"y","origin":[-12,-10,0]},"faces":{"north":{"uv":[2,11.5,3,13],"texture":"#0"},"east":{"uv":[0,0,0,1.5],"texture":"#missing"},"south":{"uv":[2,11.5,3,13],"texture":"#0"},"west":{"uv":[2,11.5,3,13],"texture":"#missing"},"up":{"uv":[0,0,1,0],"texture":"#missing"},"down":{"uv":[0,0,1,0],"texture":"#missing"}}},{"from":[7,14,4],"to":[7,17,6],"rotation":{"angle":0,"axis":"y","origin":[1,18.5,2]},"faces":{"north":{"uv":[2,11.5,2,13],"texture":"#missing"},"east":{"uv":[2,11.5,3,13],"texture":"#0"},"south":{"uv":[2,11.5,3,13],"texture":"#0"},"west":{"uv":[2,11.5,3,13],"texture":"#0"},"up":{"uv":[0,0,1,0],"rotation":90,"texture":"#missing"},"down":{"uv":[0,0,1,0],"rotation":270,"texture":"#missing"}}},{"from":[0,17,2],"to":[2,20,2],"rotation":{"angle":0,"axis":"y","origin":[-12,-10,0]},"faces":{"north":{"uv":[4,12.5,5,14],"texture":"#0"},"east":{"uv":[0,0,0,1.5],"texture":"#missing"},"south":{"uv":[4,12.5,5,14],"texture":"#0"},"west":{"uv":[0,0,0,1.5],"texture":"#missing"},"up":{"uv":[0,0,1,0],"texture":"#missing"},"down":{"uv":[0,0,1,0],"texture":"#missing"}}},{"from":[1,17,1],"to":[1,20,3],"rotation":{"angle":0,"axis":"y","origin":[1,18.5,2]},"faces":{"north":{"uv":[0,0,0,1.5],"texture":"#missing"},"east":{"uv":[4,12.5,5,14],"texture":"#0"},"south":{"uv":[0,0,0,1.5],"texture":"#missing"},"west":{"uv":[4,12.5,5,14],"texture":"#0"},"up":{"uv":[0,0,1,0],"rotation":90,"texture":"#missing"},"down":{"uv":[0,0,1,0],"rotation":270,"texture":"#missing"}}},{"from":[5,5,4],"to":[7,8,4],"rotation":{"angle":0,"axis":"y","origin":[-8.5,7.5,4.25]},"faces":{"north":{"uv":[4,12.5,5,14],"texture":"#0"},"east":{"uv":[0,0,0,1.5],"texture":"#missing"},"south":{"uv":[4,12.5,5,14],"texture":"#0"},"west":{"uv":[0,0,0,1.5],"texture":"#missing"},"up":{"uv":[0,0,1,0],"rotation":180,"texture":"#missing"},"down":{"uv":[0,0,1,0],"rotation":180,"texture":"#missing"}}},{"from":[6,5,3.5],"to":[6,8,5.5],"rotation":{"angle":0,"axis":"y","origin":[-8.5,7.5,4.25]},"faces":{"north":{"uv":[0,0,0,1.5],"texture":"#missing"},"east":{"uv":[4,12.5,5,14],"texture":"#0"},"south":{"uv":[0,0,0,1.5],"texture":"#missing"},"west":{"uv":[4,12.5,5,14],"texture":"#0"},"up":{"uv":[0,0,1,0],"rotation":270,"texture":"#missing"},"down":{"uv":[0,0,1,0],"rotation":90,"texture":"#missing"}}},{"from":[11,19,3],"to":[14,21,3],"rotation":{"angle":0,"axis":"z","origin":[-5,7,4.5]},"faces":{"north":{"uv":[2,11.5,3,13],"rotation":90,"texture":"#0"},"east":{"uv":[0,0,1,0],"rotation":90,"texture":"#missing"},"south":{"uv":[2,11.5,3,13],"rotation":270,"texture":"#0"},"west":{"uv":[0,0,1,0],"rotation":90,"texture":"#missing"},"up":{"uv":[2,11.5,3,13],"rotation":270,"texture":"#missing"},"down":{"uv":[0,0,0,1.5],"rotation":270,"texture":"#missing"}}},{"from":[10,20,2],"to":[13,20,4],"rotation":{"angle":0,"axis":"z","origin":[-5,7,4.5]},"faces":{"north":{"uv":[2,11.5,3,13],"rotation":90,"texture":"#0"},"east":{"uv":[0,0,1,0],"texture":"#missing"},"south":{"uv":[2,11.5,2,13],"rotation":270,"texture":"#missing"},"west":{"uv":[0,0,1,0],"rotation":180,"texture":"#missing"},"up":{"uv":[2,11.5,3,13],"rotation":270,"texture":"#0"},"down":{"uv":[2,11.5,3,13],"rotation":270,"texture":"#0"}}},{"from":[11,10,3],"to":[13,13,3],"rotation":{"angle":0,"axis":"y","origin":[-8.5,7.5,4.25]},"faces":{"north":{"uv":[6.5,12.5,7.5,14],"texture":"#0"},"east":{"uv":[0,0,0,1.5],"texture":"#missing"},"south":{"uv":[6.5,12.5,7.5,14],"texture":"#0"},"west":{"uv":[0,0,0,1.5],"texture":"#missing"},"up":{"uv":[0,0,1,0],"rotation":180,"texture":"#missing"},"down":{"uv":[0,0,1,0],"rotation":180,"texture":"#missing"}}},{"from":[12,10,2],"to":[12,13,4],"rotation":{"angle":0,"axis":"y","origin":[-8.5,7.5,4.25]},"faces":{"north":{"uv":[0,0,0,1.5],"texture":"#missing"},"east":{"uv":[6.5,12.5,7.5,14],"texture":"#0"},"south":{"uv":[6.5,12.5,6.5,14],"texture":"#missing"},"west":{"uv":[6.5,12.5,7.5,14],"texture":"#0"},"up":{"uv":[0,0,1,0],"rotation":270,"texture":"#missing"},"down":{"uv":[0,0,1,0],"rotation":90,"texture":"#missing"}}},{"from":[6,19,3],"to":[8,22,3],"rotation":{"angle":0,"axis":"y","origin":[-8.5,-11.5,4.25]},"faces":{"north":{"uv":[6.5,14,7.5,12.5],"texture":"#0"},"east":{"uv":[0,1.5,0,0],"texture":"#missing"},"south":{"uv":[6.5,14,7.5,12.5],"texture":"#0"},"west":{"uv":[0,1.5,0,0],"texture":"#missing"},"up":{"uv":[0,0,1,0],"rotation":180,"texture":"#missing"},"down":{"uv":[0,0,1,0],"rotation":180,"texture":"#missing"}}},{"from":[7,19,2],"to":[7,22,4],"rotation":{"angle":0,"axis":"y","origin":[-8.5,-11.5,4.25]},"faces":{"north":{"uv":[0,1.5,0,0],"texture":"#missing"},"east":{"uv":[6.5,14,7.5,12.5],"texture":"#0"},"south":{"uv":[6.5,14,6.5,12.5],"texture":"#missing"},"west":{"uv":[6.5,14,7.5,12.5],"texture":"#0"},"up":{"uv":[1,0,0,0],"rotation":90,"texture":"#missing"},"down":{"uv":[1,0,0,0],"rotation":270,"texture":"#missing"}}},{"from":[6,0,1],"to":[10,9,1],"rotation":{"angle":0,"axis":"y","origin":[-12,-10,0]},"faces":{"north":{"uv":[2.5,0,4.5,4.5],"texture":"#0"},"east":{"uv":[0,0,0,4.5],"texture":"#missing"},"south":{"uv":[2.5,0,4.5,4.5],"texture":"#0"},"west":{"uv":[0,0,0,4.5],"texture":"#missing"},"up":{"uv":[0,0,2,0],"texture":"#missing"},"down":{"uv":[0,0,2,0],"texture":"#missing"}}},{"from":[8,-1,0],"to":[8,8,4],"rotation":{"angle":0,"axis":"y","origin":[-10,-6.5,0]},"faces":{"north":{"uv":[0,0,0,4.5],"texture":"#missing"},"east":{"uv":[2.5,0,4.5,4.5],"texture":"#0"},"south":{"uv":[0,0,0,4.5],"texture":"#missing"},"west":{"uv":[2.5,0,4.5,4.5],"texture":"#0"},"up":{"uv":[0,0,2,0],"rotation":270,"texture":"#missing"},"down":{"uv":[0,0,2,0],"rotation":90,"texture":"#missing"}}},{"from":[6,9,1],"to":[10,18,1],"rotation":{"angle":0,"axis":"y","origin":[4,-10,0]},"faces":{"north":{"uv":[4.5,0,2.5,4.5],"texture":"#0"},"east":{"uv":[0,0,0,4.5],"texture":"#missing"},"south":{"uv":[4.5,0,2.5,4.5],"texture":"#0"},"west":{"uv":[0,0,0,4.5],"texture":"#missing"},"up":{"uv":[2,0,0,0],"texture":"#missing"},"down":{"uv":[2,0,0,0],"texture":"#missing"}}},{"from":[8,8,0],"to":[8,17,4],"rotation":{"angle":0,"axis":"y","origin":[2,-6.5,0]},"faces":{"north":{"uv":[0,0,0,4.5],"texture":"#missing"},"east":{"uv":[4.5,0,2.5,4.5],"texture":"#0"},"south":{"uv":[0,0,0,4.5],"texture":"#missing"},"west":{"uv":[4.5,0,2.5,4.5],"texture":"#0"},"up":{"uv":[0,0,2,0],"rotation":270,"texture":"#missing"},"down":{"uv":[0,0,2,0],"rotation":90,"texture":"#missing"}}},{"from":[12,12,1],"to":[16,21,1],"rotation":{"angle":-45,"axis":"y","origin":[14,4,1.5]},"faces":{"north":{"uv":[4.5,0,2.5,4.5],"texture":"#0"},"east":{"uv":[0,0,0,4.5],"texture":"#missing"},"south":{"uv":[4.5,0,2.5,4.5],"texture":"#0"},"west":{"uv":[0,0,0,4.5],"texture":"#missing"},"up":{"uv":[2,0,0,0],"texture":"#missing"},"down":{"uv":[2,0,0,0],"texture":"#missing"}}},{"from":[14,11,0],"to":[14,20,4],"rotation":{"angle":-45,"axis":"y","origin":[14,4,1.5]},"faces":{"north":{"uv":[0,0,0,4.5],"texture":"#missing"},"east":{"uv":[4.5,0,2.5,4.5],"texture":"#0"},"south":{"uv":[0,0,0,4.5],"texture":"#missing"},"west":{"uv":[4.5,0,2.5,4.5],"texture":"#0"},"up":{"uv":[0,0,2,0],"rotation":270,"texture":"#missing"},"down":{"uv":[0,0,2,0],"rotation":90,"texture":"#missing"}}},{"from":[3.75,10,2],"to":[3.75,16,7],"rotation":{"angle":-45,"axis":"y","origin":[3.75,12.5,4.75]},"faces":{"north":{"uv":[0,0,0,3],"texture":"#missing"},"east":{"uv":[5,0,7.5,3],"texture":"#0"},"south":{"uv":[0,0,0,3],"texture":"#missing"},"west":{"uv":[5,0,7.5,3],"texture":"#0"},"up":{"uv":[0,0,2.5,0],"rotation":270,"texture":"#missing"},"down":{"uv":[0,0,2.5,0],"rotation":90,"texture":"#missing"}}},{"from":[1.75,9,5],"to":[5.75,15,5],"rotation":{"angle":-45,"axis":"y","origin":[3.75,12.5,4.75]},"faces":{"north":{"uv":[5,0,7,3],"texture":"#0"},"east":{"uv":[0,0,0,3],"texture":"#missing"},"south":{"uv":[5,0,7,3],"texture":"#0"},"west":{"uv":[0,0,0,3],"texture":"#missing"},"up":{"uv":[0,0,2,0],"rotation":180,"texture":"#missing"},"down":{"uv":[0,0,2,0],"rotation":180,"texture":"#missing"}}},{"from":[4,12,3],"to":[9,18,3],"rotation":{"angle":0,"axis":"y","origin":[-12,-10,0]},"faces":{"north":{"uv":[5,0,7.5,3],"texture":"#0"},"east":{"uv":[0,0,0,3],"texture":"#missing"},"south":{"uv":[5,0,7.5,3],"texture":"#0"},"west":{"uv":[0,0,0,3],"texture":"#missing"},"up":{"uv":[0,0,2.5,0],"texture":"#missing"},"down":{"uv":[0,0,2.5,0],"texture":"#missing"}}},{"from":[6,11,2],"to":[6,17,6],"rotation":{"angle":0,"axis":"y","origin":[-10,-6.5,0]},"faces":{"north":{"uv":[0,0,0,3],"texture":"#missing"},"east":{"uv":[5,0,7,3],"texture":"#0"},"south":{"uv":[0,0,0,3],"texture":"#missing"},"west":{"uv":[5,0,7,3],"texture":"#0"},"up":{"uv":[0,0,2,0],"rotation":270,"texture":"#missing"},"down":{"uv":[0,0,2,0],"rotation":90,"texture":"#missing"}}},{"from":[7,16,2],"to":[12,22,2],"rotation":{"angle":0,"axis":"y","origin":[-12,-10,0]},"faces":{"north":{"uv":[5,0,7.5,3],"texture":"#0"},"east":{"uv":[0,0,0,3],"texture":"#missing"},"south":{"uv":[5,0,7.5,3],"texture":"#0"},"west":{"uv":[0,0,0,3],"texture":"#missing"},"up":{"uv":[0,0,2.5,0],"texture":"#missing"},"down":{"uv":[0,0,2.5,0],"texture":"#missing"}}},{"from":[9,15,1],"to":[9,21,5],"rotation":{"angle":0,"axis":"y","origin":[-10,-6.5,0]},"faces":{"north":{"uv":[0,0,0,3],"texture":"#missing"},"east":{"uv":[5,0,7,3],"texture":"#0"},"south":{"uv":[0,0,0,3],"texture":"#missing"},"west":{"uv":[5,0,7,3],"texture":"#0"},"up":{"uv":[0,0,2,0],"rotation":270,"texture":"#missing"},"down":{"uv":[0,0,2,0],"rotation":90,"texture":"#missing"}}},{"from":[2.75,16,0.25],"to":[2.75,22,5.25],"rotation":{"angle":0,"axis":"y","origin":[4.25,18.5,2.5]},"faces":{"north":{"uv":[0,0,0,3],"texture":"#missing"},"east":{"uv":[5,0,7.5,3],"texture":"#0"},"south":{"uv":[0,0,0,3],"texture":"#missing"},"west":{"uv":[5,0,7.5,3],"texture":"#0"},"up":{"uv":[0,0,2.5,0],"rotation":90,"texture":"#missing"},"down":{"uv":[0,0,2.5,0],"rotation":270,"texture":"#missing"}}},{"from":[0.75,15,2.25],"to":[5.75,21,2.25],"rotation":{"angle":0,"axis":"y","origin":[4.25,18.5,2.5]},"faces":{"north":{"uv":[5,0,7.5,3],"texture":"#0"},"east":{"uv":[0,0,0,3],"texture":"#missing"},"south":{"uv":[5,0,7.5,3],"texture":"#0"},"west":{"uv":[0,0,0,3],"texture":"#missing"},"up":{"uv":[0,0,2,0],"texture":"#missing"},"down":{"uv":[0,0,2,0],"texture":"#missing"}}},{"from":[9.5,10,2],"to":[9.5,17,6],"rotation":{"angle":-45,"axis":"y","origin":[9.5,13,4]},"faces":{"north":{"uv":[0,0,0,3.5],"texture":"#missing"},"east":{"uv":[0,0,2,3.5],"texture":"#0"},"south":{"uv":[0,0,0,3.5],"texture":"#missing"},"west":{"uv":[0,0,2,3.5],"texture":"#0"},"up":{"uv":[0,0,2,0],"rotation":90,"texture":"#missing"},"down":{"uv":[0,0,2,0],"rotation":270,"texture":"#missing"}}},{"from":[7.5,9,4],"to":[11.5,16,4],"rotation":{"angle":-45,"axis":"y","origin":[9.5,13,4]},"faces":{"north":{"uv":[0,0,2,3.5],"texture":"#0"},"east":{"uv":[0,0,0,3.5],"texture":"#missing"},"south":{"uv":[0,0,2,3.5],"texture":"#0"},"west":{"uv":[0,0,0,3.5],"texture":"#missing"},"up":{"uv":[0,0,2,0],"texture":"#missing"},"down":{"uv":[0,0,2,0],"texture":"#missing"}}},{"from":[9,5,2],"to":[13,12,2],"rotation":{"angle":0,"axis":"y","origin":[-12,-10,0]},"faces":{"north":{"uv":[0,0,2,3.5],"texture":"#0"},"east":{"uv":[0,0,0,3.5],"texture":"#missing"},"south":{"uv":[0,0,2,3.5],"texture":"#0"},"west":{"uv":[0,0,0,3.5],"texture":"#missing"},"up":{"uv":[0,0,2,0],"texture":"#missing"},"down":{"uv":[0,0,2,0],"texture":"#missing"}}},{"from":[11,4,1],"to":[11,11,5],"rotation":{"angle":0,"axis":"y","origin":[-10,-6.5,0]},"faces":{"north":{"uv":[0,0,0,3.5],"texture":"#missing"},"east":{"uv":[0,0,2,3.5],"texture":"#0"},"south":{"uv":[0,0,0,3.5],"texture":"#missing"},"west":{"uv":[0,0,2,3.5],"texture":"#0"},"up":{"uv":[0,0,2,0],"rotation":270,"texture":"#missing"},"down":{"uv":[0,0,2,0],"rotation":90,"texture":"#missing"}}},{"from":[2,3,2],"to":[6,10,2],"rotation":{"angle":0,"axis":"y","origin":[-12,-10,0]},"faces":{"north":{"uv":[0,0,2,3.5],"texture":"#0"},"east":{"uv":[0,0,0,3.5],"texture":"#missing"},"south":{"uv":[0,0,2,3.5],"texture":"#0"},"west":{"uv":[0,0,0,3.5],"texture":"#missing"},"up":{"uv":[0,0,2,0],"texture":"#missing"},"down":{"uv":[0,0,2,0],"texture":"#missing"}}},{"from":[5,2,1],"to":[5,9,5],"rotation":{"angle":0,"axis":"y","origin":[-10,-6.5,0]},"faces":{"north":{"uv":[0,0,0,3.5],"texture":"#missing"},"east":{"uv":[0,0,2,3.5],"texture":"#0"},"south":{"uv":[0,0,0,3.5],"texture":"#missing"},"west":{"uv":[0,0,2,3.5],"texture":"#0"},"up":{"uv":[0,0,2,0],"rotation":270,"texture":"#missing"},"down":{"uv":[0,0,2,0],"rotation":90,"texture":"#missing"}}}],"display":{"thirdperson_righthand":{"scale":[0.3,0.3,0.3]},"thirdperson_lefthand":{"scale":[0.3,0.3,0.3]},"firstperson_righthand":{"translation":[0,0,2.25],"scale":[0.3,0.3,0.3]},"firstperson_lefthand":{"translation":[0,0,2.25],"scale":[0.3,0.3,0.3]},"ground":{"scale":[0.3,0.3,0.3]},"gui":{"rotation":[10,14,0],"translation":[1.75,-1.25,0],"scale":[0.4,0.4,0.4]},"fixed":{"rotation":[0,-180,0],"translation":[2,-8,-17],"scale":[2,2,2]}},"groups":[{"name":"branches","origin":[0,0,0],"children":[0,1,2,3,4,5,{"name":"2","origin":[0,0,0],"children":[6,7]},{"name":"1","origin":[0,0,0],"children":[8,9]},{"name":"1","origin":[0,0,0],"children":[10,11]},{"name":"2","origin":[0,0,0],"children":[12,13]},{"name":"3","origin":[0,0,0],"children":[14,15]},{"name":"3","origin":[0,0,0],"children":[16,17]}]},{"name":"flowers","origin":[0,0,0],"children":[{"name":"2","origin":[0,0,0],"children":[18,19]},{"name":"2","origin":[0,0,0],"children":[20,21]},{"name":"2","origin":[0,0,0],"children":[22,23]},{"name":"3","origin":[0,0,0],"children":[24,25]},{"name":"3","origin":[0,0,0],"children":[26,27]},{"name":"3","origin":[0,0,0],"children":[28,29]},{"name":"3","origin":[0,0,0],"children":[30,31]},{"name":"1","origin":[0,0,0],"children":[32,33]},{"name":"1","origin":[0,0,0],"children":[34,35]},{"name":"1","origin":[0,0,0],"children":[36,37]}]}]}