{"credit":"Made with Blockbench","texture_size":[32,32],"textures":{"0":"block/flowers/wisteria1","particle":"block/flowers/wisteria1"},"elements":[{"from":[0,15,7],"to":[2,18,7],"rotation":{"angle":0,"axis":"y","origin":[-12,-5,0]},"faces":{"north":{"uv":[5,12.5,4,14],"texture":"#0"},"east":{"uv":[0,0,0,1.5],"texture":"#missing"},"south":{"uv":[5,12.5,4,14],"texture":"#0"},"west":{"uv":[0,0,0,1.5],"texture":"#missing"},"up":{"uv":[1,0,0,0],"texture":"#missing"},"down":{"uv":[1,0,0,0],"texture":"#missing"}}},{"from":[1,15,6],"to":[1,18,8],"rotation":{"angle":0,"axis":"y","origin":[-25,23.5,2]},"faces":{"north":{"uv":[0,0,0,1.5],"texture":"#missing"},"east":{"uv":[5,12.5,4,14],"texture":"#0"},"south":{"uv":[0,0,0,1.5],"texture":"#missing"},"west":{"uv":[5,12.5,4,14],"texture":"#0"},"up":{"uv":[0,0,1,0],"rotation":90,"texture":"#missing"},"down":{"uv":[0,0,1,0],"rotation":270,"texture":"#missing"}}},{"from":[8,12,10],"to":[10,15,10],"rotation":{"angle":0,"axis":"y","origin":[-12,-5,0]},"faces":{"north":{"uv":[5,12.5,4,14],"texture":"#0"},"east":{"uv":[0,0,0,1.5],"texture":"#missing"},"south":{"uv":[5,12.5,4,14],"texture":"#0"},"west":{"uv":[0,0,0,1.5],"texture":"#missing"},"up":{"uv":[1,0,0,0],"texture":"#missing"},"down":{"uv":[1,0,0,0],"texture":"#missing"}}},{"from":[9,12,9],"to":[9,15,11],"rotation":{"angle":0,"axis":"y","origin":[-25,23.5,2]},"faces":{"north":{"uv":[0,0,0,1.5],"texture":"#missing"},"east":{"uv":[5,12.5,4,14],"texture":"#0"},"south":{"uv":[0,0,0,1.5],"texture":"#missing"},"west":{"uv":[5,12.5,4,14],"texture":"#0"},"up":{"uv":[0,0,1,0],"rotation":90,"texture":"#missing"},"down":{"uv":[0,0,1,0],"rotation":270,"texture":"#missing"}}},{"from":[1,9,6],"to":[3,12,6],"rotation":{"angle":0,"axis":"y","origin":[-12,-5,0]},"faces":{"north":{"uv":[5,12.5,4,14],"texture":"#0"},"east":{"uv":[0,0,0,1.5],"texture":"#missing"},"south":{"uv":[5,12.5,4,14],"texture":"#0"},"west":{"uv":[0,0,0,1.5],"texture":"#missing"},"up":{"uv":[1,0,0,0],"texture":"#missing"},"down":{"uv":[1,0,0,0],"texture":"#missing"}}},{"from":[1,9,6],"to":[3,12,6],"rotation":{"angle":0,"axis":"y","origin":[-12,-5,0]},"faces":{"north":{"uv":[5,12.5,4,14],"texture":"#0"},"east":{"uv":[0,0,0,1.5],"texture":"#missing"},"south":{"uv":[5,12.5,4,14],"texture":"#0"},"west":{"uv":[0,0,0,1.5],"texture":"#missing"},"up":{"uv":[1,0,0,0],"texture":"#missing"},"down":{"uv":[1,0,0,0],"texture":"#missing"}}},{"from":[2,9,5],"to":[2,12,7],"rotation":{"angle":0,"axis":"y","origin":[-25,23.5,2]},"faces":{"north":{"uv":[0,0,0,1.5],"texture":"#missing"},"east":{"uv":[5,12.5,4,14],"texture":"#0"},"south":{"uv":[0,0,0,1.5],"texture":"#missing"},"west":{"uv":[5,12.5,4,14],"texture":"#0"},"up":{"uv":[0,0,1,0],"rotation":90,"texture":"#missing"},"down":{"uv":[0,0,1,0],"rotation":270,"texture":"#missing"}}},{"from":[9,12,2],"to":[11,15,2],"rotation":{"angle":0,"axis":"y","origin":[-12,-5,0]},"faces":{"north":{"uv":[3,11.5,2,13],"texture":"#0"},"east":{"uv":[3,11.5,2,13],"texture":"#missing"},"south":{"uv":[3,11.5,2,13],"texture":"#0"},"west":{"uv":[0,0,0,1.5],"texture":"#missing"},"up":{"uv":[1,0,0,0],"texture":"#missing"},"down":{"uv":[1,0,0,0],"texture":"#missing"}}},{"from":[10,12,2],"to":[10,15,4],"rotation":{"angle":0,"axis":"y","origin":[-25,23.5,2]},"faces":{"north":{"uv":[2,11.5,2,13],"texture":"#missing"},"east":{"uv":[3,11.5,2,13],"texture":"#0"},"south":{"uv":[3,11.5,2,13],"texture":"#0"},"west":{"uv":[3,11.5,2,13],"texture":"#0"},"up":{"uv":[0,0,1,0],"rotation":90,"texture":"#missing"},"down":{"uv":[0,0,1,0],"rotation":270,"texture":"#missing"}}},{"from":[13.5,14.5,6.25],"to":[16.5,16.5,6.25],"rotation":{"angle":0,"axis":"z","origin":[10,24.5,2.5]},"faces":{"north":{"uv":[2,13,3,11.5],"rotation":270,"texture":"#0"},"east":{"uv":[0,0,1,0],"rotation":90,"texture":"#missing"},"south":{"uv":[2,13,3,11.5],"rotation":90,"texture":"#0"},"west":{"uv":[0,0,1,0],"rotation":90,"texture":"#missing"},"up":{"uv":[2,13,3,11.5],"rotation":90,"texture":"#missing"},"down":{"uv":[0,1.5,0,0],"rotation":90,"texture":"#missing"}}},{"from":[13.5,15.5,6.25],"to":[16.5,15.5,8.25],"rotation":{"angle":0,"axis":"z","origin":[10,24.5,2.5]},"faces":{"north":{"uv":[2,13,2,11.5],"rotation":270,"texture":"#missing"},"east":{"uv":[1,0,0,0],"texture":"#missing"},"south":{"uv":[2,13,3,11.5],"rotation":90,"texture":"#0"},"west":{"uv":[1,0,0,0],"rotation":180,"texture":"#missing"},"up":{"uv":[2,13,3,11.5],"rotation":90,"texture":"#0"},"down":{"uv":[2,13,3,11.5],"rotation":90,"texture":"#0"}}},{"from":[11.5,14.5,5.25],"to":[11.5,16.5,8.25],"rotation":{"angle":0,"axis":"y","origin":[15,15.5,6.75]},"faces":{"north":{"uv":[0,0,1,0],"rotation":90,"texture":"#missing"},"east":{"uv":[2,13,3,11.5],"rotation":90,"texture":"#0"},"south":{"uv":[0,0,1,0],"rotation":90,"texture":"#missing"},"west":{"uv":[2,13,3,11.5],"rotation":270,"texture":"#0"},"up":{"uv":[2,13,3,11.5],"texture":"#missing"},"down":{"uv":[0,1.5,0,0],"rotation":180,"texture":"#missing"}}},{"from":[11.5,15.5,5.25],"to":[13.5,15.5,8.25],"rotation":{"angle":0,"axis":"y","origin":[15,15.5,6.75]},"faces":{"north":{"uv":[1,0,0,0],"texture":"#missing"},"east":{"uv":[2,13,3,11.5],"rotation":90,"texture":"#0"},"south":{"uv":[1,0,0,0],"rotation":180,"texture":"#missing"},"west":{"uv":[2,13,2,11.5],"rotation":270,"texture":"#missing"},"up":{"uv":[2,13,3,11.5],"texture":"#0"},"down":{"uv":[2,13,3,11.5],"rotation":180,"texture":"#0"}}},{"from":[10.5,14.5,9.25],"to":[10.5,16.5,12.25],"rotation":{"angle":0,"axis":"y","origin":[15,15.5,6.75]},"faces":{"north":{"uv":[0,0,1,0],"rotation":90,"texture":"#missing"},"east":{"uv":[2,13,3,11.5],"rotation":90,"texture":"#0"},"south":{"uv":[0,0,1,0],"rotation":90,"texture":"#missing"},"west":{"uv":[2,13,3,11.5],"rotation":270,"texture":"#0"},"up":{"uv":[2,13,3,11.5],"texture":"#missing"},"down":{"uv":[0,1.5,0,0],"rotation":180,"texture":"#missing"}}},{"from":[10.5,15.5,9.25],"to":[12.5,15.5,12.25],"rotation":{"angle":0,"axis":"y","origin":[15,15.5,6.75]},"faces":{"north":{"uv":[1,0,0,0],"texture":"#missing"},"east":{"uv":[2,13,3,11.5],"rotation":90,"texture":"#0"},"south":{"uv":[1,0,0,0],"rotation":180,"texture":"#missing"},"west":{"uv":[2,13,2,11.5],"rotation":270,"texture":"#missing"},"up":{"uv":[2,13,3,11.5],"texture":"#0"},"down":{"uv":[2,13,3,11.5],"rotation":180,"texture":"#0"}}},{"from":[7.5,15.5,14],"to":[10.5,15.5,16],"rotation":{"angle":0,"axis":"x","origin":[-1,23.5,3]},"faces":{"north":{"uv":[0,1.5,0,0],"rotation":90,"texture":"#missing"},"east":{"uv":[0,0,1,0],"texture":"#missing"},"south":{"uv":[2,13,3,11.5],"rotation":270,"texture":"#missing"},"west":{"uv":[0,0,1,0],"rotation":180,"texture":"#missing"},"up":{"uv":[2,13,3,11.5],"rotation":270,"texture":"#0"},"down":{"uv":[2,13,3,11.5],"rotation":270,"texture":"#0"}}},{"from":[7.25,14.5,15],"to":[10.25,16.5,15],"rotation":{"angle":0,"axis":"z","origin":[-0.25,24.5,3]},"faces":{"north":{"uv":[2,13,3,11.5],"rotation":270,"texture":"#0"},"east":{"uv":[0,0,1,0],"rotation":270,"texture":"#missing"},"south":{"uv":[2,13,3,11.5],"rotation":90,"texture":"#0"},"west":{"uv":[0,0,1,0],"rotation":270,"texture":"#missing"},"up":{"uv":[2,13,3,11.5],"rotation":90,"texture":"#0"},"down":{"uv":[2,13,2,11.5],"rotation":90,"texture":"#missing"}}},{"from":[8.5,14.5,4],"to":[11.5,16.5,4],"rotation":{"angle":0,"axis":"z","origin":[10,21.5,4]},"faces":{"north":{"uv":[5,12.5,4,14],"rotation":90,"texture":"#0"},"east":{"uv":[1,0,0,0],"rotation":90,"texture":"#missing"},"south":{"uv":[5,12.5,4,14],"rotation":270,"texture":"#0"},"west":{"uv":[1,0,0,0],"rotation":90,"texture":"#missing"},"up":{"uv":[0,0,0,1.5],"rotation":270,"texture":"#missing"},"down":{"uv":[0,0,0,1.5],"rotation":270,"texture":"#missing"}}},{"from":[8.5,15.5,3],"to":[11.5,15.5,5],"rotation":{"angle":0,"axis":"z","origin":[10,21.5,4]},"faces":{"north":{"uv":[0,0,0,1.5],"rotation":90,"texture":"#missing"},"east":{"uv":[0,0,1,0],"texture":"#missing"},"south":{"uv":[0,0,0,1.5],"rotation":270,"texture":"#missing"},"west":{"uv":[0,0,1,0],"rotation":180,"texture":"#missing"},"up":{"uv":[5,12.5,4,14],"rotation":270,"texture":"#0"},"down":{"uv":[5,12.5,4,14],"rotation":270,"texture":"#0"}}},{"from":[5.8125,14.9375,2],"to":[8.8125,14.9375,4],"rotation":{"angle":0,"axis":"z","origin":[5.4375,14.9375,3]},"faces":{"north":{"uv":[0,1.5,0,0],"rotation":270,"texture":"#missing"},"east":{"uv":[0,0,1,0],"texture":"#missing"},"south":{"uv":[2,13,3,11.5],"rotation":90,"texture":"#missing"},"west":{"uv":[0,0,1,0],"rotation":180,"texture":"#missing"},"up":{"uv":[2,13,3,11.5],"rotation":90,"texture":"#0"},"down":{"uv":[2,13,3,11.5],"rotation":90,"texture":"#0"}}},{"from":[6.0625,13.9375,3],"to":[9.0625,15.9375,3],"rotation":{"angle":0,"axis":"z","origin":[5.4375,14.9375,3]},"faces":{"north":{"uv":[2,13,3,11.5],"rotation":90,"texture":"#0"},"east":{"uv":[0,0,1,0],"rotation":90,"texture":"#missing"},"south":{"uv":[2,13,3,11.5],"rotation":270,"texture":"#0"},"west":{"uv":[0,0,1,0],"rotation":90,"texture":"#missing"},"up":{"uv":[2,13,2,11.5],"rotation":270,"texture":"#missing"},"down":{"uv":[2,13,3,11.5],"rotation":270,"texture":"#0"}}},{"from":[6.8125,14.9375,7],"to":[9.8125,14.9375,9],"rotation":{"angle":0,"axis":"z","origin":[5.4375,14.9375,3]},"faces":{"north":{"uv":[0,1.5,0,0],"rotation":270,"texture":"#missing"},"east":{"uv":[0,0,1,0],"texture":"#missing"},"south":{"uv":[2,13,3,11.5],"rotation":90,"texture":"#missing"},"west":{"uv":[0,0,1,0],"rotation":180,"texture":"#missing"},"up":{"uv":[2,13,3,11.5],"rotation":90,"texture":"#0"},"down":{"uv":[2,13,3,11.5],"rotation":90,"texture":"#0"}}},{"from":[7.0625,13.9375,8],"to":[10.0625,15.9375,8],"rotation":{"angle":0,"axis":"z","origin":[5.4375,14.9375,3]},"faces":{"north":{"uv":[2,13,3,11.5],"rotation":90,"texture":"#0"},"east":{"uv":[0,0,1,0],"rotation":90,"texture":"#missing"},"south":{"uv":[2,13,3,11.5],"rotation":270,"texture":"#0"},"west":{"uv":[0,0,1,0],"rotation":90,"texture":"#missing"},"up":{"uv":[2,13,2,11.5],"rotation":270,"texture":"#missing"},"down":{"uv":[2,13,3,11.5],"rotation":270,"texture":"#0"}}},{"from":[2.4375,11.5625,2],"to":[4.4375,14.5625,2],"rotation":{"angle":0,"axis":"z","origin":[9.4375,15.5,-6.5]},"faces":{"north":{"uv":[5,12.5,4,14],"rotation":180,"texture":"#0"},"east":{"uv":[0,0,0,1.5],"rotation":180,"texture":"#missing"},"south":{"uv":[5,12.5,4,14],"rotation":180,"texture":"#0"},"west":{"uv":[0,0,0,1.5],"rotation":180,"texture":"#missing"},"up":{"uv":[1,0,0,0],"texture":"#missing"},"down":{"uv":[1,0,0,0],"texture":"#missing"}}},{"from":[3.4375,11.5625,1],"to":[3.4375,14.5625,3],"rotation":{"angle":0,"axis":"z","origin":[9.4375,15.5,-6.5]},"faces":{"north":{"uv":[0,0,0,1.5],"rotation":180,"texture":"#missing"},"east":{"uv":[5,12.5,4,14],"rotation":180,"texture":"#0"},"south":{"uv":[0,0,0,1.5],"rotation":180,"texture":"#missing"},"west":{"uv":[5,12.5,4,14],"rotation":180,"texture":"#0"},"up":{"uv":[0,0,1,0],"rotation":270,"texture":"#missing"},"down":{"uv":[0,0,1,0],"rotation":90,"texture":"#missing"}}},{"from":[-0.5,13.5,12],"to":[2.5,15.5,12],"rotation":{"angle":0,"axis":"z","origin":[3,21.5,2]},"faces":{"north":{"uv":[7.5,12.5,6.5,14],"rotation":90,"texture":"#0"},"east":{"uv":[1,0,0,0],"rotation":90,"texture":"#missing"},"south":{"uv":[7.5,12.5,6.5,14],"rotation":270,"texture":"#0"},"west":{"uv":[1,0,0,0],"rotation":90,"texture":"#missing"},"up":{"uv":[0,0,0,1.5],"rotation":270,"texture":"#missing"},"down":{"uv":[0,0,0,1.5],"rotation":270,"texture":"#missing"}}},{"from":[-0.5,14.5,11],"to":[2.5,14.5,13],"rotation":{"angle":0,"axis":"z","origin":[3,21.5,2]},"faces":{"north":{"uv":[0,0,0,1.5],"rotation":90,"texture":"#missing"},"east":{"uv":[0,0,1,0],"texture":"#missing"},"south":{"uv":[6.5,12.5,6.5,14],"rotation":270,"texture":"#missing"},"west":{"uv":[0,0,1,0],"rotation":180,"texture":"#missing"},"up":{"uv":[7.5,12.5,6.5,14],"rotation":270,"texture":"#0"},"down":{"uv":[7.5,12.5,6.5,14],"rotation":270,"texture":"#0"}}},{"from":[2.5,13.5,9],"to":[5.5,15.5,9],"rotation":{"angle":0,"axis":"z","origin":[3,21.5,2]},"faces":{"north":{"uv":[7.5,12.5,6.5,14],"rotation":90,"texture":"#0"},"east":{"uv":[1,0,0,0],"rotation":90,"texture":"#missing"},"south":{"uv":[7.5,12.5,6.5,14],"rotation":270,"texture":"#0"},"west":{"uv":[1,0,0,0],"rotation":90,"texture":"#missing"},"up":{"uv":[0,0,0,1.5],"rotation":270,"texture":"#missing"},"down":{"uv":[0,0,0,1.5],"rotation":270,"texture":"#missing"}}},{"from":[2.5,14.5,8],"to":[5.5,14.5,10],"rotation":{"angle":0,"axis":"z","origin":[3,21.5,2]},"faces":{"north":{"uv":[0,0,0,1.5],"rotation":90,"texture":"#missing"},"east":{"uv":[0,0,1,0],"texture":"#missing"},"south":{"uv":[6.5,12.5,6.5,14],"rotation":270,"texture":"#missing"},"west":{"uv":[0,0,1,0],"rotation":180,"texture":"#missing"},"up":{"uv":[7.5,12.5,6.5,14],"rotation":270,"texture":"#0"},"down":{"uv":[7.5,12.5,6.5,14],"rotation":270,"texture":"#0"}}},{"from":[2.5,13.5,6],"to":[5.5,15.5,6],"rotation":{"angle":0,"axis":"z","origin":[3,21.5,2]},"faces":{"north":{"uv":[7.5,12.5,6.5,14],"rotation":90,"texture":"#0"},"east":{"uv":[1,0,0,0],"rotation":90,"texture":"#missing"},"south":{"uv":[7.5,12.5,6.5,14],"rotation":270,"texture":"#0"},"west":{"uv":[1,0,0,0],"rotation":90,"texture":"#missing"},"up":{"uv":[0,0,0,1.5],"rotation":270,"texture":"#missing"},"down":{"uv":[0,0,0,1.5],"rotation":270,"texture":"#missing"}}},{"from":[2.5,14.5,5],"to":[5.5,14.5,7],"rotation":{"angle":0,"axis":"z","origin":[3,21.5,2]},"faces":{"north":{"uv":[0,0,0,1.5],"rotation":90,"texture":"#missing"},"east":{"uv":[0,0,1,0],"texture":"#missing"},"south":{"uv":[6.5,12.5,6.5,14],"rotation":270,"texture":"#missing"},"west":{"uv":[0,0,1,0],"rotation":180,"texture":"#missing"},"up":{"uv":[7.5,12.5,6.5,14],"rotation":270,"texture":"#0"},"down":{"uv":[7.5,12.5,6.5,14],"rotation":270,"texture":"#0"}}},{"from":[12.5,9.5,8],"to":[15.5,11.5,8],"rotation":{"angle":0,"axis":"z","origin":[-2,15.5,3]},"faces":{"north":{"uv":[7.5,12.5,6.5,14],"rotation":90,"texture":"#0"},"east":{"uv":[1,0,0,0],"rotation":90,"texture":"#missing"},"south":{"uv":[7.5,12.5,6.5,14],"rotation":270,"texture":"#0"},"west":{"uv":[1,0,0,0],"rotation":90,"texture":"#missing"},"up":{"uv":[0,0,0,1.5],"rotation":270,"texture":"#missing"},"down":{"uv":[0,0,0,1.5],"rotation":270,"texture":"#missing"}}},{"from":[12.5,10.5,7],"to":[15.5,10.5,9],"rotation":{"angle":0,"axis":"z","origin":[-2,15.5,3]},"faces":{"north":{"uv":[0,0,0,1.5],"rotation":90,"texture":"#missing"},"east":{"uv":[0,0,1,0],"texture":"#missing"},"south":{"uv":[6.5,12.5,6.5,14],"rotation":270,"texture":"#missing"},"west":{"uv":[0,0,1,0],"rotation":180,"texture":"#missing"},"up":{"uv":[7.5,12.5,6.5,14],"rotation":270,"texture":"#0"},"down":{"uv":[7.5,12.5,6.5,14],"rotation":270,"texture":"#0"}}},{"from":[6,10,15],"to":[8,13,15],"rotation":{"angle":0,"axis":"y","origin":[-15.5,-6.5,4.25]},"faces":{"north":{"uv":[7.5,14,6.5,12.5],"texture":"#0"},"east":{"uv":[0,1.5,0,0],"texture":"#missing"},"south":{"uv":[7.5,14,6.5,12.5],"texture":"#0"},"west":{"uv":[0,1.5,0,0],"texture":"#missing"},"up":{"uv":[1,0,0,0],"rotation":180,"texture":"#missing"},"down":{"uv":[1,0,0,0],"rotation":180,"texture":"#missing"}}},{"from":[7,10,14],"to":[7,13,16],"rotation":{"angle":0,"axis":"y","origin":[-15.5,-6.5,4.25]},"faces":{"north":{"uv":[0,1.5,0,0],"texture":"#missing"},"east":{"uv":[7.5,14,6.5,12.5],"texture":"#0"},"south":{"uv":[6.5,14,6.5,12.5],"texture":"#missing"},"west":{"uv":[7.5,14,6.5,12.5],"texture":"#0"},"up":{"uv":[1,0,0,0],"rotation":90,"texture":"#missing"},"down":{"uv":[1,0,0,0],"rotation":270,"texture":"#missing"}}},{"from":[12,14,11],"to":[14,17,11],"rotation":{"angle":0,"axis":"y","origin":[-15.5,-6.5,4.25]},"faces":{"north":{"uv":[7.5,14,6.5,12.5],"texture":"#0"},"east":{"uv":[0,1.5,0,0],"texture":"#missing"},"south":{"uv":[7.5,14,6.5,12.5],"texture":"#0"},"west":{"uv":[0,1.5,0,0],"texture":"#missing"},"up":{"uv":[1,0,0,0],"rotation":180,"texture":"#missing"},"down":{"uv":[1,0,0,0],"rotation":180,"texture":"#missing"}}},{"from":[13,14,10],"to":[13,17,12],"rotation":{"angle":0,"axis":"y","origin":[-15.5,-6.5,4.25]},"faces":{"north":{"uv":[0,1.5,0,0],"texture":"#missing"},"east":{"uv":[7.5,14,6.5,12.5],"texture":"#0"},"south":{"uv":[6.5,14,6.5,12.5],"texture":"#missing"},"west":{"uv":[7.5,14,6.5,12.5],"texture":"#0"},"up":{"uv":[1,0,0,0],"rotation":90,"texture":"#missing"},"down":{"uv":[1,0,0,0],"rotation":270,"texture":"#missing"}}},{"from":[1,14,9],"to":[3,17,9],"rotation":{"angle":0,"axis":"y","origin":[-15.5,-6.5,4.25]},"faces":{"north":{"uv":[7.5,14,6.5,12.5],"texture":"#0"},"east":{"uv":[0,1.5,0,0],"texture":"#missing"},"south":{"uv":[7.5,14,6.5,12.5],"texture":"#0"},"west":{"uv":[0,1.5,0,0],"texture":"#missing"},"up":{"uv":[1,0,0,0],"rotation":180,"texture":"#missing"},"down":{"uv":[1,0,0,0],"rotation":180,"texture":"#missing"}}},{"from":[2,14,8],"to":[2,17,10],"rotation":{"angle":0,"axis":"y","origin":[-15.5,-6.5,4.25]},"faces":{"north":{"uv":[0,1.5,0,0],"texture":"#missing"},"east":{"uv":[7.5,14,6.5,12.5],"texture":"#0"},"south":{"uv":[6.5,14,6.5,12.5],"texture":"#missing"},"west":{"uv":[7.5,14,6.5,12.5],"texture":"#0"},"up":{"uv":[1,0,0,0],"rotation":90,"texture":"#missing"},"down":{"uv":[1,0,0,0],"rotation":270,"texture":"#missing"}}},{"from":[6,15,9],"to":[12,16,10],"rotation":{"angle":0,"axis":"z","origin":[-1.5,17,0.5]},"faces":{"north":{"uv":[15,6.5,14.5,9.5],"rotation":90,"texture":"#0"},"east":{"uv":[15,6.5,14.5,9.5],"texture":"#0"},"south":{"uv":[15,6.5,14.5,9.5],"rotation":270,"texture":"#0"},"west":{"uv":[15,6.5,14.5,9.5],"rotation":180,"texture":"#0"},"up":{"uv":[15,6.5,14.5,9.5],"rotation":270,"texture":"#0"},"down":{"uv":[15,6.5,14.5,9.5],"rotation":270,"texture":"#0"}}},{"from":[3,16,1],"to":[8,17,2],"rotation":{"angle":0,"axis":"z","origin":[-0.5,19.5,0.5]},"faces":{"north":{"uv":[14.5,5.5,14,8],"rotation":90,"texture":"#0"},"east":{"uv":[14.5,5.5,14,8],"rotation":270,"texture":"#0"},"south":{"uv":[14.5,5.5,14,8],"rotation":270,"texture":"#0"},"west":{"uv":[14.5,5.5,14,8],"rotation":270,"texture":"#0"},"up":{"uv":[14.5,5.5,14,8],"rotation":270,"texture":"#0"},"down":{"uv":[14.5,5.5,14,8],"rotation":270,"texture":"#0"}}},{"from":[-1,16,2],"to":[4,17,3],"rotation":{"angle":0,"axis":"z","origin":[-0.5,19.5,0.5]},"faces":{"north":{"uv":[14.5,5.5,14,8],"rotation":90,"texture":"#0"},"east":{"uv":[14.5,5.5,14,8],"rotation":270,"texture":"#0"},"south":{"uv":[14.5,5.5,14,8],"rotation":270,"texture":"#0"},"west":{"uv":[14.5,5.5,14,8],"rotation":270,"texture":"#0"},"up":{"uv":[14.5,5.5,14,8],"rotation":270,"texture":"#0"},"down":{"uv":[14.5,5.5,14,8],"rotation":270,"texture":"#0"}}},{"from":[14.5,16,2],"to":[16.5,17,3],"rotation":{"angle":0,"axis":"z","origin":[0.5,21,0.5]},"faces":{"north":{"uv":[14,5.5,13.5,6.5],"rotation":90,"texture":"#0"},"east":{"uv":[14,5.5,13.5,6.5],"rotation":270,"texture":"#0"},"south":{"uv":[14,5.5,13.5,6.5],"rotation":270,"texture":"#0"},"west":{"uv":[14,5.5,13.5,6.5],"rotation":270,"texture":"#0"},"up":{"uv":[14,5.5,13.5,6.5],"rotation":270,"texture":"#0"},"down":{"uv":[14,5.5,13.5,6.5],"rotation":270,"texture":"#0"}}},{"from":[14.5,15,3],"to":[16.5,16,4],"rotation":{"angle":0,"axis":"z","origin":[0.5,21,0.5]},"faces":{"north":{"uv":[14,5.5,13.5,6.5],"rotation":90,"texture":"#0"},"east":{"uv":[14,5.5,13.5,6.5],"rotation":270,"texture":"#0"},"south":{"uv":[14,5.5,13.5,6.5],"rotation":270,"texture":"#0"},"west":{"uv":[14,5.5,13.5,6.5],"rotation":270,"texture":"#0"},"up":{"uv":[14,5.5,13.5,6.5],"rotation":270,"texture":"#0"},"down":{"uv":[14,5.5,13.5,6.5],"rotation":270,"texture":"#0"}}},{"from":[1,16,4],"to":[2,17,5],"rotation":{"angle":0,"axis":"y","origin":[3,0,0]},"faces":{"north":{"uv":[13.5,5.5,13,6],"texture":"#0"},"east":{"uv":[13.5,5.5,13,6],"texture":"#0"},"south":{"uv":[13.5,5.5,13,6],"texture":"#0"},"west":{"uv":[13.5,5.5,13,6],"texture":"#0"},"up":{"uv":[13.5,5.5,13,6],"texture":"#0"},"down":{"uv":[13.5,5.5,13,6],"texture":"#0"}}},{"from":[10,15,5],"to":[13,16,6],"rotation":{"angle":0,"axis":"y","origin":[-12,-5,0]},"faces":{"north":{"uv":[14.5,5.5,13,6],"texture":"#0"},"east":{"uv":[12.5,5,12,5.5],"texture":"#0"},"south":{"uv":[14.5,5.5,13,6],"texture":"#0"},"west":{"uv":[13,5,12.5,5.5],"texture":"#0"},"up":{"uv":[14.5,5.5,13,6],"texture":"#0"},"down":{"uv":[14.5,5.5,13,6],"texture":"#0"}}},{"from":[7,16,7],"to":[10,17,8],"rotation":{"angle":0,"axis":"y","origin":[-12,-5,0]},"faces":{"north":{"uv":[14.5,5.5,13,6],"texture":"#0"},"east":{"uv":[12.5,5,12,5.5],"texture":"#0"},"south":{"uv":[14.5,5.5,13,6],"texture":"#0"},"west":{"uv":[13,5,12.5,5.5],"texture":"#0"},"up":{"uv":[14.5,5.5,13,6],"texture":"#0"},"down":{"uv":[14.5,5.5,13,6],"texture":"#0"}}},{"from":[11,16,14],"to":[14,17,15],"rotation":{"angle":0,"axis":"y","origin":[-12,-5,0]},"faces":{"north":{"uv":[14.5,5.5,13,6],"texture":"#0"},"east":{"uv":[12.5,5,12,5.5],"texture":"#0"},"south":{"uv":[14.5,5.5,13,6],"texture":"#0"},"west":{"uv":[13,5,12.5,5.5],"texture":"#0"},"up":{"uv":[14.5,5.5,13,6],"texture":"#0"},"down":{"uv":[14.5,5.5,13,6],"texture":"#0"}}},{"from":[7,16,15],"to":[10,17,16],"rotation":{"angle":0,"axis":"y","origin":[-12,-5,0]},"faces":{"north":{"uv":[14.5,5.5,13,6],"texture":"#0"},"east":{"uv":[12.5,5,12,5.5],"texture":"#0"},"south":{"uv":[14.5,5.5,13,6],"texture":"#0"},"west":{"uv":[13,5,12.5,5.5],"texture":"#0"},"up":{"uv":[14.5,5.5,13,6],"texture":"#0"},"down":{"uv":[14.5,5.5,13,6],"texture":"#0"}}},{"from":[14,16,11],"to":[17,17,12],"rotation":{"angle":0,"axis":"y","origin":[-12,-5,0]},"faces":{"north":{"uv":[14.5,5.5,13,6],"texture":"#0"},"east":{"uv":[12.5,5,12,5.5],"texture":"#0"},"south":{"uv":[14.5,5.5,13,6],"texture":"#0"},"west":{"uv":[13,5,12.5,5.5],"texture":"#0"},"up":{"uv":[14.5,5.5,13,6],"texture":"#0"},"down":{"uv":[14.5,5.5,13,6],"texture":"#0"}}},{"from":[1,16,8],"to":[4,17,9],"rotation":{"angle":0,"axis":"y","origin":[-12,-5,0]},"faces":{"north":{"uv":[14.5,5.5,13,6],"texture":"#0"},"east":{"uv":[12.5,5,12,5.5],"texture":"#0"},"south":{"uv":[14.5,5.5,13,6],"texture":"#0"},"west":{"uv":[13,5,12.5,5.5],"texture":"#0"},"up":{"uv":[14.5,5.5,13,6],"texture":"#0"},"down":{"uv":[14.5,5.5,13,6],"texture":"#0"}}},{"from":[-1,16,12],"to":[2,17,13],"rotation":{"angle":0,"axis":"y","origin":[-12,-5,0]},"faces":{"north":{"uv":[14.5,5.5,13,6],"texture":"#0"},"east":{"uv":[12.5,5,12,5.5],"texture":"#0"},"south":{"uv":[14.5,5.5,13,6],"texture":"#0"},"west":{"uv":[13,5,12.5,5.5],"texture":"#0"},"up":{"uv":[14.5,5.5,13,6],"texture":"#0"},"down":{"uv":[14.5,5.5,13,6],"texture":"#0"}}},{"from":[2,16,13],"to":[6,17,14],"rotation":{"angle":0,"axis":"z","origin":[-12.5,10,0.5]},"faces":{"north":{"uv":[14.5,9,15,7],"rotation":90,"texture":"#0"},"east":{"uv":[14.5,7.5,15,7],"rotation":270,"texture":"#0"},"south":{"uv":[14.5,9,15,7],"rotation":270,"texture":"#0"},"west":{"uv":[14.5,9,15,7],"rotation":270,"texture":"#0"},"up":{"uv":[14.5,9,15,7],"rotation":270,"texture":"#0"},"down":{"uv":[14.5,8.5,15,6.5],"rotation":270,"texture":"#0"}}},{"from":[6,16,4],"to":[7,17,6],"rotation":{"angle":0,"axis":"y","origin":[5.5,1.5,6.5]},"faces":{"north":{"uv":[12.5,12,12,12.5],"rotation":270,"texture":"#0"},"east":{"uv":[12.5,11.5,12,12.5],"rotation":270,"texture":"#0"},"south":{"uv":[12.5,12,12,12.5],"rotation":270,"texture":"#0"},"west":{"uv":[12.5,11.5,12,12.5],"rotation":90,"texture":"#0"},"up":{"uv":[12.5,11.5,12,12.5],"rotation":180,"texture":"#0"},"down":{"uv":[12.5,11.5,12,12.5],"texture":"#0"}}},{"from":[11,16,-1],"to":[12,17,1],"rotation":{"angle":0,"axis":"y","origin":[5.5,1.5,6.5]},"faces":{"north":{"uv":[12.5,12,12,12.5],"rotation":270,"texture":"#0"},"east":{"uv":[12.5,11.5,12,12.5],"rotation":270,"texture":"#0"},"south":{"uv":[12.5,12,12,12.5],"rotation":270,"texture":"#0"},"west":{"uv":[12.5,11.5,12,12.5],"rotation":90,"texture":"#0"},"up":{"uv":[12.5,11.5,12,12.5],"rotation":180,"texture":"#0"},"down":{"uv":[12.5,11.5,12,12.5],"texture":"#0"}}},{"from":[12,15,7],"to":[14,16,8],"rotation":{"angle":0,"axis":"z","origin":[0.5,8,1.5]},"faces":{"north":{"uv":[12.5,11.5,12,12.5],"rotation":90,"texture":"#0"},"east":{"uv":[12.5,12,12,12.5],"rotation":270,"texture":"#0"},"south":{"uv":[12.5,11.5,12,12.5],"rotation":270,"texture":"#0"},"west":{"uv":[12.5,12,12,12.5],"rotation":270,"texture":"#0"},"up":{"uv":[12.5,11.5,12,12.5],"rotation":270,"texture":"#0"},"down":{"uv":[12.5,11.5,12,12.5],"rotation":270,"texture":"#0"}}},{"from":[7,15,12],"to":[9,16,13],"rotation":{"angle":0,"axis":"z","origin":[0.5,8,1.5]},"faces":{"north":{"uv":[12.5,11.5,12,12.5],"rotation":90,"texture":"#0"},"east":{"uv":[12.5,12,12,12.5],"rotation":270,"texture":"#0"},"south":{"uv":[12.5,11.5,12,12.5],"rotation":270,"texture":"#0"},"west":{"uv":[12.5,12,12,12.5],"rotation":270,"texture":"#0"},"up":{"uv":[12.5,11.5,12,12.5],"rotation":270,"texture":"#0"},"down":{"uv":[12.5,11.5,12,12.5],"rotation":270,"texture":"#0"}}},{"from":[7.12027,9,5.0995],"to":[12.12027,15,5.0995],"rotation":{"angle":-45,"axis":"y","origin":[7.26038,10.76667,7.60989]},"faces":{"north":{"uv":[7.5,0,5,3],"texture":"#0"},"east":{"uv":[0,0,0,3],"texture":"#missing"},"south":{"uv":[7.5,0,5,3],"texture":"#0"},"west":{"uv":[0,0,0,3],"texture":"#missing"},"up":{"uv":[0,0,2.5,0],"rotation":180,"texture":"#missing"},"down":{"uv":[0,0,2.5,0],"rotation":180,"texture":"#missing"}}},{"from":[10.12027,8,3.0995],"to":[10.12027,14,7.0995],"rotation":{"angle":-45,"axis":"y","origin":[7.26038,10.76667,7.60989]},"faces":{"north":{"uv":[0,0,0,3],"texture":"#missing"},"east":{"uv":[7,0,5,3],"texture":"#0"},"south":{"uv":[0,0,0,3],"texture":"#missing"},"west":{"uv":[7,0,5,3],"texture":"#0"},"up":{"uv":[2,0,0,0],"rotation":90,"texture":"#missing"},"down":{"uv":[2,0,0,0],"rotation":270,"texture":"#missing"}}},{"from":[4.87027,8,13.3495],"to":[4.87027,14,18.3495],"rotation":{"angle":-45,"axis":"y","origin":[7.26038,10.76667,7.60989]},"faces":{"north":{"uv":[0,0,0,3],"texture":"#missing"},"east":{"uv":[5,0,7.5,3],"texture":"#0"},"south":{"uv":[0,0,0,3],"texture":"#missing"},"west":{"uv":[5,0,7.5,3],"texture":"#0"},"up":{"uv":[0,0,2.5,0],"rotation":90,"texture":"#missing"},"down":{"uv":[0,0,2.5,0],"rotation":270,"texture":"#missing"}}},{"from":[2.87027,7,15.3495],"to":[6.87027,13,15.3495],"rotation":{"angle":-45,"axis":"y","origin":[7.26038,10.76667,7.60989]},"faces":{"north":{"uv":[5,0,7,3],"texture":"#0"},"east":{"uv":[0,0,0,3],"texture":"#missing"},"south":{"uv":[5,0,7,3],"texture":"#0"},"west":{"uv":[0,0,0,3],"texture":"#missing"},"up":{"uv":[0,0,2,0],"texture":"#missing"},"down":{"uv":[0,0,2,0],"texture":"#missing"}}},{"from":[9.62027,7,0.5995],"to":[14.62027,13,0.5995],"rotation":{"angle":-45,"axis":"y","origin":[7.26038,10.76667,7.60989]},"faces":{"north":{"uv":[5,0,7.5,3],"texture":"#0"},"east":{"uv":[0,0,0,3],"texture":"#missing"},"south":{"uv":[5,0,7.5,3],"texture":"#0"},"west":{"uv":[0,0,0,3],"texture":"#missing"},"up":{"uv":[2.5,0,0,0],"rotation":180,"texture":"#missing"},"down":{"uv":[2.5,0,0,0],"rotation":180,"texture":"#missing"}}},{"from":[12.62027,6,-1.4005],"to":[12.62027,12,2.5995],"rotation":{"angle":-45,"axis":"y","origin":[7.26038,10.76667,7.60989]},"faces":{"north":{"uv":[0,0,0,3],"texture":"#missing"},"east":{"uv":[5,0,7,3],"texture":"#0"},"south":{"uv":[0,0,0,3],"texture":"#missing"},"west":{"uv":[5,0,7,3],"texture":"#0"},"up":{"uv":[2,0,0,0],"rotation":90,"texture":"#missing"},"down":{"uv":[2,0,0,0],"rotation":270,"texture":"#missing"}}},{"from":[2.33594,8,7.42324],"to":[2.33594,14,12.42324],"rotation":{"angle":-45,"axis":"y","origin":[7.26038,10.76667,7.60989]},"faces":{"north":{"uv":[0,0,0,3],"texture":"#missing"},"east":{"uv":[5,0,7.5,3],"texture":"#0"},"south":{"uv":[0,0,0,3],"texture":"#missing"},"west":{"uv":[5,0,7.5,3],"texture":"#0"},"up":{"uv":[2.5,0,0,0],"rotation":270,"texture":"#missing"},"down":{"uv":[2.5,0,0,0],"rotation":90,"texture":"#missing"}}},{"from":[0.33594,7,10.42324],"to":[4.33594,13,10.42324],"rotation":{"angle":-45,"axis":"y","origin":[7.26038,10.76667,7.60989]},"faces":{"north":{"uv":[5,0,7,3],"texture":"#0"},"east":{"uv":[0,0,0,3],"texture":"#missing"},"south":{"uv":[5,0,7,3],"texture":"#0"},"west":{"uv":[0,0,0,3],"texture":"#missing"},"up":{"uv":[2,0,0,0],"rotation":180,"texture":"#missing"},"down":{"uv":[2,0,0,0],"rotation":180,"texture":"#missing"}}},{"from":[12.60583,10,13.61959],"to":[17.60583,16,13.61959],"rotation":{"angle":0,"axis":"y","origin":[7.26038,10.76667,7.60989]},"faces":{"north":{"uv":[5,0,7.5,3],"texture":"#0"},"east":{"uv":[0,0,0,3],"texture":"#missing"},"south":{"uv":[5,0,7.5,3],"texture":"#0"},"west":{"uv":[0,0,0,3],"texture":"#missing"},"up":{"uv":[0,0,2.5,0],"rotation":180,"texture":"#missing"},"down":{"uv":[0,0,2.5,0],"rotation":180,"texture":"#missing"}}},{"from":[15.60583,9,11.61959],"to":[15.60583,15,15.61959],"rotation":{"angle":0,"axis":"y","origin":[7.26038,10.76667,7.60989]},"faces":{"north":{"uv":[0,0,0,3],"texture":"#missing"},"east":{"uv":[5,0,7,3],"texture":"#0"},"south":{"uv":[0,0,0,3],"texture":"#missing"},"west":{"uv":[5,0,7,3],"texture":"#0"},"up":{"uv":[0,0,2,0],"rotation":90,"texture":"#missing"},"down":{"uv":[0,0,2,0],"rotation":270,"texture":"#missing"}}},{"from":[6.89137,9,10.24827],"to":[6.89137,15,15.24827],"rotation":{"angle":0,"axis":"y","origin":[7.26038,10.76667,7.60989]},"faces":{"north":{"uv":[0,0,0,3],"texture":"#missing"},"east":{"uv":[5,0,7.5,3],"texture":"#0"},"south":{"uv":[0,0,0,3],"texture":"#missing"},"west":{"uv":[5,0,7.5,3],"texture":"#0"},"up":{"uv":[0,0,2.5,0],"rotation":90,"texture":"#missing"},"down":{"uv":[0,0,2.5,0],"rotation":270,"texture":"#missing"}}},{"from":[4.89137,8,12.24827],"to":[8.89137,14,12.24827],"rotation":{"angle":0,"axis":"y","origin":[7.26038,10.76667,7.60989]},"faces":{"north":{"uv":[5,0,7,3],"texture":"#0"},"east":{"uv":[0,0,0,3],"texture":"#missing"},"south":{"uv":[5,0,7,3],"texture":"#0"},"west":{"uv":[0,0,0,3],"texture":"#missing"},"up":{"uv":[0,0,2,0],"texture":"#missing"},"down":{"uv":[0,0,2,0],"texture":"#missing"}}},{"from":[2.34022,9,1.49306],"to":[6.34022,16,1.49306],"rotation":{"angle":0,"axis":"y","origin":[7.26038,10.76667,7.60989]},"faces":{"north":{"uv":[0,0,2,3.5],"texture":"#0"},"east":{"uv":[0,0,0,3.5],"texture":"#missing"},"south":{"uv":[0,0,2,3.5],"texture":"#0"},"west":{"uv":[0,0,0,3.5],"texture":"#missing"},"up":{"uv":[0,0,2,0],"rotation":180,"texture":"#missing"},"down":{"uv":[0,0,2,0],"rotation":180,"texture":"#missing"}}},{"from":[4.34022,7,-0.50694],"to":[4.34022,14,3.49306],"rotation":{"angle":0,"axis":"y","origin":[7.26038,10.76667,7.60989]},"faces":{"north":{"uv":[0,0,0,3.5],"texture":"#missing"},"east":{"uv":[0,0,2,3.5],"texture":"#0"},"south":{"uv":[0,0,0,3.5],"texture":"#missing"},"west":{"uv":[0,0,2,3.5],"texture":"#0"},"up":{"uv":[0,0,2,0],"rotation":90,"texture":"#missing"},"down":{"uv":[0,0,2,0],"rotation":270,"texture":"#missing"}}},{"from":[4.0124,9,0.49164],"to":[8.0124,16,0.49164],"rotation":{"angle":-45,"axis":"y","origin":[7.26038,10.76667,7.60989]},"faces":{"north":{"uv":[0,0,2,3.5],"texture":"#0"},"east":{"uv":[0,0,0,3.5],"texture":"#missing"},"south":{"uv":[0,0,2,3.5],"texture":"#0"},"west":{"uv":[0,0,0,3.5],"texture":"#missing"},"up":{"uv":[2,0,0,0],"rotation":180,"texture":"#missing"},"down":{"uv":[2,0,0,0],"rotation":180,"texture":"#missing"}}},{"from":[6.0124,8,-1.50836],"to":[6.0124,15,2.49164],"rotation":{"angle":-45,"axis":"y","origin":[7.26038,10.76667,7.60989]},"faces":{"north":{"uv":[0,0,0,3.5],"texture":"#missing"},"east":{"uv":[0,0,2,3.5],"texture":"#0"},"south":{"uv":[0,0,0,3.5],"texture":"#missing"},"west":{"uv":[0,0,2,3.5],"texture":"#0"},"up":{"uv":[2,0,0,0],"rotation":90,"texture":"#missing"},"down":{"uv":[2,0,0,0],"rotation":270,"texture":"#missing"}}},{"from":[7.65393,8,5.35093],"to":[7.65393,15,9.35093],"rotation":{"angle":0,"axis":"y","origin":[7.26038,10.76667,7.60989]},"faces":{"north":{"uv":[0,0,0,3.5],"texture":"#missing"},"east":{"uv":[0,0,2,3.5],"texture":"#0"},"south":{"uv":[0,0,0,3.5],"texture":"#missing"},"west":{"uv":[0,0,2,3.5],"texture":"#0"},"up":{"uv":[2,0,0,0],"rotation":270,"texture":"#missing"},"down":{"uv":[2,0,0,0],"rotation":90,"texture":"#missing"}}},{"from":[5.65393,7,7.35093],"to":[9.65393,14,7.35093],"rotation":{"angle":0,"axis":"y","origin":[7.26038,10.76667,7.60989]},"faces":{"north":{"uv":[0,0,2,3.5],"texture":"#0"},"east":{"uv":[0,0,0,3.5],"texture":"#missing"},"south":{"uv":[0,0,2,3.5],"texture":"#0"},"west":{"uv":[0,0,0,3.5],"texture":"#missing"},"up":{"uv":[2,0,0,0],"rotation":180,"texture":"#missing"},"down":{"uv":[2,0,0,0],"rotation":180,"texture":"#missing"}}},{"from":[1.60368,8,10.37174],"to":[5.60368,15,10.37174],"rotation":{"angle":0,"axis":"y","origin":[7.26038,10.76667,7.60989]},"faces":{"north":{"uv":[0,0,2,3.5],"texture":"#0"},"east":{"uv":[0,0,0,3.5],"texture":"#missing"},"south":{"uv":[0,0,2,3.5],"texture":"#0"},"west":{"uv":[0,0,0,3.5],"texture":"#missing"},"up":{"uv":[0,0,2,0],"rotation":180,"texture":"#missing"},"down":{"uv":[0,0,2,0],"rotation":180,"texture":"#missing"}}},{"from":[3.60368,7,8.37174],"to":[3.60368,14,12.37174],"rotation":{"angle":0,"axis":"y","origin":[7.26038,10.76667,7.60989]},"faces":{"north":{"uv":[0,0,0,3.5],"texture":"#missing"},"east":{"uv":[0,0,2,3.5],"texture":"#0"},"south":{"uv":[0,0,0,3.5],"texture":"#missing"},"west":{"uv":[0,0,2,3.5],"texture":"#0"},"up":{"uv":[0,0,2,0],"rotation":90,"texture":"#missing"},"down":{"uv":[0,0,2,0],"rotation":270,"texture":"#missing"}}},{"from":[9.87027,6,-3.6505],"to":[9.87027,15,0.3495],"rotation":{"angle":-45,"axis":"y","origin":[7.26038,10.76667,7.60989]},"faces":{"north":{"uv":[0,0,0,4.5],"texture":"#missing"},"east":{"uv":[2.5,0,4.5,4.5],"texture":"#0"},"south":{"uv":[0,0,0,4.5],"texture":"#missing"},"west":{"uv":[2.5,0,4.5,4.5],"texture":"#0"},"up":{"uv":[0,0,2,0],"rotation":90,"texture":"#missing"},"down":{"uv":[0,0,2,0],"rotation":270,"texture":"#missing"}}},{"from":[7.87027,5,-0.6505],"to":[11.87027,14,-0.6505],"rotation":{"angle":-45,"axis":"y","origin":[7.26038,10.76667,7.60989]},"faces":{"north":{"uv":[2.5,0,4.5,4.5],"texture":"#0"},"east":{"uv":[0,0,0,4.5],"texture":"#missing"},"south":{"uv":[2.5,0,4.5,4.5],"texture":"#0"},"west":{"uv":[0,0,0,4.5],"texture":"#missing"},"up":{"uv":[0,0,2,0],"texture":"#missing"},"down":{"uv":[0,0,2,0],"texture":"#missing"}}},{"from":[9.41129,6,12.80677],"to":[13.41129,15,12.80677],"rotation":{"angle":0,"axis":"y","origin":[7.26038,10.76667,7.60989]},"faces":{"north":{"uv":[4.5,0,2.5,4.5],"texture":"#0"},"east":{"uv":[0,0,0,4.5],"texture":"#missing"},"south":{"uv":[4.5,0,2.5,4.5],"texture":"#0"},"west":{"uv":[0,0,0,4.5],"texture":"#missing"},"up":{"uv":[2,0,0,0],"rotation":180,"texture":"#missing"},"down":{"uv":[2,0,0,0],"rotation":180,"texture":"#missing"}}},{"from":[11.41129,5,10.80677],"to":[11.41129,14,14.80677],"rotation":{"angle":0,"axis":"y","origin":[7.26038,10.76667,7.60989]},"faces":{"north":{"uv":[0,0,0,4.5],"texture":"#missing"},"east":{"uv":[4.5,0,2.5,4.5],"texture":"#0"},"south":{"uv":[0,0,0,4.5],"texture":"#missing"},"west":{"uv":[4.5,0,2.5,4.5],"texture":"#0"},"up":{"uv":[0,0,2,0],"rotation":90,"texture":"#missing"},"down":{"uv":[0,0,2,0],"rotation":270,"texture":"#missing"}}},{"from":[7.517,6,4.81197],"to":[11.517,15,4.81197],"rotation":{"angle":0,"axis":"y","origin":[7.26038,10.76667,7.60989]},"faces":{"north":{"uv":[2.5,0,4.5,4.5],"texture":"#0"},"east":{"uv":[0,0,0,4.5],"texture":"#missing"},"south":{"uv":[2.5,0,4.5,4.5],"texture":"#0"},"west":{"uv":[0,0,0,4.5],"texture":"#missing"},"up":{"uv":[0,0,2,0],"rotation":180,"texture":"#missing"},"down":{"uv":[0,0,2,0],"rotation":180,"texture":"#missing"}}},{"from":[9.517,5,2.81197],"to":[9.517,14,6.81197],"rotation":{"angle":0,"axis":"y","origin":[7.26038,10.76667,7.60989]},"faces":{"north":{"uv":[0,0,0,4.5],"texture":"#missing"},"east":{"uv":[2.5,0,4.5,4.5],"texture":"#0"},"south":{"uv":[0,0,0,4.5],"texture":"#missing"},"west":{"uv":[2.5,0,4.5,4.5],"texture":"#0"},"up":{"uv":[0,0,2,0],"rotation":90,"texture":"#missing"},"down":{"uv":[0,0,2,0],"rotation":270,"texture":"#missing"}}},{"from":[8.87027,6,13.3495],"to":[8.87027,15,17.3495],"rotation":{"angle":-45,"axis":"y","origin":[7.26038,10.76667,7.60989]},"faces":{"north":{"uv":[0,0,0,4.5],"texture":"#missing"},"east":{"uv":[4.5,0,2.5,4.5],"texture":"#0"},"south":{"uv":[0,0,0,4.5],"texture":"#missing"},"west":{"uv":[4.5,0,2.5,4.5],"texture":"#0"},"up":{"uv":[2,0,0,0],"rotation":90,"texture":"#missing"},"down":{"uv":[2,0,0,0],"rotation":270,"texture":"#missing"}}},{"from":[6.87027,5,15.3495],"to":[10.87027,14,15.3495],"rotation":{"angle":-45,"axis":"y","origin":[7.26038,10.76667,7.60989]},"faces":{"north":{"uv":[4.5,0,2.5,4.5],"texture":"#0"},"east":{"uv":[0,0,0,4.5],"texture":"#missing"},"south":{"uv":[4.5,0,2.5,4.5],"texture":"#0"},"west":{"uv":[0,0,0,4.5],"texture":"#missing"},"up":{"uv":[0,0,2,0],"texture":"#missing"},"down":{"uv":[0,0,2,0],"texture":"#missing"}}},{"from":[-1.22475,6,2.20017],"to":[2.77525,15,2.20017],"rotation":{"angle":-45,"axis":"y","origin":[-0.22475,10,3.20017]},"faces":{"north":{"uv":[2.5,0,4.5,4.5],"texture":"#0"},"east":{"uv":[0,0,0,4.5],"texture":"#missing"},"south":{"uv":[2.5,0,4.5,4.5],"texture":"#0"},"west":{"uv":[0,0,0,4.5],"texture":"#missing"},"up":{"uv":[0,0,2,0],"rotation":180,"texture":"#missing"},"down":{"uv":[0,0,2,0],"rotation":180,"texture":"#missing"}}},{"from":[0.77525,5,0.20017],"to":[0.77525,14,4.20017],"rotation":{"angle":-45,"axis":"y","origin":[-0.22475,10,3.20017]},"faces":{"north":{"uv":[0,0,0,4.5],"texture":"#missing"},"east":{"uv":[2.5,0,4.5,4.5],"texture":"#0"},"south":{"uv":[0,0,0,4.5],"texture":"#missing"},"west":{"uv":[2.5,0,4.5,4.5],"texture":"#0"},"up":{"uv":[0,0,2,0],"rotation":90,"texture":"#missing"},"down":{"uv":[0,0,2,0],"rotation":270,"texture":"#missing"}}}],"display":{"thirdperson_righthand":{"scale":[0.3,0.3,0.3]},"thirdperson_lefthand":{"scale":[0.3,0.3,0.3]},"firstperson_righthand":{"translation":[0,0,2.25],"scale":[0.3,0.3,0.3]},"firstperson_lefthand":{"translation":[0,0,2.25],"scale":[0.3,0.3,0.3]},"ground":{"scale":[0.3,0.3,0.3]},"gui":{"rotation":[18,33,0],"translation":[0.5,-1.5,0],"scale":[0.4,0.4,0.4]},"fixed":{"rotation":[90,-180,0],"translation":[-1,0,-17],"scale":[2,2,2]}},"groups":[{"name":"branches","origin":[8,8,8],"children":[{"name":"1","origin":[0,0,0],"children":[0,1]},{"name":"1","origin":[0,0,0],"children":[2,3]},{"name":"1","origin":[0,0,0],"children":[4,5,6]},{"name":"2","origin":[0,0,0],"children":[7,8]},{"name":"2","origin":[0,0,0],"children":[9,10]},{"name":"2","origin":[0,0,0],"children":[11,12]},{"name":"2","origin":[0,0,0],"children":[13,14]},{"name":"2","origin":[0,0,0],"children":[15,16]},{"name":"1","origin":[0,0,0],"children":[17,18]},{"name":"2","origin":[0,0,0],"children":[19,20]},{"name":"2","origin":[0,0,0],"children":[21,22]},{"name":"1","origin":[0,0,0],"children":[23,24]},{"name":"3","origin":[0,0,0],"children":[25,26]},{"name":"3","origin":[0,0,0],"children":[27,28]},{"name":"3","origin":[0,0,0],"children":[29,30]},{"name":"3","origin":[0,0,0],"children":[31,32]},{"name":"3","origin":[0,0,0],"children":[33,34]},{"name":"3","origin":[0,0,0],"children":[35,36]},{"name":"3","origin":[0,0,0],"children":[37,38]},39,40,41,42,43,44,45,46,47,48,49,50,51,52,53,54,55,56]},{"name":"flowers","origin":[8,8,8],"children":[{"name":"3","origin":[0,0,0],"children":[57,58]},{"name":"3","origin":[0,0,0],"children":[59,60]},{"name":"3","origin":[0,0,0],"children":[61,62]},{"name":"3","origin":[0,0,0],"children":[63,64]},{"name":"3","origin":[0,0,0],"children":[65,66]},{"name":"3","origin":[0,0,0],"children":[67,68]},{"name":"1","origin":[0,0,0],"children":[69,70]},{"name":"1","origin":[0,0,0],"children":[71,72]},{"name":"1","origin":[0,0,0],"children":[73,74]},{"name":"1","origin":[0,0,0],"children":[75,76]},{"name":"2","origin":[0,0,0],"children":[77,78]},{"name":"2","origin":[0,0,0],"children":[79,80]},{"name":"2","origin":[0,0,0],"children":[81,82]},{"name":"2","origin":[0,0,0],"children":[83,84]},{"name":"2","origin":[0,0,0],"children":[85,86]}]}]}