{"credit":"Made with Blockbench","texture_size":[32,32],"textures":{"0":"block/flowers/wisteria","particle":"block/flowers/wisteria"},"elements":[{"from":[4,17,2],"to":[6,20,2],"rotation":{"angle":0,"axis":"y","origin":[18,-5,0]},"faces":{"north":{"uv":[4,12.5,5,14],"texture":"#0"},"east":{"uv":[0,0,0,1.5],"texture":"#missing"},"south":{"uv":[4,12.5,5,14],"texture":"#0"},"west":{"uv":[0,0,0,1.5],"texture":"#missing"},"up":{"uv":[0,0,1,0],"texture":"#missing"},"down":{"uv":[0,0,1,0],"texture":"#missing"}}},{"from":[5,17,1],"to":[5,20,3],"rotation":{"angle":0,"axis":"y","origin":[31,23.5,2]},"faces":{"north":{"uv":[0,0,0,1.5],"texture":"#missing"},"east":{"uv":[4,12.5,5,14],"texture":"#0"},"south":{"uv":[0,0,0,1.5],"texture":"#missing"},"west":{"uv":[4,12.5,5,14],"texture":"#0"},"up":{"uv":[0,0,1,0],"rotation":90,"texture":"#missing"},"down":{"uv":[0,0,1,0],"rotation":270,"texture":"#missing"}}},{"from":[10,19,2],"to":[12,22,2],"rotation":{"angle":0,"axis":"y","origin":[18,-5,0]},"faces":{"north":{"uv":[4,12.5,5,14],"texture":"#0"},"east":{"uv":[0,0,0,1.5],"texture":"#missing"},"south":{"uv":[4,12.5,5,14],"texture":"#0"},"west":{"uv":[0,0,0,1.5],"texture":"#missing"},"up":{"uv":[0,0,1,0],"texture":"#missing"},"down":{"uv":[0,0,1,0],"texture":"#missing"}}},{"from":[10,19,2],"to":[12,22,2],"rotation":{"angle":0,"axis":"y","origin":[18,-5,0]},"faces":{"north":{"uv":[4,12.5,5,14],"texture":"#0"},"east":{"uv":[0,0,0,1.5],"texture":"#missing"},"south":{"uv":[4,12.5,5,14],"texture":"#0"},"west":{"uv":[0,0,0,1.5],"texture":"#missing"},"up":{"uv":[0,0,1,0],"texture":"#missing"},"down":{"uv":[0,0,1,0],"texture":"#missing"}}},{"from":[11,19,1],"to":[11,22,3],"rotation":{"angle":0,"axis":"y","origin":[31,23.5,2]},"faces":{"north":{"uv":[0,0,0,1.5],"texture":"#missing"},"east":{"uv":[4,12.5,5,14],"texture":"#0"},"south":{"uv":[0,0,0,1.5],"texture":"#missing"},"west":{"uv":[4,12.5,5,14],"texture":"#0"},"up":{"uv":[0,0,1,0],"rotation":90,"texture":"#missing"},"down":{"uv":[0,0,1,0],"rotation":270,"texture":"#missing"}}},{"from":[3,8,4],"to":[5,11,4],"rotation":{"angle":0,"axis":"y","origin":[18,-5,0]},"faces":{"north":{"uv":[4,12.5,5,14],"texture":"#0"},"east":{"uv":[0,0,0,1.5],"texture":"#missing"},"south":{"uv":[4,12.5,5,14],"texture":"#0"},"west":{"uv":[0,0,0,1.5],"texture":"#missing"},"up":{"uv":[0,0,1,0],"texture":"#missing"},"down":{"uv":[0,0,1,0],"texture":"#missing"}}},{"from":[3,8,4],"to":[5,11,4],"rotation":{"angle":0,"axis":"y","origin":[18,-5,0]},"faces":{"north":{"uv":[4,12.5,5,14],"texture":"#0"},"east":{"uv":[0,0,0,1.5],"texture":"#missing"},"south":{"uv":[4,12.5,5,14],"texture":"#0"},"west":{"uv":[0,0,0,1.5],"texture":"#missing"},"up":{"uv":[0,0,1,0],"texture":"#missing"},"down":{"uv":[0,0,1,0],"texture":"#missing"}}},{"from":[4,8,3],"to":[4,11,5],"rotation":{"angle":0,"axis":"y","origin":[31,23.5,2]},"faces":{"north":{"uv":[0,0,0,1.5],"texture":"#missing"},"east":{"uv":[4,12.5,5,14],"texture":"#0"},"south":{"uv":[0,0,0,1.5],"texture":"#missing"},"west":{"uv":[4,12.5,5,14],"texture":"#0"},"up":{"uv":[0,0,1,0],"rotation":90,"texture":"#missing"},"down":{"uv":[0,0,1,0],"rotation":270,"texture":"#missing"}}},{"from":[-5,23,2],"to":[-3,26,2],"rotation":{"angle":0,"axis":"y","origin":[18,-5,0]},"faces":{"north":{"uv":[2,11.5,3,13],"texture":"#0"},"east":{"uv":[0,0,0,1.5],"texture":"#missing"},"south":{"uv":[2,11.5,3,13],"texture":"#0"},"west":{"uv":[2,11.5,3,13],"texture":"#missing"},"up":{"uv":[0,0,1,0],"texture":"#missing"},"down":{"uv":[0,0,1,0],"texture":"#missing"}}},{"from":[-4,23,2],"to":[-4,26,4],"rotation":{"angle":0,"axis":"y","origin":[31,23.5,2]},"faces":{"north":{"uv":[2,11.5,2,13],"texture":"#missing"},"east":{"uv":[2,11.5,3,13],"texture":"#0"},"south":{"uv":[2,11.5,3,13],"texture":"#0"},"west":{"uv":[2,11.5,3,13],"texture":"#0"},"up":{"uv":[0,0,1,0],"rotation":90,"texture":"#missing"},"down":{"uv":[0,0,1,0],"rotation":270,"texture":"#missing"}}},{"from":[2.5,18.5,3.25],"to":[5.5,20.5,3.25],"rotation":{"angle":0,"axis":"z","origin":[-4,24.5,2.5]},"faces":{"north":{"uv":[2,11.5,3,13],"rotation":270,"texture":"#0"},"east":{"uv":[0,0,1,0],"rotation":90,"texture":"#missing"},"south":{"uv":[2,11.5,3,13],"rotation":90,"texture":"#0"},"west":{"uv":[0,0,1,0],"rotation":90,"texture":"#missing"},"up":{"uv":[2,11.5,3,13],"rotation":90,"texture":"#missing"},"down":{"uv":[0,0,0,1.5],"rotation":90,"texture":"#missing"}}},{"from":[2.5,19.5,3.25],"to":[5.5,19.5,5.25],"rotation":{"angle":0,"axis":"z","origin":[-4,24.5,2.5]},"faces":{"north":{"uv":[2,11.5,2,13],"rotation":270,"texture":"#missing"},"east":{"uv":[0,0,1,0],"rotation":180,"texture":"#missing"},"south":{"uv":[2,11.5,3,13],"rotation":90,"texture":"#0"},"west":{"uv":[0,0,1,0],"texture":"#missing"},"up":{"uv":[2,11.5,3,13],"rotation":90,"texture":"#0"},"down":{"uv":[2,11.5,3,13],"rotation":90,"texture":"#0"}}},{"from":[-13.5,22.5,3],"to":[-10.5,24.5,3],"rotation":{"angle":0,"axis":"z","origin":[-2,11.5,3]},"faces":{"north":{"uv":[2,11.5,3,13],"rotation":90,"texture":"#0"},"east":{"uv":[0,0,1,0],"rotation":90,"texture":"#missing"},"south":{"uv":[2,11.5,3,13],"rotation":270,"texture":"#0"},"west":{"uv":[0,0,1,0],"rotation":90,"texture":"#missing"},"up":{"uv":[2,11.5,3,13],"rotation":270,"texture":"#missing"},"down":{"uv":[0,0,0,1.5],"rotation":270,"texture":"#missing"}}},{"from":[5.75,23.5,3],"to":[8.75,25.5,3],"rotation":{"angle":0,"axis":"z","origin":[6.25,24.5,3]},"faces":{"north":{"uv":[2,11.5,3,13],"rotation":270,"texture":"#0"},"east":{"uv":[0,0,1,0],"rotation":270,"texture":"#missing"},"south":{"uv":[2,11.5,3,13],"rotation":90,"texture":"#0"},"west":{"uv":[0,0,1,0],"rotation":270,"texture":"#missing"},"up":{"uv":[2,11.5,3,13],"rotation":90,"texture":"#0"},"down":{"uv":[2,11.5,2,13],"rotation":90,"texture":"#missing"}}},{"from":[-5,20,4],"to":[-3,23,4],"rotation":{"angle":0,"axis":"y","origin":[21.5,12.5,4.25]},"faces":{"north":{"uv":[4,12.5,5,14],"texture":"#0"},"east":{"uv":[0,0,0,1.5],"texture":"#missing"},"south":{"uv":[4,12.5,5,14],"texture":"#0"},"west":{"uv":[0,0,0,1.5],"texture":"#missing"},"up":{"uv":[0,0,1,0],"rotation":180,"texture":"#missing"},"down":{"uv":[0,0,1,0],"rotation":180,"texture":"#missing"}}},{"from":[-4,20,3],"to":[-4,23,5],"rotation":{"angle":0,"axis":"y","origin":[21.5,12.5,4.25]},"faces":{"north":{"uv":[0,0,0,1.5],"texture":"#missing"},"east":{"uv":[4,12.5,5,14],"texture":"#0"},"south":{"uv":[0,0,0,1.5],"texture":"#missing"},"west":{"uv":[4,12.5,5,14],"texture":"#0"},"up":{"uv":[0,0,1,0],"rotation":270,"texture":"#missing"},"down":{"uv":[0,0,1,0],"rotation":90,"texture":"#missing"}}},{"from":[2,20,2],"to":[4,23,2],"rotation":{"angle":0,"axis":"y","origin":[21.5,12.5,4.25]},"faces":{"north":{"uv":[6.5,12.5,7.5,14],"texture":"#0"},"east":{"uv":[0,0,0,1.5],"texture":"#missing"},"south":{"uv":[6.5,12.5,7.5,14],"texture":"#0"},"west":{"uv":[0,0,0,1.5],"texture":"#missing"},"up":{"uv":[0,0,1,0],"rotation":180,"texture":"#missing"},"down":{"uv":[0,0,1,0],"rotation":180,"texture":"#missing"}}},{"from":[3,20,1],"to":[3,23,3],"rotation":{"angle":0,"axis":"y","origin":[21.5,12.5,4.25]},"faces":{"north":{"uv":[0,0,0,1.5],"texture":"#missing"},"east":{"uv":[6.5,12.5,7.5,14],"texture":"#0"},"south":{"uv":[6.5,12.5,6.5,14],"texture":"#missing"},"west":{"uv":[6.5,12.5,7.5,14],"texture":"#0"},"up":{"uv":[0,0,1,0],"rotation":270,"texture":"#missing"},"down":{"uv":[0,0,1,0],"rotation":90,"texture":"#missing"}}},{"from":[7,14,3],"to":[9,17,3],"rotation":{"angle":0,"axis":"y","origin":[21.5,12.5,4.25]},"faces":{"north":{"uv":[6.5,12.5,7.5,14],"texture":"#0"},"east":{"uv":[0,0,0,1.5],"texture":"#missing"},"south":{"uv":[6.5,12.5,7.5,14],"texture":"#0"},"west":{"uv":[0,0,0,1.5],"texture":"#missing"},"up":{"uv":[0,0,1,0],"rotation":180,"texture":"#missing"},"down":{"uv":[0,0,1,0],"rotation":180,"texture":"#missing"}}},{"from":[8,14,2],"to":[8,17,4],"rotation":{"angle":0,"axis":"y","origin":[21.5,12.5,4.25]},"faces":{"north":{"uv":[0,0,0,1.5],"texture":"#missing"},"east":{"uv":[6.5,12.5,7.5,14],"texture":"#0"},"south":{"uv":[6.5,12.5,6.5,14],"texture":"#missing"},"west":{"uv":[6.5,12.5,7.5,14],"texture":"#0"},"up":{"uv":[0,0,1,0],"rotation":270,"texture":"#missing"},"down":{"uv":[0,0,1,0],"rotation":90,"texture":"#missing"}}},{"from":[-11,17,2],"to":[-9,20,2],"rotation":{"angle":0,"axis":"y","origin":[21.5,-6.5,4.25]},"faces":{"north":{"uv":[6.5,14,7.5,12.5],"texture":"#0"},"east":{"uv":[0,1.5,0,0],"texture":"#missing"},"south":{"uv":[6.5,14,7.5,12.5],"texture":"#0"},"west":{"uv":[0,1.5,0,0],"texture":"#missing"},"up":{"uv":[0,0,1,0],"rotation":180,"texture":"#missing"},"down":{"uv":[0,0,1,0],"rotation":180,"texture":"#missing"}}},{"from":[-10,17,1],"to":[-10,20,3],"rotation":{"angle":0,"axis":"y","origin":[21.5,-6.5,4.25]},"faces":{"north":{"uv":[0,1.5,0,0],"texture":"#missing"},"east":{"uv":[6.5,14,7.5,12.5],"texture":"#0"},"south":{"uv":[6.5,14,6.5,12.5],"texture":"#missing"},"west":{"uv":[6.5,14,7.5,12.5],"texture":"#0"},"up":{"uv":[1,0,0,0],"rotation":90,"texture":"#missing"},"down":{"uv":[1,0,0,0],"rotation":270,"texture":"#missing"}}},{"from":[7,14,0],"to":[8,20,1],"rotation":{"angle":0,"axis":"y","origin":[3,0,0]},"faces":{"north":{"uv":[14.5,6.5,15,9.5],"texture":"#0"},"east":{"uv":[14.5,6.5,15,9.5],"texture":"#0"},"south":{"uv":[14.5,6.5,15,9.5],"texture":"#0"},"west":{"uv":[14.5,6.5,15,9.5],"texture":"#0"},"up":{"uv":[14.5,6.5,15,9.5],"texture":"#0"},"down":{"uv":[14.5,6.5,15,9.5],"texture":"#0"}}},{"from":[6,17,0],"to":[7,22,1],"rotation":{"angle":0,"axis":"y","origin":[3,0,0]},"faces":{"north":{"uv":[14,5.5,14.5,8],"texture":"#0"},"east":{"uv":[14,5.5,14.5,8],"texture":"#0"},"south":{"uv":[14,5.5,14.5,8],"texture":"#0"},"west":{"uv":[14,5.5,14.5,8],"texture":"#0"},"up":{"uv":[14,5.5,14.5,8],"texture":"#0"},"down":{"uv":[14,5.5,14.5,8],"texture":"#0"}}},{"from":[5,20,0],"to":[6,22,1],"rotation":{"angle":0,"axis":"y","origin":[3,0,0]},"faces":{"north":{"uv":[13.5,5.5,14,6.5],"texture":"#0"},"east":{"uv":[13.5,5.5,14,6.5],"texture":"#0"},"south":{"uv":[13.5,5.5,14,6.5],"texture":"#0"},"west":{"uv":[13.5,5.5,14,6.5],"texture":"#0"},"up":{"uv":[13.5,5.5,14,6.5],"texture":"#0"},"down":{"uv":[13.5,5.5,14,6.5],"texture":"#0"}}},{"from":[4,21,0],"to":[5,22,1],"rotation":{"angle":0,"axis":"y","origin":[3,0,0]},"faces":{"north":{"uv":[13,5.5,13.5,6],"texture":"#0"},"east":{"uv":[13,5.5,13.5,6],"texture":"#0"},"south":{"uv":[13,5.5,13.5,6],"texture":"#0"},"west":{"uv":[13,5.5,13.5,6],"texture":"#0"},"up":{"uv":[13,5.5,13.5,6],"texture":"#0"},"down":{"uv":[13,5.5,13.5,6],"texture":"#0"}}},{"from":[1,22,0],"to":[4,23,1],"rotation":{"angle":0,"axis":"y","origin":[18,-5,0]},"faces":{"north":{"uv":[13,5.5,14.5,6],"texture":"#0"},"east":{"uv":[12.5,5,13,5.5],"texture":"#0"},"south":{"uv":[13,5.5,14.5,6],"texture":"#0"},"west":{"uv":[12,5,12.5,5.5],"texture":"#0"},"up":{"uv":[13,5.5,14.5,6],"texture":"#0"},"down":{"uv":[13,5.5,14.5,6],"texture":"#0"}}},{"from":[-8,24,-1],"to":[-5,25,0],"rotation":{"angle":0,"axis":"y","origin":[18,-5,0]},"faces":{"north":{"uv":[13,5.5,14.5,6],"texture":"#0"},"east":{"uv":[12.5,5,13,5.5],"texture":"#0"},"south":{"uv":[13,5.5,14.5,6],"texture":"#0"},"west":{"uv":[12,5,12.5,5.5],"texture":"#0"},"up":{"uv":[13,5.5,14.5,6],"texture":"#0"},"down":{"uv":[13,5.5,14.5,6],"texture":"#0"}}},{"from":[-16,20,-1],"to":[-13,21,0],"rotation":{"angle":0,"axis":"y","origin":[18,-5,0]},"faces":{"north":{"uv":[13,5.5,14.5,6],"texture":"#0"},"east":{"uv":[12.5,5,13,5.5],"texture":"#0"},"south":{"uv":[13,5.5,14.5,6],"texture":"#0"},"west":{"uv":[12,5,12.5,5.5],"texture":"#0"},"up":{"uv":[13,5.5,14.5,6],"texture":"#0"},"down":{"uv":[13,5.5,14.5,6],"texture":"#0"}}},{"from":[-2,23,-1],"to":[1,24,0],"rotation":{"angle":0,"axis":"y","origin":[18,-5,0]},"faces":{"north":{"uv":[13,5.5,14.5,6],"texture":"#0"},"east":{"uv":[12.5,5,13,5.5],"texture":"#0"},"south":{"uv":[13,5.5,14.5,6],"texture":"#0"},"west":{"uv":[12,5,12.5,5.5],"texture":"#0"},"up":{"uv":[13,5.5,14.5,6],"texture":"#0"},"down":{"uv":[13,5.5,14.5,6],"texture":"#0"}}},{"from":[11,18,0],"to":[14,19,1],"rotation":{"angle":0,"axis":"y","origin":[18,-5,0]},"faces":{"north":{"uv":[13,5.5,14.5,6],"texture":"#0"},"east":{"uv":[12.5,5,13,5.5],"texture":"#0"},"south":{"uv":[13,5.5,14.5,6],"texture":"#0"},"west":{"uv":[12,5,12.5,5.5],"texture":"#0"},"up":{"uv":[13,5.5,14.5,6],"texture":"#0"},"down":{"uv":[13,5.5,14.5,6],"texture":"#0"}}},{"from":[8.5,10.5,2],"to":[12.5,11.5,3],"rotation":{"angle":0,"axis":"z","origin":[18.5,10,0.5]},"faces":{"north":{"uv":[14.5,7,15,9],"rotation":90,"texture":"#0"},"east":{"uv":[14.5,7,15,9],"rotation":270,"texture":"#0"},"south":{"uv":[14.5,7,15,9],"rotation":270,"texture":"#0"},"west":{"uv":[14.5,7,15,7.5],"rotation":270,"texture":"#0"},"up":{"uv":[14.5,7,15,9],"rotation":270,"texture":"#0"},"down":{"uv":[14.5,6.5,15,8.5],"rotation":270,"texture":"#0"}}},{"from":[13,13,1],"to":[14,15,2],"rotation":{"angle":0,"axis":"y","origin":[18,-5,0]},"faces":{"north":{"uv":[12,11.5,12.5,12.5],"texture":"#0"},"east":{"uv":[12,11.5,12.5,12.5],"texture":"#0"},"south":{"uv":[12,11.5,12.5,12.5],"texture":"#0"},"west":{"uv":[12,11.5,12.5,12.5],"texture":"#0"},"up":{"uv":[12,12,12.5,12.5],"texture":"#0"},"down":{"uv":[12,12,12.5,12.5],"texture":"#0"}}},{"from":[5,7,1],"to":[6,9,2],"rotation":{"angle":0,"axis":"y","origin":[18,-5,0]},"faces":{"north":{"uv":[12,11.5,12.5,12.5],"texture":"#0"},"east":{"uv":[12,11.5,12.5,12.5],"texture":"#0"},"south":{"uv":[12,11.5,12.5,12.5],"texture":"#0"},"west":{"uv":[12,11.5,12.5,12.5],"texture":"#0"},"up":{"uv":[12,12,12.5,12.5],"texture":"#0"},"down":{"uv":[12,12,12.5,12.5],"texture":"#0"}}},{"from":[1.25,17,1.75],"to":[1.25,23,6.75],"rotation":{"angle":-45,"axis":"y","origin":[1.25,19.5,4]},"faces":{"north":{"uv":[0,0,0,3],"texture":"#missing"},"east":{"uv":[5,0,7.5,3],"texture":"#0"},"south":{"uv":[0,0,0,3],"texture":"#missing"},"west":{"uv":[5,0,7.5,3],"texture":"#0"},"up":{"uv":[0,0,2.5,0],"rotation":90,"texture":"#missing"},"down":{"uv":[0,0,2.5,0],"rotation":270,"texture":"#missing"}}},{"from":[-0.75,16,3.75],"to":[3.25,22,3.75],"rotation":{"angle":-45,"axis":"y","origin":[1.25,19.5,4]},"faces":{"north":{"uv":[5,0,7,3],"texture":"#0"},"east":{"uv":[0,0,0,3],"texture":"#missing"},"south":{"uv":[5,0,7,3],"texture":"#0"},"west":{"uv":[0,0,0,3],"texture":"#missing"},"up":{"uv":[0,0,2,0],"texture":"#missing"},"down":{"uv":[0,0,2,0],"texture":"#missing"}}},{"from":[-5,18,1],"to":[0,24,1],"rotation":{"angle":0,"axis":"y","origin":[34,-5,0]},"faces":{"north":{"uv":[7.5,0,5,3],"texture":"#0"},"east":{"uv":[0,0,0,3],"texture":"#missing"},"south":{"uv":[7.5,0,5,3],"texture":"#0"},"west":{"uv":[0,0,0,3],"texture":"#missing"},"up":{"uv":[2.5,0,0,0],"texture":"#missing"},"down":{"uv":[2.5,0,0,0],"texture":"#missing"}}},{"from":[-2,17,-1],"to":[-2,23,3],"rotation":{"angle":0,"axis":"y","origin":[32,-1.5,0]},"faces":{"north":{"uv":[0,0,0,3],"texture":"#missing"},"east":{"uv":[7,0,5,3],"texture":"#0"},"south":{"uv":[0,0,0,3],"texture":"#missing"},"west":{"uv":[7,0,5,3],"texture":"#0"},"up":{"uv":[0,0,2,0],"rotation":270,"texture":"#missing"},"down":{"uv":[0,0,2,0],"rotation":90,"texture":"#missing"}}},{"from":[10.75,13,0.25],"to":[10.75,19,5.25],"rotation":{"angle":0,"axis":"y","origin":[25.75,9.5,1]},"faces":{"north":{"uv":[0,0,0,3],"texture":"#missing"},"east":{"uv":[7.5,0,5,3],"texture":"#0"},"south":{"uv":[0,0,0,3],"texture":"#missing"},"west":{"uv":[7.5,0,5,3],"texture":"#0"},"up":{"uv":[2.5,0,0,0],"rotation":90,"texture":"#missing"},"down":{"uv":[2.5,0,0,0],"rotation":270,"texture":"#missing"}}},{"from":[8.75,12,2.25],"to":[12.75,18,2.25],"rotation":{"angle":0,"axis":"y","origin":[25.75,9.5,1]},"faces":{"north":{"uv":[7,0,5,3],"texture":"#0"},"east":{"uv":[0,0,0,3],"texture":"#missing"},"south":{"uv":[7,0,5,3],"texture":"#0"},"west":{"uv":[0,0,0,3],"texture":"#missing"},"up":{"uv":[0,0,2,0],"texture":"#missing"},"down":{"uv":[0,0,2,0],"texture":"#missing"}}},{"from":[-12,19,4],"to":[-7,25,4],"rotation":{"angle":-45,"axis":"y","origin":[-9.25,21.5,4]},"faces":{"north":{"uv":[7.5,0,5,3],"texture":"#0"},"east":{"uv":[0,0,0,3],"texture":"#missing"},"south":{"uv":[7.5,0,5,3],"texture":"#0"},"west":{"uv":[0,0,0,3],"texture":"#missing"},"up":{"uv":[2.5,0,0,0],"texture":"#missing"},"down":{"uv":[2.5,0,0,0],"texture":"#missing"}}},{"from":[-9,18,2],"to":[-9,24,6],"rotation":{"angle":-45,"axis":"y","origin":[-9.25,21.5,4]},"faces":{"north":{"uv":[0,0,0,3],"texture":"#missing"},"east":{"uv":[7,0,5,3],"texture":"#0"},"south":{"uv":[0,0,0,3],"texture":"#missing"},"west":{"uv":[7,0,5,3],"texture":"#0"},"up":{"uv":[0,0,2,0],"rotation":270,"texture":"#missing"},"down":{"uv":[0,0,2,0],"rotation":90,"texture":"#missing"}}},{"from":[5,8,3],"to":[10,14,3],"rotation":{"angle":-45,"axis":"y","origin":[7.75,10.5,3]},"faces":{"north":{"uv":[7.5,0,5,3],"texture":"#0"},"east":{"uv":[0,0,0,3],"texture":"#missing"},"south":{"uv":[7.5,0,5,3],"texture":"#0"},"west":{"uv":[0,0,0,3],"texture":"#missing"},"up":{"uv":[2.5,0,0,0],"texture":"#missing"},"down":{"uv":[2.5,0,0,0],"texture":"#missing"}}},{"from":[8,7,1],"to":[8,13,5],"rotation":{"angle":-45,"axis":"y","origin":[7.75,10.5,3]},"faces":{"north":{"uv":[0,0,0,3],"texture":"#missing"},"east":{"uv":[7,0,5,3],"texture":"#0"},"south":{"uv":[0,0,0,3],"texture":"#missing"},"west":{"uv":[7,0,5,3],"texture":"#0"},"up":{"uv":[0,0,2,0],"rotation":270,"texture":"#missing"},"down":{"uv":[0,0,2,0],"rotation":90,"texture":"#missing"}}},{"from":[-8,16,1],"to":[-4,23,1],"rotation":{"angle":-45,"axis":"y","origin":[-6,17,1.5]},"faces":{"north":{"uv":[2,0,0,3.5],"texture":"#0"},"east":{"uv":[0,0,0,3.5],"texture":"#missing"},"south":{"uv":[2,0,0,3.5],"texture":"#0"},"west":{"uv":[0,0,0,3.5],"texture":"#missing"},"up":{"uv":[2,0,0,0],"texture":"#missing"},"down":{"uv":[2,0,0,0],"texture":"#missing"}}},{"from":[-6,15,0],"to":[-6,22,4],"rotation":{"angle":-45,"axis":"y","origin":[-6,17,1.5]},"faces":{"north":{"uv":[0,0,0,3.5],"texture":"#missing"},"east":{"uv":[2,0,0,3.5],"texture":"#0"},"south":{"uv":[0,0,0,3.5],"texture":"#missing"},"west":{"uv":[2,0,0,3.5],"texture":"#0"},"up":{"uv":[0,0,2,0],"rotation":270,"texture":"#missing"},"down":{"uv":[0,0,2,0],"rotation":90,"texture":"#missing"}}},{"from":[8.85786,19,-0.14214],"to":[8.85786,26,3.85786],"rotation":{"angle":0,"axis":"y","origin":[15.85786,23,-11.14214]},"faces":{"north":{"uv":[0,0,0,3.5],"texture":"#missing"},"east":{"uv":[2,0,0,3.5],"texture":"#0"},"south":{"uv":[0,0,0,3.5],"texture":"#missing"},"west":{"uv":[2,0,0,3.5],"texture":"#0"},"up":{"uv":[2,0,0,0],"rotation":90,"texture":"#missing"},"down":{"uv":[2,0,0,0],"rotation":270,"texture":"#missing"}}},{"from":[6.85786,18,1.85786],"to":[10.85786,25,1.85786],"rotation":{"angle":0,"axis":"y","origin":[15.85786,23,-11.14214]},"faces":{"north":{"uv":[2,0,0,3.5],"texture":"#0"},"east":{"uv":[0,0,0,3.5],"texture":"#missing"},"south":{"uv":[2,0,0,3.5],"texture":"#0"},"west":{"uv":[0,0,0,3.5],"texture":"#missing"},"up":{"uv":[0,0,2,0],"texture":"#missing"},"down":{"uv":[0,0,2,0],"texture":"#missing"}}},{"from":[10,5,2],"to":[14,12,2],"rotation":{"angle":0,"axis":"y","origin":[34,-5,0]},"faces":{"north":{"uv":[2,0,0,3.5],"texture":"#0"},"east":{"uv":[0,0,0,3.5],"texture":"#missing"},"south":{"uv":[2,0,0,3.5],"texture":"#0"},"west":{"uv":[0,0,0,3.5],"texture":"#missing"},"up":{"uv":[2,0,0,0],"texture":"#missing"},"down":{"uv":[2,0,0,0],"texture":"#missing"}}},{"from":[12,4,1],"to":[12,11,5],"rotation":{"angle":0,"axis":"y","origin":[32,-1.5,0]},"faces":{"north":{"uv":[0,0,0,3.5],"texture":"#missing"},"east":{"uv":[2,0,0,3.5],"texture":"#0"},"south":{"uv":[0,0,0,3.5],"texture":"#missing"},"west":{"uv":[2,0,0,3.5],"texture":"#0"},"up":{"uv":[0,0,2,0],"rotation":270,"texture":"#missing"},"down":{"uv":[0,0,2,0],"rotation":90,"texture":"#missing"}}},{"from":[3,10,3],"to":[7,19,3],"rotation":{"angle":0,"axis":"y","origin":[34,-5,0]},"faces":{"north":{"uv":[4.5,0,2.5,4.5],"texture":"#0"},"east":{"uv":[0,0,0,4.5],"texture":"#missing"},"south":{"uv":[4.5,0,2.5,4.5],"texture":"#0"},"west":{"uv":[0,0,0,4.5],"texture":"#missing"},"up":{"uv":[2,0,0,0],"texture":"#missing"},"down":{"uv":[2,0,0,0],"texture":"#missing"}}},{"from":[4,9,1],"to":[4,18,5],"rotation":{"angle":0,"axis":"y","origin":[32,-1.5,0]},"faces":{"north":{"uv":[0,0,0,4.5],"texture":"#missing"},"east":{"uv":[4.5,0,2.5,4.5],"texture":"#0"},"south":{"uv":[0,0,0,4.5],"texture":"#missing"},"west":{"uv":[4.5,0,2.5,4.5],"texture":"#0"},"up":{"uv":[0,0,2,0],"rotation":270,"texture":"#missing"},"down":{"uv":[0,0,2,0],"rotation":90,"texture":"#missing"}}},{"from":[-15,15,1],"to":[-11,24,1],"rotation":{"angle":0,"axis":"y","origin":[18,-5,0]},"faces":{"north":{"uv":[2.5,0,4.5,4.5],"texture":"#0"},"east":{"uv":[0,0,0,4.5],"texture":"#missing"},"south":{"uv":[2.5,0,4.5,4.5],"texture":"#0"},"west":{"uv":[0,0,0,4.5],"texture":"#missing"},"up":{"uv":[0,0,2,0],"texture":"#missing"},"down":{"uv":[0,0,2,0],"texture":"#missing"}}},{"from":[-13,14,-1],"to":[-13,23,3],"rotation":{"angle":0,"axis":"y","origin":[20,-1.5,0]},"faces":{"north":{"uv":[0,0,0,4.5],"texture":"#missing"},"east":{"uv":[2.5,0,4.5,4.5],"texture":"#0"},"south":{"uv":[0,0,0,4.5],"texture":"#missing"},"west":{"uv":[2.5,0,4.5,4.5],"texture":"#0"},"up":{"uv":[0,0,2,0],"rotation":270,"texture":"#missing"},"down":{"uv":[0,0,2,0],"rotation":90,"texture":"#missing"}}},{"from":[0,7,4],"to":[4,16,4],"rotation":{"angle":-45,"axis":"y","origin":[2,11,4]},"faces":{"north":{"uv":[2.5,0,4.5,4.5],"texture":"#0"},"east":{"uv":[0,0,0,4.5],"texture":"#missing"},"south":{"uv":[2.5,0,4.5,4.5],"texture":"#0"},"west":{"uv":[0,0,0,4.5],"texture":"#missing"},"up":{"uv":[0,0,2,0],"texture":"#missing"},"down":{"uv":[0,0,2,0],"texture":"#missing"}}},{"from":[2,6,2],"to":[2,15,6],"rotation":{"angle":-45,"axis":"y","origin":[2,11,4]},"faces":{"north":{"uv":[0,0,0,4.5],"texture":"#missing"},"east":{"uv":[2.5,0,4.5,4.5],"texture":"#0"},"south":{"uv":[0,0,0,4.5],"texture":"#missing"},"west":{"uv":[2.5,0,4.5,4.5],"texture":"#0"},"up":{"uv":[0,0,2,0],"rotation":270,"texture":"#missing"},"down":{"uv":[0,0,2,0],"rotation":90,"texture":"#missing"}}},{"from":[11,15,4],"to":[15,24,4],"rotation":{"angle":-45,"axis":"y","origin":[13,19,4]},"faces":{"north":{"uv":[2.5,0,4.5,4.5],"texture":"#0"},"east":{"uv":[0,0,0,4.5],"texture":"#missing"},"south":{"uv":[2.5,0,4.5,4.5],"texture":"#0"},"west":{"uv":[0,0,0,4.5],"texture":"#missing"},"up":{"uv":[0,0,2,0],"texture":"#missing"},"down":{"uv":[0,0,2,0],"texture":"#missing"}}},{"from":[13,14,2],"to":[13,23,6],"rotation":{"angle":-45,"axis":"y","origin":[13,19,4]},"faces":{"north":{"uv":[0,0,0,4.5],"texture":"#missing"},"east":{"uv":[2.5,0,4.5,4.5],"texture":"#0"},"south":{"uv":[0,0,0,4.5],"texture":"#missing"},"west":{"uv":[2.5,0,4.5,4.5],"texture":"#0"},"up":{"uv":[0,0,2,0],"rotation":270,"texture":"#missing"},"down":{"uv":[0,0,2,0],"rotation":90,"texture":"#missing"}}}],"display":{"thirdperson_righthand":{"scale":[0.3,0.3,0.3]},"thirdperson_lefthand":{"scale":[0.3,0.3,0.3]},"firstperson_righthand":{"translation":[0,0,2.25],"scale":[0.3,0.3,0.3]},"firstperson_lefthand":{"translation":[0,0,2.25],"scale":[0.3,0.3,0.3]},"ground":{"scale":[0.3,0.3,0.3]},"gui":{"rotation":[18,33,0],"translation":[3.5,-2.75,0],"scale":[0.4,0.4,0.4]},"fixed":{"rotation":[0,-180,0],"translation":[-2.5,-14,-17],"scale":[2,2,2]}},"groups":[{"name":"branches","origin":[8,8,8],"children":[{"name":"1","origin":[0,0,0],"children":[0,1]},{"name":"1","origin":[0,0,0],"children":[2,3,4]},{"name":"1","origin":[0,0,0],"children":[5,6,7]},{"name":"2","origin":[0,0,0],"children":[8,9]},{"name":"2","origin":[0,0,0],"children":[10,11]},{"name":"2","origin":[0,0,0],"children":[12,13]},{"name":"1","origin":[0,0,0],"children":[14,15]},{"name":"3","origin":[0,0,0],"children":[16,17]},{"name":"3","origin":[0,0,0],"children":[18,19]},{"name":"3","origin":[0,0,0],"children":[20,21]},22,23,24,25,26,27,28,29,30,31,32,33]},{"name":"flowers","origin":[8,8,8],"children":[{"name":"3","origin":[0,0,0],"children":[34,35]},{"name":"3","origin":[0,0,0],"children":[36,37]},{"name":"3","origin":[0,0,0],"children":[38,39]},{"name":"3","origin":[0,0,0],"children":[40,41]},{"name":"3","origin":[0,0,0],"children":[42,43]},{"name":"1","origin":[0,0,0],"children":[44,45]},{"name":"1","origin":[0,0,0],"children":[46,47]},{"name":"1","origin":[0,0,0],"children":[48,49]},{"name":"2","origin":[0,0,0],"children":[50,51]},{"name":"2","origin":[0,0,0],"children":[52,53]},{"name":"2","origin":[0,0,0],"children":[54,55]},{"name":"2","origin":[0,0,0],"children":[56,57]}]}]}