{"credit":"Made with Blockbench","texture_size":[32,32],"textures":{"0":"block/flowers/wisteria1","particle":"block/flowers/wisteria1"},"elements":[{"from":[0,19,2],"to":[3,20,3],"rotation":{"angle":0,"axis":"y","origin":[18,-10,0]},"faces":{"north":{"uv":[13,5.5,14.5,6],"texture":"#0"},"east":{"uv":[12.5,5,13,5.5],"texture":"#0"},"south":{"uv":[13,5.5,14.5,6],"texture":"#0"},"west":{"uv":[12,5,12.5,5.5],"texture":"#0"},"up":{"uv":[13,5.5,14.5,6],"texture":"#0"},"down":{"uv":[13,5.5,14.5,6],"texture":"#0"}}},{"from":[9,20,2],"to":[12,21,3],"rotation":{"angle":0,"axis":"y","origin":[18,-10,0]},"faces":{"north":{"uv":[13,5.5,14.5,6],"texture":"#0"},"east":{"uv":[12.5,5,13,5.5],"texture":"#0"},"south":{"uv":[13,5.5,14.5,6],"texture":"#0"},"west":{"uv":[12,5,12.5,5.5],"texture":"#0"},"up":{"uv":[13,5.5,14.5,6],"texture":"#0"},"down":{"uv":[13,5.5,14.5,6],"texture":"#0"}}},{"from":[15,11,2],"to":[16,12,3],"rotation":{"angle":0,"axis":"z","origin":[33,7,2.5]},"faces":{"north":{"uv":[12,5,12.5,5.5],"rotation":90,"texture":"#0"},"east":{"uv":[12,5,12.5,5.5],"rotation":270,"texture":"#0"},"south":{"uv":[12,5,12.5,5.5],"rotation":270,"texture":"#0"},"west":{"uv":[12,5,12.5,5.5],"rotation":270,"texture":"#0"},"up":{"uv":[12,5,12.5,5.5],"rotation":270,"texture":"#0"},"down":{"uv":[12,5,12.5,5.5],"rotation":270,"texture":"#0"}}},{"from":[1,2,3],"to":[2,3,4],"rotation":{"angle":0,"axis":"z","origin":[14.5,10.5,2]},"faces":{"north":{"uv":[12,5,12.5,5.5],"rotation":180,"texture":"#0"},"east":{"uv":[12,5,12.5,5.5],"rotation":180,"texture":"#0"},"south":{"uv":[12,5,12.5,5.5],"rotation":180,"texture":"#0"},"west":{"uv":[12,5,12.5,5.5],"rotation":180,"texture":"#0"},"up":{"uv":[12,5,12.5,5.5],"rotation":180,"texture":"#0"},"down":{"uv":[12,5,12.5,5.5],"rotation":180,"texture":"#0"}}},{"from":[16,10,2],"to":[17,11,3],"rotation":{"angle":0,"axis":"z","origin":[33,7,2.5]},"faces":{"north":{"uv":[12,5,12.5,5.5],"rotation":90,"texture":"#0"},"east":{"uv":[12,5,12.5,5.5],"rotation":270,"texture":"#0"},"south":{"uv":[12,5,12.5,5.5],"rotation":270,"texture":"#0"},"west":{"uv":[12,5,12.5,5.5],"rotation":270,"texture":"#0"},"up":{"uv":[12,5,12.5,5.5],"rotation":270,"texture":"#0"},"down":{"uv":[12,5,12.5,5.5],"rotation":270,"texture":"#0"}}},{"from":[2,3,3],"to":[3,4,4],"rotation":{"angle":0,"axis":"z","origin":[14.5,10.5,2]},"faces":{"north":{"uv":[12,5,12.5,5.5],"rotation":180,"texture":"#0"},"east":{"uv":[12,5,12.5,5.5],"rotation":180,"texture":"#0"},"south":{"uv":[12,5,12.5,5.5],"rotation":180,"texture":"#0"},"west":{"uv":[12,5,12.5,5.5],"rotation":180,"texture":"#0"},"up":{"uv":[12,5,12.5,5.5],"rotation":180,"texture":"#0"},"down":{"uv":[12,5,12.5,5.5],"rotation":180,"texture":"#0"}}},{"from":[13,1,2],"to":[14,2,3],"rotation":{"angle":0,"axis":"z","origin":[33,7,2.5]},"faces":{"north":{"uv":[12,5,12.5,5.5],"rotation":90,"texture":"#0"},"east":{"uv":[12,5,12.5,5.5],"rotation":270,"texture":"#0"},"south":{"uv":[12,5,12.5,5.5],"rotation":270,"texture":"#0"},"west":{"uv":[12,5,12.5,5.5],"rotation":270,"texture":"#0"},"up":{"uv":[12,5,12.5,5.5],"rotation":270,"texture":"#0"},"down":{"uv":[12,5,12.5,5.5],"rotation":270,"texture":"#0"}}},{"from":[13,19,2],"to":[14,20,3],"rotation":{"angle":0,"axis":"z","origin":[33,7,2.5]},"faces":{"north":{"uv":[12,5,12.5,5.5],"rotation":90,"texture":"#0"},"east":{"uv":[12,5,12.5,5.5],"rotation":270,"texture":"#0"},"south":{"uv":[12,5,12.5,5.5],"rotation":270,"texture":"#0"},"west":{"uv":[12,5,12.5,5.5],"rotation":270,"texture":"#0"},"up":{"uv":[12,5,12.5,5.5],"rotation":270,"texture":"#0"},"down":{"uv":[12,5,12.5,5.5],"rotation":270,"texture":"#0"}}},{"from":[15,16,1],"to":[18,17,2],"rotation":{"angle":0,"axis":"z","origin":[14.5,10.5,2]},"faces":{"north":{"uv":[12,11,12.5,12.5],"rotation":90,"texture":"#0"},"east":{"uv":[12,11.5,12.5,12],"rotation":270,"texture":"#0"},"south":{"uv":[12,11,12.5,12.5],"rotation":270,"texture":"#0"},"west":{"uv":[12,12,12.5,12.5],"rotation":270,"texture":"#0"},"up":{"uv":[12,11,12.5,12.5],"rotation":270,"texture":"#0"},"down":{"uv":[12,11,12.5,12.5],"rotation":270,"texture":"#0"}}},{"from":[9,8,1],"to":[10,11,2],"rotation":{"angle":0,"axis":"y","origin":[18,-10,0]},"faces":{"north":{"uv":[12,11,12.5,12.5],"texture":"#0"},"east":{"uv":[12,11,12.5,12.5],"texture":"#0"},"south":{"uv":[12,11,12.5,12.5],"texture":"#0"},"west":{"uv":[12,11,12.5,12.5],"texture":"#0"},"up":{"uv":[12,12,12.5,12.5],"texture":"#0"},"down":{"uv":[12,11.5,12.5,12],"texture":"#0"}}},{"from":[14,-1,2],"to":[15,1,3],"rotation":{"angle":0,"axis":"y","origin":[18,-10,0]},"faces":{"north":{"uv":[12,11.5,12.5,12.5],"texture":"#0"},"east":{"uv":[12,11.5,12.5,12.5],"texture":"#0"},"south":{"uv":[12,11.5,12.5,12.5],"texture":"#0"},"west":{"uv":[12,11.5,12.5,12.5],"texture":"#0"},"up":{"uv":[12,12,12.5,12.5],"texture":"#0"},"down":{"uv":[12,11.5,12.5,12.5],"texture":"#0"}}},{"from":[0,12,1],"to":[1,15,2],"rotation":{"angle":0,"axis":"y","origin":[18,-10,0]},"faces":{"north":{"uv":[12,11,12.5,12.5],"texture":"#0"},"east":{"uv":[12,11,12.5,12.5],"texture":"#0"},"south":{"uv":[12,11,12.5,12.5],"texture":"#0"},"west":{"uv":[12,11,12.5,12.5],"texture":"#0"},"up":{"uv":[12,12,12.5,12.5],"texture":"#0"},"down":{"uv":[12,11.5,12.5,12],"texture":"#0"}}},{"from":[12,3,2],"to":[13,8,3],"rotation":{"angle":0,"axis":"y","origin":[18,-10,0]},"faces":{"north":{"uv":[12,11,12.5,12.5],"texture":"#0"},"east":{"uv":[12,11,12.5,12.5],"texture":"#0"},"south":{"uv":[12,11,12.5,12.5],"texture":"#0"},"west":{"uv":[12,11,12.5,12.5],"texture":"#0"},"up":{"uv":[12,12,12.5,12.5],"texture":"#0"},"down":{"uv":[12,11.5,12.5,12],"texture":"#0"}}},{"from":[10,7,2],"to":[11,10,3],"rotation":{"angle":0,"axis":"z","origin":[29.5,1.5,2.5]},"faces":{"north":{"uv":[12,11,12.5,12.5],"rotation":180,"texture":"#0"},"east":{"uv":[12,11,12.5,12.5],"rotation":180,"texture":"#0"},"south":{"uv":[12,11,12.5,12.5],"rotation":180,"texture":"#0"},"west":{"uv":[12,11,12.5,12.5],"rotation":180,"texture":"#0"},"up":{"uv":[12,11.5,12.5,12],"rotation":180,"texture":"#0"},"down":{"uv":[12,12,12.5,12.5],"rotation":180,"texture":"#0"}}},{"from":[14,17,1],"to":[17,18,2],"rotation":{"angle":0,"axis":"z","origin":[14.5,10.5,2]},"faces":{"north":{"uv":[12,11,12.5,12.5],"rotation":90,"texture":"#0"},"east":{"uv":[12,11.5,12.5,12],"rotation":270,"texture":"#0"},"south":{"uv":[12,11,12.5,12.5],"rotation":270,"texture":"#0"},"west":{"uv":[12,12,12.5,12.5],"rotation":270,"texture":"#0"},"up":{"uv":[12,11,12.5,12.5],"rotation":270,"texture":"#0"},"down":{"uv":[12,11,12.5,12.5],"rotation":270,"texture":"#0"}}},{"from":[1,10,1],"to":[2,13,2],"rotation":{"angle":0,"axis":"y","origin":[18,-10,0]},"faces":{"north":{"uv":[12,11,12.5,12.5],"texture":"#0"},"east":{"uv":[12,11,12.5,12.5],"texture":"#0"},"south":{"uv":[12,11,12.5,12.5],"texture":"#0"},"west":{"uv":[12,11,12.5,12.5],"texture":"#0"},"up":{"uv":[12,12,12.5,12.5],"texture":"#0"},"down":{"uv":[12,11.5,12.5,12],"texture":"#0"}}},{"from":[-1,18,2],"to":[0,19,3],"rotation":{"angle":0,"axis":"y","origin":[18,-10,0]},"faces":{"north":{"uv":[12,5,12.5,5.5],"texture":"#0"},"east":{"uv":[12,5,12.5,5.5],"texture":"#0"},"south":{"uv":[12,5,12.5,5.5],"texture":"#0"},"west":{"uv":[12,5,12.5,5.5],"texture":"#0"},"up":{"uv":[12,5,12.5,5.5],"texture":"#0"},"down":{"uv":[12,5,12.5,5.5],"texture":"#0"}}},{"from":[7,16,4],"to":[9,19,4],"rotation":{"angle":0,"axis":"y","origin":[18,-10,0]},"faces":{"north":{"uv":[2,11.5,3,13],"texture":"#0"},"east":{"uv":[0,0,0,1.5],"texture":"#missing"},"south":{"uv":[2,11.5,3,13],"texture":"#0"},"west":{"uv":[2,11.5,3,13],"texture":"#missing"},"up":{"uv":[0,0,1,0],"texture":"#missing"},"down":{"uv":[0,0,1,0],"texture":"#missing"}}},{"from":[8,16,4],"to":[8,19,6],"rotation":{"angle":0,"axis":"y","origin":[31,18.5,2]},"faces":{"north":{"uv":[2,11.5,2,13],"texture":"#missing"},"east":{"uv":[2,11.5,3,13],"texture":"#0"},"south":{"uv":[2,11.5,3,13],"texture":"#0"},"west":{"uv":[2,11.5,3,13],"texture":"#0"},"up":{"uv":[0,0,1,0],"rotation":90,"texture":"#missing"},"down":{"uv":[0,0,1,0],"rotation":270,"texture":"#missing"}}},{"from":[4,12,4],"to":[6,15,4],"rotation":{"angle":0,"axis":"y","origin":[18,-10,0]},"faces":{"north":{"uv":[4,12.5,5,14],"texture":"#0"},"east":{"uv":[0,0,0,1.5],"texture":"#missing"},"south":{"uv":[4,12.5,5,14],"texture":"#0"},"west":{"uv":[0,0,0,1.5],"texture":"#missing"},"up":{"uv":[0,0,1,0],"texture":"#missing"},"down":{"uv":[0,0,1,0],"texture":"#missing"}}},{"from":[5,12,3],"to":[5,15,5],"rotation":{"angle":0,"axis":"y","origin":[31,18.5,2]},"faces":{"north":{"uv":[0,0,0,1.5],"texture":"#missing"},"east":{"uv":[4,12.5,5,14],"texture":"#0"},"south":{"uv":[0,0,0,1.5],"texture":"#missing"},"west":{"uv":[4,12.5,5,14],"texture":"#0"},"up":{"uv":[0,0,1,0],"rotation":90,"texture":"#missing"},"down":{"uv":[0,0,1,0],"rotation":270,"texture":"#missing"}}},{"from":[13,2,4],"to":[15,5,4],"rotation":{"angle":0,"axis":"y","origin":[18,-10,0]},"faces":{"north":{"uv":[4,12.5,5,14],"texture":"#0"},"east":{"uv":[0,0,0,1.5],"texture":"#missing"},"south":{"uv":[4,12.5,5,14],"texture":"#0"},"west":{"uv":[0,0,0,1.5],"texture":"#missing"},"up":{"uv":[0,0,1,0],"texture":"#missing"},"down":{"uv":[0,0,1,0],"texture":"#missing"}}},{"from":[14,2,3],"to":[14,5,5],"rotation":{"angle":0,"axis":"y","origin":[31,18.5,2]},"faces":{"north":{"uv":[0,0,0,1.5],"texture":"#missing"},"east":{"uv":[4,12.5,5,14],"texture":"#0"},"south":{"uv":[0,0,0,1.5],"texture":"#missing"},"west":{"uv":[4,12.5,5,14],"texture":"#0"},"up":{"uv":[0,0,1,0],"rotation":90,"texture":"#missing"},"down":{"uv":[0,0,1,0],"rotation":270,"texture":"#missing"}}},{"from":[0,16,4],"to":[2,19,4],"rotation":{"angle":0,"axis":"y","origin":[21.5,7.5,4.25]},"faces":{"north":{"uv":[4,12.5,5,14],"texture":"#0"},"east":{"uv":[0,0,0,1.5],"texture":"#missing"},"south":{"uv":[4,12.5,5,14],"texture":"#0"},"west":{"uv":[0,0,0,1.5],"texture":"#missing"},"up":{"uv":[0,0,1,0],"rotation":180,"texture":"#missing"},"down":{"uv":[0,0,1,0],"rotation":180,"texture":"#missing"}}},{"from":[1,16,3.5],"to":[1,19,5.5],"rotation":{"angle":0,"axis":"y","origin":[21.5,7.5,4.25]},"faces":{"north":{"uv":[0,0,0,1.5],"texture":"#missing"},"east":{"uv":[4,12.5,5,14],"texture":"#0"},"south":{"uv":[0,0,0,1.5],"texture":"#missing"},"west":{"uv":[4,12.5,5,14],"texture":"#0"},"up":{"uv":[0,0,1,0],"rotation":270,"texture":"#missing"},"down":{"uv":[0,0,1,0],"rotation":90,"texture":"#missing"}}},{"from":[2,1,4],"to":[5,3,4],"rotation":{"angle":0,"axis":"z","origin":[25,7,4.5]},"faces":{"north":{"uv":[2,11.5,3,13],"rotation":90,"texture":"#0"},"east":{"uv":[0,0,1,0],"rotation":90,"texture":"#missing"},"south":{"uv":[2,11.5,3,13],"rotation":270,"texture":"#0"},"west":{"uv":[0,0,1,0],"rotation":90,"texture":"#missing"},"up":{"uv":[2,11.5,3,13],"rotation":270,"texture":"#missing"},"down":{"uv":[0,0,0,1.5],"rotation":270,"texture":"#missing"}}},{"from":[1,2,3],"to":[4,2,5],"rotation":{"angle":0,"axis":"z","origin":[25,7,4.5]},"faces":{"north":{"uv":[2,11.5,3,13],"rotation":90,"texture":"#0"},"east":{"uv":[0,0,1,0],"texture":"#missing"},"south":{"uv":[2,11.5,2,13],"rotation":270,"texture":"#missing"},"west":{"uv":[0,0,1,0],"rotation":180,"texture":"#missing"},"up":{"uv":[2,11.5,3,13],"rotation":270,"texture":"#0"},"down":{"uv":[2,11.5,3,13],"rotation":270,"texture":"#0"}}},{"from":[12,20,3],"to":[14,23,3],"rotation":{"angle":0,"axis":"y","origin":[21.5,7.5,4.25]},"faces":{"north":{"uv":[6.5,12.5,7.5,14],"texture":"#0"},"east":{"uv":[0,0,0,1.5],"texture":"#missing"},"south":{"uv":[6.5,12.5,7.5,14],"texture":"#0"},"west":{"uv":[0,0,0,1.5],"texture":"#missing"},"up":{"uv":[0,0,1,0],"rotation":180,"texture":"#missing"},"down":{"uv":[0,0,1,0],"rotation":180,"texture":"#missing"}}},{"from":[13,20,2],"to":[13,23,4],"rotation":{"angle":0,"axis":"y","origin":[21.5,7.5,4.25]},"faces":{"north":{"uv":[0,0,0,1.5],"texture":"#missing"},"east":{"uv":[6.5,12.5,7.5,14],"texture":"#0"},"south":{"uv":[6.5,12.5,6.5,14],"texture":"#missing"},"west":{"uv":[6.5,12.5,7.5,14],"texture":"#0"},"up":{"uv":[0,0,1,0],"rotation":270,"texture":"#missing"},"down":{"uv":[0,0,1,0],"rotation":90,"texture":"#missing"}}},{"from":[14,13,3],"to":[16,16,3],"rotation":{"angle":0,"axis":"y","origin":[21.5,-11.5,4.25]},"faces":{"north":{"uv":[6.5,14,7.5,12.5],"texture":"#0"},"east":{"uv":[0,1.5,0,0],"texture":"#missing"},"south":{"uv":[6.5,14,7.5,12.5],"texture":"#0"},"west":{"uv":[0,1.5,0,0],"texture":"#missing"},"up":{"uv":[0,0,1,0],"rotation":180,"texture":"#missing"},"down":{"uv":[0,0,1,0],"rotation":180,"texture":"#missing"}}},{"from":[15,13,2],"to":[15,16,4],"rotation":{"angle":0,"axis":"y","origin":[21.5,-11.5,4.25]},"faces":{"north":{"uv":[0,1.5,0,0],"texture":"#missing"},"east":{"uv":[6.5,14,7.5,12.5],"texture":"#0"},"south":{"uv":[6.5,14,6.5,12.5],"texture":"#missing"},"west":{"uv":[6.5,14,7.5,12.5],"texture":"#0"},"up":{"uv":[1,0,0,0],"rotation":90,"texture":"#missing"},"down":{"uv":[1,0,0,0],"rotation":270,"texture":"#missing"}}},{"from":[-3,1,2],"to":[1,10,2],"rotation":{"angle":0,"axis":"y","origin":[18,-10,0]},"faces":{"north":{"uv":[2.5,0,4.5,4.5],"texture":"#0"},"east":{"uv":[0,0,0,4.5],"texture":"#missing"},"south":{"uv":[2.5,0,4.5,4.5],"texture":"#0"},"west":{"uv":[0,0,0,4.5],"texture":"#missing"},"up":{"uv":[0,0,2,0],"texture":"#missing"},"down":{"uv":[0,0,2,0],"texture":"#missing"}}},{"from":[-1,0,1],"to":[-1,9,5],"rotation":{"angle":0,"axis":"y","origin":[20,-6.5,0]},"faces":{"north":{"uv":[0,0,0,4.5],"texture":"#missing"},"east":{"uv":[2.5,0,4.5,4.5],"texture":"#0"},"south":{"uv":[0,0,0,4.5],"texture":"#missing"},"west":{"uv":[2.5,0,4.5,4.5],"texture":"#0"},"up":{"uv":[0,0,2,0],"rotation":270,"texture":"#missing"},"down":{"uv":[0,0,2,0],"rotation":90,"texture":"#missing"}}},{"from":[1.56497,11,4.435],"to":[5.56497,20,4.435],"rotation":{"angle":0,"axis":"y","origin":[3.56497,15,16.93503]},"faces":{"north":{"uv":[4.5,0,2.5,4.5],"texture":"#0"},"east":{"uv":[0,0,0,4.5],"texture":"#missing"},"south":{"uv":[4.5,0,2.5,4.5],"texture":"#0"},"west":{"uv":[0,0,0,4.5],"texture":"#missing"},"up":{"uv":[2,0,0,0],"texture":"#missing"},"down":{"uv":[2,0,0,0],"texture":"#missing"}}},{"from":[3.56497,10,3.435],"to":[3.56497,19,7.435],"rotation":{"angle":0,"axis":"y","origin":[3.56497,15,16.93503]},"faces":{"north":{"uv":[0,0,0,4.5],"texture":"#missing"},"east":{"uv":[4.5,0,2.5,4.5],"texture":"#0"},"south":{"uv":[0,0,0,4.5],"texture":"#missing"},"west":{"uv":[4.5,0,2.5,4.5],"texture":"#0"},"up":{"uv":[0,0,2,0],"rotation":270,"texture":"#missing"},"down":{"uv":[0,0,2,0],"rotation":90,"texture":"#missing"}}},{"from":[6.5,14,3],"to":[6.5,23,7],"rotation":{"angle":0,"axis":"y","origin":[26.5,4,4]},"faces":{"north":{"uv":[0,0,0,4.5],"texture":"#missing"},"east":{"uv":[4.5,0,2.5,4.5],"texture":"#0"},"south":{"uv":[0,0,0,4.5],"texture":"#missing"},"west":{"uv":[4.5,0,2.5,4.5],"texture":"#0"},"up":{"uv":[2,0,0,0],"rotation":90,"texture":"#missing"},"down":{"uv":[2,0,0,0],"rotation":270,"texture":"#missing"}}},{"from":[4.5,13,3],"to":[8.5,22,3],"rotation":{"angle":0,"axis":"y","origin":[26.5,4,4]},"faces":{"north":{"uv":[4.5,0,2.5,4.5],"texture":"#0"},"east":{"uv":[0,0,0,4.5],"texture":"#missing"},"south":{"uv":[4.5,0,2.5,4.5],"texture":"#0"},"west":{"uv":[0,0,0,4.5],"texture":"#missing"},"up":{"uv":[0,0,2,0],"texture":"#missing"},"down":{"uv":[0,0,2,0],"texture":"#missing"}}},{"from":[6.5,-2,3],"to":[6.5,7,7],"rotation":{"angle":0,"axis":"y","origin":[26.5,4,4]},"faces":{"north":{"uv":[0,0,0,4.5],"texture":"#missing"},"east":{"uv":[4.5,0,2.5,4.5],"texture":"#0"},"south":{"uv":[0,0,0,4.5],"texture":"#missing"},"west":{"uv":[4.5,0,2.5,4.5],"texture":"#0"},"up":{"uv":[2,0,0,0],"rotation":90,"texture":"#missing"},"down":{"uv":[2,0,0,0],"rotation":270,"texture":"#missing"}}},{"from":[4.5,-3,3],"to":[8.5,6,3],"rotation":{"angle":0,"axis":"y","origin":[26.5,4,4]},"faces":{"north":{"uv":[4.5,0,2.5,4.5],"texture":"#0"},"east":{"uv":[0,0,0,4.5],"texture":"#missing"},"south":{"uv":[4.5,0,2.5,4.5],"texture":"#0"},"west":{"uv":[0,0,0,4.5],"texture":"#missing"},"up":{"uv":[0,0,2,0],"texture":"#missing"},"down":{"uv":[0,0,2,0],"texture":"#missing"}}},{"from":[-1.5,11,3],"to":[3.5,17,3],"rotation":{"angle":0,"axis":"y","origin":[33.75,12.5,4.75]},"faces":{"north":{"uv":[5,0,7.5,3],"texture":"#0"},"east":{"uv":[0,0,0,3],"texture":"#missing"},"south":{"uv":[5,0,7.5,3],"texture":"#0"},"west":{"uv":[0,0,0,3],"texture":"#missing"},"up":{"uv":[0,0,2.5,0],"texture":"#missing"},"down":{"uv":[0,0,2.5,0],"texture":"#missing"}}},{"from":[0.5,10,1],"to":[0.5,16,5],"rotation":{"angle":0,"axis":"y","origin":[33.75,12.5,4.75]},"faces":{"north":{"uv":[0,0,0,3],"texture":"#missing"},"east":{"uv":[5,0,7,3],"texture":"#0"},"south":{"uv":[0,0,0,3],"texture":"#missing"},"west":{"uv":[5,0,7,3],"texture":"#0"},"up":{"uv":[0,0,2,0],"rotation":270,"texture":"#missing"},"down":{"uv":[0,0,2,0],"rotation":90,"texture":"#missing"}}},{"from":[12.5,8,3],"to":[17.5,14,3],"rotation":{"angle":0,"axis":"y","origin":[33.75,12.5,4.75]},"faces":{"north":{"uv":[5,0,7.5,3],"texture":"#0"},"east":{"uv":[0,0,0,3],"texture":"#missing"},"south":{"uv":[5,0,7.5,3],"texture":"#0"},"west":{"uv":[0,0,0,3],"texture":"#missing"},"up":{"uv":[0,0,2.5,0],"texture":"#missing"},"down":{"uv":[0,0,2.5,0],"texture":"#missing"}}},{"from":[14.5,7,1],"to":[14.5,13,5],"rotation":{"angle":0,"axis":"y","origin":[33.75,12.5,4.75]},"faces":{"north":{"uv":[0,0,0,3],"texture":"#missing"},"east":{"uv":[5,0,7,3],"texture":"#0"},"south":{"uv":[0,0,0,3],"texture":"#missing"},"west":{"uv":[5,0,7,3],"texture":"#0"},"up":{"uv":[0,0,2,0],"rotation":270,"texture":"#missing"},"down":{"uv":[0,0,2,0],"rotation":90,"texture":"#missing"}}},{"from":[12.5,3,4],"to":[17.5,9,4],"rotation":{"angle":0,"axis":"y","origin":[-17.75,12.5,4.75]},"faces":{"north":{"uv":[7.5,0,5,3],"texture":"#0"},"east":{"uv":[0,0,0,3],"texture":"#missing"},"south":{"uv":[7.5,0,5,3],"texture":"#0"},"west":{"uv":[0,0,0,3],"texture":"#missing"},"up":{"uv":[2.5,0,0,0],"texture":"#missing"},"down":{"uv":[2.5,0,0,0],"texture":"#missing"}}},{"from":[15.5,2,1],"to":[15.5,8,5],"rotation":{"angle":0,"axis":"y","origin":[-17.75,12.5,4.75]},"faces":{"north":{"uv":[0,0,0,3],"texture":"#missing"},"east":{"uv":[7,0,5,3],"texture":"#0"},"south":{"uv":[0,0,0,3],"texture":"#missing"},"west":{"uv":[7,0,5,3],"texture":"#0"},"up":{"uv":[0,0,2,0],"rotation":270,"texture":"#missing"},"down":{"uv":[0,0,2,0],"rotation":90,"texture":"#missing"}}},{"from":[0.5,3,4],"to":[5.5,9,4],"rotation":{"angle":0,"axis":"y","origin":[-17.75,12.5,4.75]},"faces":{"north":{"uv":[7.5,0,5,3],"texture":"#0"},"east":{"uv":[0,0,0,3],"texture":"#missing"},"south":{"uv":[7.5,0,5,3],"texture":"#0"},"west":{"uv":[0,0,0,3],"texture":"#missing"},"up":{"uv":[2.5,0,0,0],"texture":"#missing"},"down":{"uv":[2.5,0,0,0],"texture":"#missing"}}},{"from":[3.5,2,2],"to":[3.5,8,6],"rotation":{"angle":0,"axis":"y","origin":[-17.75,12.5,4.75]},"faces":{"north":{"uv":[0,0,0,3],"texture":"#missing"},"east":{"uv":[7,0,5,3],"texture":"#0"},"south":{"uv":[0,0,0,3],"texture":"#missing"},"west":{"uv":[7,0,5,3],"texture":"#0"},"up":{"uv":[0,0,2,0],"rotation":270,"texture":"#missing"},"down":{"uv":[0,0,2,0],"rotation":90,"texture":"#missing"}}},{"from":[2,7,3],"to":[7,13,3],"rotation":{"angle":0,"axis":"y","origin":[28,-10,0]},"faces":{"north":{"uv":[7.5,0,5,3],"texture":"#0"},"east":{"uv":[0,0,0,3],"texture":"#missing"},"south":{"uv":[7.5,0,5,3],"texture":"#0"},"west":{"uv":[0,0,0,3],"texture":"#missing"},"up":{"uv":[2.5,0,0,0],"texture":"#missing"},"down":{"uv":[2.5,0,0,0],"texture":"#missing"}}},{"from":[5,6,2],"to":[5,12,6],"rotation":{"angle":0,"axis":"y","origin":[26,-6.5,0]},"faces":{"north":{"uv":[0,0,0,3],"texture":"#missing"},"east":{"uv":[7,0,5,3],"texture":"#0"},"south":{"uv":[0,0,0,3],"texture":"#missing"},"west":{"uv":[7,0,5,3],"texture":"#0"},"up":{"uv":[0,0,2,0],"rotation":270,"texture":"#missing"},"down":{"uv":[0,0,2,0],"rotation":90,"texture":"#missing"}}},{"from":[8.75,10,3.25],"to":[8.75,16,8.25],"rotation":{"angle":0,"axis":"y","origin":[22.25,18.5,5.5]},"faces":{"north":{"uv":[0,0,0,3],"texture":"#missing"},"east":{"uv":[5,0,7.5,3],"texture":"#0"},"south":{"uv":[0,0,0,3],"texture":"#missing"},"west":{"uv":[5,0,7.5,3],"texture":"#0"},"up":{"uv":[0,0,2.5,0],"rotation":90,"texture":"#missing"},"down":{"uv":[0,0,2.5,0],"rotation":270,"texture":"#missing"}}},{"from":[6.75,10,5.25],"to":[10.75,16,5.25],"rotation":{"angle":0,"axis":"y","origin":[22.25,18.5,5.5]},"faces":{"north":{"uv":[5,0,7,3],"texture":"#0"},"east":{"uv":[0,0,0,3],"texture":"#missing"},"south":{"uv":[5,0,7,3],"texture":"#0"},"west":{"uv":[0,0,0,3],"texture":"#missing"},"up":{"uv":[0,0,2,0],"texture":"#missing"},"down":{"uv":[0,0,2,0],"texture":"#missing"}}},{"from":[7.25,4,3.25],"to":[7.25,10,8.25],"rotation":{"angle":0,"axis":"y","origin":[11.75,18.5,2.5]},"faces":{"north":{"uv":[0,0,0,3],"texture":"#missing"},"east":{"uv":[7.5,0,5,3],"texture":"#0"},"south":{"uv":[0,0,0,3],"texture":"#missing"},"west":{"uv":[7.5,0,5,3],"texture":"#0"},"up":{"uv":[0,0,2.5,0],"rotation":90,"texture":"#missing"},"down":{"uv":[0,0,2.5,0],"rotation":270,"texture":"#missing"}}},{"from":[4.25,3,5.25],"to":[9.25,9,5.25],"rotation":{"angle":0,"axis":"y","origin":[11.75,18.5,2.5]},"faces":{"north":{"uv":[7.5,0,5,3],"texture":"#0"},"east":{"uv":[0,0,0,3],"texture":"#missing"},"south":{"uv":[7.5,0,5,3],"texture":"#0"},"west":{"uv":[0,0,0,3],"texture":"#missing"},"up":{"uv":[2,0,0,0],"texture":"#missing"},"down":{"uv":[2,0,0,0],"texture":"#missing"}}},{"from":[9.5,7,4],"to":[13.5,14,4],"rotation":{"angle":0,"axis":"y","origin":[39.5,13,4]},"faces":{"north":{"uv":[0,0,2,3.5],"texture":"#0"},"east":{"uv":[0,0,0,3.5],"texture":"#missing"},"south":{"uv":[0,0,2,3.5],"texture":"#0"},"west":{"uv":[0,0,0,3.5],"texture":"#missing"},"up":{"uv":[0,0,2,0],"rotation":180,"texture":"#missing"},"down":{"uv":[0,0,2,0],"rotation":180,"texture":"#missing"}}},{"from":[11.5,6,2],"to":[11.5,13,6],"rotation":{"angle":0,"axis":"y","origin":[39.5,13,4]},"faces":{"north":{"uv":[0,0,0,3.5],"texture":"#missing"},"east":{"uv":[0,0,2,3.5],"texture":"#0"},"south":{"uv":[0,0,0,3.5],"texture":"#missing"},"west":{"uv":[0,0,2,3.5],"texture":"#0"},"up":{"uv":[0,0,2,0],"rotation":90,"texture":"#missing"},"down":{"uv":[0,0,2,0],"rotation":270,"texture":"#missing"}}},{"from":[8.5,0,3],"to":[12.5,7,3],"rotation":{"angle":0,"axis":"y","origin":[6.5,13,4]},"faces":{"north":{"uv":[2,0,0,3.5],"texture":"#0"},"east":{"uv":[0,0,0,3.5],"texture":"#missing"},"south":{"uv":[2,0,0,3.5],"texture":"#0"},"west":{"uv":[0,0,0,3.5],"texture":"#missing"},"up":{"uv":[2,0,0,0],"rotation":180,"texture":"#missing"},"down":{"uv":[2,0,0,0],"rotation":180,"texture":"#missing"}}},{"from":[10.5,-1,1],"to":[10.5,6,5],"rotation":{"angle":0,"axis":"y","origin":[6.5,13,4]},"faces":{"north":{"uv":[0,0,0,3.5],"texture":"#missing"},"east":{"uv":[2,0,0,3.5],"texture":"#0"},"south":{"uv":[0,0,0,3.5],"texture":"#missing"},"west":{"uv":[2,0,0,3.5],"texture":"#0"},"up":{"uv":[0,0,2,0],"rotation":90,"texture":"#missing"},"down":{"uv":[0,0,2,0],"rotation":270,"texture":"#missing"}}},{"from":[9,12,2],"to":[13,19,2],"rotation":{"angle":0,"axis":"y","origin":[28,20,2.5]},"faces":{"north":{"uv":[0,0,2,3.5],"texture":"#0"},"east":{"uv":[0,0,0,3.5],"texture":"#missing"},"south":{"uv":[0,0,2,3.5],"texture":"#0"},"west":{"uv":[0,0,0,3.5],"texture":"#missing"},"up":{"uv":[0,0,2,0],"texture":"#missing"},"down":{"uv":[0,0,2,0],"texture":"#missing"}}},{"from":[11,11,1],"to":[11,18,5],"rotation":{"angle":0,"axis":"y","origin":[28,20,2.5]},"faces":{"north":{"uv":[0,0,0,3.5],"texture":"#missing"},"east":{"uv":[0,0,2,3.5],"texture":"#0"},"south":{"uv":[0,0,0,3.5],"texture":"#missing"},"west":{"uv":[0,0,2,3.5],"texture":"#0"},"up":{"uv":[0,0,2,0],"rotation":270,"texture":"#missing"},"down":{"uv":[0,0,2,0],"rotation":90,"texture":"#missing"}}},{"from":[12,14,4],"to":[16,21,4],"rotation":{"angle":0,"axis":"y","origin":[-2,-10,0]},"faces":{"north":{"uv":[2,0,0,3.5],"texture":"#0"},"east":{"uv":[0,0,0,3.5],"texture":"#missing"},"south":{"uv":[2,0,0,3.5],"texture":"#0"},"west":{"uv":[0,0,0,3.5],"texture":"#missing"},"up":{"uv":[2,0,0,0],"texture":"#missing"},"down":{"uv":[2,0,0,0],"texture":"#missing"}}},{"from":[13,13,3],"to":[13,20,7],"rotation":{"angle":0,"axis":"y","origin":[-4,-6.5,0]},"faces":{"north":{"uv":[0,0,0,3.5],"texture":"#missing"},"east":{"uv":[2,0,0,3.5],"texture":"#0"},"south":{"uv":[0,0,0,3.5],"texture":"#missing"},"west":{"uv":[2,0,0,3.5],"texture":"#0"},"up":{"uv":[0,0,2,0],"rotation":270,"texture":"#missing"},"down":{"uv":[0,0,2,0],"rotation":90,"texture":"#missing"}}}],"display":{"thirdperson_righthand":{"scale":[0.3,0.3,0.3]},"thirdperson_lefthand":{"scale":[0.3,0.3,0.3]},"firstperson_righthand":{"translation":[0,0,2.25],"scale":[0.3,0.3,0.3]},"firstperson_lefthand":{"translation":[0,0,2.25],"scale":[0.3,0.3,0.3]},"ground":{"scale":[0.3,0.3,0.3]},"gui":{"rotation":[10,14,0],"translation":[1.75,-1.25,0],"scale":[0.4,0.4,0.4]},"fixed":{"rotation":[0,-180,0],"translation":[0,-5,-16],"scale":[2,2,2]}},"groups":[{"name":"branches","origin":[0,0,0],"children":[0,1,2,3,4,5,6,7,8,9,10,11,12,13,14,15,16,{"name":"2","origin":[0,0,0],"children":[17,18]},{"name":"1","origin":[0,0,0],"children":[19,20]},{"name":"1","origin":[0,0,0],"children":[21,22]},{"name":"1","origin":[0,0,0],"children":[23,24]},{"name":"2","origin":[0,0,0],"children":[25,26]},{"name":"3","origin":[0,0,0],"children":[27,28]},{"name":"3","origin":[0,0,0],"children":[29,30]}]},{"name":"flowers","origin":[0,0,0],"children":[{"name":"2","origin":[0,0,0],"children":[31,32]},{"name":"2","origin":[0,0,0],"children":[33,34]},{"name":"2","origin":[0,0,0],"children":[35,36]},{"name":"2","origin":[0,0,0],"children":[37,38]},{"name":"3","origin":[0,0,0],"children":[39,40]},{"name":"3","origin":[0,0,0],"children":[41,42]},{"name":"3","origin":[0,0,0],"children":[43,44]},{"name":"3","origin":[0,0,0],"children":[45,46]},{"name":"3","origin":[0,0,0],"children":[47,48]},{"name":"3","origin":[0,0,0],"children":[49,50]},{"name":"3","origin":[0,0,0],"children":[51,52]},{"name":"1","origin":[0,0,0],"children":[53,54]},{"name":"1","origin":[0,0,0],"children":[55,56]},{"name":"1","origin":[0,0,0],"children":[57,58]},{"name":"1","origin":[0,0,0],"children":[59,60]}]}]}