{"credit":"Made with Blockbench","texture_size":[32,32],"textures":{"0":"block/flowers/wisteria","particle":"block/flowers/wisteria"},"elements":[{"from":[4,17,7],"to":[6,20,7],"rotation":{"angle":0,"axis":"y","origin":[18,-5,5]},"faces":{"north":{"uv":[4,12.5,5,14],"texture":"#0"},"east":{"uv":[0,0,0,1.5],"texture":"#missing"},"south":{"uv":[4,12.5,5,14],"texture":"#0"},"west":{"uv":[0,0,0,1.5],"texture":"#missing"},"up":{"uv":[0,0,1,0],"texture":"#missing"},"down":{"uv":[0,0,1,0],"texture":"#missing"}}},{"from":[5,17,6],"to":[5,20,8],"rotation":{"angle":0,"axis":"y","origin":[31,23.5,7]},"faces":{"north":{"uv":[0,0,0,1.5],"texture":"#missing"},"east":{"uv":[4,12.5,5,14],"texture":"#0"},"south":{"uv":[0,0,0,1.5],"texture":"#missing"},"west":{"uv":[4,12.5,5,14],"texture":"#0"},"up":{"uv":[0,0,1,0],"rotation":90,"texture":"#missing"},"down":{"uv":[0,0,1,0],"rotation":270,"texture":"#missing"}}},{"from":[4,20,0],"to":[6,23,0],"rotation":{"angle":0,"axis":"y","origin":[18,-5,5]},"faces":{"north":{"uv":[4,12.5,5,14],"texture":"#0"},"east":{"uv":[0,0,0,1.5],"texture":"#missing"},"south":{"uv":[4,12.5,5,14],"texture":"#0"},"west":{"uv":[0,0,0,1.5],"texture":"#missing"},"up":{"uv":[0,0,1,0],"texture":"#missing"},"down":{"uv":[0,0,1,0],"texture":"#missing"}}},{"from":[5,20,-1],"to":[5,23,1],"rotation":{"angle":0,"axis":"y","origin":[31,23.5,7]},"faces":{"north":{"uv":[0,0,0,1.5],"texture":"#missing"},"east":{"uv":[4,12.5,5,14],"texture":"#0"},"south":{"uv":[0,0,0,1.5],"texture":"#missing"},"west":{"uv":[4,12.5,5,14],"texture":"#0"},"up":{"uv":[0,0,1,0],"rotation":90,"texture":"#missing"},"down":{"uv":[0,0,1,0],"rotation":270,"texture":"#missing"}}},{"from":[10,19,7],"to":[12,22,7],"rotation":{"angle":0,"axis":"y","origin":[18,-5,5]},"faces":{"north":{"uv":[4,12.5,5,14],"texture":"#0"},"east":{"uv":[0,0,0,1.5],"texture":"#missing"},"south":{"uv":[4,12.5,5,14],"texture":"#0"},"west":{"uv":[0,0,0,1.5],"texture":"#missing"},"up":{"uv":[0,0,1,0],"texture":"#missing"},"down":{"uv":[0,0,1,0],"texture":"#missing"}}},{"from":[10,19,7],"to":[12,22,7],"rotation":{"angle":0,"axis":"y","origin":[18,-5,5]},"faces":{"north":{"uv":[4,12.5,5,14],"texture":"#0"},"east":{"uv":[0,0,0,1.5],"texture":"#missing"},"south":{"uv":[4,12.5,5,14],"texture":"#0"},"west":{"uv":[0,0,0,1.5],"texture":"#missing"},"up":{"uv":[0,0,1,0],"texture":"#missing"},"down":{"uv":[0,0,1,0],"texture":"#missing"}}},{"from":[11,19,6],"to":[11,22,8],"rotation":{"angle":0,"axis":"y","origin":[31,23.5,7]},"faces":{"north":{"uv":[0,0,0,1.5],"texture":"#missing"},"east":{"uv":[4,12.5,5,14],"texture":"#0"},"south":{"uv":[0,0,0,1.5],"texture":"#missing"},"west":{"uv":[4,12.5,5,14],"texture":"#0"},"up":{"uv":[0,0,1,0],"rotation":90,"texture":"#missing"},"down":{"uv":[0,0,1,0],"rotation":270,"texture":"#missing"}}},{"from":[3.25,15,6],"to":[5.25,18,6],"rotation":{"angle":0,"axis":"y","origin":[18,-5,5]},"faces":{"north":{"uv":[4,12.5,5,14],"texture":"#0"},"east":{"uv":[0,0,0,1.5],"texture":"#missing"},"south":{"uv":[4,12.5,5,14],"texture":"#0"},"west":{"uv":[0,0,0,1.5],"texture":"#missing"},"up":{"uv":[0,0,1,0],"texture":"#missing"},"down":{"uv":[0,0,1,0],"texture":"#missing"}}},{"from":[4.25,15,5],"to":[4.25,18,7],"rotation":{"angle":0,"axis":"y","origin":[31,23.5,7]},"faces":{"north":{"uv":[0,0,0,1.5],"texture":"#missing"},"east":{"uv":[4,12.5,5,14],"texture":"#0"},"south":{"uv":[0,0,0,1.5],"texture":"#missing"},"west":{"uv":[4,12.5,5,14],"texture":"#0"},"up":{"uv":[0,0,1,0],"rotation":90,"texture":"#missing"},"down":{"uv":[0,0,1,0],"rotation":270,"texture":"#missing"}}},{"from":[13.25,10,6],"to":[15.25,13,6],"rotation":{"angle":0,"axis":"y","origin":[18,-5,5]},"faces":{"north":{"uv":[4,12.5,5,14],"texture":"#0"},"east":{"uv":[0,0,0,1.5],"texture":"#missing"},"south":{"uv":[4,12.5,5,14],"texture":"#0"},"west":{"uv":[0,0,0,1.5],"texture":"#missing"},"up":{"uv":[0,0,1,0],"texture":"#missing"},"down":{"uv":[0,0,1,0],"texture":"#missing"}}},{"from":[14.25,10,5],"to":[14.25,13,7],"rotation":{"angle":0,"axis":"y","origin":[31,23.5,7]},"faces":{"north":{"uv":[0,0,0,1.5],"texture":"#missing"},"east":{"uv":[4,12.5,5,14],"texture":"#0"},"south":{"uv":[0,0,0,1.5],"texture":"#missing"},"west":{"uv":[4,12.5,5,14],"texture":"#0"},"up":{"uv":[0,0,1,0],"rotation":90,"texture":"#missing"},"down":{"uv":[0,0,1,0],"rotation":270,"texture":"#missing"}}},{"from":[-5,23,7],"to":[-3,26,7],"rotation":{"angle":0,"axis":"y","origin":[18,-5,5]},"faces":{"north":{"uv":[2,11.5,3,13],"texture":"#0"},"east":{"uv":[0,0,0,1.5],"texture":"#missing"},"south":{"uv":[2,11.5,3,13],"texture":"#0"},"west":{"uv":[2,11.5,3,13],"texture":"#missing"},"up":{"uv":[0,0,1,0],"texture":"#missing"},"down":{"uv":[0,0,1,0],"texture":"#missing"}}},{"from":[-4,23,7],"to":[-4,26,9],"rotation":{"angle":0,"axis":"y","origin":[31,23.5,7]},"faces":{"north":{"uv":[2,11.5,2,13],"texture":"#missing"},"east":{"uv":[2,11.5,3,13],"texture":"#0"},"south":{"uv":[2,11.5,3,13],"texture":"#0"},"west":{"uv":[2,11.5,3,13],"texture":"#0"},"up":{"uv":[0,0,1,0],"rotation":90,"texture":"#missing"},"down":{"uv":[0,0,1,0],"rotation":270,"texture":"#missing"}}},{"from":[10.75,20,3],"to":[12.75,23,3],"rotation":{"angle":0,"axis":"y","origin":[18,-5,5]},"faces":{"north":{"uv":[2,11.5,3,13],"texture":"#0"},"east":{"uv":[0,0,0,1.5],"texture":"#missing"},"south":{"uv":[2,11.5,3,13],"texture":"#0"},"west":{"uv":[2,11.5,3,13],"texture":"#missing"},"up":{"uv":[0,0,1,0],"texture":"#missing"},"down":{"uv":[0,0,1,0],"texture":"#missing"}}},{"from":[11.75,20,3],"to":[11.75,23,5],"rotation":{"angle":0,"axis":"y","origin":[31,23.5,7]},"faces":{"north":{"uv":[2,11.5,2,13],"texture":"#missing"},"east":{"uv":[2,11.5,3,13],"texture":"#0"},"south":{"uv":[2,11.5,3,13],"texture":"#0"},"west":{"uv":[2,11.5,3,13],"texture":"#0"},"up":{"uv":[0,0,1,0],"rotation":90,"texture":"#missing"},"down":{"uv":[0,0,1,0],"rotation":270,"texture":"#missing"}}},{"from":[2.5,18.5,8.25],"to":[5.5,20.5,8.25],"rotation":{"angle":0,"axis":"z","origin":[-4,24.5,7.5]},"faces":{"north":{"uv":[2,11.5,3,13],"rotation":270,"texture":"#0"},"east":{"uv":[0,0,1,0],"rotation":90,"texture":"#missing"},"south":{"uv":[2,11.5,3,13],"rotation":90,"texture":"#0"},"west":{"uv":[0,0,1,0],"rotation":90,"texture":"#missing"},"up":{"uv":[2,11.5,3,13],"rotation":90,"texture":"#missing"},"down":{"uv":[0,0,0,1.5],"rotation":90,"texture":"#missing"}}},{"from":[2.5,19.5,8.25],"to":[5.5,19.5,10.25],"rotation":{"angle":0,"axis":"z","origin":[-4,24.5,7.5]},"faces":{"north":{"uv":[2,11.5,2,13],"rotation":270,"texture":"#missing"},"east":{"uv":[0,0,1,0],"rotation":180,"texture":"#missing"},"south":{"uv":[2,11.5,3,13],"rotation":90,"texture":"#0"},"west":{"uv":[0,0,1,0],"texture":"#missing"},"up":{"uv":[2,11.5,3,13],"rotation":90,"texture":"#0"},"down":{"uv":[2,11.5,3,13],"rotation":90,"texture":"#0"}}},{"from":[-13.5,21.5,8],"to":[-10.5,23.5,8],"rotation":{"angle":0,"axis":"z","origin":[-2,11.5,8]},"faces":{"north":{"uv":[2,11.5,3,13],"rotation":90,"texture":"#0"},"east":{"uv":[0,0,1,0],"rotation":90,"texture":"#missing"},"south":{"uv":[2,11.5,3,13],"rotation":270,"texture":"#0"},"west":{"uv":[0,0,1,0],"rotation":90,"texture":"#missing"},"up":{"uv":[2,11.5,3,13],"rotation":270,"texture":"#missing"},"down":{"uv":[0,0,0,1.5],"rotation":270,"texture":"#missing"}}},{"from":[5.75,22.5,8],"to":[8.75,24.5,8],"rotation":{"angle":0,"axis":"z","origin":[6.25,24.5,8]},"faces":{"north":{"uv":[2,11.5,3,13],"rotation":270,"texture":"#0"},"east":{"uv":[0,0,1,0],"rotation":270,"texture":"#missing"},"south":{"uv":[2,11.5,3,13],"rotation":90,"texture":"#0"},"west":{"uv":[0,0,1,0],"rotation":270,"texture":"#missing"},"up":{"uv":[2,11.5,3,13],"rotation":90,"texture":"#0"},"down":{"uv":[2,11.5,2,13],"rotation":90,"texture":"#missing"}}},{"from":[-5,20,9],"to":[-3,23,9],"rotation":{"angle":0,"axis":"y","origin":[21.5,12.5,9.25]},"faces":{"north":{"uv":[4,12.5,5,14],"texture":"#0"},"east":{"uv":[0,0,0,1.5],"texture":"#missing"},"south":{"uv":[4,12.5,5,14],"texture":"#0"},"west":{"uv":[0,0,0,1.5],"texture":"#missing"},"up":{"uv":[0,0,1,0],"rotation":180,"texture":"#missing"},"down":{"uv":[0,0,1,0],"rotation":180,"texture":"#missing"}}},{"from":[-4,20,8],"to":[-4,23,10],"rotation":{"angle":0,"axis":"y","origin":[21.5,12.5,9.25]},"faces":{"north":{"uv":[0,0,0,1.5],"texture":"#missing"},"east":{"uv":[4,12.5,5,14],"texture":"#0"},"south":{"uv":[0,0,0,1.5],"texture":"#missing"},"west":{"uv":[4,12.5,5,14],"texture":"#0"},"up":{"uv":[0,0,1,0],"rotation":270,"texture":"#missing"},"down":{"uv":[0,0,1,0],"rotation":90,"texture":"#missing"}}},{"from":[2,20,7],"to":[4,23,7],"rotation":{"angle":0,"axis":"y","origin":[21.5,12.5,9.25]},"faces":{"north":{"uv":[6.5,12.5,7.5,14],"texture":"#0"},"east":{"uv":[0,0,0,1.5],"texture":"#missing"},"south":{"uv":[6.5,12.5,7.5,14],"texture":"#0"},"west":{"uv":[0,0,0,1.5],"texture":"#missing"},"up":{"uv":[0,0,1,0],"rotation":180,"texture":"#missing"},"down":{"uv":[0,0,1,0],"rotation":180,"texture":"#missing"}}},{"from":[3,20,6],"to":[3,23,8],"rotation":{"angle":0,"axis":"y","origin":[21.5,12.5,9.25]},"faces":{"north":{"uv":[0,0,0,1.5],"texture":"#missing"},"east":{"uv":[6.5,12.5,7.5,14],"texture":"#0"},"south":{"uv":[6.5,12.5,6.5,14],"texture":"#missing"},"west":{"uv":[6.5,12.5,7.5,14],"texture":"#0"},"up":{"uv":[0,0,1,0],"rotation":270,"texture":"#missing"},"down":{"uv":[0,0,1,0],"rotation":90,"texture":"#missing"}}},{"from":[13,16,4],"to":[15,19,4],"rotation":{"angle":0,"axis":"y","origin":[21.5,12.5,9.25]},"faces":{"north":{"uv":[6.5,12.5,7.5,14],"texture":"#0"},"east":{"uv":[0,0,0,1.5],"texture":"#missing"},"south":{"uv":[6.5,12.5,7.5,14],"texture":"#0"},"west":{"uv":[0,0,0,1.5],"texture":"#missing"},"up":{"uv":[0,0,1,0],"rotation":180,"texture":"#missing"},"down":{"uv":[0,0,1,0],"rotation":180,"texture":"#missing"}}},{"from":[14,16,3],"to":[14,19,5],"rotation":{"angle":0,"axis":"y","origin":[21.5,12.5,9.25]},"faces":{"north":{"uv":[0,0,0,1.5],"texture":"#missing"},"east":{"uv":[6.5,12.5,7.5,14],"texture":"#0"},"south":{"uv":[6.5,12.5,6.5,14],"texture":"#missing"},"west":{"uv":[6.5,12.5,7.5,14],"texture":"#0"},"up":{"uv":[0,0,1,0],"rotation":270,"texture":"#missing"},"down":{"uv":[0,0,1,0],"rotation":90,"texture":"#missing"}}},{"from":[7,14,8],"to":[9,17,8],"rotation":{"angle":0,"axis":"y","origin":[21.5,12.5,9.25]},"faces":{"north":{"uv":[6.5,12.5,7.5,14],"texture":"#0"},"east":{"uv":[0,0,0,1.5],"texture":"#missing"},"south":{"uv":[6.5,12.5,7.5,14],"texture":"#0"},"west":{"uv":[0,0,0,1.5],"texture":"#missing"},"up":{"uv":[0,0,1,0],"rotation":180,"texture":"#missing"},"down":{"uv":[0,0,1,0],"rotation":180,"texture":"#missing"}}},{"from":[8,14,7],"to":[8,17,9],"rotation":{"angle":0,"axis":"y","origin":[21.5,12.5,9.25]},"faces":{"north":{"uv":[0,0,0,1.5],"texture":"#missing"},"east":{"uv":[6.5,12.5,7.5,14],"texture":"#0"},"south":{"uv":[6.5,12.5,6.5,14],"texture":"#missing"},"west":{"uv":[6.5,12.5,7.5,14],"texture":"#0"},"up":{"uv":[0,0,1,0],"rotation":270,"texture":"#missing"},"down":{"uv":[0,0,1,0],"rotation":90,"texture":"#missing"}}},{"from":[-11,17,7],"to":[-9,20,7],"rotation":{"angle":0,"axis":"y","origin":[21.5,-6.5,9.25]},"faces":{"north":{"uv":[6.5,14,7.5,12.5],"texture":"#0"},"east":{"uv":[0,1.5,0,0],"texture":"#missing"},"south":{"uv":[6.5,14,7.5,12.5],"texture":"#0"},"west":{"uv":[0,1.5,0,0],"texture":"#missing"},"up":{"uv":[0,0,1,0],"rotation":180,"texture":"#missing"},"down":{"uv":[0,0,1,0],"rotation":180,"texture":"#missing"}}},{"from":[-10,17,6],"to":[-10,20,8],"rotation":{"angle":0,"axis":"y","origin":[21.5,-6.5,9.25]},"faces":{"north":{"uv":[0,1.5,0,0],"texture":"#missing"},"east":{"uv":[6.5,14,7.5,12.5],"texture":"#0"},"south":{"uv":[6.5,14,6.5,12.5],"texture":"#missing"},"west":{"uv":[6.5,14,7.5,12.5],"texture":"#0"},"up":{"uv":[1,0,0,0],"rotation":90,"texture":"#missing"},"down":{"uv":[1,0,0,0],"rotation":270,"texture":"#missing"}}},{"from":[7,14,5],"to":[8,20,6],"rotation":{"angle":0,"axis":"y","origin":[3,0,5]},"faces":{"north":{"uv":[14.5,6.5,15,9.5],"texture":"#0"},"east":{"uv":[14.5,6.5,15,9.5],"texture":"#0"},"south":{"uv":[14.5,6.5,15,9.5],"texture":"#0"},"west":{"uv":[14.5,6.5,15,9.5],"texture":"#0"},"up":{"uv":[14.5,6.5,15,9.5],"texture":"#0"},"down":{"uv":[14.5,6.5,15,9.5],"texture":"#0"}}},{"from":[4.5,23.5,0],"to":[10.5,24.5,1],"rotation":{"angle":0,"axis":"z","origin":[7.5,17,0.5]},"faces":{"north":{"uv":[14.5,6.5,15,9.5],"rotation":90,"texture":"#0"},"east":{"uv":[14.5,6.5,15,9.5],"rotation":270,"texture":"#0"},"south":{"uv":[14.5,6.5,15,9.5],"rotation":270,"texture":"#0"},"west":{"uv":[14.5,6.5,15,9.5],"rotation":270,"texture":"#0"},"up":{"uv":[14.5,6.5,15,9.5],"rotation":270,"texture":"#0"},"down":{"uv":[14.5,6.5,15,9.5],"rotation":270,"texture":"#0"}}},{"from":[6,17,5],"to":[7,22,6],"rotation":{"angle":0,"axis":"y","origin":[3,0,5]},"faces":{"north":{"uv":[14,5.5,14.5,8],"texture":"#0"},"east":{"uv":[14,5.5,14.5,8],"texture":"#0"},"south":{"uv":[14,5.5,14.5,8],"texture":"#0"},"west":{"uv":[14,5.5,14.5,8],"texture":"#0"},"up":{"uv":[14,5.5,14.5,8],"texture":"#0"},"down":{"uv":[14,5.5,14.5,8],"texture":"#0"}}},{"from":[5,20,5],"to":[6,22,6],"rotation":{"angle":0,"axis":"y","origin":[3,0,5]},"faces":{"north":{"uv":[13.5,5.5,14,6.5],"texture":"#0"},"east":{"uv":[13.5,5.5,14,6.5],"texture":"#0"},"south":{"uv":[13.5,5.5,14,6.5],"texture":"#0"},"west":{"uv":[13.5,5.5,14,6.5],"texture":"#0"},"up":{"uv":[13.5,5.5,14,6.5],"texture":"#0"},"down":{"uv":[13.5,5.5,14,6.5],"texture":"#0"}}},{"from":[4,21,5],"to":[5,22,6],"rotation":{"angle":0,"axis":"y","origin":[3,0,5]},"faces":{"north":{"uv":[13,5.5,13.5,6],"texture":"#0"},"east":{"uv":[13,5.5,13.5,6],"texture":"#0"},"south":{"uv":[13,5.5,13.5,6],"texture":"#0"},"west":{"uv":[13,5.5,13.5,6],"texture":"#0"},"up":{"uv":[13,5.5,13.5,6],"texture":"#0"},"down":{"uv":[13,5.5,13.5,6],"texture":"#0"}}},{"from":[1,22,5],"to":[4,23,6],"rotation":{"angle":0,"axis":"y","origin":[18,-5,5]},"faces":{"north":{"uv":[13,5.5,14.5,6],"texture":"#0"},"east":{"uv":[12.5,5,13,5.5],"texture":"#0"},"south":{"uv":[13,5.5,14.5,6],"texture":"#0"},"west":{"uv":[12,5,12.5,5.5],"texture":"#0"},"up":{"uv":[13,5.5,14.5,6],"texture":"#0"},"down":{"uv":[13,5.5,14.5,6],"texture":"#0"}}},{"from":[-5,22,2],"to":[-2,23,3],"rotation":{"angle":0,"axis":"y","origin":[18,-5,5]},"faces":{"north":{"uv":[13,5.5,14.5,6],"texture":"#0"},"east":{"uv":[12.5,5,13,5.5],"texture":"#0"},"south":{"uv":[13,5.5,14.5,6],"texture":"#0"},"west":{"uv":[12,5,12.5,5.5],"texture":"#0"},"up":{"uv":[13,5.5,14.5,6],"texture":"#0"},"down":{"uv":[13,5.5,14.5,6],"texture":"#0"}}},{"from":[-8,24,4],"to":[-5,25,5],"rotation":{"angle":0,"axis":"y","origin":[18,-5,5]},"faces":{"north":{"uv":[13,5.5,14.5,6],"texture":"#0"},"east":{"uv":[12.5,5,13,5.5],"texture":"#0"},"south":{"uv":[13,5.5,14.5,6],"texture":"#0"},"west":{"uv":[12,5,12.5,5.5],"texture":"#0"},"up":{"uv":[13,5.5,14.5,6],"texture":"#0"},"down":{"uv":[13,5.5,14.5,6],"texture":"#0"}}},{"from":[1,24,1],"to":[4,25,2],"rotation":{"angle":0,"axis":"y","origin":[18,-5,5]},"faces":{"north":{"uv":[13,5.5,14.5,6],"texture":"#0"},"east":{"uv":[12.5,5,13,5.5],"texture":"#0"},"south":{"uv":[13,5.5,14.5,6],"texture":"#0"},"west":{"uv":[12,5,12.5,5.5],"texture":"#0"},"up":{"uv":[13,5.5,14.5,6],"texture":"#0"},"down":{"uv":[13,5.5,14.5,6],"texture":"#0"}}},{"from":[9,23,3],"to":[12,24,4],"rotation":{"angle":0,"axis":"y","origin":[18,-5,5]},"faces":{"north":{"uv":[13,5.5,14.5,6],"texture":"#0"},"east":{"uv":[12.5,5,13,5.5],"texture":"#0"},"south":{"uv":[13,5.5,14.5,6],"texture":"#0"},"west":{"uv":[12,5,12.5,5.5],"texture":"#0"},"up":{"uv":[13,5.5,14.5,6],"texture":"#0"},"down":{"uv":[13,5.5,14.5,6],"texture":"#0"}}},{"from":[-16,20,4],"to":[-13,21,5],"rotation":{"angle":0,"axis":"y","origin":[18,-5,5]},"faces":{"north":{"uv":[13,5.5,14.5,6],"texture":"#0"},"east":{"uv":[12.5,5,13,5.5],"texture":"#0"},"south":{"uv":[13,5.5,14.5,6],"texture":"#0"},"west":{"uv":[12,5,12.5,5.5],"texture":"#0"},"up":{"uv":[13,5.5,14.5,6],"texture":"#0"},"down":{"uv":[13,5.5,14.5,6],"texture":"#0"}}},{"from":[-2,23,4],"to":[1,24,5],"rotation":{"angle":0,"axis":"y","origin":[18,-5,5]},"faces":{"north":{"uv":[13,5.5,14.5,6],"texture":"#0"},"east":{"uv":[12.5,5,13,5.5],"texture":"#0"},"south":{"uv":[13,5.5,14.5,6],"texture":"#0"},"west":{"uv":[12,5,12.5,5.5],"texture":"#0"},"up":{"uv":[13,5.5,14.5,6],"texture":"#0"},"down":{"uv":[13,5.5,14.5,6],"texture":"#0"}}},{"from":[11,18,5],"to":[14,19,6],"rotation":{"angle":0,"axis":"y","origin":[18,-5,5]},"faces":{"north":{"uv":[13,5.5,14.5,6],"texture":"#0"},"east":{"uv":[12.5,5,13,5.5],"texture":"#0"},"south":{"uv":[13,5.5,14.5,6],"texture":"#0"},"west":{"uv":[12,5,12.5,5.5],"texture":"#0"},"up":{"uv":[13,5.5,14.5,6],"texture":"#0"},"down":{"uv":[13,5.5,14.5,6],"texture":"#0"}}},{"from":[8.5,10.5,8],"to":[12.5,11.5,9],"rotation":{"angle":0,"axis":"z","origin":[18.5,10,5.5]},"faces":{"north":{"uv":[14.5,7,15,9],"rotation":90,"texture":"#0"},"east":{"uv":[14.5,7,15,9],"rotation":270,"texture":"#0"},"south":{"uv":[14.5,7,15,9],"rotation":270,"texture":"#0"},"west":{"uv":[14.5,7,15,7.5],"rotation":270,"texture":"#0"},"up":{"uv":[14.5,7,15,9],"rotation":270,"texture":"#0"},"down":{"uv":[14.5,6.5,15,8.5],"rotation":270,"texture":"#0"}}},{"from":[13,13,6],"to":[14,15,7],"rotation":{"angle":0,"axis":"y","origin":[18,-5,5]},"faces":{"north":{"uv":[12,11.5,12.5,12.5],"texture":"#0"},"east":{"uv":[12,11.5,12.5,12.5],"texture":"#0"},"south":{"uv":[12,11.5,12.5,12.5],"texture":"#0"},"west":{"uv":[12,11.5,12.5,12.5],"texture":"#0"},"up":{"uv":[12,12,12.5,12.5],"texture":"#0"},"down":{"uv":[12,12,12.5,12.5],"texture":"#0"}}},{"from":[1.25,17,6.75],"to":[1.25,23,11.75],"rotation":{"angle":-45,"axis":"y","origin":[1.25,19.5,9]},"faces":{"north":{"uv":[0,0,0,3],"texture":"#missing"},"east":{"uv":[5,0,7.5,3],"texture":"#0"},"south":{"uv":[0,0,0,3],"texture":"#missing"},"west":{"uv":[5,0,7.5,3],"texture":"#0"},"up":{"uv":[0,0,2.5,0],"rotation":90,"texture":"#missing"},"down":{"uv":[0,0,2.5,0],"rotation":270,"texture":"#missing"}}},{"from":[-0.75,16,8.75],"to":[3.25,22,8.75],"rotation":{"angle":-45,"axis":"y","origin":[1.25,19.5,9]},"faces":{"north":{"uv":[5,0,7,3],"texture":"#0"},"east":{"uv":[0,0,0,3],"texture":"#missing"},"south":{"uv":[5,0,7,3],"texture":"#0"},"west":{"uv":[0,0,0,3],"texture":"#missing"},"up":{"uv":[0,0,2,0],"texture":"#missing"},"down":{"uv":[0,0,2,0],"texture":"#missing"}}},{"from":[-5,18,6],"to":[0,24,6],"rotation":{"angle":0,"axis":"y","origin":[34,-5,5]},"faces":{"north":{"uv":[7.5,0,5,3],"texture":"#0"},"east":{"uv":[0,0,0,3],"texture":"#missing"},"south":{"uv":[7.5,0,5,3],"texture":"#0"},"west":{"uv":[0,0,0,3],"texture":"#missing"},"up":{"uv":[2.5,0,0,0],"texture":"#missing"},"down":{"uv":[2.5,0,0,0],"texture":"#missing"}}},{"from":[-2,17,4],"to":[-2,23,8],"rotation":{"angle":0,"axis":"y","origin":[32,-1.5,5]},"faces":{"north":{"uv":[0,0,0,3],"texture":"#missing"},"east":{"uv":[7,0,5,3],"texture":"#0"},"south":{"uv":[0,0,0,3],"texture":"#missing"},"west":{"uv":[7,0,5,3],"texture":"#0"},"up":{"uv":[0,0,2,0],"rotation":270,"texture":"#missing"},"down":{"uv":[0,0,2,0],"rotation":90,"texture":"#missing"}}},{"from":[5,8,6],"to":[10,14,6],"rotation":{"angle":0,"axis":"y","origin":[34,-5,5]},"faces":{"north":{"uv":[7.5,0,5,3],"texture":"#0"},"east":{"uv":[0,0,0,3],"texture":"#missing"},"south":{"uv":[7.5,0,5,3],"texture":"#0"},"west":{"uv":[0,0,0,3],"texture":"#missing"},"up":{"uv":[2.5,0,0,0],"texture":"#missing"},"down":{"uv":[2.5,0,0,0],"texture":"#missing"}}},{"from":[8,7,4],"to":[8,13,8],"rotation":{"angle":0,"axis":"y","origin":[32,-1.5,5]},"faces":{"north":{"uv":[0,0,0,3],"texture":"#missing"},"east":{"uv":[7,0,5,3],"texture":"#0"},"south":{"uv":[0,0,0,3],"texture":"#missing"},"west":{"uv":[7,0,5,3],"texture":"#0"},"up":{"uv":[0,0,2,0],"rotation":270,"texture":"#missing"},"down":{"uv":[0,0,2,0],"rotation":90,"texture":"#missing"}}},{"from":[-1,17,2],"to":[4,23,2],"rotation":{"angle":0,"axis":"y","origin":[34,-5,5]},"faces":{"north":{"uv":[7.5,0,5,3],"texture":"#0"},"east":{"uv":[0,0,0,3],"texture":"#missing"},"south":{"uv":[7.5,0,5,3],"texture":"#0"},"west":{"uv":[0,0,0,3],"texture":"#missing"},"up":{"uv":[2.5,0,0,0],"texture":"#missing"},"down":{"uv":[2.5,0,0,0],"texture":"#missing"}}},{"from":[2,16,0],"to":[2,22,4],"rotation":{"angle":0,"axis":"y","origin":[32,-1.5,5]},"faces":{"north":{"uv":[0,0,0,3],"texture":"#missing"},"east":{"uv":[7,0,5,3],"texture":"#0"},"south":{"uv":[0,0,0,3],"texture":"#missing"},"west":{"uv":[7,0,5,3],"texture":"#0"},"up":{"uv":[0,0,2,0],"rotation":270,"texture":"#missing"},"down":{"uv":[0,0,2,0],"rotation":90,"texture":"#missing"}}},{"from":[10.75,13,5.25],"to":[10.75,19,10.25],"rotation":{"angle":0,"axis":"y","origin":[25.75,9.5,6]},"faces":{"north":{"uv":[0,0,0,3],"texture":"#missing"},"east":{"uv":[7.5,0,5,3],"texture":"#0"},"south":{"uv":[0,0,0,3],"texture":"#missing"},"west":{"uv":[7.5,0,5,3],"texture":"#0"},"up":{"uv":[2.5,0,0,0],"rotation":90,"texture":"#missing"},"down":{"uv":[2.5,0,0,0],"rotation":270,"texture":"#missing"}}},{"from":[8.75,12,7.25],"to":[12.75,18,7.25],"rotation":{"angle":0,"axis":"y","origin":[25.75,9.5,6]},"faces":{"north":{"uv":[7,0,5,3],"texture":"#0"},"east":{"uv":[0,0,0,3],"texture":"#missing"},"south":{"uv":[7,0,5,3],"texture":"#0"},"west":{"uv":[0,0,0,3],"texture":"#missing"},"up":{"uv":[0,0,2,0],"texture":"#missing"},"down":{"uv":[0,0,2,0],"texture":"#missing"}}},{"from":[-12,19,9],"to":[-7,25,9],"rotation":{"angle":-45,"axis":"y","origin":[-9.25,21.5,9]},"faces":{"north":{"uv":[7.5,0,5,3],"texture":"#0"},"east":{"uv":[0,0,0,3],"texture":"#missing"},"south":{"uv":[7.5,0,5,3],"texture":"#0"},"west":{"uv":[0,0,0,3],"texture":"#missing"},"up":{"uv":[2.5,0,0,0],"texture":"#missing"},"down":{"uv":[2.5,0,0,0],"texture":"#missing"}}},{"from":[-9,18,7],"to":[-9,24,11],"rotation":{"angle":-45,"axis":"y","origin":[-9.25,21.5,9]},"faces":{"north":{"uv":[0,0,0,3],"texture":"#missing"},"east":{"uv":[7,0,5,3],"texture":"#0"},"south":{"uv":[0,0,0,3],"texture":"#missing"},"west":{"uv":[7,0,5,3],"texture":"#0"},"up":{"uv":[0,0,2,0],"rotation":270,"texture":"#missing"},"down":{"uv":[0,0,2,0],"rotation":90,"texture":"#missing"}}},{"from":[5,8,8],"to":[10,14,8],"rotation":{"angle":-45,"axis":"y","origin":[7.75,10.5,8]},"faces":{"north":{"uv":[7.5,0,5,3],"texture":"#0"},"east":{"uv":[0,0,0,3],"texture":"#missing"},"south":{"uv":[7.5,0,5,3],"texture":"#0"},"west":{"uv":[0,0,0,3],"texture":"#missing"},"up":{"uv":[2.5,0,0,0],"texture":"#missing"},"down":{"uv":[2.5,0,0,0],"texture":"#missing"}}},{"from":[8,7,6],"to":[8,13,10],"rotation":{"angle":-45,"axis":"y","origin":[7.75,10.5,8]},"faces":{"north":{"uv":[0,0,0,3],"texture":"#missing"},"east":{"uv":[7,0,5,3],"texture":"#0"},"south":{"uv":[0,0,0,3],"texture":"#missing"},"west":{"uv":[7,0,5,3],"texture":"#0"},"up":{"uv":[0,0,2,0],"rotation":270,"texture":"#missing"},"down":{"uv":[0,0,2,0],"rotation":90,"texture":"#missing"}}},{"from":[-8,16,6],"to":[-4,23,6],"rotation":{"angle":-45,"axis":"y","origin":[-6,17,6.5]},"faces":{"north":{"uv":[2,0,0,3.5],"texture":"#0"},"east":{"uv":[0,0,0,3.5],"texture":"#missing"},"south":{"uv":[2,0,0,3.5],"texture":"#0"},"west":{"uv":[0,0,0,3.5],"texture":"#missing"},"up":{"uv":[2,0,0,0],"texture":"#missing"},"down":{"uv":[2,0,0,0],"texture":"#missing"}}},{"from":[-6,15,5],"to":[-6,22,9],"rotation":{"angle":-45,"axis":"y","origin":[-6,17,6.5]},"faces":{"north":{"uv":[0,0,0,3.5],"texture":"#missing"},"east":{"uv":[2,0,0,3.5],"texture":"#0"},"south":{"uv":[0,0,0,3.5],"texture":"#missing"},"west":{"uv":[2,0,0,3.5],"texture":"#0"},"up":{"uv":[0,0,2,0],"rotation":270,"texture":"#missing"},"down":{"uv":[0,0,2,0],"rotation":90,"texture":"#missing"}}},{"from":[-5,16,0],"to":[-1,23,0],"rotation":{"angle":-45,"axis":"y","origin":[-6,17,6.5]},"faces":{"north":{"uv":[2,0,0,3.5],"texture":"#0"},"east":{"uv":[0,0,0,3.5],"texture":"#missing"},"south":{"uv":[2,0,0,3.5],"texture":"#0"},"west":{"uv":[0,0,0,3.5],"texture":"#missing"},"up":{"uv":[2,0,0,0],"texture":"#missing"},"down":{"uv":[2,0,0,0],"texture":"#missing"}}},{"from":[-3,15,-1],"to":[-3,22,3],"rotation":{"angle":-45,"axis":"y","origin":[-6,17,6.5]},"faces":{"north":{"uv":[0,0,0,3.5],"texture":"#missing"},"east":{"uv":[2,0,0,3.5],"texture":"#0"},"south":{"uv":[0,0,0,3.5],"texture":"#missing"},"west":{"uv":[2,0,0,3.5],"texture":"#0"},"up":{"uv":[0,0,2,0],"rotation":270,"texture":"#missing"},"down":{"uv":[0,0,2,0],"rotation":90,"texture":"#missing"}}},{"from":[-3,17,-5],"to":[1,24,-5],"rotation":{"angle":-45,"axis":"y","origin":[-6,17,6.5]},"faces":{"north":{"uv":[2,0,0,3.5],"texture":"#0"},"east":{"uv":[0,0,0,3.5],"texture":"#missing"},"south":{"uv":[2,0,0,3.5],"texture":"#0"},"west":{"uv":[0,0,0,3.5],"texture":"#missing"},"up":{"uv":[2,0,0,0],"texture":"#missing"},"down":{"uv":[2,0,0,0],"texture":"#missing"}}},{"from":[-1,16,-6],"to":[-1,23,-2],"rotation":{"angle":-45,"axis":"y","origin":[-6,17,6.5]},"faces":{"north":{"uv":[0,0,0,3.5],"texture":"#missing"},"east":{"uv":[2,0,0,3.5],"texture":"#0"},"south":{"uv":[0,0,0,3.5],"texture":"#missing"},"west":{"uv":[2,0,0,3.5],"texture":"#0"},"up":{"uv":[0,0,2,0],"rotation":270,"texture":"#missing"},"down":{"uv":[0,0,2,0],"rotation":90,"texture":"#missing"}}},{"from":[8.85786,17,4.85786],"to":[8.85786,24,8.85786],"rotation":{"angle":0,"axis":"y","origin":[15.85786,23,-6.14214]},"faces":{"north":{"uv":[0,0,0,3.5],"texture":"#missing"},"east":{"uv":[2,0,0,3.5],"texture":"#0"},"south":{"uv":[0,0,0,3.5],"texture":"#missing"},"west":{"uv":[2,0,0,3.5],"texture":"#0"},"up":{"uv":[2,0,0,0],"rotation":90,"texture":"#missing"},"down":{"uv":[2,0,0,0],"rotation":270,"texture":"#missing"}}},{"from":[6.85786,16,6.85786],"to":[10.85786,23,6.85786],"rotation":{"angle":0,"axis":"y","origin":[15.85786,23,-6.14214]},"faces":{"north":{"uv":[2,0,0,3.5],"texture":"#0"},"east":{"uv":[0,0,0,3.5],"texture":"#missing"},"south":{"uv":[2,0,0,3.5],"texture":"#0"},"west":{"uv":[0,0,0,3.5],"texture":"#missing"},"up":{"uv":[0,0,2,0],"texture":"#missing"},"down":{"uv":[0,0,2,0],"texture":"#missing"}}},{"from":[8.85786,15,-0.14214],"to":[8.85786,22,3.85786],"rotation":{"angle":-45,"axis":"y","origin":[8.85786,18,1.85786]},"faces":{"north":{"uv":[0,0,0,3.5],"texture":"#missing"},"east":{"uv":[2,0,0,3.5],"texture":"#0"},"south":{"uv":[0,0,0,3.5],"texture":"#missing"},"west":{"uv":[2,0,0,3.5],"texture":"#0"},"up":{"uv":[2,0,0,0],"rotation":90,"texture":"#missing"},"down":{"uv":[2,0,0,0],"rotation":270,"texture":"#missing"}}},{"from":[6.85786,14,1.85786],"to":[10.85786,21,1.85786],"rotation":{"angle":-45,"axis":"y","origin":[8.85786,18,1.85786]},"faces":{"north":{"uv":[2,0,0,3.5],"texture":"#0"},"east":{"uv":[0,0,0,3.5],"texture":"#missing"},"south":{"uv":[2,0,0,3.5],"texture":"#0"},"west":{"uv":[0,0,0,3.5],"texture":"#missing"},"up":{"uv":[0,0,2,0],"texture":"#missing"},"down":{"uv":[0,0,2,0],"texture":"#missing"}}},{"from":[10,5,7],"to":[14,12,7],"rotation":{"angle":0,"axis":"y","origin":[34,-5,5]},"faces":{"north":{"uv":[2,0,0,3.5],"texture":"#0"},"east":{"uv":[0,0,0,3.5],"texture":"#missing"},"south":{"uv":[2,0,0,3.5],"texture":"#0"},"west":{"uv":[0,0,0,3.5],"texture":"#missing"},"up":{"uv":[2,0,0,0],"texture":"#missing"},"down":{"uv":[2,0,0,0],"texture":"#missing"}}},{"from":[12,4,6],"to":[12,11,10],"rotation":{"angle":0,"axis":"y","origin":[32,-1.5,5]},"faces":{"north":{"uv":[0,0,0,3.5],"texture":"#missing"},"east":{"uv":[2,0,0,3.5],"texture":"#0"},"south":{"uv":[0,0,0,3.5],"texture":"#missing"},"west":{"uv":[2,0,0,3.5],"texture":"#0"},"up":{"uv":[0,0,2,0],"rotation":270,"texture":"#missing"},"down":{"uv":[0,0,2,0],"rotation":90,"texture":"#missing"}}},{"from":[3.75,13,4],"to":[7.75,20,4],"rotation":{"angle":0,"axis":"y","origin":[34,-5,5]},"faces":{"north":{"uv":[2,0,0,3.5],"texture":"#0"},"east":{"uv":[0,0,0,3.5],"texture":"#missing"},"south":{"uv":[2,0,0,3.5],"texture":"#0"},"west":{"uv":[0,0,0,3.5],"texture":"#missing"},"up":{"uv":[2,0,0,0],"texture":"#missing"},"down":{"uv":[2,0,0,0],"texture":"#missing"}}},{"from":[5.75,12,3],"to":[5.75,19,7],"rotation":{"angle":0,"axis":"y","origin":[32,-1.5,5]},"faces":{"north":{"uv":[0,0,0,3.5],"texture":"#missing"},"east":{"uv":[2,0,0,3.5],"texture":"#0"},"south":{"uv":[0,0,0,3.5],"texture":"#missing"},"west":{"uv":[2,0,0,3.5],"texture":"#0"},"up":{"uv":[0,0,2,0],"rotation":270,"texture":"#missing"},"down":{"uv":[0,0,2,0],"rotation":90,"texture":"#missing"}}},{"from":[10,16,4],"to":[14,23,4],"rotation":{"angle":0,"axis":"y","origin":[34,-5,5]},"faces":{"north":{"uv":[2,0,0,3.5],"texture":"#0"},"east":{"uv":[0,0,0,3.5],"texture":"#missing"},"south":{"uv":[2,0,0,3.5],"texture":"#0"},"west":{"uv":[0,0,0,3.5],"texture":"#missing"},"up":{"uv":[2,0,0,0],"texture":"#missing"},"down":{"uv":[2,0,0,0],"texture":"#missing"}}},{"from":[12,15,3],"to":[12,22,7],"rotation":{"angle":0,"axis":"y","origin":[32,-1.5,5]},"faces":{"north":{"uv":[0,0,0,3.5],"texture":"#missing"},"east":{"uv":[2,0,0,3.5],"texture":"#0"},"south":{"uv":[0,0,0,3.5],"texture":"#missing"},"west":{"uv":[2,0,0,3.5],"texture":"#0"},"up":{"uv":[0,0,2,0],"rotation":270,"texture":"#missing"},"down":{"uv":[0,0,2,0],"rotation":90,"texture":"#missing"}}},{"from":[-15,15,6],"to":[-11,24,6],"rotation":{"angle":0,"axis":"y","origin":[18,-5,5]},"faces":{"north":{"uv":[2.5,0,4.5,4.5],"texture":"#0"},"east":{"uv":[0,0,0,4.5],"texture":"#missing"},"south":{"uv":[2.5,0,4.5,4.5],"texture":"#0"},"west":{"uv":[0,0,0,4.5],"texture":"#missing"},"up":{"uv":[0,0,2,0],"texture":"#missing"},"down":{"uv":[0,0,2,0],"texture":"#missing"}}},{"from":[-13,14,4],"to":[-13,23,8],"rotation":{"angle":0,"axis":"y","origin":[20,-1.5,5]},"faces":{"north":{"uv":[0,0,0,4.5],"texture":"#missing"},"east":{"uv":[2.5,0,4.5,4.5],"texture":"#0"},"south":{"uv":[0,0,0,4.5],"texture":"#missing"},"west":{"uv":[2.5,0,4.5,4.5],"texture":"#0"},"up":{"uv":[0,0,2,0],"rotation":270,"texture":"#missing"},"down":{"uv":[0,0,2,0],"rotation":90,"texture":"#missing"}}},{"from":[11,15,9],"to":[15,24,9],"rotation":{"angle":-45,"axis":"y","origin":[13,19,9]},"faces":{"north":{"uv":[2.5,0,4.5,4.5],"texture":"#0"},"east":{"uv":[0,0,0,4.5],"texture":"#missing"},"south":{"uv":[2.5,0,4.5,4.5],"texture":"#0"},"west":{"uv":[0,0,0,4.5],"texture":"#missing"},"up":{"uv":[0,0,2,0],"texture":"#missing"},"down":{"uv":[0,0,2,0],"texture":"#missing"}}},{"from":[13,14,7],"to":[13,23,11],"rotation":{"angle":-45,"axis":"y","origin":[13,19,9]},"faces":{"north":{"uv":[0,0,0,4.5],"texture":"#missing"},"east":{"uv":[2.5,0,4.5,4.5],"texture":"#0"},"south":{"uv":[0,0,0,4.5],"texture":"#missing"},"west":{"uv":[2.5,0,4.5,4.5],"texture":"#0"},"up":{"uv":[0,0,2,0],"rotation":270,"texture":"#missing"},"down":{"uv":[0,0,2,0],"rotation":90,"texture":"#missing"}}},{"from":[7,15,3],"to":[11,24,3],"rotation":{"angle":-45,"axis":"y","origin":[13,19,9]},"faces":{"north":{"uv":[2.5,0,4.5,4.5],"texture":"#0"},"east":{"uv":[0,0,0,4.5],"texture":"#missing"},"south":{"uv":[2.5,0,4.5,4.5],"texture":"#0"},"west":{"uv":[0,0,0,4.5],"texture":"#missing"},"up":{"uv":[0,0,2,0],"texture":"#missing"},"down":{"uv":[0,0,2,0],"texture":"#missing"}}},{"from":[9,14,1],"to":[9,23,5],"rotation":{"angle":-45,"axis":"y","origin":[13,19,9]},"faces":{"north":{"uv":[0,0,0,4.5],"texture":"#missing"},"east":{"uv":[2.5,0,4.5,4.5],"texture":"#0"},"south":{"uv":[0,0,0,4.5],"texture":"#missing"},"west":{"uv":[2.5,0,4.5,4.5],"texture":"#0"},"up":{"uv":[0,0,2,0],"rotation":270,"texture":"#missing"},"down":{"uv":[0,0,2,0],"rotation":90,"texture":"#missing"}}}],"display":{"thirdperson_righthand":{"scale":[0.3,0.3,0.3]},"thirdperson_lefthand":{"scale":[0.3,0.3,0.3]},"firstperson_righthand":{"translation":[0,0,2.25],"scale":[0.3,0.3,0.3]},"firstperson_lefthand":{"translation":[0,0,2.25],"scale":[0.3,0.3,0.3]},"ground":{"scale":[0.3,0.3,0.3]},"gui":{"rotation":[18,33,0],"translation":[2.5,-2.75,0],"scale":[0.4,0.4,0.4]},"fixed":{"rotation":[90,-180,0],"translation":[-2.5,8.5,-32],"scale":[2,2,2]}},"groups":[{"name":"branches","origin":[8,8,8],"children":[{"name":"1","origin":[0,0,0],"children":[0,1]},{"name":"1","origin":[0,0,0],"children":[2,3]},{"name":"1","origin":[0,0,0],"children":[4,5,6]},{"name":"1","origin":[0,0,0],"children":[7,8]},{"name":"1","origin":[0,0,0],"children":[9,10]},{"name":"2","origin":[0,0,0],"children":[11,12]},{"name":"2","origin":[0,0,0],"children":[13,14]},{"name":"2","origin":[0,0,0],"children":[15,16]},{"name":"2","origin":[0,0,0],"children":[17,18]},{"name":"1","origin":[0,0,0],"children":[19,20]},{"name":"3","origin":[0,0,0],"children":[21,22]},{"name":"3","origin":[0,0,0],"children":[23,24]},{"name":"3","origin":[0,0,0],"children":[25,26]},{"name":"3","origin":[0,0,0],"children":[27,28]},29,30,31,32,33,34,35,36,37,38,39,40,41,42,43]},{"name":"flowers","origin":[8,8,8],"children":[{"name":"3","origin":[0,0,0],"children":[44,45]},{"name":"3","origin":[0,0,0],"children":[46,47]},{"name":"3","origin":[0,0,0],"children":[48,49]},{"name":"3","origin":[0,0,0],"children":[50,51]},{"name":"3","origin":[0,0,0],"children":[52,53]},{"name":"3","origin":[0,0,0],"children":[54,55]},{"name":"3","origin":[0,0,0],"children":[56,57]},{"name":"1","origin":[0,0,0],"children":[58,59]},{"name":"1","origin":[0,0,0],"children":[60,61]},{"name":"1","origin":[0,0,0],"children":[62,63]},{"name":"1","origin":[0,0,0],"children":[64,65]},{"name":"1","origin":[0,0,0],"children":[66,67]},{"name":"1","origin":[0,0,0],"children":[68,69]},{"name":"1","origin":[0,0,0],"children":[70,71]},{"name":"1","origin":[0,0,0],"children":[72,73]},{"name":"2","origin":[0,0,0],"children":[74,75]},{"name":"2","origin":[0,0,0],"children":[76,77]},{"name":"2","origin":[0,0,0],"children":[78,79]}]}]}