{"credit":"Made with Blockbench","texture_size":[32,32],"textures":{"0":"block/flowers/wisteria1","particle":"block/flowers/wisteria1"},"elements":[{"from":[0,17,9],"to":[2,20,9],"rotation":{"angle":0,"axis":"y","origin":[-12,-5,7]},"faces":{"north":{"uv":[5,12.5,4,14],"texture":"#0"},"east":{"uv":[0,0,0,1.5],"texture":"#missing"},"south":{"uv":[5,12.5,4,14],"texture":"#0"},"west":{"uv":[0,0,0,1.5],"texture":"#missing"},"up":{"uv":[1,0,0,0],"texture":"#missing"},"down":{"uv":[1,0,0,0],"texture":"#missing"}}},{"from":[1,17,8],"to":[1,20,10],"rotation":{"angle":0,"axis":"y","origin":[-25,23.5,9]},"faces":{"north":{"uv":[0,0,0,1.5],"texture":"#missing"},"east":{"uv":[5,12.5,4,14],"texture":"#0"},"south":{"uv":[0,0,0,1.5],"texture":"#missing"},"west":{"uv":[5,12.5,4,14],"texture":"#0"},"up":{"uv":[0,0,1,0],"rotation":90,"texture":"#missing"},"down":{"uv":[0,0,1,0],"rotation":270,"texture":"#missing"}}},{"from":[-6,19,9],"to":[-4,22,9],"rotation":{"angle":0,"axis":"y","origin":[-12,-5,7]},"faces":{"north":{"uv":[5,12.5,4,14],"texture":"#0"},"east":{"uv":[0,0,0,1.5],"texture":"#missing"},"south":{"uv":[5,12.5,4,14],"texture":"#0"},"west":{"uv":[0,0,0,1.5],"texture":"#missing"},"up":{"uv":[1,0,0,0],"texture":"#missing"},"down":{"uv":[1,0,0,0],"texture":"#missing"}}},{"from":[-6,19,9],"to":[-4,22,9],"rotation":{"angle":0,"axis":"y","origin":[-12,-5,7]},"faces":{"north":{"uv":[5,12.5,4,14],"texture":"#0"},"east":{"uv":[0,0,0,1.5],"texture":"#missing"},"south":{"uv":[5,12.5,4,14],"texture":"#0"},"west":{"uv":[0,0,0,1.5],"texture":"#missing"},"up":{"uv":[1,0,0,0],"texture":"#missing"},"down":{"uv":[1,0,0,0],"texture":"#missing"}}},{"from":[-5,19,8],"to":[-5,22,10],"rotation":{"angle":0,"axis":"y","origin":[-25,23.5,9]},"faces":{"north":{"uv":[0,0,0,1.5],"texture":"#missing"},"east":{"uv":[5,12.5,4,14],"texture":"#0"},"south":{"uv":[0,0,0,1.5],"texture":"#missing"},"west":{"uv":[5,12.5,4,14],"texture":"#0"},"up":{"uv":[0,0,1,0],"rotation":90,"texture":"#missing"},"down":{"uv":[0,0,1,0],"rotation":270,"texture":"#missing"}}},{"from":[-7,6,11],"to":[-5,9,11],"rotation":{"angle":0,"axis":"y","origin":[-12,-5,7]},"faces":{"north":{"uv":[5,12.5,4,14],"texture":"#0"},"east":{"uv":[0,0,0,1.5],"texture":"#missing"},"south":{"uv":[5,12.5,4,14],"texture":"#0"},"west":{"uv":[0,0,0,1.5],"texture":"#missing"},"up":{"uv":[1,0,0,0],"texture":"#missing"},"down":{"uv":[1,0,0,0],"texture":"#missing"}}},{"from":[-6,6,10],"to":[-6,9,12],"rotation":{"angle":0,"axis":"y","origin":[-25,23.5,9]},"faces":{"north":{"uv":[0,0,0,1.5],"texture":"#missing"},"east":{"uv":[5,12.5,4,14],"texture":"#0"},"south":{"uv":[0,0,0,1.5],"texture":"#missing"},"west":{"uv":[5,12.5,4,14],"texture":"#0"},"up":{"uv":[0,0,1,0],"rotation":90,"texture":"#missing"},"down":{"uv":[0,0,1,0],"rotation":270,"texture":"#missing"}}},{"from":[12,20,6],"to":[14,23,6],"rotation":{"angle":0,"axis":"y","origin":[-12,-5,7]},"faces":{"north":{"uv":[5,12.5,4,14],"texture":"#0"},"east":{"uv":[0,0,0,1.5],"texture":"#missing"},"south":{"uv":[5,12.5,4,14],"texture":"#0"},"west":{"uv":[0,0,0,1.5],"texture":"#missing"},"up":{"uv":[1,0,0,0],"texture":"#missing"},"down":{"uv":[1,0,0,0],"texture":"#missing"}}},{"from":[13,20,5],"to":[13,23,7],"rotation":{"angle":0,"axis":"y","origin":[-25,23.5,9]},"faces":{"north":{"uv":[0,0,0,1.5],"texture":"#missing"},"east":{"uv":[5,12.5,4,14],"texture":"#0"},"south":{"uv":[0,0,0,1.5],"texture":"#missing"},"west":{"uv":[5,12.5,4,14],"texture":"#0"},"up":{"uv":[0,0,1,0],"rotation":90,"texture":"#missing"},"down":{"uv":[0,0,1,0],"rotation":270,"texture":"#missing"}}},{"from":[8,20,6],"to":[10,23,6],"rotation":{"angle":0,"axis":"y","origin":[-12,-5,7]},"faces":{"north":{"uv":[5,12.5,4,14],"texture":"#0"},"east":{"uv":[0,0,0,1.5],"texture":"#missing"},"south":{"uv":[5,12.5,4,14],"texture":"#0"},"west":{"uv":[0,0,0,1.5],"texture":"#missing"},"up":{"uv":[1,0,0,0],"texture":"#missing"},"down":{"uv":[1,0,0,0],"texture":"#missing"}}},{"from":[9,20,5],"to":[9,23,7],"rotation":{"angle":0,"axis":"y","origin":[-25,23.5,9]},"faces":{"north":{"uv":[0,0,0,1.5],"texture":"#missing"},"east":{"uv":[5,12.5,4,14],"texture":"#0"},"south":{"uv":[0,0,0,1.5],"texture":"#missing"},"west":{"uv":[5,12.5,4,14],"texture":"#0"},"up":{"uv":[0,0,1,0],"rotation":90,"texture":"#missing"},"down":{"uv":[0,0,1,0],"rotation":270,"texture":"#missing"}}},{"from":[8,20,2],"to":[10,23,2],"rotation":{"angle":0,"axis":"y","origin":[-12,-5,7]},"faces":{"north":{"uv":[5,12.5,4,14],"texture":"#0"},"east":{"uv":[0,0,0,1.5],"texture":"#missing"},"south":{"uv":[5,12.5,4,14],"texture":"#0"},"west":{"uv":[0,0,0,1.5],"texture":"#missing"},"up":{"uv":[1,0,0,0],"texture":"#missing"},"down":{"uv":[1,0,0,0],"texture":"#missing"}}},{"from":[9,20,1],"to":[9,23,3],"rotation":{"angle":0,"axis":"y","origin":[-25,23.5,9]},"faces":{"north":{"uv":[0,0,0,1.5],"texture":"#missing"},"east":{"uv":[5,12.5,4,14],"texture":"#0"},"south":{"uv":[0,0,0,1.5],"texture":"#missing"},"west":{"uv":[5,12.5,4,14],"texture":"#0"},"up":{"uv":[0,0,1,0],"rotation":90,"texture":"#missing"},"down":{"uv":[0,0,1,0],"rotation":270,"texture":"#missing"}}},{"from":[12,20,2],"to":[14,23,2],"rotation":{"angle":0,"axis":"y","origin":[-12,-5,7]},"faces":{"north":{"uv":[5,12.5,4,14],"texture":"#0"},"east":{"uv":[0,0,0,1.5],"texture":"#missing"},"south":{"uv":[5,12.5,4,14],"texture":"#0"},"west":{"uv":[0,0,0,1.5],"texture":"#missing"},"up":{"uv":[1,0,0,0],"texture":"#missing"},"down":{"uv":[1,0,0,0],"texture":"#missing"}}},{"from":[13,20,1],"to":[13,23,3],"rotation":{"angle":0,"axis":"y","origin":[-25,23.5,9]},"faces":{"north":{"uv":[0,0,0,1.5],"texture":"#missing"},"east":{"uv":[5,12.5,4,14],"texture":"#0"},"south":{"uv":[0,0,0,1.5],"texture":"#missing"},"west":{"uv":[5,12.5,4,14],"texture":"#0"},"up":{"uv":[0,0,1,0],"rotation":90,"texture":"#missing"},"down":{"uv":[0,0,1,0],"rotation":270,"texture":"#missing"}}},{"from":[9,23,10],"to":[11,26,10],"rotation":{"angle":0,"axis":"y","origin":[-12,-5,7]},"faces":{"north":{"uv":[3,11.5,2,13],"texture":"#0"},"east":{"uv":[3,11.5,2,13],"texture":"#missing"},"south":{"uv":[3,11.5,2,13],"texture":"#0"},"west":{"uv":[0,0,0,1.5],"texture":"#missing"},"up":{"uv":[1,0,0,0],"texture":"#missing"},"down":{"uv":[1,0,0,0],"texture":"#missing"}}},{"from":[10,23,9],"to":[10,26,11],"rotation":{"angle":0,"axis":"y","origin":[-25,23.5,9]},"faces":{"north":{"uv":[2,11.5,2,13],"texture":"#missing"},"east":{"uv":[3,11.5,2,13],"texture":"#0"},"south":{"uv":[3,11.5,2,13],"texture":"#0"},"west":{"uv":[3,11.5,2,13],"texture":"#0"},"up":{"uv":[0,0,1,0],"rotation":90,"texture":"#missing"},"down":{"uv":[0,0,1,0],"rotation":270,"texture":"#missing"}}},{"from":[0.5,18.5,10.25],"to":[3.5,20.5,10.25],"rotation":{"angle":0,"axis":"z","origin":[10,24.5,9.5]},"faces":{"north":{"uv":[2,13,3,11.5],"rotation":270,"texture":"#0"},"east":{"uv":[0,0,1,0],"rotation":90,"texture":"#missing"},"south":{"uv":[2,13,3,11.5],"rotation":90,"texture":"#0"},"west":{"uv":[0,0,1,0],"rotation":90,"texture":"#missing"},"up":{"uv":[2,13,3,11.5],"rotation":90,"texture":"#missing"},"down":{"uv":[0,1.5,0,0],"rotation":90,"texture":"#missing"}}},{"from":[0.5,19.5,10.25],"to":[3.5,19.5,12.25],"rotation":{"angle":0,"axis":"z","origin":[10,24.5,9.5]},"faces":{"north":{"uv":[2,13,2,11.5],"rotation":270,"texture":"#missing"},"east":{"uv":[1,0,0,0],"texture":"#missing"},"south":{"uv":[2,13,3,11.5],"rotation":90,"texture":"#0"},"west":{"uv":[1,0,0,0],"rotation":180,"texture":"#missing"},"up":{"uv":[2,13,3,11.5],"rotation":90,"texture":"#0"},"down":{"uv":[2,13,3,11.5],"rotation":90,"texture":"#0"}}},{"from":[0.5,19.5,4.25],"to":[3.5,21.5,4.25],"rotation":{"angle":0,"axis":"z","origin":[10,24.5,9.5]},"faces":{"north":{"uv":[2,13,3,11.5],"rotation":270,"texture":"#0"},"east":{"uv":[0,0,1,0],"rotation":90,"texture":"#missing"},"south":{"uv":[2,13,3,11.5],"rotation":90,"texture":"#0"},"west":{"uv":[0,0,1,0],"rotation":90,"texture":"#missing"},"up":{"uv":[2,13,3,11.5],"rotation":90,"texture":"#missing"},"down":{"uv":[0,1.5,0,0],"rotation":90,"texture":"#missing"}}},{"from":[0.5,20.5,4.25],"to":[3.5,20.5,6.25],"rotation":{"angle":0,"axis":"z","origin":[10,24.5,9.5]},"faces":{"north":{"uv":[2,13,2,11.5],"rotation":270,"texture":"#missing"},"east":{"uv":[1,0,0,0],"texture":"#missing"},"south":{"uv":[2,13,3,11.5],"rotation":90,"texture":"#0"},"west":{"uv":[1,0,0,0],"rotation":180,"texture":"#missing"},"up":{"uv":[2,13,3,11.5],"rotation":90,"texture":"#0"},"down":{"uv":[2,13,3,11.5],"rotation":90,"texture":"#0"}}},{"from":[16.5,22.5,10],"to":[19.5,24.5,10],"rotation":{"angle":0,"axis":"z","origin":[8,11.5,10]},"faces":{"north":{"uv":[2,13,3,11.5],"rotation":90,"texture":"#0"},"east":{"uv":[0,0,1,0],"rotation":90,"texture":"#missing"},"south":{"uv":[2,13,3,11.5],"rotation":270,"texture":"#0"},"west":{"uv":[0,0,1,0],"rotation":90,"texture":"#missing"},"up":{"uv":[2,13,3,11.5],"rotation":270,"texture":"#missing"},"down":{"uv":[0,1.5,0,0],"rotation":270,"texture":"#missing"}}},{"from":[-2.75,23.5,10],"to":[0.25,25.5,10],"rotation":{"angle":0,"axis":"z","origin":[-0.25,24.5,10]},"faces":{"north":{"uv":[2,13,3,11.5],"rotation":270,"texture":"#0"},"east":{"uv":[0,0,1,0],"rotation":270,"texture":"#missing"},"south":{"uv":[2,13,3,11.5],"rotation":90,"texture":"#0"},"west":{"uv":[0,0,1,0],"rotation":270,"texture":"#missing"},"up":{"uv":[2,13,3,11.5],"rotation":90,"texture":"#0"},"down":{"uv":[2,13,2,11.5],"rotation":90,"texture":"#missing"}}},{"from":[9,20,11],"to":[11,23,11],"rotation":{"angle":0,"axis":"y","origin":[-15.5,12.5,11.25]},"faces":{"north":{"uv":[5,12.5,4,14],"texture":"#0"},"east":{"uv":[0,0,0,1.5],"texture":"#missing"},"south":{"uv":[5,12.5,4,14],"texture":"#0"},"west":{"uv":[0,0,0,1.5],"texture":"#missing"},"up":{"uv":[1,0,0,0],"rotation":180,"texture":"#missing"},"down":{"uv":[1,0,0,0],"rotation":180,"texture":"#missing"}}},{"from":[10,20,10],"to":[10,23,12],"rotation":{"angle":0,"axis":"y","origin":[-15.5,12.5,11.25]},"faces":{"north":{"uv":[0,0,0,1.5],"texture":"#missing"},"east":{"uv":[5,12.5,4,14],"texture":"#0"},"south":{"uv":[0,0,0,1.5],"texture":"#missing"},"west":{"uv":[5,12.5,4,14],"texture":"#0"},"up":{"uv":[0,0,1,0],"rotation":270,"texture":"#missing"},"down":{"uv":[0,0,1,0],"rotation":90,"texture":"#missing"}}},{"from":[2,20,9],"to":[4,23,9],"rotation":{"angle":0,"axis":"y","origin":[-15.5,12.5,11.25]},"faces":{"north":{"uv":[7.5,12.5,6.5,14],"texture":"#0"},"east":{"uv":[0,0,0,1.5],"texture":"#missing"},"south":{"uv":[7.5,12.5,6.5,14],"texture":"#0"},"west":{"uv":[0,0,0,1.5],"texture":"#missing"},"up":{"uv":[1,0,0,0],"rotation":180,"texture":"#missing"},"down":{"uv":[1,0,0,0],"rotation":180,"texture":"#missing"}}},{"from":[3,20,8],"to":[3,23,10],"rotation":{"angle":0,"axis":"y","origin":[-15.5,12.5,11.25]},"faces":{"north":{"uv":[0,0,0,1.5],"texture":"#missing"},"east":{"uv":[7.5,12.5,6.5,14],"texture":"#0"},"south":{"uv":[6.5,12.5,6.5,14],"texture":"#missing"},"west":{"uv":[7.5,12.5,6.5,14],"texture":"#0"},"up":{"uv":[0,0,1,0],"rotation":270,"texture":"#missing"},"down":{"uv":[0,0,1,0],"rotation":90,"texture":"#missing"}}},{"from":[-3,14,10],"to":[-1,17,10],"rotation":{"angle":0,"axis":"y","origin":[-15.5,12.5,11.25]},"faces":{"north":{"uv":[7.5,12.5,6.5,14],"texture":"#0"},"east":{"uv":[0,0,0,1.5],"texture":"#missing"},"south":{"uv":[7.5,12.5,6.5,14],"texture":"#0"},"west":{"uv":[0,0,0,1.5],"texture":"#missing"},"up":{"uv":[1,0,0,0],"rotation":180,"texture":"#missing"},"down":{"uv":[1,0,0,0],"rotation":180,"texture":"#missing"}}},{"from":[-2,14,9],"to":[-2,17,11],"rotation":{"angle":0,"axis":"y","origin":[-15.5,12.5,11.25]},"faces":{"north":{"uv":[0,0,0,1.5],"texture":"#missing"},"east":{"uv":[7.5,12.5,6.5,14],"texture":"#0"},"south":{"uv":[6.5,12.5,6.5,14],"texture":"#missing"},"west":{"uv":[7.5,12.5,6.5,14],"texture":"#0"},"up":{"uv":[0,0,1,0],"rotation":270,"texture":"#missing"},"down":{"uv":[0,0,1,0],"rotation":90,"texture":"#missing"}}},{"from":[15,17,9],"to":[17,20,9],"rotation":{"angle":0,"axis":"y","origin":[-15.5,-6.5,11.25]},"faces":{"north":{"uv":[7.5,14,6.5,12.5],"texture":"#0"},"east":{"uv":[0,1.5,0,0],"texture":"#missing"},"south":{"uv":[7.5,14,6.5,12.5],"texture":"#0"},"west":{"uv":[0,1.5,0,0],"texture":"#missing"},"up":{"uv":[1,0,0,0],"rotation":180,"texture":"#missing"},"down":{"uv":[1,0,0,0],"rotation":180,"texture":"#missing"}}},{"from":[16,17,8],"to":[16,20,10],"rotation":{"angle":0,"axis":"y","origin":[-15.5,-6.5,11.25]},"faces":{"north":{"uv":[0,1.5,0,0],"texture":"#missing"},"east":{"uv":[7.5,14,6.5,12.5],"texture":"#0"},"south":{"uv":[6.5,14,6.5,12.5],"texture":"#missing"},"west":{"uv":[7.5,14,6.5,12.5],"texture":"#0"},"up":{"uv":[1,0,0,0],"rotation":90,"texture":"#missing"},"down":{"uv":[1,0,0,0],"rotation":270,"texture":"#missing"}}},{"from":[-2,14,7],"to":[-1,20,8],"rotation":{"angle":0,"axis":"y","origin":[3,0,7]},"faces":{"north":{"uv":[15,6.5,14.5,9.5],"texture":"#0"},"east":{"uv":[15,6.5,14.5,9.5],"texture":"#0"},"south":{"uv":[15,6.5,14.5,9.5],"texture":"#0"},"west":{"uv":[15,6.5,14.5,9.5],"texture":"#0"},"up":{"uv":[15,6.5,14.5,9.5],"texture":"#0"},"down":{"uv":[15,6.5,14.5,9.5],"texture":"#0"}}},{"from":[-1,17,7],"to":[0,22,8],"rotation":{"angle":0,"axis":"y","origin":[3,0,7]},"faces":{"north":{"uv":[14.5,5.5,14,8],"texture":"#0"},"east":{"uv":[14.5,5.5,14,8],"texture":"#0"},"south":{"uv":[14.5,5.5,14,8],"texture":"#0"},"west":{"uv":[14.5,5.5,14,8],"texture":"#0"},"up":{"uv":[14.5,5.5,14,8],"texture":"#0"},"down":{"uv":[14.5,5.5,14,8],"texture":"#0"}}},{"from":[0,20,7],"to":[1,22,8],"rotation":{"angle":0,"axis":"y","origin":[3,0,7]},"faces":{"north":{"uv":[14,5.5,13.5,6.5],"texture":"#0"},"east":{"uv":[14,5.5,13.5,6.5],"texture":"#0"},"south":{"uv":[14,5.5,13.5,6.5],"texture":"#0"},"west":{"uv":[14,5.5,13.5,6.5],"texture":"#0"},"up":{"uv":[14,5.5,13.5,6.5],"texture":"#0"},"down":{"uv":[14,5.5,13.5,6.5],"texture":"#0"}}},{"from":[1,21,7],"to":[2,22,8],"rotation":{"angle":0,"axis":"y","origin":[3,0,7]},"faces":{"north":{"uv":[13.5,5.5,13,6],"texture":"#0"},"east":{"uv":[13.5,5.5,13,6],"texture":"#0"},"south":{"uv":[13.5,5.5,13,6],"texture":"#0"},"west":{"uv":[13.5,5.5,13,6],"texture":"#0"},"up":{"uv":[13.5,5.5,13,6],"texture":"#0"},"down":{"uv":[13.5,5.5,13,6],"texture":"#0"}}},{"from":[2,22,7],"to":[5,23,8],"rotation":{"angle":0,"axis":"y","origin":[-12,-5,7]},"faces":{"north":{"uv":[14.5,5.5,13,6],"texture":"#0"},"east":{"uv":[12.5,5,12,5.5],"texture":"#0"},"south":{"uv":[14.5,5.5,13,6],"texture":"#0"},"west":{"uv":[13,5,12.5,5.5],"texture":"#0"},"up":{"uv":[14.5,5.5,13,6],"texture":"#0"},"down":{"uv":[14.5,5.5,13,6],"texture":"#0"}}},{"from":[0,22,3],"to":[3,23,4],"rotation":{"angle":0,"axis":"y","origin":[-12,-5,7]},"faces":{"north":{"uv":[14.5,5.5,13,6],"texture":"#0"},"east":{"uv":[12.5,5,12,5.5],"texture":"#0"},"south":{"uv":[14.5,5.5,13,6],"texture":"#0"},"west":{"uv":[13,5,12.5,5.5],"texture":"#0"},"up":{"uv":[14.5,5.5,13,6],"texture":"#0"},"down":{"uv":[14.5,5.5,13,6],"texture":"#0"}}},{"from":[11,24,6],"to":[14,25,7],"rotation":{"angle":0,"axis":"y","origin":[-12,-5,7]},"faces":{"north":{"uv":[14.5,5.5,13,6],"texture":"#0"},"east":{"uv":[12.5,5,12,5.5],"texture":"#0"},"south":{"uv":[14.5,5.5,13,6],"texture":"#0"},"west":{"uv":[13,5,12.5,5.5],"texture":"#0"},"up":{"uv":[14.5,5.5,13,6],"texture":"#0"},"down":{"uv":[14.5,5.5,13,6],"texture":"#0"}}},{"from":[5,23,6],"to":[8,24,7],"rotation":{"angle":0,"axis":"y","origin":[-12,-5,7]},"faces":{"north":{"uv":[14.5,5.5,13,6],"texture":"#0"},"east":{"uv":[12.5,5,12,5.5],"texture":"#0"},"south":{"uv":[14.5,5.5,13,6],"texture":"#0"},"west":{"uv":[13,5,12.5,5.5],"texture":"#0"},"up":{"uv":[14.5,5.5,13,6],"texture":"#0"},"down":{"uv":[14.5,5.5,13,6],"texture":"#0"}}},{"from":[5,23,3],"to":[8,24,4],"rotation":{"angle":0,"axis":"y","origin":[-12,-5,7]},"faces":{"north":{"uv":[14.5,5.5,13,6],"texture":"#0"},"east":{"uv":[12.5,5,12,5.5],"texture":"#0"},"south":{"uv":[14.5,5.5,13,6],"texture":"#0"},"west":{"uv":[13,5,12.5,5.5],"texture":"#0"},"up":{"uv":[14.5,5.5,13,6],"texture":"#0"},"down":{"uv":[14.5,5.5,13,6],"texture":"#0"}}},{"from":[8,23,3],"to":[11,24,4],"rotation":{"angle":0,"axis":"y","origin":[-12,-5,7]},"faces":{"north":{"uv":[14.5,5.5,13,6],"texture":"#0"},"east":{"uv":[12.5,5,12,5.5],"texture":"#0"},"south":{"uv":[14.5,5.5,13,6],"texture":"#0"},"west":{"uv":[13,5,12.5,5.5],"texture":"#0"},"up":{"uv":[14.5,5.5,13,6],"texture":"#0"},"down":{"uv":[14.5,5.5,13,6],"texture":"#0"}}},{"from":[-8,18,7],"to":[-5,19,8],"rotation":{"angle":0,"axis":"y","origin":[-12,-5,7]},"faces":{"north":{"uv":[14.5,5.5,13,6],"texture":"#0"},"east":{"uv":[12.5,5,12,5.5],"texture":"#0"},"south":{"uv":[14.5,5.5,13,6],"texture":"#0"},"west":{"uv":[13,5,12.5,5.5],"texture":"#0"},"up":{"uv":[14.5,5.5,13,6],"texture":"#0"},"down":{"uv":[14.5,5.5,13,6],"texture":"#0"}}},{"from":[-6.5,10.5,9],"to":[-2.5,11.5,10],"rotation":{"angle":0,"axis":"z","origin":[-12.5,10,7.5]},"faces":{"north":{"uv":[14.5,9,15,7],"rotation":90,"texture":"#0"},"east":{"uv":[14.5,7.5,15,7],"rotation":270,"texture":"#0"},"south":{"uv":[14.5,9,15,7],"rotation":270,"texture":"#0"},"west":{"uv":[14.5,9,15,7],"rotation":270,"texture":"#0"},"up":{"uv":[14.5,9,15,7],"rotation":270,"texture":"#0"},"down":{"uv":[14.5,8.5,15,6.5],"rotation":270,"texture":"#0"}}},{"from":[-8,13,8],"to":[-7,15,9],"rotation":{"angle":0,"axis":"y","origin":[-12,-5,7]},"faces":{"north":{"uv":[12.5,11.5,12,12.5],"texture":"#0"},"east":{"uv":[12.5,11.5,12,12.5],"texture":"#0"},"south":{"uv":[12.5,11.5,12,12.5],"texture":"#0"},"west":{"uv":[12.5,11.5,12,12.5],"texture":"#0"},"up":{"uv":[12.5,12,12,12.5],"texture":"#0"},"down":{"uv":[12.5,12,12,12.5],"texture":"#0"}}},{"from":[4.75,17,8.75],"to":[4.75,23,13.75],"rotation":{"angle":45,"axis":"y","origin":[4.75,19.5,11]},"faces":{"north":{"uv":[0,0,0,3],"texture":"#missing"},"east":{"uv":[7.5,0,5,3],"texture":"#0"},"south":{"uv":[0,0,0,3],"texture":"#missing"},"west":{"uv":[7.5,0,5,3],"texture":"#0"},"up":{"uv":[0,0,2.5,0],"rotation":90,"texture":"#missing"},"down":{"uv":[0,0,2.5,0],"rotation":270,"texture":"#missing"}}},{"from":[2.75,16,10.75],"to":[6.75,22,10.75],"rotation":{"angle":45,"axis":"y","origin":[4.75,19.5,11]},"faces":{"north":{"uv":[7,0,5,3],"texture":"#0"},"east":{"uv":[0,0,0,3],"texture":"#missing"},"south":{"uv":[7,0,5,3],"texture":"#0"},"west":{"uv":[0,0,0,3],"texture":"#missing"},"up":{"uv":[2,0,0,0],"texture":"#missing"},"down":{"uv":[2,0,0,0],"texture":"#missing"}}},{"from":[16,17,8],"to":[21,23,8],"rotation":{"angle":0,"axis":"y","origin":[-28,-5,7]},"faces":{"north":{"uv":[5,0,7.5,3],"texture":"#0"},"east":{"uv":[0,0,0,3],"texture":"#missing"},"south":{"uv":[5,0,7.5,3],"texture":"#0"},"west":{"uv":[0,0,0,3],"texture":"#missing"},"up":{"uv":[0,0,2.5,0],"texture":"#missing"},"down":{"uv":[0,0,2.5,0],"texture":"#missing"}}},{"from":[18,16,6],"to":[18,22,10],"rotation":{"angle":0,"axis":"y","origin":[-26,-1.5,7]},"faces":{"north":{"uv":[0,0,0,3],"texture":"#missing"},"east":{"uv":[5,0,7,3],"texture":"#0"},"south":{"uv":[0,0,0,3],"texture":"#missing"},"west":{"uv":[5,0,7,3],"texture":"#0"},"up":{"uv":[0,0,2,0],"rotation":270,"texture":"#missing"},"down":{"uv":[0,0,2,0],"rotation":90,"texture":"#missing"}}},{"from":[-4.75,13,7.25],"to":[-4.75,19,12.25],"rotation":{"angle":0,"axis":"y","origin":[-19.75,9.5,8]},"faces":{"north":{"uv":[0,0,0,3],"texture":"#missing"},"east":{"uv":[5,0,7.5,3],"texture":"#0"},"south":{"uv":[0,0,0,3],"texture":"#missing"},"west":{"uv":[5,0,7.5,3],"texture":"#0"},"up":{"uv":[2.5,0,0,0],"rotation":90,"texture":"#missing"},"down":{"uv":[2.5,0,0,0],"rotation":270,"texture":"#missing"}}},{"from":[-6.75,12,9.25],"to":[-2.75,18,9.25],"rotation":{"angle":0,"axis":"y","origin":[-19.75,9.5,8]},"faces":{"north":{"uv":[5,0,7,3],"texture":"#0"},"east":{"uv":[0,0,0,3],"texture":"#missing"},"south":{"uv":[5,0,7,3],"texture":"#0"},"west":{"uv":[0,0,0,3],"texture":"#missing"},"up":{"uv":[2,0,0,0],"texture":"#missing"},"down":{"uv":[2,0,0,0],"texture":"#missing"}}},{"from":[-9.75,13,7.25],"to":[-9.75,19,12.25],"rotation":{"angle":-45,"axis":"y","origin":[-9.75,15.5,9.5]},"faces":{"north":{"uv":[0,0,0,3],"texture":"#missing"},"east":{"uv":[5,0,7.5,3],"texture":"#0"},"south":{"uv":[0,0,0,3],"texture":"#missing"},"west":{"uv":[5,0,7.5,3],"texture":"#0"},"up":{"uv":[2.5,0,0,0],"rotation":90,"texture":"#missing"},"down":{"uv":[2.5,0,0,0],"rotation":270,"texture":"#missing"}}},{"from":[-11.75,12,9.25],"to":[-7.75,18,9.25],"rotation":{"angle":-45,"axis":"y","origin":[-9.75,15.5,9.5]},"faces":{"north":{"uv":[5,0,7,3],"texture":"#0"},"east":{"uv":[0,0,0,3],"texture":"#missing"},"south":{"uv":[5,0,7,3],"texture":"#0"},"west":{"uv":[0,0,0,3],"texture":"#missing"},"up":{"uv":[2,0,0,0],"texture":"#missing"},"down":{"uv":[2,0,0,0],"texture":"#missing"}}},{"from":[-6,16,9],"to":[-1,22,9],"rotation":{"angle":-45,"axis":"y","origin":[2.25,5.5,11]},"faces":{"north":{"uv":[5,0,7.5,3],"texture":"#0"},"east":{"uv":[0,0,0,3],"texture":"#missing"},"south":{"uv":[5,0,7.5,3],"texture":"#0"},"west":{"uv":[0,0,0,3],"texture":"#missing"},"up":{"uv":[0,0,2.5,0],"texture":"#missing"},"down":{"uv":[0,0,2.5,0],"texture":"#missing"}}},{"from":[-4,15,7],"to":[-4,21,11],"rotation":{"angle":-45,"axis":"y","origin":[2.25,5.5,11]},"faces":{"north":{"uv":[0,0,0,3],"texture":"#missing"},"east":{"uv":[5,0,7,3],"texture":"#0"},"south":{"uv":[0,0,0,3],"texture":"#missing"},"west":{"uv":[5,0,7,3],"texture":"#0"},"up":{"uv":[0,0,2,0],"rotation":270,"texture":"#missing"},"down":{"uv":[0,0,2,0],"rotation":90,"texture":"#missing"}}},{"from":[-4,8,10],"to":[1,14,10],"rotation":{"angle":45,"axis":"y","origin":[-1.75,10.5,10]},"faces":{"north":{"uv":[5,0,7.5,3],"texture":"#0"},"east":{"uv":[0,0,0,3],"texture":"#missing"},"south":{"uv":[5,0,7.5,3],"texture":"#0"},"west":{"uv":[0,0,0,3],"texture":"#missing"},"up":{"uv":[0,0,2.5,0],"texture":"#missing"},"down":{"uv":[0,0,2.5,0],"texture":"#missing"}}},{"from":[-2,7,8],"to":[-2,13,12],"rotation":{"angle":45,"axis":"y","origin":[-1.75,10.5,10]},"faces":{"north":{"uv":[0,0,0,3],"texture":"#missing"},"east":{"uv":[5,0,7,3],"texture":"#0"},"south":{"uv":[0,0,0,3],"texture":"#missing"},"west":{"uv":[5,0,7,3],"texture":"#0"},"up":{"uv":[0,0,2,0],"rotation":270,"texture":"#missing"},"down":{"uv":[0,0,2,0],"rotation":90,"texture":"#missing"}}},{"from":[10,17,9],"to":[14,24,9],"rotation":{"angle":0,"axis":"y","origin":[12,19,8.5]},"faces":{"north":{"uv":[0,0,2,3.5],"texture":"#0"},"east":{"uv":[0,0,0,3.5],"texture":"#missing"},"south":{"uv":[0,0,2,3.5],"texture":"#0"},"west":{"uv":[0,0,0,3.5],"texture":"#missing"},"up":{"uv":[0,0,2,0],"texture":"#missing"},"down":{"uv":[0,0,2,0],"texture":"#missing"}}},{"from":[12,15,7],"to":[12,22,11],"rotation":{"angle":0,"axis":"y","origin":[12,19,8.5]},"faces":{"north":{"uv":[0,0,0,3.5],"texture":"#missing"},"east":{"uv":[0,0,2,3.5],"texture":"#0"},"south":{"uv":[0,0,0,3.5],"texture":"#missing"},"west":{"uv":[0,0,2,3.5],"texture":"#0"},"up":{"uv":[0,0,2,0],"rotation":270,"texture":"#missing"},"down":{"uv":[0,0,2,0],"rotation":90,"texture":"#missing"}}},{"from":[-2.85786,19,6.85786],"to":[-2.85786,26,10.85786],"rotation":{"angle":0,"axis":"y","origin":[-9.85786,23,-4.14214]},"faces":{"north":{"uv":[0,0,0,3.5],"texture":"#missing"},"east":{"uv":[0,0,2,3.5],"texture":"#0"},"south":{"uv":[0,0,0,3.5],"texture":"#missing"},"west":{"uv":[0,0,2,3.5],"texture":"#0"},"up":{"uv":[2,0,0,0],"rotation":90,"texture":"#missing"},"down":{"uv":[2,0,0,0],"rotation":270,"texture":"#missing"}}},{"from":[-4.85786,18,8.85786],"to":[-0.85786,25,8.85786],"rotation":{"angle":0,"axis":"y","origin":[-9.85786,23,-4.14214]},"faces":{"north":{"uv":[0,0,2,3.5],"texture":"#0"},"east":{"uv":[0,0,0,3.5],"texture":"#missing"},"south":{"uv":[0,0,2,3.5],"texture":"#0"},"west":{"uv":[0,0,0,3.5],"texture":"#missing"},"up":{"uv":[2,0,0,0],"texture":"#missing"},"down":{"uv":[2,0,0,0],"texture":"#missing"}}},{"from":[5.14214,16,0.85786],"to":[5.14214,23,4.85786],"rotation":{"angle":0,"axis":"y","origin":[-9.85786,23,-4.14214]},"faces":{"north":{"uv":[0,0,0,3.5],"texture":"#missing"},"east":{"uv":[0,0,2,3.5],"texture":"#0"},"south":{"uv":[0,0,0,3.5],"texture":"#missing"},"west":{"uv":[0,0,2,3.5],"texture":"#0"},"up":{"uv":[2,0,0,0],"rotation":90,"texture":"#missing"},"down":{"uv":[2,0,0,0],"rotation":270,"texture":"#missing"}}},{"from":[3.14214,15,2.85786],"to":[7.14214,22,2.85786],"rotation":{"angle":0,"axis":"y","origin":[-9.85786,23,-4.14214]},"faces":{"north":{"uv":[0,0,2,3.5],"texture":"#0"},"east":{"uv":[0,0,0,3.5],"texture":"#missing"},"south":{"uv":[0,0,2,3.5],"texture":"#0"},"west":{"uv":[0,0,0,3.5],"texture":"#missing"},"up":{"uv":[2,0,0,0],"texture":"#missing"},"down":{"uv":[2,0,0,0],"texture":"#missing"}}},{"from":[-6.85786,17,8.85786],"to":[-6.85786,24,12.85786],"rotation":{"angle":-45,"axis":"y","origin":[1.14214,24,8.85786]},"faces":{"north":{"uv":[0,0,0,3.5],"texture":"#missing"},"east":{"uv":[0,0,2,3.5],"texture":"#0"},"south":{"uv":[0,0,0,3.5],"texture":"#missing"},"west":{"uv":[0,0,2,3.5],"texture":"#0"},"up":{"uv":[2,0,0,0],"rotation":90,"texture":"#missing"},"down":{"uv":[2,0,0,0],"rotation":270,"texture":"#missing"}}},{"from":[-8.85786,16,10.85786],"to":[-4.85786,23,10.85786],"rotation":{"angle":-45,"axis":"y","origin":[1.14214,24,8.85786]},"faces":{"north":{"uv":[0,0,2,3.5],"texture":"#0"},"east":{"uv":[0,0,0,3.5],"texture":"#missing"},"south":{"uv":[0,0,2,3.5],"texture":"#0"},"west":{"uv":[0,0,0,3.5],"texture":"#missing"},"up":{"uv":[2,0,0,0],"texture":"#missing"},"down":{"uv":[2,0,0,0],"texture":"#missing"}}},{"from":[-10,16,11],"to":[-6,23,11],"rotation":{"angle":-45,"axis":"y","origin":[-8,19,11]},"faces":{"north":{"uv":[0,0,2,3.5],"texture":"#0"},"east":{"uv":[0,0,0,3.5],"texture":"#missing"},"south":{"uv":[0,0,2,3.5],"texture":"#0"},"west":{"uv":[0,0,0,3.5],"texture":"#missing"},"up":{"uv":[0,0,2,0],"texture":"#missing"},"down":{"uv":[0,0,2,0],"texture":"#missing"}}},{"from":[-8,15,9],"to":[-8,22,13],"rotation":{"angle":-45,"axis":"y","origin":[-8,19,11]},"faces":{"north":{"uv":[0,0,0,3.5],"texture":"#missing"},"east":{"uv":[0,0,2,3.5],"texture":"#0"},"south":{"uv":[0,0,0,3.5],"texture":"#missing"},"west":{"uv":[0,0,2,3.5],"texture":"#0"},"up":{"uv":[0,0,2,0],"rotation":270,"texture":"#missing"},"down":{"uv":[0,0,2,0],"rotation":90,"texture":"#missing"}}},{"from":[0,13,2],"to":[4,22,2],"rotation":{"angle":0,"axis":"y","origin":[-28,-5,7]},"faces":{"north":{"uv":[2.5,0,4.5,4.5],"texture":"#0"},"east":{"uv":[0,0,0,4.5],"texture":"#missing"},"south":{"uv":[2.5,0,4.5,4.5],"texture":"#0"},"west":{"uv":[0,0,0,4.5],"texture":"#missing"},"up":{"uv":[0,0,2,0],"texture":"#missing"},"down":{"uv":[0,0,2,0],"texture":"#missing"}}},{"from":[3,12,0],"to":[3,21,4],"rotation":{"angle":0,"axis":"y","origin":[-26,-1.5,7]},"faces":{"north":{"uv":[0,0,0,4.5],"texture":"#missing"},"east":{"uv":[2.5,0,4.5,4.5],"texture":"#0"},"south":{"uv":[0,0,0,4.5],"texture":"#missing"},"west":{"uv":[2.5,0,4.5,4.5],"texture":"#0"},"up":{"uv":[0,0,2,0],"rotation":270,"texture":"#missing"},"down":{"uv":[0,0,2,0],"rotation":90,"texture":"#missing"}}},{"from":[6,17,8],"to":[10,26,8],"rotation":{"angle":-45,"axis":"y","origin":[8,21,8]},"faces":{"north":{"uv":[4.5,0,2.5,4.5],"texture":"#0"},"east":{"uv":[0,0,0,4.5],"texture":"#missing"},"south":{"uv":[4.5,0,2.5,4.5],"texture":"#0"},"west":{"uv":[0,0,0,4.5],"texture":"#missing"},"up":{"uv":[2,0,0,0],"texture":"#missing"},"down":{"uv":[2,0,0,0],"texture":"#missing"}}},{"from":[8,16,6],"to":[8,25,10],"rotation":{"angle":-45,"axis":"y","origin":[8,21,8]},"faces":{"north":{"uv":[0,0,0,4.5],"texture":"#missing"},"east":{"uv":[4.5,0,2.5,4.5],"texture":"#0"},"south":{"uv":[0,0,0,4.5],"texture":"#missing"},"west":{"uv":[4.5,0,2.5,4.5],"texture":"#0"},"up":{"uv":[0,0,2,0],"rotation":270,"texture":"#missing"},"down":{"uv":[0,0,2,0],"rotation":90,"texture":"#missing"}}},{"from":[9,15,0],"to":[13,24,0],"rotation":{"angle":-45,"axis":"y","origin":[8,21,8]},"faces":{"north":{"uv":[4.5,0,2.5,4.5],"texture":"#0"},"east":{"uv":[0,0,0,4.5],"texture":"#missing"},"south":{"uv":[4.5,0,2.5,4.5],"texture":"#0"},"west":{"uv":[0,0,0,4.5],"texture":"#missing"},"up":{"uv":[2,0,0,0],"texture":"#missing"},"down":{"uv":[2,0,0,0],"texture":"#missing"}}},{"from":[11,14,-2],"to":[11,23,2],"rotation":{"angle":-45,"axis":"y","origin":[8,21,8]},"faces":{"north":{"uv":[0,0,0,4.5],"texture":"#missing"},"east":{"uv":[4.5,0,2.5,4.5],"texture":"#0"},"south":{"uv":[0,0,0,4.5],"texture":"#missing"},"west":{"uv":[4.5,0,2.5,4.5],"texture":"#0"},"up":{"uv":[0,0,2,0],"rotation":270,"texture":"#missing"},"down":{"uv":[0,0,2,0],"rotation":90,"texture":"#missing"}}},{"from":[13,15,10.75],"to":[17,24,10.75],"rotation":{"angle":-45,"axis":"y","origin":[15,11,10.75]},"faces":{"north":{"uv":[2.5,0,4.5,4.5],"texture":"#0"},"east":{"uv":[0,0,0,4.5],"texture":"#missing"},"south":{"uv":[2.5,0,4.5,4.5],"texture":"#0"},"west":{"uv":[0,0,0,4.5],"texture":"#missing"},"up":{"uv":[0,0,2,0],"texture":"#missing"},"down":{"uv":[0,0,2,0],"texture":"#missing"}}},{"from":[15,14,8.75],"to":[15,23,12.75],"rotation":{"angle":-45,"axis":"y","origin":[15,11,10.75]},"faces":{"north":{"uv":[0,0,0,4.5],"texture":"#missing"},"east":{"uv":[2.5,0,4.5,4.5],"texture":"#0"},"south":{"uv":[0,0,0,4.5],"texture":"#missing"},"west":{"uv":[2.5,0,4.5,4.5],"texture":"#0"},"up":{"uv":[0,0,2,0],"rotation":270,"texture":"#missing"},"down":{"uv":[0,0,2,0],"rotation":90,"texture":"#missing"}}},{"from":[5,15,8.75],"to":[9,24,8.75],"rotation":{"angle":-45,"axis":"y","origin":[15,11,10.75]},"faces":{"north":{"uv":[2.5,0,4.5,4.5],"texture":"#0"},"east":{"uv":[0,0,0,4.5],"texture":"#missing"},"south":{"uv":[2.5,0,4.5,4.5],"texture":"#0"},"west":{"uv":[0,0,0,4.5],"texture":"#missing"},"up":{"uv":[0,0,2,0],"texture":"#missing"},"down":{"uv":[0,0,2,0],"texture":"#missing"}}},{"from":[7,14,6.75],"to":[7,23,10.75],"rotation":{"angle":-45,"axis":"y","origin":[15,11,10.75]},"faces":{"north":{"uv":[0,0,0,4.5],"texture":"#missing"},"east":{"uv":[2.5,0,4.5,4.5],"texture":"#0"},"south":{"uv":[0,0,0,4.5],"texture":"#missing"},"west":{"uv":[2.5,0,4.5,4.5],"texture":"#0"},"up":{"uv":[0,0,2,0],"rotation":270,"texture":"#missing"},"down":{"uv":[0,0,2,0],"rotation":90,"texture":"#missing"}}},{"from":[-9,5,11],"to":[-5,14,11],"rotation":{"angle":0,"axis":"y","origin":[-7,2,11]},"faces":{"north":{"uv":[4.5,0,2.5,4.5],"texture":"#0"},"east":{"uv":[0,0,0,4.5],"texture":"#missing"},"south":{"uv":[4.5,0,2.5,4.5],"texture":"#0"},"west":{"uv":[0,0,0,4.5],"texture":"#missing"},"up":{"uv":[2,0,0,0],"texture":"#missing"},"down":{"uv":[2,0,0,0],"texture":"#missing"}}},{"from":[-7,4,9],"to":[-7,13,13],"rotation":{"angle":0,"axis":"y","origin":[-7,2,11]},"faces":{"north":{"uv":[0,0,0,4.5],"texture":"#missing"},"east":{"uv":[4.5,0,2.5,4.5],"texture":"#0"},"south":{"uv":[0,0,0,4.5],"texture":"#missing"},"west":{"uv":[4.5,0,2.5,4.5],"texture":"#0"},"up":{"uv":[0,0,2,0],"rotation":270,"texture":"#missing"},"down":{"uv":[0,0,2,0],"rotation":90,"texture":"#missing"}}},{"from":[-6,4,11],"to":[-2,13,11],"rotation":{"angle":-45,"axis":"y","origin":[-4,8,11]},"faces":{"north":{"uv":[2.5,0,4.5,4.5],"texture":"#0"},"east":{"uv":[0,0,0,4.5],"texture":"#missing"},"south":{"uv":[2.5,0,4.5,4.5],"texture":"#0"},"west":{"uv":[0,0,0,4.5],"texture":"#missing"},"up":{"uv":[0,0,2,0],"texture":"#missing"},"down":{"uv":[0,0,2,0],"texture":"#missing"}}},{"from":[-4,3,9],"to":[-4,12,13],"rotation":{"angle":-45,"axis":"y","origin":[-4,8,11]},"faces":{"north":{"uv":[0,0,0,4.5],"texture":"#missing"},"east":{"uv":[2.5,0,4.5,4.5],"texture":"#0"},"south":{"uv":[0,0,0,4.5],"texture":"#missing"},"west":{"uv":[2.5,0,4.5,4.5],"texture":"#0"},"up":{"uv":[0,0,2,0],"rotation":270,"texture":"#missing"},"down":{"uv":[0,0,2,0],"rotation":90,"texture":"#missing"}}}],"display":{"thirdperson_righthand":{"scale":[0.3,0.3,0.3]},"thirdperson_lefthand":{"scale":[0.3,0.3,0.3]},"firstperson_righthand":{"translation":[0,0,2.25],"scale":[0.3,0.3,0.3]},"firstperson_lefthand":{"translation":[0,0,2.25],"scale":[0.3,0.3,0.3]},"ground":{"scale":[0.3,0.3,0.3]},"gui":{"rotation":[18,33,0],"translation":[1.25,-2.75,0],"scale":[0.4,0.4,0.4]},"fixed":{"rotation":[90,-180,0],"translation":[-21,2,-32],"scale":[2,2,2]}},"groups":[{"name":"branches","origin":[8,8,8],"children":[{"name":"1","origin":[0,0,0],"children":[0,1]},{"name":"1","origin":[0,0,0],"children":[2,3,4]},{"name":"1","origin":[0,0,0],"children":[5,6]},{"name":"1","origin":[0,0,0],"children":[7,8]},{"name":"1","origin":[0,0,0],"children":[9,10]},{"name":"1","origin":[0,0,0],"children":[11,12]},{"name":"1","origin":[0,0,0],"children":[13,14]},{"name":"2","origin":[0,0,0],"children":[15,16]},{"name":"2","origin":[0,0,0],"children":[17,18]},{"name":"2","origin":[0,0,0],"children":[19,20]},{"name":"2","origin":[0,0,0],"children":[21,22]},{"name":"1","origin":[0,0,0],"children":[23,24]},{"name":"3","origin":[0,0,0],"children":[25,26]},{"name":"3","origin":[0,0,0],"children":[27,28]},{"name":"3","origin":[0,0,0],"children":[29,30]},31,32,33,34,35,36,37,38,39,40,41,42,43]},{"name":"flowers","origin":[8,8,8],"children":[{"name":"3","origin":[0,0,0],"children":[44,45]},{"name":"3","origin":[0,0,0],"children":[46,47]},{"name":"3","origin":[0,0,0],"children":[48,49]},{"name":"3","origin":[0,0,0],"children":[50,51]},{"name":"3","origin":[0,0,0],"children":[52,53]},{"name":"3","origin":[0,0,0],"children":[54,55]},{"name":"1","origin":[0,0,0],"children":[56,57]},{"name":"1","origin":[0,0,0],"children":[58,59]},{"name":"1","origin":[0,0,0],"children":[60,61]},{"name":"1","origin":[0,0,0],"children":[62,63]},{"name":"1","origin":[0,0,0],"children":[64,65]},{"name":"2","origin":[0,0,0],"children":[66,67]},{"name":"2","origin":[0,0,0],"children":[68,69]},{"name":"2","origin":[0,0,0],"children":[70,71]},{"name":"2","origin":[0,0,0],"children":[72,73]},{"name":"2","origin":[0,0,0],"children":[74,75]},{"name":"2","origin":[0,0,0],"children":[76,77]},{"name":"2","origin":[0,0,0],"children":[78,79]}]}]}