{"credit":"Made with Blockbench","texture_size":[32,32],"textures":{"0":"block/flowers/wisteria1","particle":"block/flowers/wisteria1"},"elements":[{"from":[12,12,7],"to":[14,15,7],"rotation":{"angle":0,"axis":"y","origin":[-12,-5,7]},"faces":{"north":{"uv":[5,12.5,4,14],"texture":"#0"},"east":{"uv":[0,0,0,1.5],"texture":"#missing"},"south":{"uv":[5,12.5,4,14],"texture":"#0"},"west":{"uv":[0,0,0,1.5],"texture":"#missing"},"up":{"uv":[1,0,0,0],"texture":"#missing"},"down":{"uv":[1,0,0,0],"texture":"#missing"}}},{"from":[13,12,6],"to":[13,15,8],"rotation":{"angle":0,"axis":"y","origin":[-25,23.5,9]},"faces":{"north":{"uv":[0,0,0,1.5],"texture":"#missing"},"east":{"uv":[5,12.5,4,14],"texture":"#0"},"south":{"uv":[0,0,0,1.5],"texture":"#missing"},"west":{"uv":[5,12.5,4,14],"texture":"#0"},"up":{"uv":[0,0,1,0],"rotation":90,"texture":"#missing"},"down":{"uv":[0,0,1,0],"rotation":270,"texture":"#missing"}}},{"from":[16,11,2.5],"to":[18,14,2.5],"rotation":{"angle":0,"axis":"y","origin":[-12,-5,7]},"faces":{"north":{"uv":[5,12.5,4,14],"texture":"#0"},"east":{"uv":[0,0,0,1.5],"texture":"#missing"},"south":{"uv":[5,12.5,4,14],"texture":"#0"},"west":{"uv":[0,0,0,1.5],"texture":"#missing"},"up":{"uv":[1,0,0,0],"texture":"#missing"},"down":{"uv":[1,0,0,0],"texture":"#missing"}}},{"from":[17,11,1.5],"to":[17,14,3.5],"rotation":{"angle":0,"axis":"y","origin":[-25,23.5,9]},"faces":{"north":{"uv":[0,0,0,1.5],"texture":"#missing"},"east":{"uv":[5,12.5,4,14],"texture":"#0"},"south":{"uv":[0,0,0,1.5],"texture":"#missing"},"west":{"uv":[5,12.5,4,14],"texture":"#0"},"up":{"uv":[0,0,1,0],"rotation":90,"texture":"#missing"},"down":{"uv":[0,0,1,0],"rotation":270,"texture":"#missing"}}},{"from":[7,11,14],"to":[9,14,14],"rotation":{"angle":0,"axis":"y","origin":[-12,-5,7]},"faces":{"north":{"uv":[5,12.5,4,14],"texture":"#0"},"east":{"uv":[0,0,0,1.5],"texture":"#missing"},"south":{"uv":[5,12.5,4,14],"texture":"#0"},"west":{"uv":[0,0,0,1.5],"texture":"#missing"},"up":{"uv":[1,0,0,0],"texture":"#missing"},"down":{"uv":[1,0,0,0],"texture":"#missing"}}},{"from":[8,11,13],"to":[8,14,15],"rotation":{"angle":0,"axis":"y","origin":[-25,23.5,9]},"faces":{"north":{"uv":[0,0,0,1.5],"texture":"#missing"},"east":{"uv":[5,12.5,4,14],"texture":"#0"},"south":{"uv":[0,0,0,1.5],"texture":"#missing"},"west":{"uv":[5,12.5,4,14],"texture":"#0"},"up":{"uv":[0,0,1,0],"rotation":90,"texture":"#missing"},"down":{"uv":[0,0,1,0],"rotation":270,"texture":"#missing"}}},{"from":[28,11,2],"to":[30,14,2],"rotation":{"angle":0,"axis":"y","origin":[24.87054,11.18519,5.62563]},"faces":{"north":{"uv":[5,12.5,4,14],"texture":"#0"},"east":{"uv":[0,0,0,1.5],"texture":"#missing"},"south":{"uv":[5,12.5,4,14],"texture":"#0"},"west":{"uv":[0,0,0,1.5],"texture":"#missing"},"up":{"uv":[1,0,0,0],"texture":"#missing"},"down":{"uv":[1,0,0,0],"texture":"#missing"}}},{"from":[29,11,1],"to":[29,14,3],"rotation":{"angle":0,"axis":"y","origin":[24.87054,11.18519,5.62563]},"faces":{"north":{"uv":[0,0,0,1.5],"texture":"#missing"},"east":{"uv":[5,12.5,4,14],"texture":"#0"},"south":{"uv":[0,0,0,1.5],"texture":"#missing"},"west":{"uv":[5,12.5,4,14],"texture":"#0"},"up":{"uv":[0,0,1,0],"rotation":90,"texture":"#missing"},"down":{"uv":[0,0,1,0],"rotation":270,"texture":"#missing"}}},{"from":[22,11,9],"to":[24,14,9],"rotation":{"angle":0,"axis":"y","origin":[24.87054,11.18519,5.62563]},"faces":{"north":{"uv":[5,12.5,4,14],"texture":"#0"},"east":{"uv":[0,0,0,1.5],"texture":"#missing"},"south":{"uv":[5,12.5,4,14],"texture":"#0"},"west":{"uv":[0,0,0,1.5],"texture":"#missing"},"up":{"uv":[1,0,0,0],"texture":"#missing"},"down":{"uv":[1,0,0,0],"texture":"#missing"}}},{"from":[23,11,8],"to":[23,14,10],"rotation":{"angle":0,"axis":"y","origin":[24.87054,11.18519,5.62563]},"faces":{"north":{"uv":[0,0,0,1.5],"texture":"#missing"},"east":{"uv":[5,12.5,4,14],"texture":"#0"},"south":{"uv":[0,0,0,1.5],"texture":"#missing"},"west":{"uv":[5,12.5,4,14],"texture":"#0"},"up":{"uv":[0,0,1,0],"rotation":90,"texture":"#missing"},"down":{"uv":[0,0,1,0],"rotation":270,"texture":"#missing"}}},{"from":[27,11,8],"to":[29,14,8],"rotation":{"angle":0,"axis":"y","origin":[24.87054,11.18519,5.62563]},"faces":{"north":{"uv":[5,12.5,4,14],"texture":"#0"},"east":{"uv":[0,0,0,1.5],"texture":"#missing"},"south":{"uv":[5,12.5,4,14],"texture":"#0"},"west":{"uv":[0,0,0,1.5],"texture":"#missing"},"up":{"uv":[1,0,0,0],"texture":"#missing"},"down":{"uv":[1,0,0,0],"texture":"#missing"}}},{"from":[28,11,7],"to":[28,14,9],"rotation":{"angle":0,"axis":"y","origin":[24.87054,11.18519,5.62563]},"faces":{"north":{"uv":[0,0,0,1.5],"texture":"#missing"},"east":{"uv":[5,12.5,4,14],"texture":"#0"},"south":{"uv":[0,0,0,1.5],"texture":"#missing"},"west":{"uv":[5,12.5,4,14],"texture":"#0"},"up":{"uv":[0,0,1,0],"rotation":90,"texture":"#missing"},"down":{"uv":[0,0,1,0],"rotation":270,"texture":"#missing"}}},{"from":[17,11,8],"to":[19,14,8],"rotation":{"angle":0,"axis":"y","origin":[-12,-5,7]},"faces":{"north":{"uv":[5,12.5,4,14],"texture":"#0"},"east":{"uv":[0,0,0,1.5],"texture":"#missing"},"south":{"uv":[5,12.5,4,14],"texture":"#0"},"west":{"uv":[0,0,0,1.5],"texture":"#missing"},"up":{"uv":[1,0,0,0],"texture":"#missing"},"down":{"uv":[1,0,0,0],"texture":"#missing"}}},{"from":[18,11,7],"to":[18,14,9],"rotation":{"angle":0,"axis":"y","origin":[-25,23.5,9]},"faces":{"north":{"uv":[0,0,0,1.5],"texture":"#missing"},"east":{"uv":[5,12.5,4,14],"texture":"#0"},"south":{"uv":[0,0,0,1.5],"texture":"#missing"},"west":{"uv":[5,12.5,4,14],"texture":"#0"},"up":{"uv":[0,0,1,0],"rotation":90,"texture":"#missing"},"down":{"uv":[0,0,1,0],"rotation":270,"texture":"#missing"}}},{"from":[9,12,6],"to":[11,15,6],"rotation":{"angle":0,"axis":"y","origin":[-12,-5,7]},"faces":{"north":{"uv":[3,11.5,2,13],"texture":"#0"},"east":{"uv":[3,11.5,2,13],"texture":"#missing"},"south":{"uv":[3,11.5,2,13],"texture":"#0"},"west":{"uv":[0,0,0,1.5],"texture":"#missing"},"up":{"uv":[1,0,0,0],"texture":"#missing"},"down":{"uv":[1,0,0,0],"texture":"#missing"}}},{"from":[10,12,5],"to":[10,15,7],"rotation":{"angle":0,"axis":"y","origin":[-25,23.5,9]},"faces":{"north":{"uv":[2,11.5,2,13],"texture":"#missing"},"east":{"uv":[3,11.5,2,13],"texture":"#0"},"south":{"uv":[3,11.5,2,13],"texture":"#0"},"west":{"uv":[3,11.5,2,13],"texture":"#0"},"up":{"uv":[0,0,1,0],"rotation":90,"texture":"#missing"},"down":{"uv":[0,0,1,0],"rotation":270,"texture":"#missing"}}},{"from":[10.5,11.5,3.25],"to":[13.5,13.5,3.25],"rotation":{"angle":0,"axis":"z","origin":[10,24.5,9.5]},"faces":{"north":{"uv":[2,13,3,11.5],"rotation":270,"texture":"#0"},"east":{"uv":[0,0,1,0],"rotation":90,"texture":"#missing"},"south":{"uv":[2,13,3,11.5],"rotation":90,"texture":"#0"},"west":{"uv":[0,0,1,0],"rotation":90,"texture":"#missing"},"up":{"uv":[2,13,3,11.5],"rotation":90,"texture":"#missing"},"down":{"uv":[0,1.5,0,0],"rotation":90,"texture":"#missing"}}},{"from":[10.5,12.5,3.25],"to":[13.5,12.5,5.25],"rotation":{"angle":0,"axis":"z","origin":[10,24.5,9.5]},"faces":{"north":{"uv":[2,13,2,11.5],"rotation":270,"texture":"#missing"},"east":{"uv":[1,0,0,0],"texture":"#missing"},"south":{"uv":[2,13,3,11.5],"rotation":90,"texture":"#0"},"west":{"uv":[1,0,0,0],"rotation":180,"texture":"#missing"},"up":{"uv":[2,13,3,11.5],"rotation":90,"texture":"#0"},"down":{"uv":[2,13,3,11.5],"rotation":90,"texture":"#0"}}},{"from":[19.5,11.5,8.25],"to":[22.5,13.5,8.25],"rotation":{"angle":0,"axis":"z","origin":[10,24.5,9.5]},"faces":{"north":{"uv":[2,13,3,11.5],"rotation":270,"texture":"#0"},"east":{"uv":[0,0,1,0],"rotation":90,"texture":"#missing"},"south":{"uv":[2,13,3,11.5],"rotation":90,"texture":"#0"},"west":{"uv":[0,0,1,0],"rotation":90,"texture":"#missing"},"up":{"uv":[2,13,3,11.5],"rotation":90,"texture":"#missing"},"down":{"uv":[0,1.5,0,0],"rotation":90,"texture":"#missing"}}},{"from":[19.5,12.5,3.25],"to":[22.5,12.5,5.25],"rotation":{"angle":0,"axis":"z","origin":[24.87054,11.18519,5.62563]},"faces":{"north":{"uv":[2,13,2,11.5],"rotation":270,"texture":"#missing"},"east":{"uv":[1,0,0,0],"texture":"#missing"},"south":{"uv":[2,13,3,11.5],"rotation":90,"texture":"#0"},"west":{"uv":[1,0,0,0],"rotation":180,"texture":"#missing"},"up":{"uv":[2,13,3,11.5],"rotation":90,"texture":"#0"},"down":{"uv":[2,13,3,11.5],"rotation":90,"texture":"#0"}}},{"from":[20.5,10.5,5],"to":[23.5,12.5,5],"rotation":{"angle":0,"axis":"z","origin":[24.87054,11.18519,5.62563]},"faces":{"north":{"uv":[2,13,3,11.5],"rotation":90,"texture":"#0"},"east":{"uv":[0,0,1,0],"rotation":90,"texture":"#missing"},"south":{"uv":[2,13,3,11.5],"rotation":270,"texture":"#0"},"west":{"uv":[0,0,1,0],"rotation":90,"texture":"#missing"},"up":{"uv":[2,13,3,11.5],"rotation":270,"texture":"#missing"},"down":{"uv":[0,1.5,0,0],"rotation":270,"texture":"#missing"}}},{"from":[1.25,11.5,10],"to":[4.25,13.5,10],"rotation":{"angle":0,"axis":"z","origin":[-0.25,24.5,10]},"faces":{"north":{"uv":[2,13,3,11.5],"rotation":270,"texture":"#0"},"east":{"uv":[0,0,1,0],"rotation":270,"texture":"#missing"},"south":{"uv":[2,13,3,11.5],"rotation":90,"texture":"#0"},"west":{"uv":[0,0,1,0],"rotation":270,"texture":"#missing"},"up":{"uv":[2,13,3,11.5],"rotation":90,"texture":"#0"},"down":{"uv":[2,13,2,11.5],"rotation":90,"texture":"#missing"}}},{"from":[6,12,8],"to":[8,15,8],"rotation":{"angle":0,"axis":"y","origin":[-15.5,12.5,11.25]},"faces":{"north":{"uv":[5,12.5,4,14],"texture":"#0"},"east":{"uv":[0,0,0,1.5],"texture":"#missing"},"south":{"uv":[5,12.5,4,14],"texture":"#0"},"west":{"uv":[0,0,0,1.5],"texture":"#missing"},"up":{"uv":[1,0,0,0],"rotation":180,"texture":"#missing"},"down":{"uv":[1,0,0,0],"rotation":180,"texture":"#missing"}}},{"from":[7,12,7],"to":[7,15,9],"rotation":{"angle":0,"axis":"y","origin":[-15.5,12.5,11.25]},"faces":{"north":{"uv":[0,0,0,1.5],"texture":"#missing"},"east":{"uv":[5,12.5,4,14],"texture":"#0"},"south":{"uv":[0,0,0,1.5],"texture":"#missing"},"west":{"uv":[5,12.5,4,14],"texture":"#0"},"up":{"uv":[0,0,1,0],"rotation":270,"texture":"#missing"},"down":{"uv":[0,0,1,0],"rotation":90,"texture":"#missing"}}},{"from":[4,12,5],"to":[6,15,5],"rotation":{"angle":0,"axis":"y","origin":[-15.5,12.5,11.25]},"faces":{"north":{"uv":[7.5,12.5,6.5,14],"texture":"#0"},"east":{"uv":[0,0,0,1.5],"texture":"#missing"},"south":{"uv":[7.5,12.5,6.5,14],"texture":"#0"},"west":{"uv":[0,0,0,1.5],"texture":"#missing"},"up":{"uv":[1,0,0,0],"rotation":180,"texture":"#missing"},"down":{"uv":[1,0,0,0],"rotation":180,"texture":"#missing"}}},{"from":[5,12,4],"to":[5,15,6],"rotation":{"angle":0,"axis":"y","origin":[-15.5,12.5,11.25]},"faces":{"north":{"uv":[0,0,0,1.5],"texture":"#missing"},"east":{"uv":[7.5,12.5,6.5,14],"texture":"#0"},"south":{"uv":[6.5,12.5,6.5,14],"texture":"#missing"},"west":{"uv":[7.5,12.5,6.5,14],"texture":"#0"},"up":{"uv":[0,0,1,0],"rotation":270,"texture":"#missing"},"down":{"uv":[0,0,1,0],"rotation":90,"texture":"#missing"}}},{"from":[12,12,10],"to":[14,15,10],"rotation":{"angle":0,"axis":"y","origin":[-15.5,12.5,11.25]},"faces":{"north":{"uv":[7.5,12.5,6.5,14],"texture":"#0"},"east":{"uv":[0,0,0,1.5],"texture":"#missing"},"south":{"uv":[7.5,12.5,6.5,14],"texture":"#0"},"west":{"uv":[0,0,0,1.5],"texture":"#missing"},"up":{"uv":[1,0,0,0],"rotation":180,"texture":"#missing"},"down":{"uv":[1,0,0,0],"rotation":180,"texture":"#missing"}}},{"from":[13,12,9],"to":[13,15,11],"rotation":{"angle":0,"axis":"y","origin":[-15.5,12.5,11.25]},"faces":{"north":{"uv":[0,0,0,1.5],"texture":"#missing"},"east":{"uv":[7.5,12.5,6.5,14],"texture":"#0"},"south":{"uv":[6.5,12.5,6.5,14],"texture":"#missing"},"west":{"uv":[7.5,12.5,6.5,14],"texture":"#0"},"up":{"uv":[0,0,1,0],"rotation":270,"texture":"#missing"},"down":{"uv":[0,0,1,0],"rotation":90,"texture":"#missing"}}},{"from":[0,12,6],"to":[2,15,6],"rotation":{"angle":0,"axis":"y","origin":[-15.5,-6.5,11.25]},"faces":{"north":{"uv":[7.5,14,6.5,12.5],"texture":"#0"},"east":{"uv":[0,1.5,0,0],"texture":"#missing"},"south":{"uv":[7.5,14,6.5,12.5],"texture":"#0"},"west":{"uv":[0,1.5,0,0],"texture":"#missing"},"up":{"uv":[1,0,0,0],"rotation":180,"texture":"#missing"},"down":{"uv":[1,0,0,0],"rotation":180,"texture":"#missing"}}},{"from":[1,12,5],"to":[1,15,7],"rotation":{"angle":0,"axis":"y","origin":[-15.5,-6.5,11.25]},"faces":{"north":{"uv":[0,1.5,0,0],"texture":"#missing"},"east":{"uv":[7.5,14,6.5,12.5],"texture":"#0"},"south":{"uv":[6.5,14,6.5,12.5],"texture":"#missing"},"west":{"uv":[7.5,14,6.5,12.5],"texture":"#0"},"up":{"uv":[1,0,0,0],"rotation":90,"texture":"#missing"},"down":{"uv":[1,0,0,0],"rotation":270,"texture":"#missing"}}},{"from":[15.5,13,7],"to":[21.5,14,8],"rotation":{"angle":0,"axis":"z","origin":[24.87054,11.18519,5.62563]},"faces":{"north":{"uv":[15,6.5,14.5,9.5],"rotation":90,"texture":"#0"},"east":{"uv":[15,6.5,14.5,9.5],"rotation":270,"texture":"#0"},"south":{"uv":[15,6.5,14.5,9.5],"rotation":270,"texture":"#0"},"west":{"uv":[15,6.5,14.5,9.5],"rotation":270,"texture":"#0"},"up":{"uv":[15,6.5,14.5,9.5],"rotation":270,"texture":"#0"},"down":{"uv":[15,6.5,14.5,9.5],"rotation":270,"texture":"#0"}}},{"from":[21,12,3],"to":[26,13,4],"rotation":{"angle":0,"axis":"z","origin":[24.87054,11.18519,5.62563]},"faces":{"north":{"uv":[14.5,5.5,14,8],"rotation":90,"texture":"#0"},"east":{"uv":[14.5,5.5,14,8],"rotation":270,"texture":"#0"},"south":{"uv":[14.5,5.5,14,8],"rotation":270,"texture":"#0"},"west":{"uv":[14.5,5.5,14,8],"rotation":270,"texture":"#0"},"up":{"uv":[14.5,5.5,14,8],"rotation":270,"texture":"#0"},"down":{"uv":[14.5,5.5,14,8],"rotation":270,"texture":"#0"}}},{"from":[25.5,12,6],"to":[27.5,13,7],"rotation":{"angle":0,"axis":"z","origin":[24.87054,11.18519,5.62563]},"faces":{"north":{"uv":[14,5.5,13.5,6.5],"rotation":270,"texture":"#0"},"east":{"uv":[14,5.5,13.5,6.5],"rotation":90,"texture":"#0"},"south":{"uv":[14,5.5,13.5,6.5],"rotation":90,"texture":"#0"},"west":{"uv":[14,5.5,13.5,6.5],"rotation":90,"texture":"#0"},"up":{"uv":[14,5.5,13.5,6.5],"rotation":90,"texture":"#0"},"down":{"uv":[14,5.5,13.5,6.5],"rotation":90,"texture":"#0"}}},{"from":[29,12,4],"to":[30,13,5],"rotation":{"angle":0,"axis":"y","origin":[24.87054,11.18519,5.62563]},"faces":{"north":{"uv":[13.5,5.5,13,6],"texture":"#0"},"east":{"uv":[13.5,5.5,13,6],"texture":"#0"},"south":{"uv":[13.5,5.5,13,6],"texture":"#0"},"west":{"uv":[13.5,5.5,13,6],"texture":"#0"},"up":{"uv":[13.5,5.5,13,6],"texture":"#0"},"down":{"uv":[13.5,5.5,13,6],"texture":"#0"}}},{"from":[2,13,10],"to":[5,14,11],"rotation":{"angle":0,"axis":"y","origin":[-12,-5,7]},"faces":{"north":{"uv":[14.5,5.5,13,6],"texture":"#0"},"east":{"uv":[12.5,5,12,5.5],"texture":"#0"},"south":{"uv":[14.5,5.5,13,6],"texture":"#0"},"west":{"uv":[13,5,12.5,5.5],"texture":"#0"},"up":{"uv":[14.5,5.5,13,6],"texture":"#0"},"down":{"uv":[14.5,5.5,13,6],"texture":"#0"}}},{"from":[0,13,3],"to":[3,14,4],"rotation":{"angle":0,"axis":"y","origin":[-12,-5,7]},"faces":{"north":{"uv":[14.5,5.5,13,6],"texture":"#0"},"east":{"uv":[12.5,5,12,5.5],"texture":"#0"},"south":{"uv":[14.5,5.5,13,6],"texture":"#0"},"west":{"uv":[13,5,12.5,5.5],"texture":"#0"},"up":{"uv":[14.5,5.5,13,6],"texture":"#0"},"down":{"uv":[14.5,5.5,13,6],"texture":"#0"}}},{"from":[11,14,6],"to":[14,15,7],"rotation":{"angle":0,"axis":"y","origin":[-12,-5,7]},"faces":{"north":{"uv":[14.5,5.5,13,6],"texture":"#0"},"east":{"uv":[12.5,5,12,5.5],"texture":"#0"},"south":{"uv":[14.5,5.5,13,6],"texture":"#0"},"west":{"uv":[13,5,12.5,5.5],"texture":"#0"},"up":{"uv":[14.5,5.5,13,6],"texture":"#0"},"down":{"uv":[14.5,5.5,13,6],"texture":"#0"}}},{"from":[5,14,6],"to":[8,15,7],"rotation":{"angle":0,"axis":"y","origin":[-12,-5,7]},"faces":{"north":{"uv":[14.5,5.5,13,6],"texture":"#0"},"east":{"uv":[12.5,5,12,5.5],"texture":"#0"},"south":{"uv":[14.5,5.5,13,6],"texture":"#0"},"west":{"uv":[13,5,12.5,5.5],"texture":"#0"},"up":{"uv":[14.5,5.5,13,6],"texture":"#0"},"down":{"uv":[14.5,5.5,13,6],"texture":"#0"}}},{"from":[5,14,3],"to":[8,15,4],"rotation":{"angle":0,"axis":"y","origin":[-12,-5,7]},"faces":{"north":{"uv":[14.5,5.5,13,6],"texture":"#0"},"east":{"uv":[12.5,5,12,5.5],"texture":"#0"},"south":{"uv":[14.5,5.5,13,6],"texture":"#0"},"west":{"uv":[13,5,12.5,5.5],"texture":"#0"},"up":{"uv":[14.5,5.5,13,6],"texture":"#0"},"down":{"uv":[14.5,5.5,13,6],"texture":"#0"}}},{"from":[8,14,3],"to":[11,15,4],"rotation":{"angle":0,"axis":"y","origin":[-12,-5,7]},"faces":{"north":{"uv":[14.5,5.5,13,6],"texture":"#0"},"east":{"uv":[12.5,5,12,5.5],"texture":"#0"},"south":{"uv":[14.5,5.5,13,6],"texture":"#0"},"west":{"uv":[13,5,12.5,5.5],"texture":"#0"},"up":{"uv":[14.5,5.5,13,6],"texture":"#0"},"down":{"uv":[14.5,5.5,13,6],"texture":"#0"}}},{"from":[9,13,12],"to":[12,14,13],"rotation":{"angle":0,"axis":"y","origin":[-12,-5,7]},"faces":{"north":{"uv":[14.5,5.5,13,6],"texture":"#0"},"east":{"uv":[12.5,5,12,5.5],"texture":"#0"},"south":{"uv":[14.5,5.5,13,6],"texture":"#0"},"west":{"uv":[13,5,12.5,5.5],"texture":"#0"},"up":{"uv":[14.5,5.5,13,6],"texture":"#0"},"down":{"uv":[14.5,5.5,13,6],"texture":"#0"}}},{"from":[6,13,12],"to":[9,14,13],"rotation":{"angle":0,"axis":"y","origin":[-12,-5,7]},"faces":{"north":{"uv":[14.5,5.5,13,6],"texture":"#0"},"east":{"uv":[12.5,5,12,5.5],"texture":"#0"},"south":{"uv":[14.5,5.5,13,6],"texture":"#0"},"west":{"uv":[13,5,12.5,5.5],"texture":"#0"},"up":{"uv":[14.5,5.5,13,6],"texture":"#0"},"down":{"uv":[14.5,5.5,13,6],"texture":"#0"}}},{"from":[15.5,13.5,3],"to":[19.5,14.5,4],"rotation":{"angle":0,"axis":"z","origin":[-12.5,10,7.5]},"faces":{"north":{"uv":[14.5,9,15,7],"rotation":90,"texture":"#0"},"east":{"uv":[14.5,7.5,15,7],"rotation":270,"texture":"#0"},"south":{"uv":[14.5,9,15,7],"rotation":270,"texture":"#0"},"west":{"uv":[14.5,9,15,7],"rotation":270,"texture":"#0"},"up":{"uv":[14.5,9,15,7],"rotation":270,"texture":"#0"},"down":{"uv":[14.5,8.5,15,6.5],"rotation":270,"texture":"#0"}}},{"from":[28.5,13.5,3],"to":[30.5,14.5,4],"rotation":{"angle":0,"axis":"z","origin":[24.87054,11.18519,5.62563]},"faces":{"north":{"uv":[12.5,11.5,12,12.5],"rotation":270,"texture":"#0"},"east":{"uv":[12.5,12,12,12.5],"rotation":90,"texture":"#0"},"south":{"uv":[12.5,11.5,12,12.5],"rotation":90,"texture":"#0"},"west":{"uv":[12.5,12,12,12.5],"rotation":90,"texture":"#0"},"up":{"uv":[12.5,11.5,12,12.5],"rotation":90,"texture":"#0"},"down":{"uv":[12.5,11.5,12,12.5],"rotation":90,"texture":"#0"}}},{"from":[28.37845,8,7.41298],"to":[28.37845,14,12.41298],"rotation":{"angle":45,"axis":"y","origin":[24.87054,11.18519,5.62563]},"faces":{"north":{"uv":[0,0,0,3],"texture":"#missing"},"east":{"uv":[7.5,0,5,3],"texture":"#0"},"south":{"uv":[0,0,0,3],"texture":"#missing"},"west":{"uv":[7.5,0,5,3],"texture":"#0"},"up":{"uv":[0,0,2.5,0],"rotation":90,"texture":"#missing"},"down":{"uv":[0,0,2.5,0],"rotation":270,"texture":"#missing"}}},{"from":[26.37845,7,9.41298],"to":[30.37845,13,9.41298],"rotation":{"angle":45,"axis":"y","origin":[24.87054,11.18519,5.62563]},"faces":{"north":{"uv":[7,0,5,3],"texture":"#0"},"east":{"uv":[0,0,0,3],"texture":"#missing"},"south":{"uv":[7,0,5,3],"texture":"#0"},"west":{"uv":[0,0,0,3],"texture":"#missing"},"up":{"uv":[2,0,0,0],"texture":"#missing"},"down":{"uv":[2,0,0,0],"texture":"#missing"}}},{"from":[26,7,3],"to":[31,13,3],"rotation":{"angle":0,"axis":"y","origin":[24.87054,11.18519,5.62563]},"faces":{"north":{"uv":[5,0,7.5,3],"texture":"#0"},"east":{"uv":[0,0,0,3],"texture":"#missing"},"south":{"uv":[5,0,7.5,3],"texture":"#0"},"west":{"uv":[0,0,0,3],"texture":"#missing"},"up":{"uv":[0,0,2.5,0],"texture":"#missing"},"down":{"uv":[0,0,2.5,0],"texture":"#missing"}}},{"from":[28,6,1],"to":[28,12,5],"rotation":{"angle":0,"axis":"y","origin":[24.87054,11.18519,5.62563]},"faces":{"north":{"uv":[0,0,0,3],"texture":"#missing"},"east":{"uv":[5,0,7,3],"texture":"#0"},"south":{"uv":[0,0,0,3],"texture":"#missing"},"west":{"uv":[5,0,7,3],"texture":"#0"},"up":{"uv":[0,0,2,0],"rotation":270,"texture":"#missing"},"down":{"uv":[0,0,2,0],"rotation":90,"texture":"#missing"}}},{"from":[24.25,8,2.25],"to":[24.25,14,7.25],"rotation":{"angle":0,"axis":"y","origin":[24.87054,11.18519,5.62563]},"faces":{"north":{"uv":[0,0,0,3],"texture":"#missing"},"east":{"uv":[5,0,7.5,3],"texture":"#0"},"south":{"uv":[0,0,0,3],"texture":"#missing"},"west":{"uv":[5,0,7.5,3],"texture":"#0"},"up":{"uv":[2.5,0,0,0],"rotation":90,"texture":"#missing"},"down":{"uv":[2.5,0,0,0],"rotation":270,"texture":"#missing"}}},{"from":[22.25,7,4.25],"to":[26.25,13,4.25],"rotation":{"angle":0,"axis":"y","origin":[24.87054,11.18519,5.62563]},"faces":{"north":{"uv":[5,0,7,3],"texture":"#0"},"east":{"uv":[0,0,0,3],"texture":"#missing"},"south":{"uv":[5,0,7,3],"texture":"#0"},"west":{"uv":[0,0,0,3],"texture":"#missing"},"up":{"uv":[2,0,0,0],"texture":"#missing"},"down":{"uv":[2,0,0,0],"texture":"#missing"}}},{"from":[27.59418,8,4.06011],"to":[27.59418,14,9.06011],"rotation":{"angle":-45,"axis":"y","origin":[24.87054,11.18519,5.62563]},"faces":{"north":{"uv":[0,0,0,3],"texture":"#missing"},"east":{"uv":[5,0,7.5,3],"texture":"#0"},"south":{"uv":[0,0,0,3],"texture":"#missing"},"west":{"uv":[5,0,7.5,3],"texture":"#0"},"up":{"uv":[2.5,0,0,0],"rotation":90,"texture":"#missing"},"down":{"uv":[2.5,0,0,0],"rotation":270,"texture":"#missing"}}},{"from":[25.59418,7,6.06011],"to":[29.59418,13,6.06011],"rotation":{"angle":-45,"axis":"y","origin":[24.87054,11.18519,5.62563]},"faces":{"north":{"uv":[5,0,7,3],"texture":"#0"},"east":{"uv":[0,0,0,3],"texture":"#missing"},"south":{"uv":[5,0,7,3],"texture":"#0"},"west":{"uv":[0,0,0,3],"texture":"#missing"},"up":{"uv":[2,0,0,0],"texture":"#missing"},"down":{"uv":[2,0,0,0],"texture":"#missing"}}},{"from":[5,7,-2],"to":[10,13,-2],"rotation":{"angle":-45,"axis":"y","origin":[2.25,-6.5,11]},"faces":{"north":{"uv":[5,0,7.5,3],"texture":"#0"},"east":{"uv":[0,0,0,3],"texture":"#missing"},"south":{"uv":[5,0,7.5,3],"texture":"#0"},"west":{"uv":[0,0,0,3],"texture":"#missing"},"up":{"uv":[0,0,2.5,0],"texture":"#missing"},"down":{"uv":[0,0,2.5,0],"texture":"#missing"}}},{"from":[7,7,-4],"to":[7,13,0],"rotation":{"angle":-45,"axis":"y","origin":[2.25,-6.5,11]},"faces":{"north":{"uv":[0,0,0,3],"texture":"#missing"},"east":{"uv":[5,0,7,3],"texture":"#0"},"south":{"uv":[0,0,0,3],"texture":"#missing"},"west":{"uv":[5,0,7,3],"texture":"#0"},"up":{"uv":[0,0,2,0],"rotation":270,"texture":"#missing"},"down":{"uv":[0,0,2,0],"rotation":90,"texture":"#missing"}}},{"from":[22.23937,8,0.35968],"to":[27.23937,14,0.35968],"rotation":{"angle":45,"axis":"y","origin":[24.87054,11.18519,5.62563]},"faces":{"north":{"uv":[5,0,7.5,3],"texture":"#0"},"east":{"uv":[0,0,0,3],"texture":"#missing"},"south":{"uv":[5,0,7.5,3],"texture":"#0"},"west":{"uv":[0,0,0,3],"texture":"#missing"},"up":{"uv":[0,0,2.5,0],"texture":"#missing"},"down":{"uv":[0,0,2.5,0],"texture":"#missing"}}},{"from":[24.23937,7,-1.64032],"to":[24.23937,13,2.35968],"rotation":{"angle":45,"axis":"y","origin":[24.87054,11.18519,5.62563]},"faces":{"north":{"uv":[0,0,0,3],"texture":"#missing"},"east":{"uv":[5,0,7,3],"texture":"#0"},"south":{"uv":[0,0,0,3],"texture":"#missing"},"west":{"uv":[5,0,7,3],"texture":"#0"},"up":{"uv":[0,0,2,0],"rotation":270,"texture":"#missing"},"down":{"uv":[0,0,2,0],"rotation":90,"texture":"#missing"}}},{"from":[20,6,7],"to":[24,13,7],"rotation":{"angle":0,"axis":"y","origin":[24.87054,11.18519,5.62563]},"faces":{"north":{"uv":[0,0,2,3.5],"texture":"#0"},"east":{"uv":[0,0,0,3.5],"texture":"#missing"},"south":{"uv":[0,0,2,3.5],"texture":"#0"},"west":{"uv":[0,0,0,3.5],"texture":"#missing"},"up":{"uv":[0,0,2,0],"texture":"#missing"},"down":{"uv":[0,0,2,0],"texture":"#missing"}}},{"from":[22,4,5],"to":[22,11,9],"rotation":{"angle":0,"axis":"y","origin":[24.87054,11.18519,5.62563]},"faces":{"north":{"uv":[0,0,0,3.5],"texture":"#missing"},"east":{"uv":[0,0,2,3.5],"texture":"#0"},"south":{"uv":[0,0,0,3.5],"texture":"#missing"},"west":{"uv":[0,0,2,3.5],"texture":"#0"},"up":{"uv":[0,0,2,0],"rotation":270,"texture":"#missing"},"down":{"uv":[0,0,2,0],"rotation":90,"texture":"#missing"}}},{"from":[17.14214,8,3.60786],"to":[17.14214,15,7.60786],"rotation":{"angle":0,"axis":"y","origin":[-9.85786,11,-4.14214]},"faces":{"north":{"uv":[0,0,0,3.5],"texture":"#missing"},"east":{"uv":[0,0,2,3.5],"texture":"#0"},"south":{"uv":[0,0,0,3.5],"texture":"#missing"},"west":{"uv":[0,0,2,3.5],"texture":"#0"},"up":{"uv":[2,0,0,0],"rotation":90,"texture":"#missing"},"down":{"uv":[2,0,0,0],"rotation":270,"texture":"#missing"}}},{"from":[15.14214,7,5.60786],"to":[19.14214,14,5.60786],"rotation":{"angle":0,"axis":"y","origin":[-9.85786,11,-4.14214]},"faces":{"north":{"uv":[0,0,2,3.5],"texture":"#0"},"east":{"uv":[0,0,0,3.5],"texture":"#missing"},"south":{"uv":[0,0,2,3.5],"texture":"#0"},"west":{"uv":[0,0,0,3.5],"texture":"#missing"},"up":{"uv":[2,0,0,0],"texture":"#missing"},"down":{"uv":[2,0,0,0],"texture":"#missing"}}},{"from":[5.14214,7,10.85786],"to":[5.14214,14,14.85786],"rotation":{"angle":0,"axis":"y","origin":[-9.85786,11,-4.14214]},"faces":{"north":{"uv":[0,0,0,3.5],"texture":"#missing"},"east":{"uv":[0,0,2,3.5],"texture":"#0"},"south":{"uv":[0,0,0,3.5],"texture":"#missing"},"west":{"uv":[0,0,2,3.5],"texture":"#0"},"up":{"uv":[2,0,0,0],"rotation":90,"texture":"#missing"},"down":{"uv":[2,0,0,0],"rotation":270,"texture":"#missing"}}},{"from":[3.14214,6,12.85786],"to":[7.14214,13,12.85786],"rotation":{"angle":0,"axis":"y","origin":[-9.85786,11,-4.14214]},"faces":{"north":{"uv":[0,0,2,3.5],"texture":"#0"},"east":{"uv":[0,0,0,3.5],"texture":"#missing"},"south":{"uv":[0,0,2,3.5],"texture":"#0"},"west":{"uv":[0,0,0,3.5],"texture":"#missing"},"up":{"uv":[2,0,0,0],"texture":"#missing"},"down":{"uv":[2,0,0,0],"texture":"#missing"}}},{"from":[8.14214,7,7.85786],"to":[8.14214,14,11.85786],"rotation":{"angle":0,"axis":"y","origin":[-9.85786,11,-4.14214]},"faces":{"north":{"uv":[0,0,0,3.5],"texture":"#missing"},"east":{"uv":[0,0,2,3.5],"texture":"#0"},"south":{"uv":[0,0,0,3.5],"texture":"#missing"},"west":{"uv":[0,0,2,3.5],"texture":"#0"},"up":{"uv":[2,0,0,0],"rotation":90,"texture":"#missing"},"down":{"uv":[2,0,0,0],"rotation":270,"texture":"#missing"}}},{"from":[6.14214,6,9.85786],"to":[10.14214,13,9.85786],"rotation":{"angle":0,"axis":"y","origin":[-9.85786,11,-4.14214]},"faces":{"north":{"uv":[0,0,2,3.5],"texture":"#0"},"east":{"uv":[0,0,0,3.5],"texture":"#missing"},"south":{"uv":[0,0,2,3.5],"texture":"#0"},"west":{"uv":[0,0,0,3.5],"texture":"#missing"},"up":{"uv":[2,0,0,0],"texture":"#missing"},"down":{"uv":[2,0,0,0],"texture":"#missing"}}},{"from":[6.14214,7,-8.14214],"to":[6.14214,14,-4.14214],"rotation":{"angle":-45,"axis":"y","origin":[1.14214,12,8.85786]},"faces":{"north":{"uv":[0,0,0,3.5],"texture":"#missing"},"east":{"uv":[0,0,2,3.5],"texture":"#0"},"south":{"uv":[0,0,0,3.5],"texture":"#missing"},"west":{"uv":[0,0,2,3.5],"texture":"#0"},"up":{"uv":[2,0,0,0],"rotation":90,"texture":"#missing"},"down":{"uv":[2,0,0,0],"rotation":270,"texture":"#missing"}}},{"from":[4.14214,7,-6.14214],"to":[8.14214,14,-6.14214],"rotation":{"angle":-45,"axis":"y","origin":[1.14214,12,8.85786]},"faces":{"north":{"uv":[0,0,2,3.5],"texture":"#0"},"east":{"uv":[0,0,0,3.5],"texture":"#missing"},"south":{"uv":[0,0,2,3.5],"texture":"#0"},"west":{"uv":[0,0,0,3.5],"texture":"#missing"},"up":{"uv":[2,0,0,0],"texture":"#missing"},"down":{"uv":[2,0,0,0],"texture":"#missing"}}},{"from":[5,7,-1],"to":[9,14,-1],"rotation":{"angle":-45,"axis":"y","origin":[-8,7,11]},"faces":{"north":{"uv":[0,0,2,3.5],"texture":"#0"},"east":{"uv":[0,0,0,3.5],"texture":"#missing"},"south":{"uv":[0,0,2,3.5],"texture":"#0"},"west":{"uv":[0,0,0,3.5],"texture":"#missing"},"up":{"uv":[0,0,2,0],"texture":"#missing"},"down":{"uv":[0,0,2,0],"texture":"#missing"}}},{"from":[7,6,-3],"to":[7,13,1],"rotation":{"angle":-45,"axis":"y","origin":[-8,7,11]},"faces":{"north":{"uv":[0,0,0,3.5],"texture":"#missing"},"east":{"uv":[0,0,2,3.5],"texture":"#0"},"south":{"uv":[0,0,0,3.5],"texture":"#missing"},"west":{"uv":[0,0,2,3.5],"texture":"#0"},"up":{"uv":[0,0,2,0],"rotation":270,"texture":"#missing"},"down":{"uv":[0,0,2,0],"rotation":90,"texture":"#missing"}}},{"from":[9,6,9],"to":[13,15,9],"rotation":{"angle":0,"axis":"y","origin":[-28,-17,7]},"faces":{"north":{"uv":[2.5,0,4.5,4.5],"texture":"#0"},"east":{"uv":[0,0,0,4.5],"texture":"#missing"},"south":{"uv":[2.5,0,4.5,4.5],"texture":"#0"},"west":{"uv":[0,0,0,4.5],"texture":"#missing"},"up":{"uv":[0,0,2,0],"texture":"#missing"},"down":{"uv":[0,0,2,0],"texture":"#missing"}}},{"from":[12,5,7],"to":[12,14,11],"rotation":{"angle":0,"axis":"y","origin":[-26,-13.5,7]},"faces":{"north":{"uv":[0,0,0,4.5],"texture":"#missing"},"east":{"uv":[2.5,0,4.5,4.5],"texture":"#0"},"south":{"uv":[0,0,0,4.5],"texture":"#missing"},"west":{"uv":[2.5,0,4.5,4.5],"texture":"#0"},"up":{"uv":[0,0,2,0],"rotation":270,"texture":"#missing"},"down":{"uv":[0,0,2,0],"rotation":90,"texture":"#missing"}}},{"from":[5,5,7],"to":[9,14,7],"rotation":{"angle":-45,"axis":"y","origin":[8,9,8]},"faces":{"north":{"uv":[4.5,0,2.5,4.5],"texture":"#0"},"east":{"uv":[0,0,0,4.5],"texture":"#missing"},"south":{"uv":[4.5,0,2.5,4.5],"texture":"#0"},"west":{"uv":[0,0,0,4.5],"texture":"#missing"},"up":{"uv":[2,0,0,0],"texture":"#missing"},"down":{"uv":[2,0,0,0],"texture":"#missing"}}},{"from":[7,4,5],"to":[7,13,9],"rotation":{"angle":-45,"axis":"y","origin":[8,9,8]},"faces":{"north":{"uv":[0,0,0,4.5],"texture":"#missing"},"east":{"uv":[4.5,0,2.5,4.5],"texture":"#0"},"south":{"uv":[0,0,0,4.5],"texture":"#missing"},"west":{"uv":[4.5,0,2.5,4.5],"texture":"#0"},"up":{"uv":[0,0,2,0],"rotation":270,"texture":"#missing"},"down":{"uv":[0,0,2,0],"rotation":90,"texture":"#missing"}}},{"from":[14,5,7],"to":[18,14,7],"rotation":{"angle":-45,"axis":"y","origin":[8,9,8]},"faces":{"north":{"uv":[4.5,0,2.5,4.5],"texture":"#0"},"east":{"uv":[0,0,0,4.5],"texture":"#missing"},"south":{"uv":[4.5,0,2.5,4.5],"texture":"#0"},"west":{"uv":[0,0,0,4.5],"texture":"#missing"},"up":{"uv":[2,0,0,0],"texture":"#missing"},"down":{"uv":[2,0,0,0],"texture":"#missing"}}},{"from":[16,4,5],"to":[16,13,9],"rotation":{"angle":-45,"axis":"y","origin":[8,9,8]},"faces":{"north":{"uv":[0,0,0,4.5],"texture":"#missing"},"east":{"uv":[4.5,0,2.5,4.5],"texture":"#0"},"south":{"uv":[0,0,0,4.5],"texture":"#missing"},"west":{"uv":[4.5,0,2.5,4.5],"texture":"#0"},"up":{"uv":[0,0,2,0],"rotation":270,"texture":"#missing"},"down":{"uv":[0,0,2,0],"rotation":90,"texture":"#missing"}}},{"from":[21.08466,5,12.6983],"to":[25.08466,14,12.6983],"rotation":{"angle":-45,"axis":"y","origin":[24.87054,11.18519,5.62563]},"faces":{"north":{"uv":[4.5,0,2.5,4.5],"texture":"#0"},"east":{"uv":[0,0,0,4.5],"texture":"#missing"},"south":{"uv":[4.5,0,2.5,4.5],"texture":"#0"},"west":{"uv":[0,0,0,4.5],"texture":"#missing"},"up":{"uv":[2,0,0,0],"texture":"#missing"},"down":{"uv":[2,0,0,0],"texture":"#missing"}}},{"from":[23.08466,4,10.6983],"to":[23.08466,13,14.6983],"rotation":{"angle":-45,"axis":"y","origin":[24.87054,11.18519,5.62563]},"faces":{"north":{"uv":[0,0,0,4.5],"texture":"#missing"},"east":{"uv":[4.5,0,2.5,4.5],"texture":"#0"},"south":{"uv":[0,0,0,4.5],"texture":"#missing"},"west":{"uv":[4.5,0,2.5,4.5],"texture":"#0"},"up":{"uv":[0,0,2,0],"rotation":270,"texture":"#missing"},"down":{"uv":[0,0,2,0],"rotation":90,"texture":"#missing"}}},{"from":[1,6,10.75],"to":[5,15,10.75],"rotation":{"angle":-45,"axis":"y","origin":[15,-1,10.75]},"faces":{"north":{"uv":[2.5,0,4.5,4.5],"texture":"#0"},"east":{"uv":[0,0,0,4.5],"texture":"#missing"},"south":{"uv":[2.5,0,4.5,4.5],"texture":"#0"},"west":{"uv":[0,0,0,4.5],"texture":"#missing"},"up":{"uv":[0,0,2,0],"texture":"#missing"},"down":{"uv":[0,0,2,0],"texture":"#missing"}}},{"from":[3,6,8.75],"to":[3,15,12.75],"rotation":{"angle":-45,"axis":"y","origin":[15,-1,10.75]},"faces":{"north":{"uv":[0,0,0,4.5],"texture":"#missing"},"east":{"uv":[2.5,0,4.5,4.5],"texture":"#0"},"south":{"uv":[0,0,0,4.5],"texture":"#missing"},"west":{"uv":[2.5,0,4.5,4.5],"texture":"#0"},"up":{"uv":[0,0,2,0],"rotation":270,"texture":"#missing"},"down":{"uv":[0,0,2,0],"rotation":90,"texture":"#missing"}}},{"from":[4,6,7.75],"to":[8,15,7.75],"rotation":{"angle":-45,"axis":"y","origin":[15,-1,10.75]},"faces":{"north":{"uv":[2.5,0,4.5,4.5],"texture":"#0"},"east":{"uv":[0,0,0,4.5],"texture":"#missing"},"south":{"uv":[2.5,0,4.5,4.5],"texture":"#0"},"west":{"uv":[0,0,0,4.5],"texture":"#missing"},"up":{"uv":[0,0,2,0],"texture":"#missing"},"down":{"uv":[0,0,2,0],"texture":"#missing"}}},{"from":[6,6,5.75],"to":[6,15,9.75],"rotation":{"angle":-45,"axis":"y","origin":[15,-1,10.75]},"faces":{"north":{"uv":[0,0,0,4.5],"texture":"#missing"},"east":{"uv":[2.5,0,4.5,4.5],"texture":"#0"},"south":{"uv":[0,0,0,4.5],"texture":"#missing"},"west":{"uv":[2.5,0,4.5,4.5],"texture":"#0"},"up":{"uv":[0,0,2,0],"rotation":270,"texture":"#missing"},"down":{"uv":[0,0,2,0],"rotation":90,"texture":"#missing"}}},{"from":[4,5,18.75],"to":[8,14,18.75],"rotation":{"angle":-45,"axis":"y","origin":[15,-1,10.75]},"faces":{"north":{"uv":[2.5,0,4.5,4.5],"texture":"#0"},"east":{"uv":[0,0,0,4.5],"texture":"#missing"},"south":{"uv":[2.5,0,4.5,4.5],"texture":"#0"},"west":{"uv":[0,0,0,4.5],"texture":"#missing"},"up":{"uv":[0,0,2,0],"texture":"#missing"},"down":{"uv":[0,0,2,0],"texture":"#missing"}}},{"from":[6,5,16.75],"to":[6,14,20.75],"rotation":{"angle":-45,"axis":"y","origin":[15,-1,10.75]},"faces":{"north":{"uv":[0,0,0,4.5],"texture":"#missing"},"east":{"uv":[2.5,0,4.5,4.5],"texture":"#0"},"south":{"uv":[0,0,0,4.5],"texture":"#missing"},"west":{"uv":[2.5,0,4.5,4.5],"texture":"#0"},"up":{"uv":[0,0,2,0],"rotation":270,"texture":"#missing"},"down":{"uv":[0,0,2,0],"rotation":90,"texture":"#missing"}}},{"from":[-1,5,4],"to":[3,14,4],"rotation":{"angle":0,"axis":"y","origin":[-7,-10,11]},"faces":{"north":{"uv":[4.5,0,2.5,4.5],"texture":"#0"},"east":{"uv":[0,0,0,4.5],"texture":"#missing"},"south":{"uv":[4.5,0,2.5,4.5],"texture":"#0"},"west":{"uv":[0,0,0,4.5],"texture":"#missing"},"up":{"uv":[2,0,0,0],"texture":"#missing"},"down":{"uv":[2,0,0,0],"texture":"#missing"}}},{"from":[1,4,2],"to":[1,13,6],"rotation":{"angle":0,"axis":"y","origin":[-7,-10,11]},"faces":{"north":{"uv":[0,0,0,4.5],"texture":"#missing"},"east":{"uv":[4.5,0,2.5,4.5],"texture":"#0"},"south":{"uv":[0,0,0,4.5],"texture":"#missing"},"west":{"uv":[4.5,0,2.5,4.5],"texture":"#0"},"up":{"uv":[0,0,2,0],"rotation":270,"texture":"#missing"},"down":{"uv":[0,0,2,0],"rotation":90,"texture":"#missing"}}},{"from":[-3,6,3],"to":[1,15,3],"rotation":{"angle":-45,"axis":"y","origin":[-4,-4,11]},"faces":{"north":{"uv":[2.5,0,4.5,4.5],"texture":"#0"},"east":{"uv":[0,0,0,4.5],"texture":"#missing"},"south":{"uv":[2.5,0,4.5,4.5],"texture":"#0"},"west":{"uv":[0,0,0,4.5],"texture":"#missing"},"up":{"uv":[0,0,2,0],"texture":"#missing"},"down":{"uv":[0,0,2,0],"texture":"#missing"}}},{"from":[-1,5,1],"to":[-1,14,5],"rotation":{"angle":-45,"axis":"y","origin":[-4,-4,11]},"faces":{"north":{"uv":[0,0,0,4.5],"texture":"#missing"},"east":{"uv":[2.5,0,4.5,4.5],"texture":"#0"},"south":{"uv":[0,0,0,4.5],"texture":"#missing"},"west":{"uv":[2.5,0,4.5,4.5],"texture":"#0"},"up":{"uv":[0,0,2,0],"rotation":270,"texture":"#missing"},"down":{"uv":[0,0,2,0],"rotation":90,"texture":"#missing"}}}],"display":{"thirdperson_righthand":{"scale":[0.3,0.3,0.3]},"thirdperson_lefthand":{"scale":[0.3,0.3,0.3]},"firstperson_righthand":{"translation":[0,0,2.25],"scale":[0.3,0.3,0.3]},"firstperson_lefthand":{"translation":[0,0,2.25],"scale":[0.3,0.3,0.3]},"ground":{"scale":[0.3,0.3,0.3]},"gui":{"rotation":[33,-164,0],"translation":[2,0,0],"scale":[0.4,0.4,0.4]},"fixed":{"rotation":[90,0,0],"translation":[-0.75,0.75,-13],"scale":[2,2,2]}},"groups":[{"name":"branches","origin":[8,8,8],"children":[{"name":"1","origin":[0,0,0],"children":[0,1]},{"name":"1","origin":[0,0,0],"children":[2,3]},{"name":"1","origin":[0,0,0],"children":[4,5]},{"name":"1","origin":[0,0,0],"children":[6,7]},{"name":"1","origin":[0,0,0],"children":[8,9]},{"name":"1","origin":[0,0,0],"children":[10,11]},{"name":"1","origin":[0,0,0],"children":[12,13]},{"name":"2","origin":[0,0,0],"children":[14,15]},{"name":"2","origin":[0,0,0],"children":[16,17]},{"name":"2","origin":[0,0,0],"children":[18,19]},{"name":"2","origin":[0,0,0],"children":[20,21]},{"name":"1","origin":[0,0,0],"children":[22,23]},{"name":"3","origin":[0,0,0],"children":[24,25]},{"name":"3","origin":[0,0,0],"children":[26,27]},{"name":"3","origin":[0,0,0],"children":[28,29]},30,31,32,33,34,35,36,37,38,39,40,41,42,43]},{"name":"flowers","origin":[8,8,8],"children":[{"name":"3","origin":[0,0,0],"children":[44,45]},{"name":"3","origin":[0,0,0],"children":[46,47]},{"name":"3","origin":[0,0,0],"children":[48,49]},{"name":"3","origin":[0,0,0],"children":[50,51]},{"name":"3","origin":[0,0,0],"children":[52,53]},{"name":"3","origin":[0,0,0],"children":[54,55]},{"name":"1","origin":[0,0,0],"children":[56,57]},{"name":"1","origin":[0,0,0],"children":[58,59]},{"name":"1","origin":[0,0,0],"children":[60,61]},{"name":"1","origin":[0,0,0],"children":[62,63]},{"name":"1","origin":[0,0,0],"children":[64,65]},{"name":"1","origin":[0,0,0],"children":[66,67]},{"name":"2","origin":[0,0,0],"children":[68,69]},{"name":"2","origin":[0,0,0],"children":[70,71]},{"name":"2","origin":[0,0,0],"children":[72,73]},{"name":"2","origin":[0,0,0],"children":[74,75]},{"name":"2","origin":[0,0,0],"children":[76,77]},{"name":"2","origin":[0,0,0],"children":[78,79]},{"name":"2","origin":[0,0,0],"children":[80,81]},{"name":"2","origin":[0,0,0],"children":[82,83]},{"name":"2","origin":[0,0,0],"children":[84,85]}]}]}