{
	"credit": "Made with Blockbench",
	"parent": "block/block",
	"textures": {
		"0": "./wooden_hammer_1"
	},
	"elements": [
		{
			"from": [6.5, 9, 4],
			"to": [9.5, 13, 12],
			"rotation": {"angle": 0, "axis": "x", "origin": [8, 11, 8]},
			"faces": {
				"north": {"uv": [10, 0, 7, 4], "rotation": 180, "texture": "#0"},
				"east": {"uv": [0, 4, 4, 12], "rotation": 270, "texture": "#0"},
				"south": {"uv": [7, 4, 4, 0], "texture": "#0"},
				"west": {"uv": [0, 12, 4, 4], "rotation": 270, "texture": "#0"},
				"up": {"uv": [4, 4, 7, 12], "rotation": 180, "texture": "#0"},
				"down": {"uv": [7, 4, 10, 12], "texture": "#0"}
			}
		},
		{
			"from": [7.5, 6, 7.5],
			"to": [8.5, 9, 8.5],
			"faces": {
				"north": {"uv": [1, 0, 2, 3], "texture": "#0"},
				"east": {"uv": [0, 0, 1, 3], "texture": "#0"},
				"south": {"uv": [3, 0, 4, 3], "texture": "#0"},
				"west": {"uv": [2, 0, 3, 3], "texture": "#0"},
				"up": {"uv": [0, 0, 0, 0], "texture": "#0"},
				"down": {"uv": [0, 0, 0, 0], "texture": "#0"}
			}
		},
		{
			"from": [7, 0, 7],
			"to": [9, 6, 9],
			"faces": {
				"north": {"uv": [10, 2, 12, 8], "texture": "#0"},
				"east": {"uv": [12, 2, 14, 8], "texture": "#0"},
				"south": {"uv": [10, 2, 12, 8], "texture": "#0"},
				"west": {"uv": [12, 2, 14, 8], "texture": "#0"},
				"up": {"uv": [12, 2, 10, 0], "texture": "#0"},
				"down": {"uv": [14, 0, 12, 2], "texture": "#0"}
			}
		},
		{
			"from": [7.5, 13, 7],
			"to": [8.5, 14, 9],
			"rotation": {"angle": 0, "axis": "x", "origin": [8, 13.5, 8]},
			"faces": {
				"north": {"uv": [3, 12, 2, 13], "rotation": 180, "texture": "#0"},
				"east": {"uv": [0, 13, 1, 15], "rotation": 270, "texture": "#0"},
				"south": {"uv": [2, 13, 1, 12], "texture": "#0"},
				"west": {"uv": [2, 13, 3, 15], "rotation": 90, "texture": "#0"},
				"up": {"uv": [1, 13, 2, 15], "rotation": 180, "texture": "#0"},
				"down": {"uv": [0, 0, 0, 0], "texture": "#0"}
			}
		}
	],
	"display": {
		"thirdperson_righthand": {
			"rotation": [-180, 170, -176],
			"translation": [-0.5, 2.5, 1.75],
			"scale": [0.9, 0.9, 0.9]
		},
		"thirdperson_lefthand": {
			"rotation": [-180, 170, -176],
			"translation": [-0.5, 2.5, 1.75],
			"scale": [0.9, 0.9, 0.9]
		},
		"firstperson_righthand": {
			"rotation": [-3, -3, 0],
			"translation": [0.75, 1, -0.5],
			"scale": [0.85, 0.85, 0.85]
		},
		"firstperson_lefthand": {
			"rotation": [-3, -3, 0],
			"translation": [0.75, 1, -0.5],
			"scale": [0.85, 0.85, 0.85]
		},
		"ground": {
			"rotation": [-30, -180, 0],
			"translation": [0, 2, 0],
			"scale": [0.5, 0.5, 0.5]
		},
		"gui": {
			"rotation": [53.75, -145.25, 50.5],
			"scale": [1.1, 1.1, 1.1]
		},
		"fixed": {
			"rotation": [0, -90, 0],
			"translation": [0, 2, -1],
			"scale": [2, 2, 2]
		}
	}
}