{"credit":"Made with Blockbench","textures":{"0":"block/oak_log","1":"block/oak_log_top","particle":"block/oak_log"},"elements":[{"from":[9.5,0,-1],"to":[15.5,2,1],"faces":{"north":{"uv":[0,0,4,12],"rotation":270,"texture":"#0"},"east":{"uv":[6,6,10,10],"texture":"#1"},"south":{"uv":[0,0,4,12],"rotation":270,"texture":"#0"},"west":{"uv":[6,6,10,10],"texture":"#1"},"up":{"uv":[12,1,16,13],"rotation":270,"texture":"#0"},"down":{"uv":[12,1,16,13],"rotation":270,"texture":"#0"}}},{"from":[3.25,0,-0.5],"to":[9.25,2,1.5],"rotation":{"angle":22.5,"axis":"y","origin":[5.5,1,1.5]},"faces":{"north":{"uv":[0,4,4,16],"rotation":270,"texture":"#0"},"east":{"uv":[6,6,10,10],"texture":"#1"},"south":{"uv":[0,4,4,16],"rotation":270,"texture":"#0"},"west":{"uv":[6,6,10,10],"texture":"#1"},"up":{"uv":[0,4,4,16],"rotation":270,"texture":"#0"},"down":{"uv":[12,1,16,13],"rotation":270,"texture":"#0"}}},{"from":[0,0,-1],"to":[2,1,1],"rotation":{"angle":0,"axis":"y","origin":[1,0.5,0]},"faces":{"north":{"uv":[1,6,5,8],"texture":"#0"},"east":{"uv":[3,0,7,2],"texture":"#0"},"south":{"uv":[11,9,15,11],"texture":"#0"},"west":{"uv":[10,4,14,6],"texture":"#0"},"up":{"uv":[6,6,10,10],"rotation":90,"texture":"#1"},"down":{"uv":[6,6,10,10],"rotation":270,"texture":"#1"}}},{"from":[10,0,-2],"to":[11,1,-1],"faces":{"north":{"uv":[5,5,7,7],"texture":"#1"},"east":{"uv":[12,2,14,4],"texture":"#0"},"south":{"uv":[0,0,1,1],"texture":"#missing"},"west":{"uv":[9,1,11,3],"texture":"#0"},"up":{"uv":[11,5,13,7],"texture":"#0"},"down":{"uv":[13,8,15,10],"texture":"#0"}}},{"from":[3.63896,2,-1.57193],"to":[4.63896,3,-0.57193],"rotation":{"angle":22.5,"axis":"y","origin":[7.88896,2.5,-0.57193]},"faces":{"north":{"uv":[11,5,13,7],"texture":"#0"},"east":{"uv":[13,8,15,10],"texture":"#0"},"south":{"uv":[12,10,14,12],"texture":"#0"},"west":{"uv":[11,4,13,6],"texture":"#0"},"up":{"uv":[5,5,7,7],"texture":"#1"},"down":{"uv":[0,0,1,1],"texture":"#missing"}}}],"display":{"thirdperson_righthand":{"translation":[0,0,3.25],"scale":[0.5,0.5,0.5]},"thirdperson_lefthand":{"translation":[0,0,3.25],"scale":[0.5,0.5,0.5]},"ground":{"scale":[0.5,0.5,0.5]},"gui":{"rotation":[36,-143,0],"translation":[-2.5,6.5,0],"scale":[0.8,0.8,0.8]},"fixed":{"rotation":[-90,0,0],"translation":[0,0,-15],"scale":[2,2,2]}}}