{"credit":"Made with Blockbench","textures":{"1":"block/bone_block_side"},"elements":[{"from":[0,0,0],"to":[3,3.9,1],"faces":{"north":{"uv":[10,1,16,9],"texture":"#1"},"east":{"uv":[0,0,2,8],"texture":"#1"},"south":{"uv":[10,1,16,9],"texture":"#1"},"west":{"uv":[0,0,2,8],"texture":"#1"},"up":{"uv":[0,0,3,1],"texture":"#missing"},"down":{"uv":[0,0,6,2],"texture":"#1"}}},{"from":[3.25,0,-0.5],"to":[6.25,3.9,0.5],"rotation":{"angle":0,"axis":"y","origin":[3.25,0,-0.5]},"faces":{"north":{"uv":[1,6,7,14],"texture":"#1"},"east":{"uv":[0,0,2,8],"texture":"#1"},"south":{"uv":[1,6,7,14],"texture":"#1"},"west":{"uv":[0,0,2,8],"texture":"#1"},"up":{"uv":[0,0,3,1],"texture":"#missing"},"down":{"uv":[0,0,6,2],"texture":"#1"}}},{"from":[6.25,0,0.25],"to":[9.25,3.9,1.25],"rotation":{"angle":0,"axis":"y","origin":[6.25,0,0.25]},"faces":{"north":{"uv":[8,6,14,14],"texture":"#1"},"east":{"uv":[0,0,2,8],"texture":"#1"},"south":{"uv":[8,6,14,14],"texture":"#1"},"west":{"uv":[0,0,2,8],"texture":"#1"},"up":{"uv":[0,0,3,1],"texture":"#missing"},"down":{"uv":[0,0,6,2],"texture":"#1"}}},{"from":[9.5,0,0],"to":[12.5,3.9,1],"rotation":{"angle":0,"axis":"y","origin":[9.5,0,0]},"faces":{"north":{"uv":[5,0,11,8],"texture":"#1"},"east":{"uv":[0,0,2,8],"texture":"#1"},"south":{"uv":[5,0,11,8],"texture":"#1"},"west":{"uv":[0,0,2,8],"texture":"#1"},"up":{"uv":[0,0,3,1],"texture":"#missing"},"down":{"uv":[0,0,6,2],"texture":"#1"}}},{"from":[12.75,0,-0.25],"to":[15.75,3.9,0.75],"rotation":{"angle":0,"axis":"y","origin":[12.75,0,-0.25]},"faces":{"north":{"uv":[0,0,6,8],"texture":"#1"},"east":{"uv":[0,0,2,8],"texture":"#1"},"south":{"uv":[0,0,6,8],"texture":"#1"},"west":{"uv":[0,0,2,8],"texture":"#1"},"up":{"uv":[0,0,3,1],"texture":"#missing"},"down":{"uv":[0,0,6,2],"texture":"#1"}}},{"from":[0.27782,2.32929,0.01],"to":[2.37782,4.42929,1.01],"rotation":{"angle":45,"axis":"z","origin":[0.77782,3.82929,0.5]},"faces":{"north":{"uv":[10,8,14,12],"texture":"#1"},"east":{"uv":[0,0,2,4],"texture":"#1"},"south":{"uv":[10,8,14,12],"texture":"#1"},"west":{"uv":[0,0,1,2.1],"texture":"#missing"},"up":{"uv":[0,0,2,4],"texture":"#1"},"down":{"uv":[0,0,2.1,1],"texture":"#missing"}}},{"from":[3.52782,2.32929,-0.49],"to":[5.62782,4.42929,0.51],"rotation":{"angle":45,"axis":"z","origin":[4.02782,3.82929,0]},"faces":{"north":{"uv":[3,9,7,13],"texture":"#1"},"east":{"uv":[0,0,2,4],"texture":"#1"},"south":{"uv":[3,9,7,13],"texture":"#1"},"west":{"uv":[0,0,1,2.1],"texture":"#missing"},"up":{"uv":[0,0,2,4],"texture":"#1"},"down":{"uv":[0,0,2.1,1],"texture":"#missing"}}},{"from":[6.52782,2.32929,0.26],"to":[8.62782,4.42929,1.26],"rotation":{"angle":45,"axis":"z","origin":[7.02782,3.82929,0.75]},"faces":{"north":{"uv":[9,3,13,7],"texture":"#1"},"east":{"uv":[0,0,2,4],"texture":"#1"},"south":{"uv":[9,3,13,7],"texture":"#1"},"west":{"uv":[0,0,1,2.1],"texture":"#missing"},"up":{"uv":[0,0,2,4],"texture":"#1"},"down":{"uv":[0,0,2.1,1],"texture":"#missing"}}},{"from":[9.77782,2.32929,0.01],"to":[11.87782,4.42929,1.01],"rotation":{"angle":45,"axis":"z","origin":[10.27782,3.82929,0.5]},"faces":{"north":{"uv":[3,3,7,7],"texture":"#1"},"east":{"uv":[0,0,2,4],"texture":"#1"},"south":{"uv":[3,3,7,7],"texture":"#1"},"west":{"uv":[0,0,1,2.1],"texture":"#missing"},"up":{"uv":[0,0,2,4],"texture":"#1"},"down":{"uv":[0,0,2.1,1],"texture":"#missing"}}},{"from":[13.02782,2.32929,-0.24],"to":[15.12782,4.42929,0.76],"rotation":{"angle":45,"axis":"z","origin":[13.52782,3.82929,0.25]},"faces":{"north":{"uv":[0,0,4,4],"texture":"#1"},"east":{"uv":[0,0,2,4],"texture":"#1"},"south":{"uv":[0,0,4,4],"texture":"#1"},"west":{"uv":[0,0,1,2.1],"texture":"#missing"},"up":{"uv":[0,0,2,4],"texture":"#1"},"down":{"uv":[0,0,2.1,1],"texture":"#missing"}}}],"display":{"thirdperson_righthand":{"translation":[0,0,3.25],"scale":[0.5,0.5,0.5]},"thirdperson_lefthand":{"translation":[0,0,3.25],"scale":[0.5,0.5,0.5]},"ground":{"scale":[0.5,0.5,0.5]},"gui":{"rotation":[36,-143,0],"translation":[-2.5,6.5,0],"scale":[0.8,0.8,0.8]},"fixed":{"rotation":[-90,0,0],"translation":[0,0,-15],"scale":[2,2,2]}}}