{"textures":{"0":"modelengine:entity/skog_bonsaid"},"elements":[{"from":[1.9499998,9.6,5.7],"to":[1.9499998,12.4,12.0],"faces":{"east":{"uv":[6.5,3.25,8.0,4.0],"tintindex":0,"rotation":0,"texture":"#0"},"west":{"uv":[6.5,4.0,8.0,4.75],"tintindex":0,"rotation":0,"texture":"#0"}},"rotation":{"origin":[5.8,2.6,9.2],"angle":22.5,"axis":"y"}},{"from":[7.2,6.1000004,6.4],"to":[11.4,11.0,10.6],"faces":{"east":{"uv":[0.0,6.5,1.0,7.75],"tintindex":0,"rotation":0,"texture":"#0"},"south":{"uv":[1.0,6.5,2.0,7.75],"tintindex":0,"rotation":0,"texture":"#0"},"north":{"uv":[6.0,5.25,7.0,6.5],"tintindex":0,"rotation":0,"texture":"#0"},"west":{"uv":[6.5,1.25,7.5,2.5],"tintindex":0,"rotation":0,"texture":"#0"},"up":{"uv":[7.0,7.5,6.0,6.5],"tintindex":0,"rotation":0,"texture":"#0"},"down":{"uv":[4.5,6.75,3.5,7.75],"tintindex":0,"rotation":0,"texture":"#0"}}},{"from":[-2.25,12.4,5.0],"to":[6.15,15.200001,13.4],"faces":{"east":{"uv":[0.0,5.75,2.0,6.5],"tintindex":0,"rotation":0,"texture":"#0"},"south":{"uv":[2.0,5.75,4.0,6.5],"tintindex":0,"rotation":0,"texture":"#0"},"north":{"uv":[4.0,5.25,6.0,6.0],"tintindex":0,"rotation":0,"texture":"#0"},"west":{"uv":[4.0,6.0,6.0,6.75],"tintindex":0,"rotation":0,"texture":"#0"},"up":{"uv":[4.5,2.0,2.5,0.0],"tintindex":0,"rotation":0,"texture":"#0"},"down":{"uv":[4.5,2.0,2.5,4.0],"tintindex":0,"rotation":0,"texture":"#0"}},"rotation":{"origin":[5.8,2.6,9.2],"angle":22.5,"axis":"y"}},{"from":[5.1,14.5,4.3],"to":[14.9,19.4,12.0],"faces":{"east":{"uv":[4.5,1.25,6.5,2.5],"tintindex":0,"rotation":0,"texture":"#0"},"south":{"uv":[4.5,0.0,7.0,1.25],"tintindex":0,"rotation":0,"texture":"#0"},"north":{"uv":[4.0,4.0,6.5,5.25],"tintindex":0,"rotation":0,"texture":"#0"},"west":{"uv":[4.5,2.5,6.5,3.75],"tintindex":0,"rotation":0,"texture":"#0"},"up":{"uv":[2.5,2.0,0.0,0.0],"tintindex":0,"rotation":0,"texture":"#0"},"down":{"uv":[2.5,2.0,0.0,4.0],"tintindex":0,"rotation":0,"texture":"#0"}},"rotation":{"origin":[6.5,4.0,8.5],"angle":-45.0,"axis":"y"}},{"from":[-1.1999998,9.6,9.2],"to":[4.4,12.4,9.2],"faces":{"south":{"uv":[6.5,2.5,8.0,3.25],"tintindex":0,"rotation":0,"texture":"#0"},"north":{"uv":[2.0,6.5,3.5,7.25],"tintindex":0,"rotation":0,"texture":"#0"}},"rotation":{"origin":[5.8,2.6,9.2],"angle":22.5,"axis":"y"}},{"from":[1.6000004,9.6,8.5],"to":[6.5,11.0,9.9],"faces":{"east":{"uv":[6.5,5.0,6.75,5.25],"tintindex":0,"rotation":0,"texture":"#0"},"south":{"uv":[7.5,1.25,8.75,1.5],"tintindex":0,"rotation":0,"texture":"#0"},"north":{"uv":[4.5,3.75,5.75,4.0],"tintindex":0,"rotation":0,"texture":"#0"},"west":{"uv":[6.75,5.0,7.0,5.25],"tintindex":0,"rotation":0,"texture":"#0"},"up":{"uv":[8.75,1.75,7.5,1.5],"tintindex":0,"rotation":0,"texture":"#0"},"down":{"uv":[8.75,1.75,7.5,2.0],"tintindex":0,"rotation":0,"texture":"#0"}},"rotation":{"origin":[5.8,2.6,9.2],"angle":22.5,"axis":"y"}},{"from":[1.6000004,11.0,8.85],"to":[2.3000002,12.4,9.55],"faces":{"east":{"uv":[3.25,7.5,3.5,7.75],"tintindex":0,"rotation":0,"texture":"#0"},"south":{"uv":[4.5,7.5,4.75,7.75],"tintindex":0,"rotation":0,"texture":"#0"},"north":{"uv":[3.0,7.5,3.25,7.75],"tintindex":0,"rotation":0,"texture":"#0"},"west":{"uv":[4.75,7.5,5.0,7.75],"tintindex":0,"rotation":0,"texture":"#0"},"up":{"uv":[5.25,7.75,5.0,7.5],"tintindex":0,"rotation":0,"texture":"#0"},"down":{"uv":[5.5,7.5,5.25,7.75],"tintindex":0,"rotation":0,"texture":"#0"}},"rotation":{"origin":[5.8,2.6,9.2],"angle":22.5,"axis":"y"}},{"from":[5.1,8.9,7.1],"to":[10.0,11.700001,9.9],"faces":{"east":{"uv":[7.0,6.25,7.75,7.0],"tintindex":0,"rotation":0,"texture":"#0"},"south":{"uv":[7.0,0.0,8.25,0.75],"tintindex":0,"rotation":0,"texture":"#0"},"north":{"uv":[4.5,6.75,5.75,7.5],"tintindex":0,"rotation":0,"texture":"#0"},"west":{"uv":[7.0,7.0,7.75,7.75],"tintindex":0,"rotation":0,"texture":"#0"},"up":{"uv":[8.25,5.5,7.0,4.75],"tintindex":0,"rotation":0,"texture":"#0"},"down":{"uv":[8.25,5.5,7.0,6.25],"tintindex":0,"rotation":0,"texture":"#0"}}},{"from":[7.2,11.0,7.45],"to":[10.7,12.4,9.55],"faces":{"east":{"uv":[3.5,6.5,4.0,6.75],"tintindex":0,"rotation":0,"texture":"#0"},"south":{"uv":[2.75,7.25,3.5,7.5],"tintindex":0,"rotation":0,"texture":"#0"},"north":{"uv":[5.75,3.75,6.5,4.0],"tintindex":0,"rotation":0,"texture":"#0"},"west":{"uv":[6.5,4.75,7.0,5.0],"tintindex":0,"rotation":0,"texture":"#0"},"up":{"uv":[7.75,1.25,7.0,0.75],"tintindex":0,"rotation":0,"texture":"#0"},"down":{"uv":[2.75,7.25,2.0,7.75],"tintindex":0,"rotation":0,"texture":"#0"}},"rotation":{"origin":[6.5,2.6,8.85],"angle":-45.0,"axis":"y"}},{"from":[9.055,12.4,7.8],"to":[10.455,14.5,9.2],"faces":{"east":{"uv":[5.75,7.25,6.0,7.75],"tintindex":0,"rotation":0,"texture":"#0"},"south":{"uv":[7.5,2.0,7.75,2.5],"tintindex":0,"rotation":0,"texture":"#0"},"north":{"uv":[5.75,6.75,6.0,7.25],"tintindex":0,"rotation":0,"texture":"#0"},"west":{"uv":[2.75,7.5,3.0,8.0],"tintindex":0,"rotation":0,"texture":"#0"},"up":{"uv":[5.75,7.75,5.5,7.5],"tintindex":0,"rotation":0,"texture":"#0"},"down":{"uv":[6.25,7.5,6.0,7.75],"tintindex":0,"rotation":0,"texture":"#0"}},"rotation":{"origin":[6.5,2.6,9.2],"angle":-45.0,"axis":"y"}},{"from":[10.7,12.4,8.15],"to":[18.4,19.4,8.15],"faces":{"south":{"uv":[2.0,4.0,4.0,5.75],"tintindex":0,"rotation":0,"texture":"#0"},"north":{"uv":[0.0,4.0,2.0,5.75],"tintindex":0,"rotation":0,"texture":"#0"}},"rotation":{"origin":[6.5,4.0,8.5],"angle":-45.0,"axis":"y"}}],"display":{"gui":{"rotation":[30,225,0]}}}