{"textures":{"1":"modelengine:entity/skog_pet"},"elements":[{"from":[5.0,8.0,6.0],"to":[11.0,14.0,10.0],"faces":{"east":{"uv":[3.0,3.0,5.0,6.0],"tintindex":0,"rotation":0,"texture":"#1"},"south":{"uv":[0.0,3.0,3.0,6.0],"tintindex":0,"rotation":0,"texture":"#1"},"north":{"uv":[0.0,0.0,3.0,3.0],"tintindex":0,"rotation":0,"texture":"#1"},"west":{"uv":[3.0,0.0,5.0,3.0],"tintindex":0,"rotation":0,"texture":"#1"},"up":{"uv":[7.0,3.0,5.0,0.0],"tintindex":0,"rotation":270,"texture":"#1"},"down":{"uv":[7.0,3.0,5.0,6.0],"tintindex":0,"rotation":90,"texture":"#1"}},"rotation":{"origin":[8.0,11.0,8.0],"angle":22.5,"axis":"x"}},{"from":[7.0,6.6501455,6.2685027],"to":[9.0,7.6501455,8.268503],"faces":{"east":{"uv":[10.0,13.0,11.5,13.5],"tintindex":0,"rotation":0,"texture":"#1"},"south":{"uv":[3.0,10.0,4.0,10.5],"tintindex":0,"rotation":0,"texture":"#1"},"north":{"uv":[7.0,8.5,8.0,9.0],"tintindex":0,"rotation":0,"texture":"#1"},"west":{"uv":[13.0,7.5,14.5,8.0],"tintindex":0,"rotation":0,"texture":"#1"},"up":{"uv":[13.0,11.0,11.5,10.0],"tintindex":0,"rotation":270,"texture":"#1"},"down":{"uv":[13.5,0.0,12.0,1.0],"tintindex":0,"rotation":90,"texture":"#1"}},"rotation":{"origin":[7.0,6.6501455,7.7685027],"angle":-22.5,"axis":"x"}},{"from":[6.0,7.0,6.0],"to":[10.0,10.0,9.0],"faces":{"east":{"uv":[10.0,9.5,11.5,11.0],"tintindex":0,"rotation":0,"texture":"#1"},"south":{"uv":[2.0,8.5,4.0,10.0],"tintindex":0,"rotation":0,"texture":"#1"},"north":{"uv":[0.0,8.5,2.0,10.0],"tintindex":0,"rotation":0,"texture":"#1"},"west":{"uv":[10.0,8.0,11.5,9.5],"tintindex":0,"rotation":0,"texture":"#1"},"up":{"uv":[5.5,10.5,4.0,8.5],"tintindex":0,"rotation":270,"texture":"#1"},"down":{"uv":[7.0,8.5,5.5,10.5],"tintindex":0,"rotation":90,"texture":"#1"}}}],"display":{"gui":{"rotation":[30,225,0]}}}