{"textures":{"1":"modelengine:entity/skog_pet"},"elements":[{"from":[5.0,6.0,5.0],"to":[9.0,11.000001,8.0],"faces":{"east":{"uv":[8.0,6.5,9.5,9.0],"tintindex":0,"rotation":0,"texture":"#1"},"south":{"uv":[2.0,6.0,4.0,8.5],"tintindex":0,"rotation":0,"texture":"#1"},"north":{"uv":[0.0,6.0,2.0,8.5],"tintindex":0,"rotation":0,"texture":"#1"},"west":{"uv":[8.0,4.0,9.5,6.5],"tintindex":0,"rotation":0,"texture":"#1"},"up":{"uv":[10.5,2.0,9.0,0.0],"tintindex":0,"rotation":270,"texture":"#1"},"down":{"uv":[10.5,2.0,9.0,4.0],"tintindex":0,"rotation":90,"texture":"#1"}}},{"from":[7.0,11.000001,5.0],"to":[9.0,13.000001,8.0],"faces":{"east":{"uv":[12.0,1.0,13.5,2.0],"tintindex":0,"rotation":0,"texture":"#1"},"south":{"uv":[2.0,13.0,3.0,14.0],"tintindex":0,"rotation":0,"texture":"#1"},"north":{"uv":[1.0,13.0,2.0,14.0],"tintindex":0,"rotation":0,"texture":"#1"},"west":{"uv":[1.0,12.0,2.5,13.0],"tintindex":0,"rotation":0,"texture":"#1"},"up":{"uv":[13.5,3.0,12.0,2.0],"tintindex":0,"rotation":270,"texture":"#1"},"down":{"uv":[4.0,12.0,2.5,13.0],"tintindex":0,"rotation":90,"texture":"#1"}}}],"display":{"gui":{"rotation":[30,225,0]}}}