{"textures":{"1":"modelengine:entity/skog_pet"},"elements":[{"from":[6.0,2.25,8.0],"to":[7.0,5.25,10.0],"faces":{"east":{"uv":[5.0,12.0,6.0,13.5],"tintindex":0,"rotation":0,"texture":"#1"},"south":{"uv":[12.0,13.0,12.5,14.5],"tintindex":0,"rotation":0,"texture":"#1"},"north":{"uv":[11.5,13.0,12.0,14.5],"tintindex":0,"rotation":0,"texture":"#1"},"west":{"uv":[4.0,12.0,5.0,13.5],"tintindex":0,"rotation":0,"texture":"#1"},"up":{"uv":[13.5,13.5,12.5,13.0],"tintindex":0,"rotation":270,"texture":"#1"},"down":{"uv":[14.5,0.0,13.5,0.5],"tintindex":0,"rotation":90,"texture":"#1"}}},{"from":[6.0,5.25,6.0],"to":[8.0,9.25,10.0],"faces":{"east":{"uv":[7.0,2.0,9.0,4.0],"tintindex":0,"rotation":0,"texture":"#1"},"south":{"uv":[6.0,10.5,7.0,12.5],"tintindex":0,"rotation":0,"texture":"#1"},"north":{"uv":[7.0,4.0,8.0,6.0],"tintindex":0,"rotation":0,"texture":"#1"},"west":{"uv":[7.0,0.0,9.0,2.0],"tintindex":0,"rotation":0,"texture":"#1"},"up":{"uv":[12.5,4.0,10.5,3.0],"tintindex":0,"rotation":270,"texture":"#1"},"down":{"uv":[13.0,4.0,11.0,5.0],"tintindex":0,"rotation":90,"texture":"#1"}}},{"from":[5.0,5.25,6.0],"to":[6.0,10.25,10.0],"faces":{"east":{"uv":[6.0,6.0,8.0,8.5],"tintindex":0,"rotation":0,"texture":"#1"},"south":{"uv":[6.0,12.5,6.5,15.0],"tintindex":0,"rotation":0,"texture":"#1"},"north":{"uv":[9.5,12.0,10.0,14.5],"tintindex":0,"rotation":0,"texture":"#1"},"west":{"uv":[4.0,6.0,6.0,8.5],"tintindex":0,"rotation":0,"texture":"#1"},"up":{"uv":[15.0,4.5,13.0,4.0],"tintindex":0,"rotation":270,"texture":"#1"},"down":{"uv":[15.0,4.5,13.0,5.0],"tintindex":0,"rotation":90,"texture":"#1"}}}],"display":{"gui":{"rotation":[30,225,0]}}}