{"textures":{"1":"modelengine:entity/skog_pet"},"elements":[{"from":[6.7685027,4.5,7.2685027],"to":[7.7685027,6.5,11.268503],"faces":{"east":{"uv":[8.0,11.0,10.0,12.0],"tintindex":0,"rotation":0,"texture":"#1"},"south":{"uv":[7.5,13.5,8.0,14.5],"tintindex":0,"rotation":0,"texture":"#1"},"north":{"uv":[7.0,13.5,7.5,14.5],"tintindex":0,"rotation":0,"texture":"#1"},"west":{"uv":[11.0,7.0,13.0,8.0],"tintindex":0,"rotation":0,"texture":"#1"},"up":{"uv":[8.5,13.5,6.5,13.0],"tintindex":0,"rotation":270,"texture":"#1"},"down":{"uv":[15.0,7.0,13.0,7.5],"tintindex":0,"rotation":90,"texture":"#1"}}},{"from":[5.7685027,5.0,6.7685027],"to":[8.768503,9.0,9.768503],"faces":{"east":{"uv":[0.0,10.0,1.5,12.0],"tintindex":0,"rotation":0,"texture":"#1"},"south":{"uv":[1.5,10.0,3.0,12.0],"tintindex":0,"rotation":0,"texture":"#1"},"north":{"uv":[9.5,6.0,11.0,8.0],"tintindex":0,"rotation":0,"texture":"#1"},"west":{"uv":[9.5,4.0,11.0,6.0],"tintindex":0,"rotation":0,"texture":"#1"},"up":{"uv":[12.0,1.5,10.5,0.0],"tintindex":0,"rotation":270,"texture":"#1"},"down":{"uv":[12.0,1.5,10.5,3.0],"tintindex":0,"rotation":90,"texture":"#1"}}}],"display":{"gui":{"rotation":[30,225,0]}}}