{"textures":{"1":"modelengine:entity/skog_pet"},"elements":[{"from":[6.5,6.0,5.0],"to":[7.5,8.0,8.0],"faces":{"east":{"uv":[9.5,12.0,8.0,13.0],"tintindex":0,"rotation":0,"texture":"#1"},"south":{"uv":[7.0,13.5,6.5,14.5],"tintindex":0,"rotation":0,"texture":"#1"},"north":{"uv":[14.0,6.0,13.5,7.0],"tintindex":0,"rotation":0,"texture":"#1"},"west":{"uv":[13.5,11.0,12.0,12.0],"tintindex":0,"rotation":0,"texture":"#1"},"up":{"uv":[14.5,10.0,13.0,10.5],"tintindex":0,"rotation":270,"texture":"#1"},"down":{"uv":[14.5,11.0,13.0,10.5],"tintindex":0,"rotation":90,"texture":"#1"}}},{"from":[7.25,2.5,4.75],"to":[8.25,3.5,5.75],"faces":{"east":{"uv":[11.0,13.5,10.5,14.0],"tintindex":0,"rotation":0,"texture":"#1"},"south":{"uv":[14.0,11.5,13.5,12.0],"tintindex":0,"rotation":0,"texture":"#1"},"north":{"uv":[11.5,13.5,11.0,14.0],"tintindex":0,"rotation":0,"texture":"#1"},"west":{"uv":[14.0,11.0,13.5,11.5],"tintindex":0,"rotation":0,"texture":"#1"},"up":{"uv":[14.0,12.0,13.5,12.5],"tintindex":0,"rotation":270,"texture":"#1"},"down":{"uv":[13.0,14.0,12.5,13.5],"tintindex":0,"rotation":90,"texture":"#1"}},"rotation":{"origin":[8.5,2.75,5.5],"angle":22.5,"axis":"x"}},{"from":[7.5,4.0,5.0],"to":[9.5,8.0,8.0],"faces":{"east":{"uv":[8.5,9.0,7.0,11.0],"tintindex":0,"rotation":0,"texture":"#1"},"south":{"uv":[8.0,11.0,7.0,13.0],"tintindex":0,"rotation":0,"texture":"#1"},"north":{"uv":[12.0,5.0,11.0,7.0],"tintindex":0,"rotation":0,"texture":"#1"},"west":{"uv":[10.0,9.0,8.5,11.0],"tintindex":0,"rotation":0,"texture":"#1"},"up":{"uv":[13.5,5.0,12.0,6.0],"tintindex":0,"rotation":270,"texture":"#1"},"down":{"uv":[13.5,7.0,12.0,6.0],"tintindex":0,"rotation":90,"texture":"#1"}}},{"from":[8.25,2.5,4.75],"to":[9.25,4.5,5.75],"faces":{"east":{"uv":[10.0,8.0,9.5,9.0],"tintindex":0,"rotation":0,"texture":"#1"},"south":{"uv":[4.5,13.5,4.0,14.5],"tintindex":0,"rotation":0,"texture":"#1"},"north":{"uv":[14.0,0.5,13.5,1.5],"tintindex":0,"rotation":0,"texture":"#1"},"west":{"uv":[14.0,1.5,13.5,2.5],"tintindex":0,"rotation":0,"texture":"#1"},"up":{"uv":[7.0,12.5,6.5,13.0],"tintindex":0,"rotation":270,"texture":"#1"},"down":{"uv":[14.0,3.0,13.5,2.5],"tintindex":0,"rotation":90,"texture":"#1"}},"rotation":{"origin":[8.5,2.75,5.5],"angle":22.5,"axis":"x"}},{"from":[8.25,2.5,6.75],"to":[9.25,4.5,7.75],"faces":{"east":{"uv":[5.0,13.5,4.5,14.5],"tintindex":0,"rotation":0,"texture":"#1"},"south":{"uv":[6.0,13.5,5.5,14.5],"tintindex":0,"rotation":0,"texture":"#1"},"north":{"uv":[5.5,13.5,5.0,14.5],"tintindex":0,"rotation":0,"texture":"#1"},"west":{"uv":[14.0,5.0,13.5,6.0],"tintindex":0,"rotation":0,"texture":"#1"},"up":{"uv":[8.5,13.5,8.0,14.0],"tintindex":0,"rotation":270,"texture":"#1"},"down":{"uv":[10.5,14.0,10.0,13.5],"tintindex":0,"rotation":90,"texture":"#1"}}},{"from":[7.25,2.5,6.75],"to":[8.25,3.5,7.75],"faces":{"east":{"uv":[14.0,12.5,13.5,13.0],"tintindex":0,"rotation":0,"texture":"#1"},"south":{"uv":[14.0,13.5,13.5,14.0],"tintindex":0,"rotation":0,"texture":"#1"},"north":{"uv":[13.5,13.5,13.0,14.0],"tintindex":0,"rotation":0,"texture":"#1"},"west":{"uv":[14.0,13.0,13.5,13.5],"tintindex":0,"rotation":0,"texture":"#1"},"up":{"uv":[0.5,14.0,0.0,14.5],"tintindex":0,"rotation":270,"texture":"#1"},"down":{"uv":[1.0,14.5,0.5,14.0],"tintindex":0,"rotation":90,"texture":"#1"}}}],"display":{"gui":{"rotation":[30,225,0]}}}