{"textures":{"1":"modelengine:entity/skog_pet"},"elements":[{"from":[7.2314973,5.0,6.7685027],"to":[10.231497,9.0,9.768503],"faces":{"east":{"uv":[11.0,4.0,9.5,6.0],"tintindex":0,"rotation":0,"texture":"#1"},"south":{"uv":[3.0,10.0,1.5,12.0],"tintindex":0,"rotation":0,"texture":"#1"},"north":{"uv":[11.0,6.0,9.5,8.0],"tintindex":0,"rotation":0,"texture":"#1"},"west":{"uv":[1.5,10.0,0.0,12.0],"tintindex":0,"rotation":0,"texture":"#1"},"up":{"uv":[12.0,0.0,10.5,1.5],"tintindex":0,"rotation":270,"texture":"#1"},"down":{"uv":[12.0,3.0,10.5,1.5],"tintindex":0,"rotation":90,"texture":"#1"}}},{"from":[8.231497,4.5,7.2685027],"to":[9.231497,6.5,11.268503],"faces":{"east":{"uv":[13.0,7.0,11.0,8.0],"tintindex":0,"rotation":0,"texture":"#1"},"south":{"uv":[8.0,13.5,7.5,14.5],"tintindex":0,"rotation":0,"texture":"#1"},"north":{"uv":[7.5,13.5,7.0,14.5],"tintindex":0,"rotation":0,"texture":"#1"},"west":{"uv":[10.0,11.0,8.0,12.0],"tintindex":0,"rotation":0,"texture":"#1"},"up":{"uv":[8.5,13.0,6.5,13.5],"tintindex":0,"rotation":270,"texture":"#1"},"down":{"uv":[15.0,7.5,13.0,7.0],"tintindex":0,"rotation":90,"texture":"#1"}}}],"display":{"gui":{"rotation":[30,225,0]}}}