{"textures":{"1":"modelengine:entity/skog_pet"},"elements":[{"from":[6.4814973,4.3964467,4.2936287],"to":[9.481497,6.3964467,7.293629],"faces":{"east":{"uv":[13.5,12.0,12.0,13.0],"tintindex":0,"rotation":0,"texture":"#1"},"south":{"uv":[14.0,9.0,12.5,10.0],"tintindex":0,"rotation":0,"texture":"#1"},"north":{"uv":[14.0,3.0,12.5,4.0],"tintindex":0,"rotation":0,"texture":"#1"},"west":{"uv":[14.0,8.0,12.5,9.0],"tintindex":0,"rotation":0,"texture":"#1"},"up":{"uv":[4.5,10.5,3.0,12.0],"tintindex":0,"rotation":270,"texture":"#1"},"down":{"uv":[6.0,12.0,4.5,10.5],"tintindex":0,"rotation":90,"texture":"#1"}}},{"from":[6.9814973,4.8964467,6.2936287],"to":[8.981497,8.896446,8.293629],"faces":{"east":{"uv":[11.0,11.0,10.0,13.0],"tintindex":0,"rotation":0,"texture":"#1"},"south":{"uv":[1.0,12.0,0.0,14.0],"tintindex":0,"rotation":0,"texture":"#1"},"north":{"uv":[12.0,11.0,11.0,13.0],"tintindex":0,"rotation":0,"texture":"#1"},"west":{"uv":[12.5,8.0,11.5,10.0],"tintindex":0,"rotation":0,"texture":"#1"},"up":{"uv":[4.0,13.0,3.0,14.0],"tintindex":0,"rotation":270,"texture":"#1"},"down":{"uv":[9.5,14.0,8.5,13.0],"tintindex":0,"rotation":90,"texture":"#1"}},"rotation":{"origin":[7.9814973,6.8964467,6.7936287],"angle":45.0,"axis":"x"}}],"display":{"gui":{"rotation":[30,225,0]}}}