{"textures":{"0":"modelengine:entity/orc_giant"},"elements":[{"from":[3.5,7.052273,3.552971],"to":[12.5,12.052273,9.552971],"faces":{"east":{"uv":[2.3145,5.752,2.6855,6.0605],"tintindex":0,"rotation":0,"texture":"#0"},"south":{"uv":[4.3145,7.002,4.873,7.3105],"tintindex":0,"rotation":0,"texture":"#0"},"north":{"uv":[1.3145,7.002,1.9355,7.3105],"tintindex":0,"rotation":0,"texture":"#0"},"west":{"uv":[7.377,7.252,7.748,7.5605],"tintindex":0,"rotation":0,"texture":"#0"},"up":{"uv":[7.123,1.998,6.502,1.627],"tintindex":0,"rotation":0,"texture":"#0"},"down":{"uv":[7.123,4.127,6.502,4.498],"tintindex":0,"rotation":0,"texture":"#0"}}},{"from":[3.5,12.052273,0.5529709],"to":[12.5,18.052273,9.552971],"faces":{"east":{"uv":[6.6895,0.377,7.248,0.748],"tintindex":0,"rotation":0,"texture":"#0"},"south":{"uv":[6.6895,0.8145,7.248,1.1855],"tintindex":0,"rotation":0,"texture":"#0"},"north":{"uv":[4.9395,6.627,5.498,6.998],"tintindex":0,"rotation":0,"texture":"#0"},"west":{"uv":[6.6895,6.502,7.248,6.873],"tintindex":0,"rotation":0,"texture":"#0"},"up":{"uv":[5.873,4.9355,5.3145,4.377],"tintindex":0,"rotation":0,"texture":"#0"},"down":{"uv":[4.3105,5.502,3.752,6.0605],"tintindex":0,"rotation":0,"texture":"#0"}}},{"from":[-0.62935257,10.052273,3.351616],"to":[4.3706474,17.052273,3.351616],"faces":{"south":{"uv":[7.623,6.4395,7.3145,6.873],"tintindex":0,"rotation":0,"texture":"#0"},"north":{"uv":[7.3145,6.4395,7.623,6.873],"tintindex":0,"rotation":0,"texture":"#0"}},"rotation":{"origin":[6.3251524,-17.735226,5.802971],"angle":22.5,"axis":"y"}},{"from":[6.0,12.977276,3.552971],"to":[10.0,19.977276,11.552971],"faces":{"east":{"uv":[4.377,6.502,4.873,6.9355],"tintindex":0,"rotation":0,"texture":"#0"},"south":{"uv":[3.502,7.4395,3.748,7.873],"tintindex":0,"rotation":0,"texture":"#0"},"north":{"uv":[3.1895,7.4395,3.4355,7.873],"tintindex":0,"rotation":0,"texture":"#0"},"west":{"uv":[6.127,6.502,6.623,6.9355],"tintindex":0,"rotation":0,"texture":"#0"},"up":{"uv":[4.0605,4.8105,3.8145,4.3145],"tintindex":0,"rotation":0,"texture":"#0"},"down":{"uv":[1.748,5.8145,1.502,6.3105],"tintindex":0,"rotation":0,"texture":"#0"}}},{"from":[11.3743725,10.052273,2.0697432],"to":[16.374372,17.052273,2.0697432],"faces":{"south":{"uv":[7.3145,6.4395,7.623,6.873],"tintindex":0,"rotation":0,"texture":"#0"},"north":{"uv":[7.623,6.4395,7.3145,6.873],"tintindex":0,"rotation":0,"texture":"#0"}},"rotation":{"origin":[6.3251524,-17.735226,5.802971],"angle":-22.5,"axis":"y"}},{"from":[7.0,12.052273,-0.42202854],"to":[9.0,16.052273,0.57797146],"faces":{"east":{"uv":[0.4395,5.752,0.498,5.998],"tintindex":0,"rotation":0,"texture":"#0"},"south":{"uv":[4.0645,7.4395,4.1855,7.6855],"tintindex":0,"rotation":0,"texture":"#0"},"north":{"uv":[3.752,1.877,3.873,2.123],"tintindex":0,"rotation":0,"texture":"#0"},"west":{"uv":[0.4395,6.0645,0.498,6.3105],"tintindex":0,"rotation":0,"texture":"#0"},"up":{"uv":[1.123,5.748,1.002,5.6895],"tintindex":0,"rotation":0,"texture":"#0"},"down":{"uv":[1.623,6.377,1.502,6.4355],"tintindex":0,"rotation":0,"texture":"#0"}}}],"display":{"gui":{"rotation":[30,225,0]}}}