{"textures":{"0":"modelengine:entity/orc_giant"},"elements":[{"from":[2.5,7.9000015,2.8975],"to":[2.5,12.900002,7.8975],"faces":{"east":{"uv":[7.373,7.627,7.0645,7.9355],"tintindex":0,"rotation":0,"texture":"#0"},"west":{"uv":[7.0645,7.627,7.373,7.9355],"tintindex":0,"rotation":0,"texture":"#0"}}},{"from":[2.5,7.9000015,2.8975],"to":[13.5,12.900002,2.8975],"faces":{"south":{"uv":[7.248,3.5645,6.5645,3.873],"tintindex":0,"rotation":0,"texture":"#0"},"north":{"uv":[6.5645,3.5645,7.248,3.873],"tintindex":0,"rotation":0,"texture":"#0"}}},{"from":[13.5,7.9000015,2.8975],"to":[13.5,12.900002,7.8975],"faces":{"east":{"uv":[7.373,7.627,7.0645,7.9355],"tintindex":0,"rotation":0,"texture":"#0"},"west":{"uv":[7.0645,7.627,7.373,7.9355],"tintindex":0,"rotation":0,"texture":"#0"}}},{"from":[1.5,0.9000015,3.8975],"to":[14.5,5.9000015,7.9225],"faces":{"east":{"uv":[1.1895,6.5645,1.4355,6.873],"tintindex":0,"rotation":0,"texture":"#0"},"south":{"uv":[6.252,1.252,7.0605,1.5605],"tintindex":0,"rotation":0,"texture":"#0"},"north":{"uv":[6.127,6.127,6.9355,6.4355],"tintindex":0,"rotation":0,"texture":"#0"},"west":{"uv":[4.877,7.752,5.123,8.0605],"tintindex":0,"rotation":0,"texture":"#0"},"up":{"uv":[7.498,7.1855,6.6895,6.9395],"tintindex":0,"rotation":0,"texture":"#0"},"down":{"uv":[7.8105,5.252,7.002,5.498],"tintindex":0,"rotation":0,"texture":"#0"}}},{"from":[2.5,2.9000015,2.8975],"to":[13.5,7.9000015,7.8975],"faces":{"east":{"uv":[0.002,7.5645,0.3105,7.873],"tintindex":0,"rotation":0,"texture":"#0"},"south":{"uv":[6.502,4.5645,7.1855,4.873],"tintindex":0,"rotation":0,"texture":"#0"},"north":{"uv":[6.502,2.0645,7.1855,2.373],"tintindex":0,"rotation":0,"texture":"#0"},"west":{"uv":[0.377,7.5645,0.6855,7.873],"tintindex":0,"rotation":0,"texture":"#0"},"up":{"uv":[1.123,6.873,0.4395,6.5645],"tintindex":0,"rotation":0,"texture":"#0"},"down":{"uv":[7.248,2.4395,6.5645,2.748],"tintindex":0,"rotation":0,"texture":"#0"}}}],"display":{"gui":{"rotation":[30,225,0]}}}