{"textures":{"0":"modelengine:entity/orc_giant"},"elements":[{"from":[3.0080428,-1.893507,2.0839047],"to":[13.008043,5.106493,7.0839047],"faces":{"east":{"uv":[1.627,7.377,1.9355,7.8105],"tintindex":0,"rotation":0,"texture":"#0"},"south":{"uv":[6.127,5.002,6.748,5.4355],"tintindex":0,"rotation":0,"texture":"#0"},"north":{"uv":[4.9395,6.127,5.5605,6.5605],"tintindex":0,"rotation":0,"texture":"#0"},"west":{"uv":[4.252,7.377,4.5605,7.8105],"tintindex":0,"rotation":0,"texture":"#0"},"up":{"uv":[2.623,7.498,2.002,7.1895],"tintindex":0,"rotation":0,"texture":"#0"},"down":{"uv":[7.8105,3.9395,7.1895,4.248],"tintindex":0,"rotation":0,"texture":"#0"}}},{"from":[4.008043,-5.893507,3.0839047],"to":[12.008043,8.106493,12.083904],"faces":{"east":{"uv":[3.752,0.9395,4.3105,1.8105],"tintindex":0,"rotation":0,"texture":"#0"},"south":{"uv":[1.252,4.877,1.748,5.748],"tintindex":0,"rotation":0,"texture":"#0"},"north":{"uv":[0.002,4.8145,0.498,5.6855],"tintindex":0,"rotation":0,"texture":"#0"},"west":{"uv":[0.752,3.8145,1.3105,4.6855],"tintindex":0,"rotation":0,"texture":"#0"},"up":{"uv":[6.623,1.1855,6.127,0.627],"tintindex":0,"rotation":0,"texture":"#0"},"down":{"uv":[2.8105,6.127,2.3145,6.6855],"tintindex":0,"rotation":0,"texture":"#0"}}},{"from":[3.0080428,5.106493,2.0839047],"to":[6.008043,7.106493,7.0839047],"faces":{"east":{"uv":[8.127,2.8145,8.4355,2.9355],"tintindex":0,"rotation":0,"texture":"#0"},"south":{"uv":[0.252,8.4395,0.4355,8.5605],"tintindex":0,"rotation":0,"texture":"#0"},"north":{"uv":[0.002,8.4395,0.1855,8.5605],"tintindex":0,"rotation":0,"texture":"#0"},"west":{"uv":[8.127,3.002,8.4355,3.123],"tintindex":0,"rotation":0,"texture":"#0"},"up":{"uv":[2.1855,8.248,2.002,7.9395],"tintindex":0,"rotation":0,"texture":"#0"},"down":{"uv":[8.123,2.252,7.9395,2.5605],"tintindex":0,"rotation":0,"texture":"#0"}}},{"from":[10.008043,5.106493,2.0839047],"to":[13.008043,7.106493,7.0839047],"faces":{"east":{"uv":[1.252,8.127,1.5605,8.248],"tintindex":0,"rotation":0,"texture":"#0"},"south":{"uv":[8.377,6.0645,8.5605,6.1855],"tintindex":0,"rotation":0,"texture":"#0"},"north":{"uv":[8.377,4.502,8.5605,4.623],"tintindex":0,"rotation":0,"texture":"#0"},"west":{"uv":[2.377,8.127,2.6855,8.248],"tintindex":0,"rotation":0,"texture":"#0"},"up":{"uv":[6.4355,1.9355,6.252,1.627],"tintindex":0,"rotation":0,"texture":"#0"},"down":{"uv":[4.5605,7.877,4.377,8.1855],"tintindex":0,"rotation":0,"texture":"#0"}}},{"from":[3.5080428,-0.893507,6.5839047],"to":[12.508043,2.106493,12.583904],"faces":{"east":{"uv":[6.002,4.127,6.373,4.3105],"tintindex":0,"rotation":0,"texture":"#0"},"south":{"uv":[7.3145,1.002,7.873,1.1855],"tintindex":0,"rotation":0,"texture":"#0"},"north":{"uv":[4.9395,1.5645,5.498,1.748],"tintindex":0,"rotation":0,"texture":"#0"},"west":{"uv":[7.8145,7.252,8.1855,7.4355],"tintindex":0,"rotation":0,"texture":"#0"},"up":{"uv":[2.6855,7.123,2.127,6.752],"tintindex":0,"rotation":0,"texture":"#0"},"down":{"uv":[3.3105,6.8145,2.752,7.1855],"tintindex":0,"rotation":0,"texture":"#0"}}},{"from":[9.508043,3.6468534,-9.242029],"to":[12.508043,6.6468544,-6.242029],"faces":{"east":{"uv":[7.4395,8.127,7.623,8.3105],"tintindex":0,"rotation":0,"texture":"#0"},"south":{"uv":[0.002,8.1895,0.1855,8.373],"tintindex":0,"rotation":0,"texture":"#0"},"north":{"uv":[5.127,8.127,5.3105,8.3105],"tintindex":0,"rotation":0,"texture":"#0"},"west":{"uv":[0.252,8.1895,0.4355,8.373],"tintindex":0,"rotation":0,"texture":"#0"},"up":{"uv":[0.6855,8.373,0.502,8.1895],"tintindex":0,"rotation":0,"texture":"#0"},"down":{"uv":[0.9355,8.1895,0.752,8.373],"tintindex":0,"rotation":0,"texture":"#0"}},"rotation":{"origin":[10.833195,26.318995,6.3339047],"angle":-22.5,"axis":"x"}},{"from":[5.008043,-4.893507,2.0839047],"to":[11.008043,-1.893507,4.0839047],"faces":{"east":{"uv":[8.0645,8.377,8.1855,8.5605],"tintindex":0,"rotation":0,"texture":"#0"},"south":{"uv":[2.377,7.877,2.748,8.0605],"tintindex":0,"rotation":0,"texture":"#0"},"north":{"uv":[1.252,7.877,1.623,8.0605],"tintindex":0,"rotation":0,"texture":"#0"},"west":{"uv":[8.252,8.377,8.373,8.5605],"tintindex":0,"rotation":0,"texture":"#0"},"up":{"uv":[8.3105,6.1855,7.9395,6.0645],"tintindex":0,"rotation":0,"texture":"#0"},"down":{"uv":[7.8105,7.9395,7.4395,8.0605],"tintindex":0,"rotation":0,"texture":"#0"}}},{"from":[3.5080428,3.6468534,-9.242029],"to":[6.508043,6.6468544,-6.242029],"faces":{"east":{"uv":[7.4395,8.127,7.623,8.3105],"tintindex":0,"rotation":0,"texture":"#0"},"south":{"uv":[0.002,8.1895,0.1855,8.373],"tintindex":0,"rotation":0,"texture":"#0"},"north":{"uv":[5.127,8.127,5.3105,8.3105],"tintindex":0,"rotation":0,"texture":"#0"},"west":{"uv":[0.252,8.1895,0.4355,8.373],"tintindex":0,"rotation":0,"texture":"#0"},"up":{"uv":[0.6855,8.373,0.502,8.1895],"tintindex":0,"rotation":0,"texture":"#0"},"down":{"uv":[0.9355,8.1895,0.752,8.373],"tintindex":0,"rotation":0,"texture":"#0"}},"rotation":{"origin":[10.833195,26.318995,6.3339047],"angle":-22.5,"axis":"x"}},{"from":[10.008043,-0.105158806,7.8516793],"to":[12.008043,1.8948412,10.851679],"faces":{"east":{"uv":[8.4395,1.252,8.623,1.373],"tintindex":0,"rotation":0,"texture":"#0"},"south":{"uv":[8.5645,1.4395,8.6855,1.5605],"tintindex":0,"rotation":0,"texture":"#0"},"north":{"uv":[1.377,8.5645,1.498,8.6855],"tintindex":0,"rotation":0,"texture":"#0"},"west":{"uv":[8.4395,2.127,8.623,2.248],"tintindex":0,"rotation":0,"texture":"#0"},"up":{"uv":[2.748,8.623,2.627,8.4395],"tintindex":0,"rotation":0,"texture":"#0"},"down":{"uv":[2.9355,8.4395,2.8145,8.623],"tintindex":0,"rotation":0,"texture":"#0"}},"rotation":{"origin":[10.833195,26.318995,6.3339047],"angle":22.5,"axis":"x"}},{"from":[4.008043,-0.105158806,7.8516793],"to":[6.008043,1.8948412,10.851679],"faces":{"east":{"uv":[8.4395,1.252,8.623,1.373],"tintindex":0,"rotation":0,"texture":"#0"},"south":{"uv":[8.5645,1.4395,8.6855,1.5605],"tintindex":0,"rotation":0,"texture":"#0"},"north":{"uv":[1.377,8.5645,1.498,8.6855],"tintindex":0,"rotation":0,"texture":"#0"},"west":{"uv":[8.4395,2.127,8.623,2.248],"tintindex":0,"rotation":0,"texture":"#0"},"up":{"uv":[2.748,8.623,2.627,8.4395],"tintindex":0,"rotation":0,"texture":"#0"},"down":{"uv":[2.9355,8.4395,2.8145,8.623],"tintindex":0,"rotation":0,"texture":"#0"}},"rotation":{"origin":[10.833195,26.318995,6.3339047],"angle":22.5,"axis":"x"}}],"display":{"gui":{"rotation":[30,225,0]}}}