{"textures":{"0":"modelengine:entity/orc_giant"},"elements":[{"from":[6.8838825,5.176777,10.525],"to":[8.8838825,8.176777,12.475],"faces":{"east":{"uv":[2.248,6.502,2.127,6.6855],"tintindex":0,"rotation":0,"texture":"#0"},"south":{"uv":[2.1855,4.0645,2.0645,4.248],"tintindex":0,"rotation":0,"texture":"#0"},"north":{"uv":[3.873,2.1895,3.752,2.373],"tintindex":0,"rotation":0,"texture":"#0"},"west":{"uv":[4.0605,3.127,3.9395,3.3105],"tintindex":0,"rotation":0,"texture":"#0"},"up":{"uv":[4.752,0.8105,4.873,0.6895],"tintindex":0,"rotation":0,"texture":"#0"},"down":{"uv":[3.1895,7.252,3.3105,7.373],"tintindex":0,"rotation":0,"texture":"#0"}}},{"from":[6.8838825,5.176777,8.275],"to":[8.8838825,8.176777,10.225],"faces":{"east":{"uv":[2.248,6.502,2.127,6.6855],"tintindex":0,"rotation":0,"texture":"#0"},"south":{"uv":[2.1855,4.0645,2.0645,4.248],"tintindex":0,"rotation":0,"texture":"#0"},"north":{"uv":[3.873,2.1895,3.752,2.373],"tintindex":0,"rotation":0,"texture":"#0"},"west":{"uv":[4.0605,3.127,3.9395,3.3105],"tintindex":0,"rotation":0,"texture":"#0"},"up":{"uv":[4.752,0.8105,4.873,0.6895],"tintindex":0,"rotation":0,"texture":"#0"},"down":{"uv":[3.1895,7.252,3.3105,7.373],"tintindex":0,"rotation":0,"texture":"#0"}}},{"from":[6.8838825,5.176777,3.525],"to":[8.8838825,8.176777,5.475],"faces":{"east":{"uv":[2.248,6.502,2.127,6.6855],"tintindex":0,"rotation":0,"texture":"#0"},"south":{"uv":[2.1855,4.0645,2.0645,4.248],"tintindex":0,"rotation":0,"texture":"#0"},"north":{"uv":[3.873,2.1895,3.752,2.373],"tintindex":0,"rotation":0,"texture":"#0"},"west":{"uv":[4.0605,3.127,3.9395,3.3105],"tintindex":0,"rotation":0,"texture":"#0"},"up":{"uv":[4.752,0.8105,4.873,0.6895],"tintindex":0,"rotation":0,"texture":"#0"},"down":{"uv":[3.1895,7.252,3.3105,7.373],"tintindex":0,"rotation":0,"texture":"#0"}}},{"from":[-3.8354664,-7.862808,10.5],"to":[-0.8354664,-5.862808,12.5],"faces":{"east":{"uv":[8.5605,8.377,8.4395,8.498],"tintindex":0,"rotation":0,"texture":"#0"},"south":{"uv":[5.9355,8.252,5.752,8.373],"tintindex":0,"rotation":0,"texture":"#0"},"north":{"uv":[6.623,8.1895,6.4395,8.3105],"tintindex":0,"rotation":0,"texture":"#0"},"west":{"uv":[7.8105,8.4395,7.6895,8.5605],"tintindex":0,"rotation":0,"texture":"#0"},"up":{"uv":[6.8145,8.373,6.998,8.252],"tintindex":0,"rotation":0,"texture":"#0"},"down":{"uv":[7.0645,8.252,7.248,8.373],"tintindex":0,"rotation":0,"texture":"#0"}},"rotation":{"origin":[-11.715963,10.389278,6.75],"angle":45.0,"axis":"z"}},{"from":[-3.8354664,-7.862808,8.25],"to":[-0.8354664,-5.862808,10.25],"faces":{"east":{"uv":[8.5605,8.377,8.4395,8.498],"tintindex":0,"rotation":0,"texture":"#0"},"south":{"uv":[5.9355,8.252,5.752,8.373],"tintindex":0,"rotation":0,"texture":"#0"},"north":{"uv":[6.623,8.1895,6.4395,8.3105],"tintindex":0,"rotation":0,"texture":"#0"},"west":{"uv":[7.8105,8.4395,7.6895,8.5605],"tintindex":0,"rotation":0,"texture":"#0"},"up":{"uv":[6.8145,8.373,6.998,8.252],"tintindex":0,"rotation":0,"texture":"#0"},"down":{"uv":[7.0645,8.252,7.248,8.373],"tintindex":0,"rotation":0,"texture":"#0"}},"rotation":{"origin":[-11.715963,10.389278,6.75],"angle":45.0,"axis":"z"}},{"from":[6.8838825,5.176777,5.775],"to":[8.8838825,8.176777,7.725],"faces":{"east":{"uv":[2.248,6.502,2.127,6.6855],"tintindex":0,"rotation":0,"texture":"#0"},"south":{"uv":[2.1855,4.0645,2.0645,4.248],"tintindex":0,"rotation":0,"texture":"#0"},"north":{"uv":[3.873,2.1895,3.752,2.373],"tintindex":0,"rotation":0,"texture":"#0"},"west":{"uv":[4.0605,3.127,3.9395,3.3105],"tintindex":0,"rotation":0,"texture":"#0"},"up":{"uv":[4.752,0.8105,4.873,0.6895],"tintindex":0,"rotation":0,"texture":"#0"},"down":{"uv":[3.1895,7.252,3.3105,7.373],"tintindex":0,"rotation":0,"texture":"#0"}}},{"from":[3.732233,5.1286793,3.5],"to":[6.732233,7.128681,5.5],"faces":{"east":{"uv":[8.5605,8.377,8.4395,8.498],"tintindex":0,"rotation":0,"texture":"#0"},"south":{"uv":[5.9355,8.252,5.752,8.373],"tintindex":0,"rotation":0,"texture":"#0"},"north":{"uv":[6.623,8.1895,6.4395,8.3105],"tintindex":0,"rotation":0,"texture":"#0"},"west":{"uv":[7.8105,8.4395,7.6895,8.5605],"tintindex":0,"rotation":0,"texture":"#0"},"up":{"uv":[6.8145,8.373,6.998,8.252],"tintindex":0,"rotation":0,"texture":"#0"},"down":{"uv":[7.0645,8.252,7.248,8.373],"tintindex":0,"rotation":0,"texture":"#0"}},"rotation":{"origin":[7.75,7.75,4.5],"angle":45.0,"axis":"z"}},{"from":[-3.8354664,-7.862808,5.75],"to":[-0.8354664,-5.862808,7.75],"faces":{"east":{"uv":[8.5605,8.377,8.4395,8.498],"tintindex":0,"rotation":0,"texture":"#0"},"south":{"uv":[5.9355,8.252,5.752,8.373],"tintindex":0,"rotation":0,"texture":"#0"},"north":{"uv":[6.623,8.1895,6.4395,8.3105],"tintindex":0,"rotation":0,"texture":"#0"},"west":{"uv":[7.8105,8.4395,7.6895,8.5605],"tintindex":0,"rotation":0,"texture":"#0"},"up":{"uv":[6.8145,8.373,6.998,8.252],"tintindex":0,"rotation":0,"texture":"#0"},"down":{"uv":[7.0645,8.252,7.248,8.373],"tintindex":0,"rotation":0,"texture":"#0"}},"rotation":{"origin":[-11.715963,10.389278,6.75],"angle":45.0,"axis":"z"}}],"display":{"gui":{"rotation":[30,225,0]}}}