{"textures":{"1":"modelengine:entity/cobblestone"},"elements":[{"from":[4.0,-6.0,0.0],"to":[20.0,10.0,16.0],"faces":{"east":{"uv":[0.0,0.0,16.0,16.0],"tintindex":0,"rotation":0,"texture":"#1"},"south":{"uv":[0.0,0.0,16.0,16.0],"tintindex":0,"rotation":0,"texture":"#1"},"north":{"uv":[0.0,0.0,16.0,16.0],"tintindex":0,"rotation":0,"texture":"#1"},"west":{"uv":[0.0,0.0,16.0,16.0],"tintindex":0,"rotation":0,"texture":"#1"},"up":{"uv":[0.0,0.0,16.0,16.0],"tintindex":0,"rotation":0,"texture":"#1"},"down":{"uv":[0.0,0.0,16.0,16.0],"tintindex":0,"rotation":0,"texture":"#1"}}}],"display":{"gui":{"rotation":[30,225,0]}}}