{"textures":{"0":"modelengine:entity/orc_giant"},"elements":[{"from":[-1.9850998,6.878189,3.1842108],"to":[3.0149007,10.878189,13.184211],"faces":{"east":{"uv":[7.252,4.502,7.873,4.748],"tintindex":0,"rotation":0,"texture":"#0"},"south":{"uv":[7.6895,6.4395,7.998,6.6855],"tintindex":0,"rotation":0,"texture":"#0"},"north":{"uv":[5.8145,7.6895,6.123,7.9355],"tintindex":0,"rotation":0,"texture":"#0"},"west":{"uv":[6.6895,7.252,7.3105,7.498],"tintindex":0,"rotation":0,"texture":"#0"},"up":{"uv":[7.3105,6.1855,7.002,5.5645],"tintindex":0,"rotation":0,"texture":"#0"},"down":{"uv":[6.3105,7.002,6.002,7.623],"tintindex":0,"rotation":0,"texture":"#0"}}},{"from":[5.5149,5.878189,0.18421078],"to":[10.5149,8.878189,2.1842108],"faces":{"east":{"uv":[6.8145,5.252,6.9355,5.4355],"tintindex":0,"rotation":0,"texture":"#0"},"south":{"uv":[0.377,7.9395,0.6855,8.123],"tintindex":0,"rotation":0,"texture":"#0"},"north":{"uv":[0.002,7.9395,0.3105,8.123],"tintindex":0,"rotation":0,"texture":"#0"},"west":{"uv":[5.8145,7.4395,5.9355,7.623],"tintindex":0,"rotation":0,"texture":"#0"},"up":{"uv":[8.1855,8.123,7.877,8.002],"tintindex":0,"rotation":0,"texture":"#0"},"down":{"uv":[8.373,6.4395,8.0645,6.5605],"tintindex":0,"rotation":0,"texture":"#0"}}},{"from":[3.0149007,6.878189,2.1842108],"to":[13.0149,15.878189,14.184211],"faces":{"east":{"uv":[4.877,2.502,5.623,3.0605],"tintindex":0,"rotation":0,"texture":"#0"},"south":{"uv":[5.9355,3.127,5.3145,3.6855],"tintindex":0,"rotation":0,"texture":"#0"},"north":{"uv":[5.3145,3.127,5.9355,3.6855],"tintindex":0,"rotation":0,"texture":"#0"},"west":{"uv":[3.8145,4.877,4.5605,5.4355],"tintindex":0,"rotation":0,"texture":"#0"},"up":{"uv":[0.623,4.748,0.002,4.002],"tintindex":0,"rotation":0,"texture":"#0"},"down":{"uv":[1.998,4.0645,1.377,4.8105],"tintindex":0,"rotation":0,"texture":"#0"}}},{"from":[-1.4850998,10.878189,3.6842108],"to":[17.5149,23.87819,12.684211],"faces":{"east":{"uv":[4.127,0.002,4.6855,0.8105],"tintindex":0,"rotation":0,"texture":"#0"},"south":{"uv":[1.4395,0.877,2.623,1.6855],"tintindex":0,"rotation":0,"texture":"#0"},"north":{"uv":[1.4395,0.002,2.623,0.8105],"tintindex":0,"rotation":0,"texture":"#0"},"west":{"uv":[4.127,3.127,4.6855,3.9355],"tintindex":0,"rotation":0,"texture":"#0"},"up":{"uv":[1.1855,3.0605,0.002,2.502],"tintindex":0,"rotation":0,"texture":"#0"},"down":{"uv":[2.4355,2.502,1.252,3.0605],"tintindex":0,"rotation":0,"texture":"#0"}}},{"from":[1.0149007,10.878189,3.1842108],"to":[15.0149,17.87819,12.184211],"faces":{"east":{"uv":[6.377,5.502,6.9355,5.9355],"tintindex":0,"rotation":0,"texture":"#0"},"south":{"uv":[1.8145,5.252,2.6855,5.6855],"tintindex":0,"rotation":0,"texture":"#0"},"north":{"uv":[5.1895,5.002,6.0605,5.4355],"tintindex":0,"rotation":0,"texture":"#0"},"west":{"uv":[1.502,6.502,2.0605,6.9355],"tintindex":0,"rotation":0,"texture":"#0"},"up":{"uv":[4.8105,2.4355,3.9395,1.877],"tintindex":0,"rotation":0,"texture":"#0"},"down":{"uv":[4.8105,2.502,3.9395,3.0605],"tintindex":0,"rotation":0,"texture":"#0"}}},{"from":[5.0149,8.878189,0.18421078],"to":[11.0149,12.878189,2.1842108],"faces":{"east":{"uv":[7.6895,8.127,7.8105,8.373],"tintindex":0,"rotation":0,"texture":"#0"},"south":{"uv":[7.4395,7.627,7.8105,7.873],"tintindex":0,"rotation":0,"texture":"#0"},"north":{"uv":[7.5645,6.9395,7.9355,7.1855],"tintindex":0,"rotation":0,"texture":"#0"},"west":{"uv":[4.002,8.1895,4.123,8.4355],"tintindex":0,"rotation":0,"texture":"#0"},"up":{"uv":[8.3105,2.748,7.9395,2.627],"tintindex":0,"rotation":0,"texture":"#0"},"down":{"uv":[8.3105,4.502,7.9395,4.623],"tintindex":0,"rotation":0,"texture":"#0"}}},{"from":[13.0149,6.878189,3.1842108],"to":[18.0149,10.878189,13.184211],"faces":{"east":{"uv":[7.3145,0.377,7.9355,0.623],"tintindex":0,"rotation":0,"texture":"#0"},"south":{"uv":[7.752,3.1895,8.0605,3.4355],"tintindex":0,"rotation":0,"texture":"#0"},"north":{"uv":[7.752,2.877,8.0605,3.123],"tintindex":0,"rotation":0,"texture":"#0"},"west":{"uv":[7.3145,0.6895,7.9355,0.9355],"tintindex":0,"rotation":0,"texture":"#0"},"up":{"uv":[5.248,7.6855,4.9395,7.0645],"tintindex":0,"rotation":0,"texture":"#0"},"down":{"uv":[7.498,1.252,7.1895,1.873],"tintindex":0,"rotation":0,"texture":"#0"}}}],"display":{"gui":{"rotation":[30,225,0]}}}