{"textures":{"0":"modelengine:entity/fire_imp"},"elements":[{"from":[6.8958335,1.649188,8.496728],"to":[9.895833,6.649188,11.496728],"faces":{"east":{"uv":[4.875,5.625,4.5,6.25],"tintindex":0,"rotation":0,"texture":"#0"},"south":{"uv":[4.375,5.625,4.0,6.25],"tintindex":0,"rotation":0,"texture":"#0"},"north":{"uv":[5.875,1.75,5.5,2.375],"tintindex":0,"rotation":0,"texture":"#0"},"west":{"uv":[3.875,5.625,3.5,6.25],"tintindex":0,"rotation":0,"texture":"#0"},"up":{"uv":[6.25,5.125,6.625,4.75],"tintindex":0,"rotation":0,"texture":"#0"},"down":{"uv":[5.0,6.25,5.375,6.625],"tintindex":0,"rotation":0,"texture":"#0"}},"rotation":{"origin":[9.895833,12.305486,13.031749],"angle":22.5,"axis":"x"}}],"display":{"gui":{"rotation":[30,225,0]}}}