{"textures":{"0":"modelengine:entity/fire_imp"},"elements":[{"from":[5.6899624,1.4079571,6.5],"to":[8.689962,7.407957,9.5],"faces":{"east":{"uv":[2.75,5.125,2.375,5.875],"tintindex":0,"rotation":0,"texture":"#0"},"south":{"uv":[5.375,1.75,5.0,2.5],"tintindex":0,"rotation":0,"texture":"#0"},"north":{"uv":[1.75,4.875,1.375,5.625],"tintindex":0,"rotation":0,"texture":"#0"},"west":{"uv":[2.25,4.875,1.875,5.625],"tintindex":0,"rotation":0,"texture":"#0"},"up":{"uv":[1.625,6.625,2.0,6.25],"tintindex":0,"rotation":0,"texture":"#0"},"down":{"uv":[6.25,3.75,6.625,4.125],"tintindex":0,"rotation":0,"texture":"#0"}},"rotation":{"origin":[10.727547,4.9194326,13.223796],"angle":-22.5,"axis":"z"}}],"display":{"gui":{"rotation":[30,225,0]}}}