{"textures":{"0":"modelengine:entity/fire_imp"},"elements":[{"from":[7.742665,-0.68190956,9.5],"to":[9.742664,1.3180904,9.5],"faces":{"south":{"uv":[7.375,4.625,7.625,4.875],"tintindex":0,"rotation":0,"texture":"#0"},"north":{"uv":[7.625,4.625,7.375,4.875],"tintindex":0,"rotation":0,"texture":"#0"}},"rotation":{"origin":[12.780249,9.829565,13.223796],"angle":-22.5,"axis":"z"}},{"from":[7.742665,3.3180904,6.5],"to":[9.742664,6.3180904,9.5],"faces":{"east":{"uv":[0.875,6.375,0.5,6.75],"tintindex":0,"rotation":0,"texture":"#0"},"south":{"uv":[2.25,7.0,2.0,7.375],"tintindex":0,"rotation":0,"texture":"#0"},"north":{"uv":[7.25,1.625,7.0,2.0],"tintindex":0,"rotation":0,"texture":"#0"},"west":{"uv":[0.375,6.375,0.0,6.75],"tintindex":0,"rotation":0,"texture":"#0"},"up":{"uv":[7.0,2.5,7.25,2.125],"tintindex":0,"rotation":0,"texture":"#0"},"down":{"uv":[7.0,2.625,7.25,3.0],"tintindex":0,"rotation":0,"texture":"#0"}},"rotation":{"origin":[12.780249,9.829565,13.223796],"angle":-22.5,"axis":"z"}},{"from":[7.742665,-0.68190956,8.0],"to":[9.742664,1.3180904,8.0],"faces":{"south":{"uv":[7.375,4.625,7.625,4.875],"tintindex":0,"rotation":0,"texture":"#0"},"north":{"uv":[7.625,4.625,7.375,4.875],"tintindex":0,"rotation":0,"texture":"#0"}},"rotation":{"origin":[12.780249,9.829565,13.223796],"angle":-22.5,"axis":"z"}},{"from":[7.742665,1.3180904,6.5],"to":[10.742664,3.3180904,9.5],"faces":{"east":{"uv":[7.5,0.375,7.125,0.625],"tintindex":0,"rotation":0,"texture":"#0"},"south":{"uv":[5.625,7.0,5.25,7.25],"tintindex":0,"rotation":0,"texture":"#0"},"north":{"uv":[6.375,2.25,6.0,2.5],"tintindex":0,"rotation":0,"texture":"#0"},"west":{"uv":[7.375,3.125,7.0,3.375],"tintindex":0,"rotation":0,"texture":"#0"},"up":{"uv":[6.375,1.5,6.75,1.125],"tintindex":0,"rotation":0,"texture":"#0"},"down":{"uv":[2.625,6.375,3.0,6.75],"tintindex":0,"rotation":0,"texture":"#0"}},"rotation":{"origin":[12.780249,9.829565,13.223796],"angle":-22.5,"axis":"z"}},{"from":[7.742665,-0.68190956,6.5],"to":[9.742664,1.3180904,6.5],"faces":{"south":{"uv":[7.375,4.625,7.625,4.875],"tintindex":0,"rotation":0,"texture":"#0"},"north":{"uv":[7.625,4.625,7.375,4.875],"tintindex":0,"rotation":0,"texture":"#0"}},"rotation":{"origin":[12.780249,9.829565,13.223796],"angle":-22.5,"axis":"z"}}],"display":{"gui":{"rotation":[30,225,0]}}}