{"textures":{"0":"modelengine:entity/toro_deep_creature"},"elements":[{"from":[-1.5,1.0,3.0],"to":[17.5,16.0,21.0],"faces":{"east":{"uv":[3.25,5.5,3.8125,5.96875],"tintindex":0,"rotation":0,"texture":"#0"},"south":{"uv":[5.5625,2.4375,6.15625,2.90625],"tintindex":0,"rotation":0,"texture":"#0"},"north":{"uv":[0.875,5.5,1.46875,5.96875],"tintindex":0,"rotation":0,"texture":"#0"},"west":{"uv":[5.59375,3.9375,6.15625,4.40625],"tintindex":0,"rotation":0,"texture":"#0"},"up":{"uv":[4.40625,5.46875,3.8125,4.90625],"tintindex":0,"rotation":0,"texture":"#0"},"down":{"uv":[5.5625,2.5625,4.96875,3.125],"tintindex":0,"rotation":0,"texture":"#0"}},"rotation":{"origin":[8.5,4.5,12.0],"angle":-22.5,"axis":"x"}},{"from":[-7.0,8.0,3.0],"to":[23.0,15.0,21.0],"faces":{"east":{"uv":[7.46875,4.0625,8.03125,4.28125],"tintindex":0,"rotation":0,"texture":"#0"},"south":{"uv":[6.25,1.34375,7.1875,1.5625],"tintindex":0,"rotation":0,"texture":"#0"},"north":{"uv":[6.21875,2.15625,7.15625,2.375],"tintindex":0,"rotation":0,"texture":"#0"},"west":{"uv":[7.46875,4.28125,8.03125,4.5],"tintindex":0,"rotation":0,"texture":"#0"},"up":{"uv":[1.5,4.28125,0.5625,3.71875],"tintindex":0,"rotation":0,"texture":"#0"},"down":{"uv":[2.4375,3.78125,1.5,4.34375],"tintindex":0,"rotation":0,"texture":"#0"}}}],"display":{"gui":{"rotation":[30,225,0]}}}