{"textures":{"0":"modelengine:entity/toro_deep_creature"},"elements":[{"from":[7.5,-4.25,-6.5],"to":[11.5,5.75,-2.5],"faces":{"east":{"uv":[5.21875,6.96875,5.34375,7.28125],"tintindex":0,"rotation":0,"texture":"#0"},"south":{"uv":[5.25,8.53125,5.375,8.84375],"tintindex":0,"rotation":0,"texture":"#0"},"north":{"uv":[3.5,1.625,3.625,1.9375],"tintindex":0,"rotation":0,"texture":"#0"},"west":{"uv":[1.5625,8.5625,1.6875,8.875],"tintindex":0,"rotation":0,"texture":"#0"},"up":{"uv":[8.28125,7.5625,8.15625,7.4375],"tintindex":0,"rotation":0,"texture":"#0"},"down":{"uv":[8.3125,5.65625,8.1875,5.78125],"tintindex":0,"rotation":0,"texture":"#0"}},"rotation":{"origin":[9.5,7.5,-7.5],"angle":22.5,"axis":"x"}},{"from":[7.0,0.5,-9.25],"to":[12.0,6.5,-2.25],"faces":{"east":{"uv":[8.40625,1.15625,8.625,1.34375],"tintindex":0,"rotation":0,"texture":"#0"},"south":{"uv":[7.15625,2.1875,7.3125,2.375],"tintindex":0,"rotation":0,"texture":"#0"},"north":{"uv":[4.0,6.8125,4.15625,7.0],"tintindex":0,"rotation":0,"texture":"#0"},"west":{"uv":[8.5,5.65625,8.71875,5.84375],"tintindex":0,"rotation":0,"texture":"#0"},"up":{"uv":[5.71875,3.125,5.5625,2.90625],"tintindex":0,"rotation":0,"texture":"#0"},"down":{"uv":[6.21875,0.84375,6.0625,1.0625],"tintindex":0,"rotation":0,"texture":"#0"}},"rotation":{"origin":[9.5,7.5,-7.5],"angle":-45.0,"axis":"x"}},{"from":[6.0,4.0,-3.0],"to":[13.0,11.0,6.0],"faces":{"east":{"uv":[0.4375,8.125,0.71875,8.34375],"tintindex":0,"rotation":0,"texture":"#0"},"south":{"uv":[8.46875,2.5625,8.6875,2.78125],"tintindex":0,"rotation":0,"texture":"#0"},"north":{"uv":[2.34375,8.46875,2.5625,8.6875],"tintindex":0,"rotation":0,"texture":"#0"},"west":{"uv":[8.125,2.84375,8.40625,3.0625],"tintindex":0,"rotation":0,"texture":"#0"},"up":{"uv":[3.09375,8.40625,2.875,8.125],"tintindex":0,"rotation":0,"texture":"#0"},"down":{"uv":[3.96875,8.125,3.75,8.40625],"tintindex":0,"rotation":0,"texture":"#0"}}}],"display":{"gui":{"rotation":[30,225,0]}}}