{"textures":{"0":"modelengine:entity/toro_deep_creature"},"elements":[{"from":[1.0,-14.0,12.0],"to":[6.0,-4.0,18.0],"faces":{"east":{"uv":[4.59375,8.1875,4.78125,8.5],"tintindex":0,"rotation":0,"texture":"#0"},"south":{"uv":[2.9375,8.40625,3.09375,8.71875],"tintindex":0,"rotation":0,"texture":"#0"},"north":{"uv":[2.78125,8.40625,2.9375,8.71875],"tintindex":0,"rotation":0,"texture":"#0"},"west":{"uv":[4.78125,8.1875,4.96875,8.5],"tintindex":0,"rotation":0,"texture":"#0"},"up":{"uv":[7.125,8.875,6.96875,8.6875],"tintindex":0,"rotation":0,"texture":"#0"},"down":{"uv":[8.84375,7.03125,8.6875,7.21875],"tintindex":0,"rotation":0,"texture":"#0"}}},{"from":[10.0,-14.0,5.0],"to":[15.0,-4.0,11.0],"faces":{"east":{"uv":[8.15625,7.125,8.34375,7.4375],"tintindex":0,"rotation":0,"texture":"#0"},"south":{"uv":[0.25,8.40625,0.40625,8.71875],"tintindex":0,"rotation":0,"texture":"#0"},"north":{"uv":[6.8125,8.375,6.96875,8.6875],"tintindex":0,"rotation":0,"texture":"#0"},"west":{"uv":[4.40625,8.1875,4.59375,8.5],"tintindex":0,"rotation":0,"texture":"#0"},"up":{"uv":[6.96875,8.875,6.8125,8.6875],"tintindex":0,"rotation":0,"texture":"#0"},"down":{"uv":[8.84375,6.84375,8.6875,7.03125],"tintindex":0,"rotation":0,"texture":"#0"}}},{"from":[10.0,-14.0,12.0],"to":[15.0,-9.0,18.0],"faces":{"east":{"uv":[8.6875,7.21875,8.875,7.375],"tintindex":0,"rotation":0,"texture":"#0"},"south":{"uv":[8.21875,8.78125,8.375,8.9375],"tintindex":0,"rotation":0,"texture":"#0"},"north":{"uv":[6.5625,8.78125,6.71875,8.9375],"tintindex":0,"rotation":0,"texture":"#0"},"west":{"uv":[7.34375,8.6875,7.53125,8.84375],"tintindex":0,"rotation":0,"texture":"#0"},"up":{"uv":[7.6875,8.875,7.53125,8.6875],"tintindex":0,"rotation":0,"texture":"#0"},"down":{"uv":[8.84375,7.9375,8.6875,8.125],"tintindex":0,"rotation":0,"texture":"#0"}}},{"from":[1.0,-14.0,5.0],"to":[4.0,-6.0,8.0],"faces":{"east":{"uv":[8.84375,6.84375,8.9375,7.09375],"tintindex":0,"rotation":0,"texture":"#0"},"south":{"uv":[7.28125,8.84375,7.375,9.09375],"tintindex":0,"rotation":0,"texture":"#0"},"north":{"uv":[6.71875,8.84375,6.8125,9.09375],"tintindex":0,"rotation":0,"texture":"#0"},"west":{"uv":[7.375,8.84375,7.46875,9.09375],"tintindex":0,"rotation":0,"texture":"#0"},"up":{"uv":[8.53125,0.625,8.4375,0.53125],"tintindex":0,"rotation":0,"texture":"#0"},"down":{"uv":[8.59375,0.21875,8.5,0.3125],"tintindex":0,"rotation":0,"texture":"#0"}}},{"from":[2.0,-13.0,6.0],"to":[14.0,8.0,17.0],"faces":{"east":{"uv":[4.625,6.0,4.96875,6.65625],"tintindex":0,"rotation":0,"texture":"#0"},"south":{"uv":[1.46875,5.875,1.84375,6.53125],"tintindex":0,"rotation":0,"texture":"#0"},"north":{"uv":[5.875,1.0625,6.25,1.71875],"tintindex":0,"rotation":0,"texture":"#0"},"west":{"uv":[3.5,6.15625,3.84375,6.8125],"tintindex":0,"rotation":0,"texture":"#0"},"up":{"uv":[7.75,3.4375,7.375,3.09375],"tintindex":0,"rotation":0,"texture":"#0"},"down":{"uv":[7.75,3.4375,7.375,3.78125],"tintindex":0,"rotation":0,"texture":"#0"}}},{"from":[6.0,-14.0,4.0],"to":[9.0,-9.0,6.0],"faces":{"east":{"uv":[4.6875,4.0625,4.75,4.21875],"tintindex":0,"rotation":0,"texture":"#0"},"south":{"uv":[0.25,8.90625,0.34375,9.0625],"tintindex":0,"rotation":0,"texture":"#0"},"north":{"uv":[0.0,8.90625,0.09375,9.0625],"tintindex":0,"rotation":0,"texture":"#0"},"west":{"uv":[3.75,5.96875,3.8125,6.125],"tintindex":0,"rotation":0,"texture":"#0"},"up":{"uv":[6.65625,0.84375,6.5625,0.78125],"tintindex":0,"rotation":0,"texture":"#0"},"down":{"uv":[2.1875,6.90625,2.09375,6.96875],"tintindex":0,"rotation":0,"texture":"#0"}}}],"display":{"gui":{"rotation":[30,225,0]}}}