{"textures":{"0":"modelengine:entity/cerberus_sleep"},"elements":[{"from":[7.5,7.5,7.5],"to":[8.5,8.5,8.5],"faces":{"east":{"uv":[0.0,0.0,0.5,0.5],"tintindex":0,"rotation":0,"texture":"#0"},"south":{"uv":[0.0,0.0,0.5,0.5],"tintindex":0,"rotation":0,"texture":"#0"},"north":{"uv":[0.0,0.0,0.5,0.5],"tintindex":0,"rotation":0,"texture":"#0"},"west":{"uv":[0.0,0.0,0.5,0.5],"tintindex":0,"rotation":0,"texture":"#0"},"up":{"uv":[0.0,0.0,0.5,0.5],"tintindex":0,"rotation":0,"texture":"#0"},"down":{"uv":[0.0,0.0,0.5,0.5],"tintindex":0,"rotation":0,"texture":"#0"}}}],"display":{"gui":{"rotation":[30,225,0]}}}