{"textures":{"0":"modelengine:entity/pirate_swordsman"},"elements":[{"from":[5.1104,2.7575989,1.6472001],"to":[10.8896,6.6103992,5.5],"faces":{"east":{"uv":[9.75,9.0,10.25,9.5],"tintindex":0,"rotation":0,"texture":"#0"},"south":{"uv":[7.5,0.75,8.25,1.25],"tintindex":0,"rotation":0,"texture":"#0"},"north":{"uv":[0.0,7.5,0.75,8.0],"tintindex":0,"rotation":0,"texture":"#0"},"west":{"uv":[9.75,9.75,10.25,10.25],"tintindex":0,"rotation":0,"texture":"#0"},"up":{"uv":[8.25,2.0,7.5,1.5],"tintindex":0,"rotation":0,"texture":"#0"},"down":{"uv":[4.75,7.5,4.0,8.0],"tintindex":0,"rotation":0,"texture":"#0"}}},{"from":[3.184,6.6103992,1.6472001],"to":[12.816,14.316,11.2792],"faces":{"east":{"uv":[0.0,3.5,1.25,4.5],"tintindex":0,"rotation":0,"texture":"#0"},"south":{"uv":[3.5,2.5,4.75,3.5],"tintindex":0,"rotation":0,"texture":"#0"},"north":{"uv":[3.25,1.25,4.5,2.25],"tintindex":0,"rotation":0,"texture":"#0"},"west":{"uv":[3.5,3.75,4.75,4.75],"tintindex":0,"rotation":0,"texture":"#0"},"up":{"uv":[3.0,1.25,1.75,0.0],"tintindex":0,"rotation":0,"texture":"#0"},"down":{"uv":[3.0,1.5,1.75,2.75],"tintindex":0,"rotation":0,"texture":"#0"}}},{"from":[2.7024002,10.463198,1.1655998],"to":[13.2976,16.2424,11.7608],"faces":{"east":{"uv":[5.0,3.5,6.375,4.25],"tintindex":0,"rotation":0,"texture":"#0"},"south":{"uv":[5.0,4.5,6.375,5.25],"tintindex":0,"rotation":0,"texture":"#0"},"north":{"uv":[3.25,5.0,4.625,5.75],"tintindex":0,"rotation":0,"texture":"#0"},"west":{"uv":[0.0,5.5,1.375,6.25],"tintindex":0,"rotation":0,"texture":"#0"},"up":{"uv":[1.375,1.375,0.0,0.0],"tintindex":0,"rotation":0,"texture":"#0"},"down":{"uv":[1.375,1.75,0.0,3.125],"tintindex":0,"rotation":0,"texture":"#0"}}}],"display":{"gui":{"rotation":[30,225,0]}}}