{"textures":{"0":"modelengine:entity/pirate_swordsman"},"elements":[{"from":[6.5551996,2.5183992,6.5552],"to":[9.444799,8.2976,9.4448],"faces":{"east":{"uv":[8.25,9.0,8.625,9.75],"tintindex":0,"rotation":0,"texture":"#0"},"south":{"uv":[9.0,9.0,9.375,9.75],"tintindex":0,"rotation":0,"texture":"#0"},"north":{"uv":[9.0,8.0,9.375,8.75],"tintindex":0,"rotation":0,"texture":"#0"},"west":{"uv":[0.0,9.25,0.375,10.0],"tintindex":0,"rotation":0,"texture":"#0"},"up":{"uv":[7.625,11.125,7.25,10.75],"tintindex":0,"rotation":0,"texture":"#0"},"down":{"uv":[8.375,10.75,8.0,11.125],"tintindex":0,"rotation":0,"texture":"#0"}}}],"display":{"gui":{"rotation":[30,225,0]}}}