{"textures":{"0":"modelengine:entity/pirate_swordsman"},"elements":[{"from":[6.0736,2.2868,6.5552],"to":[9.9264,8.066,10.408],"faces":{"east":{"uv":[6.75,8.0,7.25,8.75],"tintindex":0,"rotation":0,"texture":"#0"},"south":{"uv":[7.5,8.0,8.0,8.75],"tintindex":0,"rotation":0,"texture":"#0"},"north":{"uv":[6.0,8.0,6.5,8.75],"tintindex":0,"rotation":0,"texture":"#0"},"west":{"uv":[0.0,8.25,0.5,9.0],"tintindex":0,"rotation":0,"texture":"#0"},"up":{"uv":[6.5,10.5,6.0,10.0],"tintindex":0,"rotation":0,"texture":"#0"},"down":{"uv":[10.5,6.0,10.0,6.5],"tintindex":0,"rotation":0,"texture":"#0"}}}],"display":{"gui":{"rotation":[30,225,0]}}}