{"textures":{"0":"modelengine:entity/pirate_swordsman"},"elements":[{"from":[6.0736,5.311634,9.181837],"to":[9.926399,9.164434,13.034637],"faces":{"east":{"uv":[10.0,0.75,10.5,1.25],"tintindex":0,"rotation":0,"texture":"#0"},"south":{"uv":[10.0,1.5,10.5,2.0],"tintindex":0,"rotation":0,"texture":"#0"},"north":{"uv":[10.0,0.0,10.5,0.5],"tintindex":0,"rotation":0,"texture":"#0"},"west":{"uv":[10.0,2.25,10.5,2.75],"tintindex":0,"rotation":0,"texture":"#0"},"up":{"uv":[10.5,3.5,10.0,3.0],"tintindex":0,"rotation":0,"texture":"#0"},"down":{"uv":[10.5,3.75,10.0,4.25],"tintindex":0,"rotation":0,"texture":"#0"}},"rotation":{"origin":[15.7056,-1.0955887,7.134281],"angle":-22.5,"axis":"x"}},{"from":[6.5551996,1.1937199,6.6830006],"to":[9.444799,6.9729195,9.5726],"faces":{"east":{"uv":[6.0,9.0,6.375,9.75],"tintindex":0,"rotation":0,"texture":"#0"},"south":{"uv":[6.75,9.0,7.125,9.75],"tintindex":0,"rotation":0,"texture":"#0"},"north":{"uv":[8.5,7.0,8.875,7.75],"tintindex":0,"rotation":0,"texture":"#0"},"west":{"uv":[7.5,9.0,7.875,9.75],"tintindex":0,"rotation":0,"texture":"#0"},"up":{"uv":[6.125,11.125,5.75,10.75],"tintindex":0,"rotation":0,"texture":"#0"},"down":{"uv":[6.875,10.75,6.5,11.125],"tintindex":0,"rotation":0,"texture":"#0"}}}],"display":{"gui":{"rotation":[30,225,0]}}}