{"textures":{"0":"modelengine:entity/pirate_swordsman"},"elements":[{"from":[6.0736,1.7474666,6.3946667],"to":[9.9264,7.5266666,10.247467],"faces":{"east":{"uv":[7.75,3.25,8.25,4.0],"tintindex":0,"rotation":0,"texture":"#0"},"south":{"uv":[7.75,5.0,8.25,5.75],"tintindex":0,"rotation":0,"texture":"#0"},"north":{"uv":[7.75,2.25,8.25,3.0],"tintindex":0,"rotation":0,"texture":"#0"},"west":{"uv":[7.75,6.0,8.25,6.75],"tintindex":0,"rotation":0,"texture":"#0"},"up":{"uv":[10.5,5.0,10.0,4.5],"tintindex":0,"rotation":0,"texture":"#0"},"down":{"uv":[10.5,5.25,10.0,5.75],"tintindex":0,"rotation":0,"texture":"#0"}}}],"display":{"gui":{"rotation":[30,225,0]}}}