{"textures":{"0":"modelengine:entity/pirate_swordsman"},"elements":[{"from":[4.1472,7.476713,9.362682],"to":[11.8528,11.329514,15.141882],"faces":{"east":{"uv":[5.0,7.5,5.75,8.0],"tintindex":0,"rotation":0,"texture":"#0"},"south":{"uv":[6.75,4.25,7.75,4.75],"tintindex":0,"rotation":0,"texture":"#0"},"north":{"uv":[0.0,4.75,1.0,5.25],"tintindex":0,"rotation":0,"texture":"#0"},"west":{"uv":[1.0,7.75,1.75,8.25],"tintindex":0,"rotation":0,"texture":"#0"},"up":{"uv":[5.75,7.25,4.75,6.5],"tintindex":0,"rotation":0,"texture":"#0"},"down":{"uv":[7.5,5.5,6.5,6.25],"tintindex":0,"rotation":0,"texture":"#0"}},"rotation":{"origin":[8.0,-2.78331,8.278326],"angle":-22.5,"axis":"x"}}],"display":{"gui":{"rotation":[30,225,0]}}}