{"textures":{"0":"modelengine:entity/pirate_swordsman"},"elements":[{"from":[6.0736,1.7474666,6.3946667],"to":[9.9264,7.5266666,10.247467],"faces":{"east":{"uv":[8.25,6.0,7.75,6.75],"tintindex":0,"rotation":0,"texture":"#0"},"south":{"uv":[8.25,5.0,7.75,5.75],"tintindex":0,"rotation":0,"texture":"#0"},"north":{"uv":[8.25,2.25,7.75,3.0],"tintindex":0,"rotation":0,"texture":"#0"},"west":{"uv":[8.25,3.25,7.75,4.0],"tintindex":0,"rotation":0,"texture":"#0"},"up":{"uv":[10.0,5.0,10.5,4.5],"tintindex":0,"rotation":0,"texture":"#0"},"down":{"uv":[10.0,5.25,10.5,5.75],"tintindex":0,"rotation":0,"texture":"#0"}}}],"display":{"gui":{"rotation":[30,225,0]}}}