{"textures":{"0":"modelengine:entity/pirate_swordsman"},"elements":[{"from":[6.0736003,4.0736,6.0736],"to":[9.9264,7.9264,9.9264],"faces":{"east":{"uv":[8.75,10.0,8.25,10.5],"tintindex":0,"rotation":0,"texture":"#0"},"south":{"uv":[8.0,10.0,7.5,10.5],"tintindex":0,"rotation":0,"texture":"#0"},"north":{"uv":[7.25,10.0,6.75,10.5],"tintindex":0,"rotation":0,"texture":"#0"},"west":{"uv":[10.5,6.75,10.0,7.25],"tintindex":0,"rotation":0,"texture":"#0"},"up":{"uv":[9.0,10.5,9.5,10.0],"tintindex":0,"rotation":0,"texture":"#0"},"down":{"uv":[0.0,10.25,0.5,10.75],"tintindex":0,"rotation":0,"texture":"#0"}}}],"display":{"gui":{"rotation":[30,225,0]}}}