{"textures":{"0":"modelengine:entity/pirate_swordsman"},"elements":[{"from":[6.0736,6.0368,4.3604],"to":[9.9264,7.9632,10.1396],"faces":{"east":{"uv":[11.5,3.0,10.75,3.25],"tintindex":0,"rotation":0,"texture":"#0"},"south":{"uv":[3.5,11.0,3.0,11.25],"tintindex":0,"rotation":0,"texture":"#0"},"north":{"uv":[4.5,7.0,4.0,7.25],"tintindex":0,"rotation":0,"texture":"#0"},"west":{"uv":[7.5,5.0,6.75,5.25],"tintindex":0,"rotation":0,"texture":"#0"},"up":{"uv":[2.0,9.0,2.5,8.25],"tintindex":0,"rotation":0,"texture":"#0"},"down":{"uv":[4.0,8.25,4.5,9.0],"tintindex":0,"rotation":0,"texture":"#0"}}}],"display":{"gui":{"rotation":[30,225,0]}}}