{"textures":{"0":"modelengine:entity/pirate_swordsman"},"elements":[{"from":[6.0736003,5.311634,9.181837],"to":[9.9264,9.164434,13.034637],"faces":{"east":{"uv":[10.5,2.25,10.0,2.75],"tintindex":0,"rotation":0,"texture":"#0"},"south":{"uv":[10.5,1.5,10.0,2.0],"tintindex":0,"rotation":0,"texture":"#0"},"north":{"uv":[10.5,0.0,10.0,0.5],"tintindex":0,"rotation":0,"texture":"#0"},"west":{"uv":[10.5,0.75,10.0,1.25],"tintindex":0,"rotation":0,"texture":"#0"},"up":{"uv":[10.0,3.5,10.5,3.0],"tintindex":0,"rotation":0,"texture":"#0"},"down":{"uv":[10.0,3.75,10.5,4.25],"tintindex":0,"rotation":0,"texture":"#0"}},"rotation":{"origin":[0.29440022,-1.0955887,7.134281],"angle":-22.5,"axis":"x"}},{"from":[6.5552,1.1937199,6.6830006],"to":[9.4448,6.9729195,9.5726],"faces":{"east":{"uv":[7.875,9.0,7.5,9.75],"tintindex":0,"rotation":0,"texture":"#0"},"south":{"uv":[7.125,9.0,6.75,9.75],"tintindex":0,"rotation":0,"texture":"#0"},"north":{"uv":[8.875,7.0,8.5,7.75],"tintindex":0,"rotation":0,"texture":"#0"},"west":{"uv":[6.375,9.0,6.0,9.75],"tintindex":0,"rotation":0,"texture":"#0"},"up":{"uv":[5.75,11.125,6.125,10.75],"tintindex":0,"rotation":0,"texture":"#0"},"down":{"uv":[6.5,10.75,6.875,11.125],"tintindex":0,"rotation":0,"texture":"#0"}}}],"display":{"gui":{"rotation":[30,225,0]}}}