{"textures":{"0":"modelengine:entity/pirate_swordsman"},"elements":[{"from":[2.2208,13.277571,7.045931],"to":[13.7792,20.983171,12.82513],"faces":{"east":{"uv":[6.5,1.0,7.25,2.0],"tintindex":0,"rotation":0,"texture":"#0"},"south":{"uv":[3.25,0.0,4.75,1.0],"tintindex":0,"rotation":0,"texture":"#0"},"north":{"uv":[1.75,3.0,3.25,4.0],"tintindex":0,"rotation":0,"texture":"#0"},"west":{"uv":[1.5,6.5,2.25,7.5],"tintindex":0,"rotation":0,"texture":"#0"},"up":{"uv":[6.5,0.75,5.0,0.0],"tintindex":0,"rotation":0,"texture":"#0"},"down":{"uv":[6.5,2.5,5.0,3.25],"tintindex":0,"rotation":0,"texture":"#0"}},"rotation":{"origin":[8.0,10.723148,5.9615746],"angle":-22.5,"axis":"x"}},{"from":[3.184,9.936691,5.5065384],"to":[12.816,15.715891,11.285739],"faces":{"east":{"uv":[6.75,2.25,7.5,3.0],"tintindex":0,"rotation":0,"texture":"#0"},"south":{"uv":[5.0,5.5,6.25,6.25],"tintindex":0,"rotation":0,"texture":"#0"},"north":{"uv":[1.75,5.5,3.0,6.25],"tintindex":0,"rotation":0,"texture":"#0"},"west":{"uv":[6.75,3.25,7.5,4.0],"tintindex":0,"rotation":0,"texture":"#0"},"up":{"uv":[4.5,6.75,3.25,6.0],"tintindex":0,"rotation":0,"texture":"#0"},"down":{"uv":[1.25,6.5,0.0,7.25],"tintindex":0,"rotation":0,"texture":"#0"}}},{"from":[2.7024002,6.083892,5.0515685],"to":[13.2976,9.936691,11.793968],"faces":{"east":{"uv":[6.0,7.25,6.875,7.75],"tintindex":0,"rotation":0,"texture":"#0"},"south":{"uv":[6.75,0.0,8.125,0.5],"tintindex":0,"rotation":0,"texture":"#0"},"north":{"uv":[6.0,6.5,7.375,7.0],"tintindex":0,"rotation":0,"texture":"#0"},"west":{"uv":[7.25,7.25,8.125,7.75],"tintindex":0,"rotation":0,"texture":"#0"},"up":{"uv":[2.875,5.125,1.5,4.25],"tintindex":0,"rotation":0,"texture":"#0"},"down":{"uv":[6.125,1.25,4.75,2.125],"tintindex":0,"rotation":0,"texture":"#0"}}}],"display":{"gui":{"rotation":[30,225,0]}}}