{"textures":{"0":"modelengine:entity/pirate_swordsman"},"elements":[{"from":[7.5184,10.36593,9.713208],"to":[8.4816,14.21873,11.158008],"faces":{"east":{"uv":[9.5,11.25,10.0,11.5],"tintindex":0,"rotation":90,"texture":"#0"},"south":{"uv":[6.375,11.5,6.25,12.0],"tintindex":0,"rotation":0,"texture":"#0"},"north":{"uv":[5.875,12.0,5.75,11.5],"tintindex":0,"rotation":180,"texture":"#0"},"west":{"uv":[11.25,9.75,11.75,10.0],"tintindex":0,"rotation":270,"texture":"#0"},"up":{"uv":[11.75,5.0,11.875,5.25],"tintindex":0,"rotation":0,"texture":"#0"},"down":{"uv":[11.75,4.5,11.875,4.75],"tintindex":0,"rotation":180,"texture":"#0"}},"rotation":{"origin":[8.0,7.5,0.5],"angle":45.0,"axis":"x"}},{"from":[7.54248,2.9904838,-12.766584],"to":[8.45752,5.880084,-6.987385],"faces":{"east":{"uv":[9.25,7.0,9.625,7.75],"tintindex":0,"rotation":90,"texture":"#0"},"south":{"uv":[2.625,11.75,2.5,12.125],"tintindex":0,"rotation":0,"texture":"#0"},"north":{"uv":[2.125,12.125,2.0,11.75],"tintindex":0,"rotation":180,"texture":"#0"},"west":{"uv":[0.75,9.5,1.125,10.25],"tintindex":0,"rotation":270,"texture":"#0"},"up":{"uv":[11.5,1.0,11.625,1.75],"tintindex":0,"rotation":0,"texture":"#0"},"down":{"uv":[11.5,0.0,11.625,0.75],"tintindex":0,"rotation":180,"texture":"#0"}},"rotation":{"origin":[8.0,7.5,0.5],"angle":22.5,"axis":"x"}},{"from":[7.7592,4.7347927,11.783163],"to":[8.2408,8.587592,12.746363],"faces":{"east":{"uv":[6.75,11.5,7.25,11.625],"tintindex":0,"rotation":90,"texture":"#0"},"south":{"uv":[8.875,11.5,8.75,12.0],"tintindex":0,"rotation":0,"texture":"#0"},"north":{"uv":[8.375,12.0,8.25,11.5],"tintindex":0,"rotation":180,"texture":"#0"},"west":{"uv":[7.5,11.5,8.0,11.625],"tintindex":0,"rotation":270,"texture":"#0"},"up":{"uv":[11.75,7.5,11.875,7.625],"tintindex":0,"rotation":0,"texture":"#0"},"down":{"uv":[11.75,7.0,11.875,7.125],"tintindex":0,"rotation":180,"texture":"#0"}}},{"from":[7.0368,6.8568306,4.0610805],"to":[8.9632,8.783231,13.21148],"faces":{"east":{"uv":[5.5,8.25,5.75,9.5],"tintindex":0,"rotation":90,"texture":"#0"},"south":{"uv":[3.0,9.75,2.75,10.0],"tintindex":0,"rotation":0,"texture":"#0"},"north":{"uv":[2.25,8.0,2.0,7.75],"tintindex":0,"rotation":180,"texture":"#0"},"west":{"uv":[3.25,8.75,3.5,10.0],"tintindex":0,"rotation":270,"texture":"#0"},"up":{"uv":[1.5,8.5,1.75,9.75],"tintindex":0,"rotation":0,"texture":"#0"},"down":{"uv":[2.75,8.25,3.0,9.5],"tintindex":0,"rotation":180,"texture":"#0"}}},{"from":[7.5184,6.1593094,-8.127562],"to":[8.4816,9.04891,3.4308376],"faces":{"east":{"uv":[2.5,6.5,2.875,8.0],"tintindex":0,"rotation":90,"texture":"#0"},"south":{"uv":[1.625,11.75,1.5,12.125],"tintindex":0,"rotation":0,"texture":"#0"},"north":{"uv":[1.125,12.125,1.0,11.75],"tintindex":0,"rotation":180,"texture":"#0"},"west":{"uv":[3.25,7.0,3.625,8.5],"tintindex":0,"rotation":270,"texture":"#0"},"up":{"uv":[10.75,5.5,10.875,7.0],"tintindex":0,"rotation":0,"texture":"#0"},"down":{"uv":[5.25,10.75,5.375,12.25],"tintindex":0,"rotation":180,"texture":"#0"}}},{"from":[7.5665603,-1.7431526,-15.810209],"to":[8.43344,1.1464477,-10.031008],"faces":{"east":{"uv":[5.25,9.75,5.625,10.5],"tintindex":0,"rotation":90,"texture":"#0"},"south":{"uv":[11.875,3.75,11.75,4.125],"tintindex":0,"rotation":0,"texture":"#0"},"north":{"uv":[11.875,3.375,11.75,3.0],"tintindex":0,"rotation":180,"texture":"#0"},"west":{"uv":[9.75,8.0,10.125,8.75],"tintindex":0,"rotation":270,"texture":"#0"},"up":{"uv":[3.0,11.5,3.125,12.25],"tintindex":0,"rotation":0,"texture":"#0"},"down":{"uv":[11.5,2.0,11.625,2.75],"tintindex":0,"rotation":180,"texture":"#0"}},"rotation":{"origin":[8.0,7.5,0.5],"angle":45.0,"axis":"x"}},{"from":[7.59064,19.067112,-14.281485],"to":[8.40936,22.91991,-12.836685],"faces":{"east":{"uv":[10.25,11.25,10.75,11.5],"tintindex":0,"rotation":90,"texture":"#0"},"south":{"uv":[0.625,11.75,0.5,12.25],"tintindex":0,"rotation":0,"texture":"#0"},"north":{"uv":[0.125,12.25,0.0,11.75],"tintindex":0,"rotation":180,"texture":"#0"},"west":{"uv":[11.25,10.25,11.75,10.5],"tintindex":0,"rotation":270,"texture":"#0"},"up":{"uv":[11.75,6.5,11.875,6.75],"tintindex":0,"rotation":0,"texture":"#0"},"down":{"uv":[11.75,6.0,11.875,6.25],"tintindex":0,"rotation":180,"texture":"#0"}},"rotation":{"origin":[8.0,7.5,0.5],"angle":-22.5,"axis":"x"}},{"from":[7.2776003,1.9901686,6.1551785],"to":[8.722401,3.4349685,10.007978],"faces":{"east":{"uv":[11.25,7.5,11.5,8.0],"tintindex":0,"rotation":90,"texture":"#0"},"south":{"uv":[4.75,11.5,4.5,11.75],"tintindex":0,"rotation":0,"texture":"#0"},"north":{"uv":[4.25,11.75,4.0,11.5],"tintindex":0,"rotation":180,"texture":"#0"},"west":{"uv":[11.25,9.0,11.5,9.5],"tintindex":0,"rotation":270,"texture":"#0"},"up":{"uv":[11.25,8.25,11.5,8.75],"tintindex":0,"rotation":0,"texture":"#0"},"down":{"uv":[11.25,6.75,11.5,7.25],"tintindex":0,"rotation":180,"texture":"#0"}}},{"from":[6.5552,4.71451,3.4308376],"to":[9.444799,10.49371,5.357238],"faces":{"east":{"uv":[10.75,4.5,11.5,4.75],"tintindex":0,"rotation":90,"texture":"#0"},"south":{"uv":[9.625,6.0,9.25,6.75],"tintindex":0,"rotation":0,"texture":"#0"},"north":{"uv":[9.625,5.75,9.25,5.0],"tintindex":0,"rotation":180,"texture":"#0"},"west":{"uv":[10.75,5.0,11.5,5.25],"tintindex":0,"rotation":270,"texture":"#0"},"up":{"uv":[11.0,11.25,11.375,11.5],"tintindex":0,"rotation":0,"texture":"#0"},"down":{"uv":[11.25,10.75,11.625,11.0],"tintindex":0,"rotation":180,"texture":"#0"}}},{"from":[7.0368,-0.39485455,0.6027765],"to":[8.9632,3.4579458,2.5291767],"faces":{"east":{"uv":[0.75,11.25,1.25,11.5],"tintindex":0,"rotation":90,"texture":"#0"},"south":{"uv":[11.5,6.0,11.25,6.5],"tintindex":0,"rotation":0,"texture":"#0"},"north":{"uv":[8.25,4.75,8.0,4.25],"tintindex":0,"rotation":180,"texture":"#0"},"west":{"uv":[11.25,5.5,11.75,5.75],"tintindex":0,"rotation":270,"texture":"#0"},"up":{"uv":[3.5,11.5,3.75,11.75],"tintindex":0,"rotation":0,"texture":"#0"},"down":{"uv":[10.0,7.5,10.25,7.75],"tintindex":0,"rotation":180,"texture":"#0"}},"rotation":{"origin":[8.0,7.5,0.5],"angle":-45.0,"axis":"x"}}],"display":{"gui":{"rotation":[30,225,0]}}}