{"textures":{"0":"modelengine:entity/mso_twinkler"},"elements":[{"from":[2.0,0.666667,0.6875],"to":[14.0,12.666667,8.6875],"faces":{"east":{"uv":[3.75,3.75,4.75,5.25],"tintindex":0,"rotation":0,"texture":"#0"},"south":{"uv":[1.5,2.0,3.0,3.5],"tintindex":0,"rotation":0,"texture":"#0"},"north":{"uv":[0.0,2.0,1.5,3.5],"tintindex":0,"rotation":0,"texture":"#0"},"west":{"uv":[4.25,0.0,5.25,1.5],"tintindex":0,"rotation":0,"texture":"#0"},"up":{"uv":[5.75,2.5,4.25,1.5],"tintindex":0,"rotation":0,"texture":"#0"},"down":{"uv":[5.75,2.5,4.25,3.5],"tintindex":0,"rotation":0,"texture":"#0"}}}],"display":{"gui":{"rotation":[30,225,0]}}}