{"textures":{"0":"modelengine:entity/mso_twinkler"},"elements":[{"from":[4.0,11.0,2.3812494],"to":[4.0,15.0,8.38125],"faces":{"east":{"uv":[7.0,6.0,7.75,6.5],"tintindex":0,"rotation":0,"texture":"#0"},"west":{"uv":[7.0,6.5,7.75,7.0],"tintindex":0,"rotation":0,"texture":"#0"}}},{"from":[4.0,3.0,2.3812494],"to":[12.0,11.0,8.38125],"faces":{"east":{"uv":[5.75,3.25,6.5,4.25],"tintindex":0,"rotation":0,"texture":"#0"},"south":{"uv":[5.25,0.0,6.25,1.0],"tintindex":0,"rotation":0,"texture":"#0"},"north":{"uv":[4.75,5.0,5.75,6.0],"tintindex":0,"rotation":0,"texture":"#0"},"west":{"uv":[5.75,4.25,6.5,5.25],"tintindex":0,"rotation":0,"texture":"#0"},"up":{"uv":[6.75,6.0,5.75,5.25],"tintindex":0,"rotation":0,"texture":"#0"},"down":{"uv":[5.5,6.0,4.5,6.75],"tintindex":0,"rotation":0,"texture":"#0"}}},{"from":[12.0,11.0,2.3812494],"to":[12.0,15.0,8.38125],"faces":{"east":{"uv":[7.0,7.0,7.75,7.5],"tintindex":0,"rotation":0,"texture":"#0"},"west":{"uv":[7.25,4.75,8.0,5.25],"tintindex":0,"rotation":0,"texture":"#0"}}}],"display":{"gui":{"rotation":[30,225,0]}}}