{"textures":{"0":"modelengine:entity/mso_twinkler"},"elements":[{"from":[5.5,9.5,0.8999996],"to":[5.5,10.5,9.5],"faces":{"east":{"uv":[7.5,3.875,8.625,4.0],"tintindex":0,"rotation":0,"texture":"#0"},"west":{"uv":[7.25,5.875,8.375,6.0],"tintindex":0,"rotation":0,"texture":"#0"}}},{"from":[5.5,9.5,0.8999996],"to":[10.5,10.5,0.8999996],"faces":{"south":{"uv":[7.0,7.625,7.75,7.75],"tintindex":0,"rotation":0,"texture":"#0"},"north":{"uv":[7.0,7.625,7.75,7.75],"tintindex":0,"rotation":0,"texture":"#0"}}},{"from":[10.5,9.5,0.8999996],"to":[10.5,10.5,9.5],"faces":{"east":{"uv":[7.5,3.875,8.625,4.0],"tintindex":0,"rotation":0,"texture":"#0"},"west":{"uv":[7.25,5.875,8.375,6.0],"tintindex":0,"rotation":0,"texture":"#0"}}},{"from":[5.01,6.51,0.4099996],"to":[10.99,9.49,8.99],"faces":{"east":{"uv":[7.0,4.0,8.125,4.375],"tintindex":0,"rotation":0,"texture":"#0"},"south":{"uv":[3.5,7.375,4.25,7.75],"tintindex":0,"rotation":0,"texture":"#0"},"north":{"uv":[7.375,0.5,8.125,0.875],"tintindex":0,"rotation":0,"texture":"#0"},"west":{"uv":[7.0,4.375,8.125,4.75],"tintindex":0,"rotation":0,"texture":"#0"},"up":{"uv":[3.75,6.125,3.0,5.0],"tintindex":0,"rotation":0,"texture":"#0"},"down":{"uv":[4.5,5.25,3.75,6.375],"tintindex":0,"rotation":0,"texture":"#0"}}}],"display":{"gui":{"rotation":[30,225,0]}}}