{"textures":{"0":"modelengine:entity/mso_twinkler"},"elements":[{"from":[6.0,1.0,6.0],"to":[10.0,9.0,10.0],"faces":{"east":{"uv":[4.0,6.375,4.5,7.375],"tintindex":0,"rotation":0,"texture":"#0"},"south":{"uv":[6.5,1.0,7.0,2.0],"tintindex":0,"rotation":0,"texture":"#0"},"north":{"uv":[3.5,6.375,4.0,7.375],"tintindex":0,"rotation":0,"texture":"#0"},"west":{"uv":[2.0,6.5,2.5,7.5],"tintindex":0,"rotation":0,"texture":"#0"},"up":{"uv":[5.75,1.5,5.25,1.0],"tintindex":0,"rotation":0,"texture":"#0"},"down":{"uv":[8.0,0.875,7.5,1.375],"tintindex":0,"rotation":0,"texture":"#0"}}}],"display":{"gui":{"rotation":[30,225,0]}}}