{"textures":{"0":"modelengine:entity/mso_twinkler"},"elements":[{"from":[6.0,1.0,6.0],"to":[10.0,9.0,10.0],"faces":{"east":{"uv":[6.75,5.0,7.25,6.0],"tintindex":0,"rotation":0,"texture":"#0"},"south":{"uv":[7.0,1.0,7.5,2.0],"tintindex":0,"rotation":0,"texture":"#0"},"north":{"uv":[5.0,6.75,5.5,7.75],"tintindex":0,"rotation":0,"texture":"#0"},"west":{"uv":[7.0,3.0,7.5,4.0],"tintindex":0,"rotation":0,"texture":"#0"},"up":{"uv":[6.5,8.0,6.0,7.5],"tintindex":0,"rotation":0,"texture":"#0"},"down":{"uv":[7.0,7.5,6.5,8.0],"tintindex":0,"rotation":0,"texture":"#0"}}}],"display":{"gui":{"rotation":[30,225,0]}}}