{"textures":{"0":"modelengine:entity/mso_twinkler"},"elements":[{"from":[5.0,6.875,-0.7250004],"to":[11.0,7.875,-0.7250004],"faces":{"south":{"uv":[7.0,7.625,7.75,7.75],"tintindex":0,"rotation":0,"texture":"#0"},"north":{"uv":[7.0,7.625,7.75,7.75],"tintindex":0,"rotation":0,"texture":"#0"}}},{"from":[5.0,6.875,-0.7250004],"to":[5.0,7.875,7.875],"faces":{"east":{"uv":[7.5,3.875,8.625,4.0],"tintindex":0,"rotation":0,"texture":"#0"},"west":{"uv":[7.25,5.875,8.375,6.0],"tintindex":0,"rotation":0,"texture":"#0"}}},{"from":[11.0,6.875,-0.7250004],"to":[11.0,7.875,7.875],"faces":{"east":{"uv":[7.5,3.875,8.625,4.0],"tintindex":0,"rotation":0,"texture":"#0"},"west":{"uv":[8.625,3.875,7.5,4.0],"tintindex":0,"rotation":0,"texture":"#0"}}},{"from":[5.0,7.875,-0.7250004],"to":[11.0,11.875,7.875],"faces":{"east":{"uv":[6.25,0.0,7.375,0.5],"tintindex":0,"rotation":0,"texture":"#0"},"south":{"uv":[7.375,0.0,8.125,0.5],"tintindex":0,"rotation":0,"texture":"#0"},"north":{"uv":[7.25,5.25,8.0,5.75],"tintindex":0,"rotation":0,"texture":"#0"},"west":{"uv":[6.25,0.5,7.375,1.0],"tintindex":0,"rotation":0,"texture":"#0"},"up":{"uv":[6.5,2.125,5.75,1.0],"tintindex":0,"rotation":0,"texture":"#0"},"down":{"uv":[6.5,2.125,5.75,3.25],"tintindex":0,"rotation":0,"texture":"#0"}}}],"display":{"gui":{"rotation":[30,225,0]}}}