{"textures":{"0":"modelengine:entity/mso_twinkler"},"elements":[{"from":[2.975,2.5249996,6.8],"to":[12.975,12.525,16.8],"faces":{"east":{"uv":[3.0,1.25,4.25,2.5],"tintindex":0,"rotation":0,"texture":"#0"},"south":{"uv":[3.0,2.5,4.25,3.75],"tintindex":0,"rotation":0,"texture":"#0"},"north":{"uv":[3.0,0.0,4.25,1.25],"tintindex":0,"rotation":0,"texture":"#0"},"west":{"uv":[0.0,3.5,1.25,4.75],"tintindex":0,"rotation":0,"texture":"#0"},"up":{"uv":[2.5,4.75,1.25,3.5],"tintindex":0,"rotation":0,"texture":"#0"},"down":{"uv":[3.75,3.75,2.5,5.0],"tintindex":0,"rotation":0,"texture":"#0"}}}],"display":{"gui":{"rotation":[30,225,0]}}}