{"textures":{"0":"modelengine:entity/mso_twinkler"},"elements":[{"from":[6.0,1.0,6.0],"to":[10.0,9.0,10.0],"faces":{"east":{"uv":[5.5,6.5,6.0,7.5],"tintindex":0,"rotation":0,"texture":"#0"},"south":{"uv":[6.0,6.5,6.5,7.5],"tintindex":0,"rotation":0,"texture":"#0"},"north":{"uv":[6.5,4.0,7.0,5.0],"tintindex":0,"rotation":0,"texture":"#0"},"west":{"uv":[6.5,6.5,7.0,7.5],"tintindex":0,"rotation":0,"texture":"#0"},"up":{"uv":[3.0,8.0,2.5,7.5],"tintindex":0,"rotation":0,"texture":"#0"},"down":{"uv":[8.0,2.875,7.5,3.375],"tintindex":0,"rotation":0,"texture":"#0"}}}],"display":{"gui":{"rotation":[30,225,0]}}}