{"textures":{"0":"modelengine:entity/mso_twinkler"},"elements":[{"from":[6.0,1.0,6.0],"to":[10.0,9.0,10.0],"faces":{"east":{"uv":[0.5,6.75,1.0,7.75],"tintindex":0,"rotation":0,"texture":"#0"},"south":{"uv":[1.0,6.75,1.5,7.75],"tintindex":0,"rotation":0,"texture":"#0"},"north":{"uv":[0.0,6.75,0.5,7.75],"tintindex":0,"rotation":0,"texture":"#0"},"west":{"uv":[4.5,6.75,5.0,7.75],"tintindex":0,"rotation":0,"texture":"#0"},"up":{"uv":[8.0,3.875,7.5,3.375],"tintindex":0,"rotation":0,"texture":"#0"},"down":{"uv":[6.0,7.5,5.5,8.0],"tintindex":0,"rotation":0,"texture":"#0"}}}],"display":{"gui":{"rotation":[30,225,0]}}}