{"textures":{"0":"modelengine:entity/mso_twinkler"},"elements":[{"from":[5.975,5.7749996,8.299999],"to":[9.975,9.775,16.3],"faces":{"east":{"uv":[6.5,2.0,7.5,2.5],"tintindex":0,"rotation":0,"texture":"#0"},"south":{"uv":[7.5,1.875,8.0,2.375],"tintindex":0,"rotation":0,"texture":"#0"},"north":{"uv":[7.5,1.375,8.0,1.875],"tintindex":0,"rotation":0,"texture":"#0"},"west":{"uv":[6.5,2.5,7.5,3.0],"tintindex":0,"rotation":0,"texture":"#0"},"up":{"uv":[3.0,7.5,2.5,6.5],"tintindex":0,"rotation":0,"texture":"#0"},"down":{"uv":[7.0,3.0,6.5,4.0],"tintindex":0,"rotation":0,"texture":"#0"}}}],"display":{"gui":{"rotation":[30,225,0]}}}