{"textures":{"0":"modelengine:entity/mso_twinkler"},"elements":[{"from":[6.1749997,7.8249993,6.5499997],"to":[9.775,11.424999,18.15],"faces":{"east":{"uv":[5.5,6.0,7.0,6.5],"tintindex":0,"rotation":0,"texture":"#0"},"south":{"uv":[7.5,2.375,8.0,2.875],"tintindex":0,"rotation":0,"texture":"#0"},"north":{"uv":[2.0,7.5,2.5,8.0],"tintindex":0,"rotation":0,"texture":"#0"},"west":{"uv":[0.0,6.25,1.5,6.75],"tintindex":0,"rotation":0,"texture":"#0"},"up":{"uv":[3.5,7.625,3.0,6.125],"tintindex":0,"rotation":0,"texture":"#0"},"down":{"uv":[2.0,6.25,1.5,7.75],"tintindex":0,"rotation":0,"texture":"#0"}},"rotation":{"origin":[7.95,9.625,10.35],"angle":-45.0,"axis":"x"}}],"display":{"gui":{"rotation":[30,225,0]}}}