{"textures":{"0":"modelengine:entity/lr_catapult","5":"modelengine:entity/magma"},"elements":[{"from":[5.5,-2.5,22.0],"to":[8.5,-0.5,25.5],"faces":{"east":{"uv":[12.0,2.5,15.5,4.5],"tintindex":0,"rotation":0,"texture":"#5"},"south":{"uv":[6.0,12.5,9.0,14.5],"tintindex":0,"rotation":0,"texture":"#5"},"north":{"uv":[3.0,12.5,6.0,14.5],"tintindex":0,"rotation":0,"texture":"#5"},"west":{"uv":[12.0,4.5,15.5,6.5],"tintindex":0,"rotation":0,"texture":"#5"},"up":{"uv":[7.5,12.5,4.5,9.0],"tintindex":0,"rotation":0,"texture":"#5"},"down":{"uv":[10.5,9.0,7.5,12.5],"tintindex":0,"rotation":0,"texture":"#5"}}},{"from":[5.5,8.5,22.5],"to":[6.0,10.5,28.0],"faces":{"east":{"uv":[0.5,6.625,1.875,7.125],"tintindex":0,"rotation":0,"texture":"#0"},"south":{"uv":[5.625,7.625,5.75,8.125],"tintindex":0,"rotation":0,"texture":"#0"},"north":{"uv":[7.375,6.75,7.5,7.25],"tintindex":0,"rotation":0,"texture":"#0"},"west":{"uv":[6.0,6.75,7.375,7.25],"tintindex":0,"rotation":0,"texture":"#0"},"up":{"uv":[4.25,6.0,4.125,4.625],"tintindex":0,"rotation":0,"texture":"#0"},"down":{"uv":[5.75,2.75,5.625,4.125],"tintindex":0,"rotation":0,"texture":"#0"}},"rotation":{"origin":[8.0,8.0,8.0],"angle":45.0,"axis":"x"}},{"from":[6.0,-4.0,20.0],"to":[10.5,-1.0,24.5],"faces":{"east":{"uv":[4.5,3.0,9.0,6.0],"tintindex":0,"rotation":0,"texture":"#5"},"south":{"uv":[4.5,6.0,9.0,9.0],"tintindex":0,"rotation":0,"texture":"#5"},"north":{"uv":[4.5,0.0,9.0,3.0],"tintindex":0,"rotation":0,"texture":"#5"},"west":{"uv":[0.0,9.0,4.5,12.0],"tintindex":0,"rotation":0,"texture":"#5"},"up":{"uv":[4.5,4.5,0.0,0.0],"tintindex":0,"rotation":0,"texture":"#5"},"down":{"uv":[4.5,4.5,0.0,9.0],"tintindex":0,"rotation":0,"texture":"#5"}}},{"from":[6.0,8.5,27.5],"to":[10.5,10.5,28.0],"faces":{"east":{"uv":[5.125,8.5,5.25,9.0],"tintindex":0,"rotation":0,"texture":"#0"},"south":{"uv":[7.125,5.25,8.25,5.75],"tintindex":0,"rotation":0,"texture":"#0"},"north":{"uv":[7.125,4.75,8.25,5.25],"tintindex":0,"rotation":0,"texture":"#0"},"west":{"uv":[5.25,8.5,5.375,9.0],"tintindex":0,"rotation":0,"texture":"#0"},"up":{"uv":[9.5,8.125,8.375,8.0],"tintindex":0,"rotation":0,"texture":"#0"},"down":{"uv":[9.625,0.875,8.5,1.0],"tintindex":0,"rotation":0,"texture":"#0"}},"rotation":{"origin":[8.0,8.0,8.0],"angle":45.0,"axis":"x"}},{"from":[6.0,8.5,22.5],"to":[10.5,10.5,23.0],"faces":{"east":{"uv":[4.875,8.5,5.0,9.0],"tintindex":0,"rotation":0,"texture":"#0"},"south":{"uv":[4.625,7.125,5.75,7.625],"tintindex":0,"rotation":0,"texture":"#0"},"north":{"uv":[7.125,4.25,8.25,4.75],"tintindex":0,"rotation":0,"texture":"#0"},"west":{"uv":[5.0,8.5,5.125,9.0],"tintindex":0,"rotation":0,"texture":"#0"},"up":{"uv":[8.5,1.75,7.375,1.625],"tintindex":0,"rotation":0,"texture":"#0"},"down":{"uv":[9.125,1.25,8.0,1.375],"tintindex":0,"rotation":0,"texture":"#0"}},"rotation":{"origin":[8.0,8.0,8.0],"angle":45.0,"axis":"x"}},{"from":[10.5,8.5,22.5],"to":[11.0,10.5,28.0],"faces":{"east":{"uv":[0.5,7.125,1.875,7.625],"tintindex":0,"rotation":0,"texture":"#0"},"south":{"uv":[4.75,8.5,4.875,9.0],"tintindex":0,"rotation":0,"texture":"#0"},"north":{"uv":[8.5,3.0,8.625,3.5],"tintindex":0,"rotation":0,"texture":"#0"},"west":{"uv":[7.125,3.0,8.5,3.5],"tintindex":0,"rotation":0,"texture":"#0"},"up":{"uv":[1.375,9.75,1.25,8.375],"tintindex":0,"rotation":0,"texture":"#0"},"down":{"uv":[1.5,8.375,1.375,9.75],"tintindex":0,"rotation":0,"texture":"#0"}},"rotation":{"origin":[8.0,8.0,8.0],"angle":45.0,"axis":"x"}},{"from":[7.0,-2.5,21.0],"to":[10.0,0.0,25.0],"faces":{"east":{"uv":[10.5,8.0,14.5,10.5],"tintindex":0,"rotation":0,"texture":"#5"},"south":{"uv":[12.0,0.0,15.0,2.5],"tintindex":0,"rotation":0,"texture":"#5"},"north":{"uv":[0.0,12.0,3.0,14.5],"tintindex":0,"rotation":0,"texture":"#5"},"west":{"uv":[10.5,10.5,14.5,13.0],"tintindex":0,"rotation":0,"texture":"#5"},"up":{"uv":[12.0,4.0,9.0,0.0],"tintindex":0,"rotation":0,"texture":"#5"},"down":{"uv":[12.0,4.0,9.0,8.0],"tintindex":0,"rotation":0,"texture":"#5"}}},{"from":[6.5,6.5,-2.5],"to":[10.0,9.5,4.0],"faces":{"east":{"uv":[5.75,1.0,7.375,1.75],"tintindex":0,"rotation":0,"texture":"#0"},"south":{"uv":[7.125,3.5,8.0,4.25],"tintindex":0,"rotation":0,"texture":"#0"},"north":{"uv":[2.625,6.875,3.5,7.625],"tintindex":0,"rotation":0,"texture":"#0"},"west":{"uv":[0.5,5.875,2.125,6.625],"tintindex":0,"rotation":0,"texture":"#0"},"up":{"uv":[3.875,6.25,3.0,4.625],"tintindex":0,"rotation":0,"texture":"#0"},"down":{"uv":[5.625,2.75,4.75,4.375],"tintindex":0,"rotation":0,"texture":"#0"}},"rotation":{"origin":[8.0,8.0,8.0],"angle":45.0,"axis":"x"}},{"from":[7.0,7.5,4.0],"to":[9.5,8.5,22.5],"faces":{"east":{"uv":[5.75,1.75,10.375,2.0],"tintindex":0,"rotation":0,"texture":"#0"},"south":{"uv":[8.5,0.625,9.125,0.875],"tintindex":0,"rotation":0,"texture":"#0"},"north":{"uv":[8.125,8.375,8.75,8.625],"tintindex":0,"rotation":0,"texture":"#0"},"west":{"uv":[6.0,2.75,10.625,3.0],"tintindex":0,"rotation":0,"texture":"#0"},"up":{"uv":[0.625,4.625,0.0,0.0],"tintindex":0,"rotation":0,"texture":"#0"},"down":{"uv":[1.25,0.0,0.625,4.625],"tintindex":0,"rotation":0,"texture":"#0"}},"rotation":{"origin":[8.0,8.0,8.0],"angle":45.0,"axis":"x"}},{"from":[5.5,7.5,22.5],"to":[11.0,8.5,28.0],"faces":{"east":{"uv":[7.875,6.75,9.25,7.0],"tintindex":0,"rotation":0,"texture":"#0"},"south":{"uv":[7.875,7.0,9.25,7.25],"tintindex":0,"rotation":0,"texture":"#0"},"north":{"uv":[7.375,1.375,8.75,1.625],"tintindex":0,"rotation":0,"texture":"#0"},"west":{"uv":[7.875,7.25,9.25,7.5],"tintindex":0,"rotation":0,"texture":"#0"},"up":{"uv":[2.625,3.375,1.25,2.0],"tintindex":0,"rotation":0,"texture":"#0"},"down":{"uv":[4.0,2.0,2.625,3.375],"tintindex":0,"rotation":0,"texture":"#0"}},"rotation":{"origin":[8.0,8.0,8.0],"angle":45.0,"axis":"x"}}],"display":{"gui":{"rotation":[30,225,0]}}}