{"textures":{"0":"modelengine:entity/lr_catapult","1":"modelengine:entity/pig"},"elements":[{"from":[7.0,7.5,4.0],"to":[9.5,8.5,22.5],"faces":{"east":{"uv":[5.75,1.75,10.375,2.0],"tintindex":0,"rotation":0,"texture":"#0"},"south":{"uv":[8.5,0.625,9.125,0.875],"tintindex":0,"rotation":0,"texture":"#0"},"north":{"uv":[8.125,8.375,8.75,8.625],"tintindex":0,"rotation":0,"texture":"#0"},"west":{"uv":[6.0,2.75,10.625,3.0],"tintindex":0,"rotation":0,"texture":"#0"},"up":{"uv":[0.625,4.625,0.0,0.0],"tintindex":0,"rotation":0,"texture":"#0"},"down":{"uv":[1.25,0.0,0.625,4.625],"tintindex":0,"rotation":0,"texture":"#0"}},"rotation":{"origin":[8.0,8.0,8.0],"angle":45.0,"axis":"x"}},{"from":[5.75,-4.75,19.75],"to":[10.75,3.25,23.75],"faces":{"east":{"uv":[11.5,8.0,13.5,16.0],"tintindex":0,"rotation":0,"texture":"#1"},"south":{"uv":[9.0,8.0,11.5,16.0],"tintindex":0,"rotation":0,"texture":"#1"},"north":{"uv":[13.5,8.0,16.0,16.0],"tintindex":0,"rotation":0,"texture":"#1"},"west":{"uv":[7.0,8.0,9.0,16.0],"tintindex":0,"rotation":0,"texture":"#1"},"up":{"uv":[11.5,8.0,9.0,4.0],"tintindex":0,"rotation":180,"texture":"#1"},"down":{"uv":[14.0,4.0,11.5,8.0],"tintindex":0,"rotation":180,"texture":"#1"}},"rotation":{"origin":[8.25,-2.375,22.0],"angle":22.5,"axis":"x"}},{"from":[6.0,8.5,22.5],"to":[10.5,10.5,23.0],"faces":{"east":{"uv":[4.875,8.5,5.0,9.0],"tintindex":0,"rotation":0,"texture":"#0"},"south":{"uv":[4.625,7.125,5.75,7.625],"tintindex":0,"rotation":0,"texture":"#0"},"north":{"uv":[7.125,4.25,8.25,4.75],"tintindex":0,"rotation":0,"texture":"#0"},"west":{"uv":[5.0,8.5,5.125,9.0],"tintindex":0,"rotation":0,"texture":"#0"},"up":{"uv":[8.5,1.75,7.375,1.625],"tintindex":0,"rotation":0,"texture":"#0"},"down":{"uv":[9.125,1.25,8.0,1.375],"tintindex":0,"rotation":0,"texture":"#0"}},"rotation":{"origin":[8.0,8.0,8.0],"angle":45.0,"axis":"x"}},{"from":[5.75,-4.75,23.25],"to":[7.75,-2.75,26.25],"faces":{"east":{"uv":[2.0,10.0,3.0,13.0],"tintindex":0,"rotation":90,"texture":"#1"},"south":{"uv":[3.0,8.0,2.0,10.0],"tintindex":0,"rotation":180,"texture":"#1"},"north":{"uv":[2.0,10.0,1.0,8.0],"tintindex":0,"rotation":0,"texture":"#1"},"west":{"uv":[0.0,10.0,1.0,13.0],"tintindex":0,"rotation":270,"texture":"#1"},"up":{"uv":[1.0,10.0,2.0,13.0],"tintindex":0,"rotation":0,"texture":"#1"},"down":{"uv":[3.0,10.0,4.0,13.0],"tintindex":0,"rotation":180,"texture":"#1"}}},{"from":[6.5,6.5,-2.5],"to":[10.0,9.5,4.0],"faces":{"east":{"uv":[5.75,1.0,7.375,1.75],"tintindex":0,"rotation":0,"texture":"#0"},"south":{"uv":[7.125,3.5,8.0,4.25],"tintindex":0,"rotation":0,"texture":"#0"},"north":{"uv":[2.625,6.875,3.5,7.625],"tintindex":0,"rotation":0,"texture":"#0"},"west":{"uv":[0.5,5.875,2.125,6.625],"tintindex":0,"rotation":0,"texture":"#0"},"up":{"uv":[3.875,6.25,3.0,4.625],"tintindex":0,"rotation":0,"texture":"#0"},"down":{"uv":[5.625,2.75,4.75,4.375],"tintindex":0,"rotation":0,"texture":"#0"}},"rotation":{"origin":[8.0,8.0,8.0],"angle":45.0,"axis":"x"}},{"from":[7.25,1.6810246,27.378065],"to":[9.25,3.1810246,27.878065],"faces":{"east":{"uv":[5.25,8.5,5.5,10.0],"tintindex":0,"rotation":0,"texture":"#1"},"south":{"uv":[4.25,8.5,5.25,10.0],"tintindex":0,"rotation":0,"texture":"#1"},"north":{"uv":[5.5,8.5,6.5,10.0],"tintindex":0,"rotation":0,"texture":"#1"},"west":{"uv":[4.0,8.5,4.25,10.0],"tintindex":0,"rotation":0,"texture":"#1"},"up":{"uv":[5.25,8.5,4.25,8.0],"tintindex":0,"rotation":180,"texture":"#1"},"down":{"uv":[6.25,8.0,5.25,8.5],"tintindex":0,"rotation":180,"texture":"#1"}},"rotation":{"origin":[8.25,2.5818539,23.348743],"angle":-22.5,"axis":"x"}},{"from":[5.5,7.5,22.5],"to":[11.0,8.5,28.0],"faces":{"east":{"uv":[7.875,6.75,9.25,7.0],"tintindex":0,"rotation":0,"texture":"#0"},"south":{"uv":[7.875,7.0,9.25,7.25],"tintindex":0,"rotation":0,"texture":"#0"},"north":{"uv":[7.375,1.375,8.75,1.625],"tintindex":0,"rotation":0,"texture":"#0"},"west":{"uv":[7.875,7.25,9.25,7.5],"tintindex":0,"rotation":0,"texture":"#0"},"up":{"uv":[2.625,3.375,1.25,2.0],"tintindex":0,"rotation":0,"texture":"#0"},"down":{"uv":[4.0,2.0,2.625,3.375],"tintindex":0,"rotation":0,"texture":"#0"}},"rotation":{"origin":[8.0,8.0,8.0],"angle":45.0,"axis":"x"}},{"from":[10.5,8.5,22.5],"to":[11.0,10.5,28.0],"faces":{"east":{"uv":[0.5,7.125,1.875,7.625],"tintindex":0,"rotation":0,"texture":"#0"},"south":{"uv":[4.75,8.5,4.875,9.0],"tintindex":0,"rotation":0,"texture":"#0"},"north":{"uv":[8.5,3.0,8.625,3.5],"tintindex":0,"rotation":0,"texture":"#0"},"west":{"uv":[7.125,3.0,8.5,3.5],"tintindex":0,"rotation":0,"texture":"#0"},"up":{"uv":[1.375,9.75,1.25,8.375],"tintindex":0,"rotation":0,"texture":"#0"},"down":{"uv":[1.5,8.375,1.375,9.75],"tintindex":0,"rotation":0,"texture":"#0"}},"rotation":{"origin":[8.0,8.0,8.0],"angle":45.0,"axis":"x"}},{"from":[5.75,-0.10869312,24.72468],"to":[7.75,1.8913069,27.72468],"faces":{"east":{"uv":[2.0,10.0,3.0,13.0],"tintindex":0,"rotation":90,"texture":"#1"},"south":{"uv":[3.0,8.0,2.0,10.0],"tintindex":0,"rotation":180,"texture":"#1"},"north":{"uv":[2.0,10.0,1.0,8.0],"tintindex":0,"rotation":0,"texture":"#1"},"west":{"uv":[0.0,10.0,1.0,13.0],"tintindex":0,"rotation":270,"texture":"#1"},"up":{"uv":[1.0,10.0,2.0,13.0],"tintindex":0,"rotation":0,"texture":"#1"},"down":{"uv":[3.0,10.0,4.0,13.0],"tintindex":0,"rotation":180,"texture":"#1"}},"rotation":{"origin":[6.75,0.77922153,24.647518],"angle":45.0,"axis":"x"}},{"from":[6.25,1.1810246,23.378067],"to":[10.25,5.1810246,27.378065],"faces":{"east":{"uv":[4.0,4.0,6.0,8.0],"tintindex":0,"rotation":0,"texture":"#1"},"south":{"uv":[2.0,4.0,4.0,8.0],"tintindex":0,"rotation":0,"texture":"#1"},"north":{"uv":[6.0,4.0,8.0,8.0],"tintindex":0,"rotation":0,"texture":"#1"},"west":{"uv":[0.0,4.0,2.0,8.0],"tintindex":0,"rotation":0,"texture":"#1"},"up":{"uv":[4.0,4.0,2.0,0.0],"tintindex":0,"rotation":180,"texture":"#1"},"down":{"uv":[6.0,0.0,4.0,4.0],"tintindex":0,"rotation":180,"texture":"#1"}},"rotation":{"origin":[8.25,2.5818539,23.348743],"angle":-22.5,"axis":"x"}},{"from":[8.75,0.26630688,25.34968],"to":[10.75,2.2663069,28.34968],"faces":{"east":{"uv":[0.0,13.0,1.0,10.0],"tintindex":0,"rotation":270,"texture":"#1"},"south":{"uv":[2.0,8.0,3.0,10.0],"tintindex":0,"rotation":180,"texture":"#1"},"north":{"uv":[1.0,10.0,2.0,8.0],"tintindex":0,"rotation":0,"texture":"#1"},"west":{"uv":[2.0,13.0,3.0,10.0],"tintindex":0,"rotation":90,"texture":"#1"},"up":{"uv":[2.0,10.0,1.0,13.0],"tintindex":0,"rotation":0,"texture":"#1"},"down":{"uv":[4.0,10.0,3.0,13.0],"tintindex":0,"rotation":180,"texture":"#1"}},"rotation":{"origin":[9.75,1.1542215,25.272518],"angle":45.0,"axis":"x"}},{"from":[6.0,8.5,27.5],"to":[10.5,10.5,28.0],"faces":{"east":{"uv":[5.125,8.5,5.25,9.0],"tintindex":0,"rotation":0,"texture":"#0"},"south":{"uv":[7.125,5.25,8.25,5.75],"tintindex":0,"rotation":0,"texture":"#0"},"north":{"uv":[7.125,4.75,8.25,5.25],"tintindex":0,"rotation":0,"texture":"#0"},"west":{"uv":[5.25,8.5,5.375,9.0],"tintindex":0,"rotation":0,"texture":"#0"},"up":{"uv":[9.5,8.125,8.375,8.0],"tintindex":0,"rotation":0,"texture":"#0"},"down":{"uv":[9.625,0.875,8.5,1.0],"tintindex":0,"rotation":0,"texture":"#0"}},"rotation":{"origin":[8.0,8.0,8.0],"angle":45.0,"axis":"x"}},{"from":[8.75,-4.75,23.25],"to":[10.75,-2.75,26.25],"faces":{"east":{"uv":[2.0,10.0,3.0,13.0],"tintindex":0,"rotation":90,"texture":"#1"},"south":{"uv":[3.0,8.0,2.0,10.0],"tintindex":0,"rotation":180,"texture":"#1"},"north":{"uv":[2.0,10.0,1.0,8.0],"tintindex":0,"rotation":0,"texture":"#1"},"west":{"uv":[0.0,10.0,1.0,13.0],"tintindex":0,"rotation":270,"texture":"#1"},"up":{"uv":[1.0,10.0,2.0,13.0],"tintindex":0,"rotation":0,"texture":"#1"},"down":{"uv":[3.0,10.0,4.0,13.0],"tintindex":0,"rotation":180,"texture":"#1"}}},{"from":[5.5,8.5,22.5],"to":[6.0,10.5,28.0],"faces":{"east":{"uv":[0.5,6.625,1.875,7.125],"tintindex":0,"rotation":0,"texture":"#0"},"south":{"uv":[5.625,7.625,5.75,8.125],"tintindex":0,"rotation":0,"texture":"#0"},"north":{"uv":[7.375,6.75,7.5,7.25],"tintindex":0,"rotation":0,"texture":"#0"},"west":{"uv":[6.0,6.75,7.375,7.25],"tintindex":0,"rotation":0,"texture":"#0"},"up":{"uv":[4.25,6.0,4.125,4.625],"tintindex":0,"rotation":0,"texture":"#0"},"down":{"uv":[5.75,2.75,5.625,4.125],"tintindex":0,"rotation":0,"texture":"#0"}},"rotation":{"origin":[8.0,8.0,8.0],"angle":45.0,"axis":"x"}}],"display":{"gui":{"rotation":[30,225,0]}}}