{
	"credit": "Made with Blockbench",
	"texture_size": [64, 32],
	"textures": {
		"1": "armor/requested/requested_jeremydw/stoneworks_jeremydw_helmet_model"
	},
	"elements": [
		{
			"name": "head",
			"from": [-4.5, 14.574, -8],
			"to": [4.5, 23.574, 1],
			"faces": {
				"north": {"uv": [2, 4, 4, 8], "texture": "#1"},
				"east": {"uv": [0, 4, 2, 8], "texture": "#1"},
				"south": {"uv": [6, 4, 8, 8], "texture": "#1"},
				"west": {"uv": [4, 4, 6, 8], "texture": "#1"},
				"up": {"uv": [4, 4, 2, 0], "texture": "#1"},
				"down": {"uv": [6, 0, 4, 4], "texture": "#1"}
			}
		},
		{
			"name": "Headoverlay",
			"from": [-5, 14.074, -8.5],
			"to": [5, 24.074, 1.5],
			"faces": {
				"north": {"uv": [10, 4, 12, 8], "texture": "#1"},
				"east": {"uv": [8, 4, 10, 8], "texture": "#1"},
				"south": {"uv": [14, 4, 16, 8], "texture": "#1"},
				"west": {"uv": [12, 4, 14, 8], "texture": "#1"},
				"up": {"uv": [12, 4, 10, 0], "texture": "#1"},
				"down": {"uv": [14, 0, 12, 4], "texture": "#1"}
			}
		},
		{
			"name": "Plume",
			"from": [-0.5, 18, -3.718],
			"to": [0.5, 32, 10.282],
			"rotation": {"angle": 22.5, "axis": "x", "origin": [0, 34, -1]},
			"faces": {
				"north": {"uv": [12, 9, 12.25, 16], "texture": "#1"},
				"east": {"uv": [8.5, 9, 12, 16], "texture": "#1"},
				"south": {"uv": [15.75, 9, 16, 16], "texture": "#1"},
				"west": {"uv": [12.25, 9, 15.75, 16], "texture": "#1"}
			}
		}
	]
}