{"textures":{"0":"modelengine:entity/ber"},"elements":[{"from":[6.796635,-3.9116325,8.57954],"to":[8.797135,2.5888672,8.58004],"faces":{"south":{"uv":[5.140625,0.0,2.671875,7.984375],"tintindex":0,"rotation":0,"texture":"#0"},"north":{"uv":[2.671875,0.0,5.140625,7.984375],"tintindex":0,"rotation":0,"texture":"#0"}}},{"from":[6.796635,-10.411633,8.57954],"to":[8.797135,-3.9111328,8.58004],"faces":{"south":{"uv":[5.140625,0.0,2.671875,7.984375],"tintindex":0,"rotation":0,"texture":"#0"},"north":{"uv":[2.671875,0.0,5.140625,7.984375],"tintindex":0,"rotation":0,"texture":"#0"}}},{"from":[6.796635,2.5883675,8.57954],"to":[8.797135,9.088867,8.58004],"faces":{"south":{"uv":[5.140625,0.0,2.671875,7.984375],"tintindex":0,"rotation":0,"texture":"#0"},"north":{"uv":[2.671875,0.0,5.140625,7.984375],"tintindex":0,"rotation":0,"texture":"#0"}}}],"display":{"gui":{"rotation":[30,225,0]}}}