{"textures":{"0":"modelengine:entity/ber"},"elements":[{"from":[6.8399277,-10.339752,7.56363],"to":[8.840427,-3.8392525,7.56413],"faces":{"south":{"uv":[5.140625,0.0,2.671875,7.984375],"tintindex":0,"rotation":0,"texture":"#0"},"north":{"uv":[2.671875,0.0,5.140625,7.984375],"tintindex":0,"rotation":0,"texture":"#0"}}},{"from":[6.8399277,-3.8397522,7.56363],"to":[8.840427,2.6607475,7.56413],"faces":{"south":{"uv":[5.140625,0.0,2.671875,7.984375],"tintindex":0,"rotation":0,"texture":"#0"},"north":{"uv":[2.671875,0.0,5.140625,7.984375],"tintindex":0,"rotation":0,"texture":"#0"}}},{"from":[6.8399277,2.6602478,7.56363],"to":[8.840427,9.160748,7.56413],"faces":{"south":{"uv":[5.140625,0.0,2.671875,7.984375],"tintindex":0,"rotation":0,"texture":"#0"},"north":{"uv":[2.671875,0.0,5.140625,7.984375],"tintindex":0,"rotation":0,"texture":"#0"}}}],"display":{"gui":{"rotation":[30,225,0]}}}