{"textures":{"0":"modelengine:entity/ber"},"elements":[{"from":[6.73396,2.6918945,7.73396],"to":[8.73446,9.192395,7.73446],"faces":{"south":{"uv":[5.140625,0.0,2.671875,7.984375],"tintindex":0,"rotation":0,"texture":"#0"},"north":{"uv":[2.671875,0.0,5.140625,7.984375],"tintindex":0,"rotation":0,"texture":"#0"}}},{"from":[6.73396,-10.308105,7.73396],"to":[8.73446,-3.8076048,7.73446],"faces":{"south":{"uv":[5.140625,0.0,2.671875,7.984375],"tintindex":0,"rotation":0,"texture":"#0"},"north":{"uv":[2.671875,0.0,5.140625,7.984375],"tintindex":0,"rotation":0,"texture":"#0"}}},{"from":[6.73396,-3.8081045,7.73396],"to":[8.73446,2.6923952,7.73446],"faces":{"south":{"uv":[5.140625,0.0,2.671875,7.984375],"tintindex":0,"rotation":0,"texture":"#0"},"north":{"uv":[2.671875,0.0,5.140625,7.984375],"tintindex":0,"rotation":0,"texture":"#0"}}}],"display":{"gui":{"rotation":[30,225,0]}}}