{"textures":{"0":"modelengine:entity/ber"},"elements":[{"from":[7.4785275,2.6254578,8.256758],"to":[9.479028,9.1259575,8.257257],"faces":{"south":{"uv":[5.140625,0.0,2.671875,7.984375],"tintindex":0,"rotation":0,"texture":"#0"},"north":{"uv":[2.671875,0.0,5.140625,7.984375],"tintindex":0,"rotation":0,"texture":"#0"}}},{"from":[7.4785275,-10.374542,8.256758],"to":[9.479028,-3.8740425,8.257257],"faces":{"south":{"uv":[5.140625,0.0,2.671875,7.984375],"tintindex":0,"rotation":0,"texture":"#0"},"north":{"uv":[2.671875,0.0,5.140625,7.984375],"tintindex":0,"rotation":0,"texture":"#0"}}},{"from":[7.4785275,-3.8745422,8.256758],"to":[9.479028,2.6259575,8.257257],"faces":{"south":{"uv":[5.140625,0.0,2.671875,7.984375],"tintindex":0,"rotation":0,"texture":"#0"},"north":{"uv":[2.671875,0.0,5.140625,7.984375],"tintindex":0,"rotation":0,"texture":"#0"}}}],"display":{"gui":{"rotation":[30,225,0]}}}