{"textures":{"0":"modelengine:entity/ber"},"elements":[{"from":[6.99975,2.7497501,7.99975],"to":[9.00025,9.25025,8.00025],"faces":{"south":{"uv":[5.140625,0.0,2.671875,7.984375],"tintindex":0,"rotation":0,"texture":"#0"},"north":{"uv":[2.671875,0.0,5.140625,7.984375],"tintindex":0,"rotation":0,"texture":"#0"}}},{"from":[7.0,-10.25,8.0],"to":[9.0,-3.75,8.0],"faces":{"south":{"uv":[5.140625,0.0,2.671875,7.984375],"tintindex":0,"rotation":0,"texture":"#0"},"north":{"uv":[2.671875,0.0,5.140625,7.984375],"tintindex":0,"rotation":0,"texture":"#0"}}},{"from":[6.99975,-3.7502499,7.99975],"to":[9.00025,2.7502499,8.00025],"faces":{"south":{"uv":[5.140625,0.0,2.671875,7.984375],"tintindex":0,"rotation":0,"texture":"#0"},"north":{"uv":[2.671875,0.0,5.140625,7.984375],"tintindex":0,"rotation":0,"texture":"#0"}}}],"display":{"gui":{"rotation":[30,225,0]}}}