{"textures":{"0":"modelengine:entity/paladin"},"elements":[{"from":[5.0,18.2,8.0],"to":[11.0,21.2,12.26],"faces":{"east":{"uv":[9.125,2.75,9.875,3.375],"tintindex":0,"rotation":0,"texture":"#0"},"south":{"uv":[5.375,7.25,6.625,7.875],"tintindex":0,"rotation":0,"texture":"#0"},"north":{"uv":[0.0,3.25,1.25,3.875],"tintindex":0,"rotation":0,"texture":"#0"},"west":{"uv":[9.375,5.875,10.125,6.5],"tintindex":0,"rotation":0,"texture":"#0"},"up":{"uv":[8.0,0.75,6.75,0.0],"tintindex":0,"rotation":0,"texture":"#0"},"down":{"uv":[8.0,0.75,6.75,1.5],"tintindex":0,"rotation":0,"texture":"#0"}}}],"display":{"gui":{"rotation":[30,225,0]}}}