{"textures":{"0":"modelengine:entity/paladin"},"elements":[{"from":[5.87,3.649538,-8.164722],"to":[10.07,6.649538,-3.3647223],"faces":{"east":{"uv":[11.75,2.75,12.75,3.375],"tintindex":0,"rotation":0,"texture":"#0"},"south":{"uv":[10.5,4.375,11.375,5.0],"tintindex":0,"rotation":0,"texture":"#0"},"north":{"uv":[10.5,4.375,11.375,5.0],"tintindex":0,"rotation":0,"texture":"#0"},"west":{"uv":[11.75,2.75,12.75,3.375],"tintindex":0,"rotation":0,"texture":"#0"},"up":{"uv":[11.75,4.25,12.625,5.25],"tintindex":0,"rotation":0,"texture":"#0"},"down":{"uv":[11.75,4.25,12.625,5.25],"tintindex":0,"rotation":0,"texture":"#0"}}},{"from":[6.4700003,9.649538,-6.9647217],"to":[9.47,12.049538,-6.3647223],"faces":{"east":{"uv":[0.0,0.0,0.125,0.5],"tintindex":0,"rotation":0,"texture":"#0"},"south":{"uv":[0.0,0.0,0.625,0.5],"tintindex":0,"rotation":0,"texture":"#0"},"north":{"uv":[0.0,0.0,0.625,0.5],"tintindex":0,"rotation":0,"texture":"#0"},"west":{"uv":[0.0,0.0,0.125,0.5],"tintindex":0,"rotation":0,"texture":"#0"},"up":{"uv":[0.0,0.0,0.625,0.125],"tintindex":0,"rotation":0,"texture":"#0"},"down":{"uv":[0.0,0.0,0.625,0.125],"tintindex":0,"rotation":0,"texture":"#0"}}},{"from":[6.4700003,6.649538,-7.564722],"to":[9.47,9.649538,-3.9647217],"faces":{"east":{"uv":[6.0,6.125,6.75,6.75],"tintindex":0,"rotation":0,"texture":"#0"},"south":{"uv":[6.625,8.25,7.25,8.875],"tintindex":0,"rotation":0,"texture":"#0"},"north":{"uv":[6.625,8.25,7.25,8.875],"tintindex":0,"rotation":0,"texture":"#0"},"west":{"uv":[6.0,6.125,6.75,6.75],"tintindex":0,"rotation":0,"texture":"#0"},"up":{"uv":[6.0,8.125,6.625,8.875],"tintindex":0,"rotation":0,"texture":"#0"},"down":{"uv":[0.0,0.0,0.625,0.75],"tintindex":0,"rotation":0,"texture":"#0"}}},{"from":[7.67,7.849538,-8.164722],"to":[8.27,8.449537,14.035278],"faces":{"east":{"uv":[11.375,1.75,16.0,1.875],"tintindex":0,"rotation":0,"texture":"#0"},"south":{"uv":[14.625,1.75,14.75,1.875],"tintindex":0,"rotation":0,"texture":"#0"},"north":{"uv":[14.0,1.75,14.125,1.875],"tintindex":0,"rotation":0,"texture":"#0"},"west":{"uv":[16.0,1.75,11.375,1.875],"tintindex":0,"rotation":0,"texture":"#0"},"up":{"uv":[15.875,2.0,16.0,6.625],"tintindex":0,"rotation":0,"texture":"#0"},"down":{"uv":[15.875,6.625,16.0,2.0],"tintindex":0,"rotation":0,"texture":"#0"}}},{"from":[7.07,9.649538,-8.164722],"to":[8.87,11.449537,-2.7647219],"faces":{"east":{"uv":[11.625,2.75,12.75,3.125],"tintindex":0,"rotation":0,"texture":"#0"},"south":{"uv":[12.0,4.5,12.375,4.875],"tintindex":0,"rotation":0,"texture":"#0"},"north":{"uv":[12.0,4.5,12.375,4.875],"tintindex":0,"rotation":0,"texture":"#0"},"west":{"uv":[12.75,2.75,11.625,3.125],"tintindex":0,"rotation":0,"texture":"#0"},"up":{"uv":[12.0,2.25,12.375,3.375],"tintindex":0,"rotation":0,"texture":"#0"},"down":{"uv":[12.0,3.375,12.375,2.25],"tintindex":0,"rotation":0,"texture":"#0"}}},{"from":[6.4700003,9.649538,-5.1647224],"to":[9.47,12.049538,-4.564722],"faces":{"east":{"uv":[0.0,0.0,0.125,0.5],"tintindex":0,"rotation":0,"texture":"#0"},"south":{"uv":[0.0,0.0,0.625,0.5],"tintindex":0,"rotation":0,"texture":"#0"},"north":{"uv":[0.0,0.0,0.625,0.5],"tintindex":0,"rotation":0,"texture":"#0"},"west":{"uv":[0.0,0.0,0.125,0.5],"tintindex":0,"rotation":0,"texture":"#0"},"up":{"uv":[0.0,0.0,0.625,0.125],"tintindex":0,"rotation":0,"texture":"#0"},"down":{"uv":[0.0,0.0,0.625,0.125],"tintindex":0,"rotation":0,"texture":"#0"}}}],"display":{"gui":{"rotation":[30,225,0]}}}