{"textures":{"0":"modelengine:entity/paladin"},"elements":[{"from":[4.4,7.200001,4.4],"to":[11.6,14.400002,10.4],"faces":{"east":{"uv":[5.125,9.0,5.75,9.75],"tintindex":0,"rotation":0,"texture":"#0"},"south":{"uv":[5.875,9.0,6.625,9.75],"tintindex":0,"rotation":0,"texture":"#0"},"north":{"uv":[8.75,6.75,9.5,7.5],"tintindex":0,"rotation":0,"texture":"#0"},"west":{"uv":[9.25,2.0,9.875,2.75],"tintindex":0,"rotation":0,"texture":"#0"},"up":{"uv":[10.0,0.75,9.25,0.125],"tintindex":0,"rotation":0,"texture":"#0"},"down":{"uv":[10.0,7.5,9.25,8.25],"tintindex":0,"rotation":0,"texture":"#0"}}},{"from":[9.2,10.799999,3.1999998],"to":[11.6,14.400002,4.4],"faces":{"east":{"uv":[0.0,0.0,0.125,0.375],"tintindex":0,"rotation":0,"texture":"#0"},"south":{"uv":[0.0,0.0,0.25,0.375],"tintindex":0,"rotation":0,"texture":"#0"},"north":{"uv":[8.75,6.75,9.0,7.125],"tintindex":0,"rotation":0,"texture":"#0"},"west":{"uv":[0.0,0.0,0.125,0.375],"tintindex":0,"rotation":0,"texture":"#0"},"up":{"uv":[0.0,0.0,0.25,0.125],"tintindex":0,"rotation":0,"texture":"#0"},"down":{"uv":[0.0,0.0,0.25,0.125],"tintindex":0,"rotation":0,"texture":"#0"}}},{"from":[4.4,10.799999,3.1999998],"to":[6.8,14.400002,4.4],"faces":{"east":{"uv":[0.0,0.0,0.125,0.375],"tintindex":0,"rotation":0,"texture":"#0"},"south":{"uv":[0.0,0.0,0.25,0.375],"tintindex":0,"rotation":0,"texture":"#0"},"north":{"uv":[9.25,6.75,9.5,7.125],"tintindex":0,"rotation":0,"texture":"#0"},"west":{"uv":[0.0,0.0,0.125,0.375],"tintindex":0,"rotation":0,"texture":"#0"},"up":{"uv":[0.0,0.0,0.25,0.125],"tintindex":0,"rotation":0,"texture":"#0"},"down":{"uv":[0.0,0.0,0.25,0.125],"tintindex":0,"rotation":0,"texture":"#0"}}},{"from":[9.2,6.0,3.1999998],"to":[11.6,8.400002,4.4],"faces":{"east":{"uv":[0.0,0.0,0.125,0.375],"tintindex":0,"rotation":0,"texture":"#0"},"south":{"uv":[0.0,0.0,0.25,0.375],"tintindex":0,"rotation":0,"texture":"#0"},"north":{"uv":[8.75,7.25,9.0,7.5],"tintindex":0,"rotation":0,"texture":"#0"},"west":{"uv":[0.0,0.0,0.125,0.375],"tintindex":0,"rotation":0,"texture":"#0"},"up":{"uv":[0.0,0.0,0.25,0.125],"tintindex":0,"rotation":0,"texture":"#0"},"down":{"uv":[0.0,0.0,0.25,0.125],"tintindex":0,"rotation":0,"texture":"#0"}}},{"from":[6.8,13.200001,3.1999998],"to":[9.2,14.400002,4.4],"faces":{"east":{"uv":[0.0,0.0,0.125,0.375],"tintindex":0,"rotation":0,"texture":"#0"},"south":{"uv":[0.0,0.0,0.25,0.375],"tintindex":0,"rotation":0,"texture":"#0"},"north":{"uv":[9.0,6.75,9.25,6.875],"tintindex":0,"rotation":0,"texture":"#0"},"west":{"uv":[0.0,0.0,0.125,0.375],"tintindex":0,"rotation":0,"texture":"#0"},"up":{"uv":[0.0,0.0,0.25,0.125],"tintindex":0,"rotation":0,"texture":"#0"},"down":{"uv":[0.0,0.0,0.25,0.125],"tintindex":0,"rotation":0,"texture":"#0"}}},{"from":[4.4,6.0,3.1999998],"to":[6.8,8.400002,4.4],"faces":{"east":{"uv":[0.0,0.0,0.125,0.375],"tintindex":0,"rotation":0,"texture":"#0"},"south":{"uv":[0.0,0.0,0.25,0.375],"tintindex":0,"rotation":0,"texture":"#0"},"north":{"uv":[9.25,7.25,9.5,7.5],"tintindex":0,"rotation":0,"texture":"#0"},"west":{"uv":[0.0,0.0,0.125,0.375],"tintindex":0,"rotation":0,"texture":"#0"},"up":{"uv":[0.0,0.0,0.25,0.125],"tintindex":0,"rotation":0,"texture":"#0"},"down":{"uv":[0.0,0.0,0.25,0.125],"tintindex":0,"rotation":0,"texture":"#0"}}}],"display":{"gui":{"rotation":[30,225,0]}}}