{"textures":{"0":"modelengine:entity/paladin"},"elements":[{"from":[3.6000004,-2.25,4.3],"to":[10.8,9.75,13.9],"faces":{"east":{"uv":[5.0,2.25,6.0,3.5],"tintindex":0,"rotation":0,"texture":"#0"},"south":{"uv":[3.125,6.125,3.875,7.375],"tintindex":0,"rotation":0,"texture":"#0"},"north":{"uv":[6.0,6.0,6.75,7.25],"tintindex":0,"rotation":0,"texture":"#0"},"west":{"uv":[5.0,3.5,6.0,4.75],"tintindex":0,"rotation":0,"texture":"#0"},"up":{"uv":[3.875,8.375,3.125,7.375],"tintindex":0,"rotation":0,"texture":"#0"},"down":{"uv":[4.625,7.375,3.875,8.375],"tintindex":0,"rotation":0,"texture":"#0"}}}],"display":{"gui":{"rotation":[30,225,0]}}}