{"textures":{"0":"modelengine:entity/paladin"},"elements":[{"from":[3.6000004,5.5,2.5],"to":[10.8,9.1,12.1],"faces":{"east":{"uv":[9.25,8.25,10.25,8.625],"tintindex":0,"rotation":0,"texture":"#0"},"south":{"uv":[9.5,9.0,10.25,9.375],"tintindex":0,"rotation":0,"texture":"#0"},"north":{"uv":[9.5,8.625,10.25,9.0],"tintindex":0,"rotation":0,"texture":"#0"},"west":{"uv":[9.5,3.375,10.5,3.75],"tintindex":0,"rotation":0,"texture":"#0"},"up":{"uv":[8.25,8.375,7.5,7.375],"tintindex":0,"rotation":0,"texture":"#0"},"down":{"uv":[8.375,3.75,7.625,4.75],"tintindex":0,"rotation":0,"texture":"#0"}}},{"from":[4.8,5.5,0.099999905],"to":[9.6,7.9,2.5],"faces":{"east":{"uv":[9.625,8.375,9.875,8.625],"tintindex":0,"rotation":0,"texture":"#0"},"south":{"uv":[9.5,9.0,10.25,9.375],"tintindex":0,"rotation":0,"texture":"#0"},"north":{"uv":[9.875,2.875,10.375,3.125],"tintindex":0,"rotation":0,"texture":"#0"},"west":{"uv":[9.5,3.5,9.75,3.75],"tintindex":0,"rotation":0,"texture":"#0"},"up":{"uv":[10.625,3.875,11.125,4.125],"tintindex":0,"rotation":0,"texture":"#0"},"down":{"uv":[8.0,3.75,8.25,3.875],"tintindex":0,"rotation":0,"texture":"#0"}}},{"from":[6.0,9.1,2.5],"to":[8.4,10.3,4.9],"faces":{"east":{"uv":[9.625,8.375,9.875,8.5],"tintindex":0,"rotation":0,"texture":"#0"},"south":{"uv":[9.5,9.0,10.25,9.375],"tintindex":0,"rotation":0,"texture":"#0"},"north":{"uv":[10.25,3.125,10.5,3.25],"tintindex":0,"rotation":0,"texture":"#0"},"west":{"uv":[9.5,3.375,9.75,3.5],"tintindex":0,"rotation":0,"texture":"#0"},"up":{"uv":[9.875,3.125,10.125,3.375],"tintindex":0,"rotation":0,"texture":"#0"},"down":{"uv":[8.375,3.75,7.625,4.75],"tintindex":0,"rotation":0,"texture":"#0"}}}],"display":{"gui":{"rotation":[30,225,0]}}}