{"textures":{"0":"modelengine:entity/paladin"},"elements":[{"from":[4.8,-3.1000004,4.5],"to":[9.6,7.7,10.5],"faces":{"east":{"uv":[5.375,7.875,6.0,9.0],"tintindex":0,"rotation":0,"texture":"#0"},"south":{"uv":[0.5,9.5,1.0,10.625],"tintindex":0,"rotation":0,"texture":"#0"},"north":{"uv":[6.625,9.125,7.125,10.25],"tintindex":0,"rotation":0,"texture":"#0"},"west":{"uv":[6.0,7.875,6.625,9.0],"tintindex":0,"rotation":0,"texture":"#0"},"up":{"uv":[1.75,3.875,1.25,3.25],"tintindex":0,"rotation":0,"texture":"#0"},"down":{"uv":[5.125,6.125,4.625,6.75],"tintindex":0,"rotation":0,"texture":"#0"}}}],"display":{"gui":{"rotation":[30,225,0]}}}