{"textures":{"0":"modelengine:entity/paladin"},"elements":[{"from":[5.8,-7.9675913,5.9705563],"to":[10.599999,4.0324097,10.770556],"faces":{"east":{"uv":[7.25,8.375,7.75,9.625],"tintindex":0,"rotation":0,"texture":"#0"},"south":{"uv":[7.75,8.375,8.25,9.625],"tintindex":0,"rotation":0,"texture":"#0"},"north":{"uv":[4.125,8.375,4.625,9.625],"tintindex":0,"rotation":0,"texture":"#0"},"west":{"uv":[8.5,1.125,9.0,2.375],"tintindex":0,"rotation":0,"texture":"#0"},"up":{"uv":[3.5,10.125,3.0,9.625],"tintindex":0,"rotation":0,"texture":"#0"},"down":{"uv":[4.0,9.625,3.5,10.125],"tintindex":0,"rotation":0,"texture":"#0"}}},{"from":[3.04,-6.4675913,5.370556],"to":[5.4399996,4.332409,11.370556],"faces":{"east":{"uv":[0.0,0.0,0.625,1.125],"tintindex":0,"rotation":0,"texture":"#0"},"south":{"uv":[0.0,0.0,0.25,1.125],"tintindex":0,"rotation":0,"texture":"#0"},"north":{"uv":[3.875,6.25,4.125,7.375],"tintindex":0,"rotation":0,"texture":"#0"},"west":{"uv":[10.5,0.0,11.125,1.125],"tintindex":0,"rotation":0,"texture":"#0"},"up":{"uv":[0.0,0.0,0.25,0.625],"tintindex":0,"rotation":0,"texture":"#0"},"down":{"uv":[0.0,7.0,0.25,7.625],"tintindex":0,"rotation":0,"texture":"#0"}},"rotation":{"origin":[6.76,3.13241,9.450556],"angle":-45.0,"axis":"y"}},{"from":[3.04,-6.4675913,5.1546774],"to":[5.4399996,4.332409,11.154677],"faces":{"east":{"uv":[0.625,0.0,1.25,1.125],"tintindex":0,"rotation":0,"texture":"#0"},"south":{"uv":[4.0,6.125,4.25,7.25],"tintindex":0,"rotation":0,"texture":"#0"},"north":{"uv":[0.25,0.0,0.5,1.125],"tintindex":0,"rotation":0,"texture":"#0"},"west":{"uv":[7.625,5.5,7.0,6.625],"tintindex":0,"rotation":0,"texture":"#0"},"up":{"uv":[0.625,0.25,0.0,0.0],"tintindex":0,"rotation":0,"texture":"#0"},"down":{"uv":[0.0,7.75,0.25,7.125],"tintindex":0,"rotation":0,"texture":"#0"}},"rotation":{"origin":[6.76,3.13241,7.0746775],"angle":45.0,"axis":"y"}}],"display":{"gui":{"rotation":[30,225,0]}}}