{"textures":{"0":"modelengine:entity/paladin"},"elements":[{"from":[5.2,-2.25,4.3],"to":[12.4,9.75,13.9],"faces":{"east":{"uv":[5.125,4.75,6.125,6.0],"tintindex":0,"rotation":0,"texture":"#0"},"south":{"uv":[6.125,4.25,6.875,5.5],"tintindex":0,"rotation":0,"texture":"#0"},"north":{"uv":[3.875,6.125,4.625,7.375],"tintindex":0,"rotation":0,"texture":"#0"},"west":{"uv":[5.75,0.0,6.75,1.25],"tintindex":0,"rotation":0,"texture":"#0"},"up":{"uv":[8.25,6.375,7.5,5.375],"tintindex":0,"rotation":0,"texture":"#0"},"down":{"uv":[8.25,6.375,7.5,7.375],"tintindex":0,"rotation":0,"texture":"#0"}}}],"display":{"gui":{"rotation":[30,225,0]}}}