{"textures":{"0":"modelengine:entity/paladin"},"elements":[{"from":[6.4,-2.1000004,4.5],"to":[11.2,8.7,10.5],"faces":{"east":{"uv":[8.0,0.0,8.625,1.125],"tintindex":0,"rotation":0,"texture":"#0"},"south":{"uv":[1.5,9.5,2.0,10.625],"tintindex":0,"rotation":0,"texture":"#0"},"north":{"uv":[1.0,9.5,1.5,10.625],"tintindex":0,"rotation":0,"texture":"#0"},"west":{"uv":[6.625,8.0,7.25,9.125],"tintindex":0,"rotation":0,"texture":"#0"},"up":{"uv":[8.125,5.375,7.625,4.75],"tintindex":0,"rotation":0,"texture":"#0"},"down":{"uv":[10.0,6.875,9.5,7.5],"tintindex":0,"rotation":0,"texture":"#0"}}}],"display":{"gui":{"rotation":[30,225,0]}}}