{"textures":{"0":"modelengine:entity/paladin"},"elements":[{"from":[5.0,3.75,-4.5],"to":[11.0,12.25,-4.5],"faces":{"south":{"uv":[14.75,3.5,13.25,5.625],"tintindex":0,"rotation":0,"texture":"#0"},"north":{"uv":[13.25,3.5,14.75,5.625],"tintindex":0,"rotation":0,"texture":"#0"}}},{"from":[20.5,3.75,5.0],"to":[20.5,12.25,11.0],"faces":{"east":{"uv":[13.25,3.5,14.75,5.625],"tintindex":0,"rotation":0,"texture":"#0"},"west":{"uv":[14.75,3.5,13.25,5.625],"tintindex":0,"rotation":0,"texture":"#0"}}},{"from":[-4.5,3.75,5.0],"to":[-4.5,12.25,11.0],"faces":{"east":{"uv":[13.25,3.5,14.75,5.625],"tintindex":0,"rotation":0,"texture":"#0"},"west":{"uv":[14.75,3.5,13.25,5.625],"tintindex":0,"rotation":0,"texture":"#0"}}},{"from":[5.0,3.75,20.5],"to":[11.0,12.25,20.5],"faces":{"south":{"uv":[14.75,3.5,13.25,5.625],"tintindex":0,"rotation":0,"texture":"#0"},"north":{"uv":[13.25,3.5,14.75,5.625],"tintindex":0,"rotation":0,"texture":"#0"}}}],"display":{"gui":{"rotation":[30,225,0]}}}