{"textures":{"0":"modelengine:entity/xiddri_thunder_strike_small_vfx"},"elements":[{"from":[2.625,5.25,8.0],"to":[13.375,27.5,8.0],"faces":{"south":{"uv":[5.375,0.0,0.0,11.125],"tintindex":0,"rotation":0,"texture":"#0"},"north":{"uv":[0.0,0.0,5.375,11.125],"tintindex":0,"rotation":0,"texture":"#0"}}},{"from":[8.0,5.25,2.625],"to":[8.0,27.5,13.375],"faces":{"east":{"uv":[5.375,0.0,10.75,11.125],"tintindex":0,"rotation":0,"texture":"#0"},"west":{"uv":[10.75,0.0,5.375,11.125],"tintindex":0,"rotation":0,"texture":"#0"}}}],"display":{"gui":{"rotation":[30,225,0]}}}