{"textures":{"0":"modelengine:entity/nether_mushroom"},"elements":[{"from":[8.623954,2.984477,6.0],"to":[11.623954,6.984477,10.0],"faces":{"east":{"uv":[6.375,3.0,6.875,3.5],"tintindex":0,"rotation":0,"texture":"#0"},"south":{"uv":[3.0,6.125,3.375,6.625],"tintindex":0,"rotation":0,"texture":"#0"},"north":{"uv":[6.375,4.875,6.75,5.375],"tintindex":0,"rotation":0,"texture":"#0"},"west":{"uv":[5.625,2.0,6.125,2.5],"tintindex":0,"rotation":0,"texture":"#0"},"up":{"uv":[3.875,7.125,3.5,6.625],"tintindex":0,"rotation":180,"texture":"#0"},"down":{"uv":[4.375,6.625,4.0,7.125],"tintindex":0,"rotation":180,"texture":"#0"}},"rotation":{"origin":[10.568151,9.9399605,9.192062],"angle":-45.0,"axis":"z"}}],"display":{"gui":{"rotation":[30,225,0]}}}