{"textures":{"2":"modelengine:entity/1texture","5":"modelengine:entity/lichkingarmor - copy"},"elements":[{"from":[0.34236336,13.320774,2.7919393],"to":[2.4790554,15.730339,10.440071],"faces":{"east":{"uv":[0.0,0.0,6.5,1.75],"tintindex":0,"rotation":0,"texture":"#2"},"south":{"uv":[0.0,0.0,6.5,1.75],"tintindex":0,"rotation":0,"texture":"#2"},"north":{"uv":[0.0,0.0,6.5,1.75],"tintindex":0,"rotation":0,"texture":"#2"},"west":{"uv":[0.0,0.0,6.5,1.75],"tintindex":0,"rotation":0,"texture":"#2"},"up":{"uv":[0.0,0.0,6.5,1.75],"tintindex":0,"rotation":0,"texture":"#2"},"down":{"uv":[0.0,0.0,6.5,1.75],"tintindex":0,"rotation":0,"texture":"#2"}},"rotation":{"origin":[3.7684326,9.993603,5.1381936],"angle":-22.5,"axis":"z"}},{"from":[1.8183632,11.967773,2.7919393],"to":[3.9550552,14.377338,10.440071],"faces":{"east":{"uv":[0.0,0.0,6.5,1.75],"tintindex":0,"rotation":0,"texture":"#2"},"south":{"uv":[0.0,0.0,6.5,1.75],"tintindex":0,"rotation":0,"texture":"#2"},"north":{"uv":[0.0,0.0,6.5,1.75],"tintindex":0,"rotation":0,"texture":"#2"},"west":{"uv":[0.0,0.0,6.5,1.75],"tintindex":0,"rotation":0,"texture":"#2"},"up":{"uv":[0.0,0.0,6.5,1.75],"tintindex":0,"rotation":0,"texture":"#2"},"down":{"uv":[0.0,0.0,6.5,1.75],"tintindex":0,"rotation":0,"texture":"#2"}}},{"from":[4.793764,-4.202648,4.7107015],"to":[7.1068916,14.448795,8.416511],"faces":{"east":{"uv":[3.6875,4.28125,4.0625,4.5625],"tintindex":0,"rotation":0,"texture":"#5"},"south":{"uv":[3.6875,4.28125,4.0625,4.5625],"tintindex":0,"rotation":0,"texture":"#5"},"north":{"uv":[3.6875,4.28125,4.0625,4.5625],"tintindex":0,"rotation":0,"texture":"#5"},"west":{"uv":[3.6875,4.28125,4.0625,4.5625],"tintindex":0,"rotation":0,"texture":"#5"},"up":{"uv":[3.6875,4.28125,4.0625,4.5625],"tintindex":0,"rotation":0,"texture":"#5"},"down":{"uv":[3.6875,4.28125,4.0625,4.5625],"tintindex":0,"rotation":0,"texture":"#5"}}},{"from":[2.028349,4.614811,4.4207516],"to":[3.2446175,7.271576,5.370569],"faces":{"east":{"uv":[0.0,0.0,6.5,1.75],"tintindex":0,"rotation":0,"texture":"#2"},"south":{"uv":[0.0,0.0,6.5,1.75],"tintindex":0,"rotation":0,"texture":"#2"},"north":{"uv":[0.0,0.0,6.5,1.75],"tintindex":0,"rotation":0,"texture":"#2"},"west":{"uv":[0.0,0.0,6.5,1.75],"tintindex":0,"rotation":0,"texture":"#2"},"up":{"uv":[0.0,0.0,6.5,1.75],"tintindex":0,"rotation":0,"texture":"#2"},"down":{"uv":[0.0,0.0,6.5,1.75],"tintindex":0,"rotation":0,"texture":"#2"}},"rotation":{"origin":[4.3785133,6.364132,4.356727],"angle":22.5,"axis":"z"}},{"from":[2.028349,-3.4988976,9.685097],"to":[3.2446175,3.1715775,11.134914],"faces":{"east":{"uv":[0.0,0.0,6.5,1.75],"tintindex":0,"rotation":0,"texture":"#2"},"south":{"uv":[0.0,0.0,6.5,1.75],"tintindex":0,"rotation":0,"texture":"#2"},"north":{"uv":[0.0,0.0,6.5,1.75],"tintindex":0,"rotation":0,"texture":"#2"},"west":{"uv":[0.0,0.0,6.5,1.75],"tintindex":0,"rotation":0,"texture":"#2"},"up":{"uv":[0.0,0.0,6.5,1.75],"tintindex":0,"rotation":0,"texture":"#2"},"down":{"uv":[0.0,0.0,6.5,1.75],"tintindex":0,"rotation":0,"texture":"#2"}},"rotation":{"origin":[4.3785133,6.364132,4.356727],"angle":22.5,"axis":"y"}},{"from":[5.8241653,-4.202648,6.379093],"to":[8.137293,15.370106,10.659067],"faces":{"east":{"uv":[3.6875,4.28125,4.0625,4.5625],"tintindex":0,"rotation":0,"texture":"#5"},"south":{"uv":[3.6875,4.28125,4.0625,4.5625],"tintindex":0,"rotation":0,"texture":"#5"},"north":{"uv":[3.6875,4.28125,4.0625,4.5625],"tintindex":0,"rotation":0,"texture":"#5"},"west":{"uv":[3.6875,4.28125,4.0625,4.5625],"tintindex":0,"rotation":0,"texture":"#5"},"up":{"uv":[3.6875,4.28125,4.0625,4.5625],"tintindex":0,"rotation":0,"texture":"#5"},"down":{"uv":[3.6875,4.28125,4.0625,4.5625],"tintindex":0,"rotation":0,"texture":"#5"}},"rotation":{"origin":[9.479858,-0.38142014,10.058849],"angle":22.5,"axis":"y"}},{"from":[4.028349,-3.385189,0.9207516],"to":[5.2446175,3.1715775,2.3705692],"faces":{"east":{"uv":[0.0,0.0,6.5,1.75],"tintindex":0,"rotation":0,"texture":"#2"},"south":{"uv":[0.0,0.0,6.5,1.75],"tintindex":0,"rotation":0,"texture":"#2"},"north":{"uv":[0.0,0.0,6.5,1.75],"tintindex":0,"rotation":0,"texture":"#2"},"west":{"uv":[0.0,0.0,6.5,1.75],"tintindex":0,"rotation":0,"texture":"#2"},"up":{"uv":[0.0,0.0,6.5,1.75],"tintindex":0,"rotation":0,"texture":"#2"},"down":{"uv":[0.0,0.0,6.5,1.75],"tintindex":0,"rotation":0,"texture":"#2"}},"rotation":{"origin":[4.3785133,6.364132,4.356727],"angle":-22.5,"axis":"y"}},{"from":[4.028349,-3.506565,3.9619794],"to":[5.2446175,3.1715775,5.411797],"faces":{"east":{"uv":[0.0,0.0,6.5,1.75],"tintindex":0,"rotation":0,"texture":"#2"},"south":{"uv":[0.0,0.0,6.5,1.75],"tintindex":0,"rotation":0,"texture":"#2"},"north":{"uv":[0.0,0.0,6.5,1.75],"tintindex":0,"rotation":0,"texture":"#2"},"west":{"uv":[0.0,0.0,6.5,1.75],"tintindex":0,"rotation":0,"texture":"#2"},"up":{"uv":[0.0,0.0,6.5,1.75],"tintindex":0,"rotation":0,"texture":"#2"},"down":{"uv":[0.0,0.0,6.5,1.75],"tintindex":0,"rotation":0,"texture":"#2"}}},{"from":[2.028349,4.5011024,9.785097],"to":[3.2446175,7.271576,10.734915],"faces":{"east":{"uv":[0.0,0.0,6.5,1.75],"tintindex":0,"rotation":0,"texture":"#2"},"south":{"uv":[0.0,0.0,6.5,1.75],"tintindex":0,"rotation":0,"texture":"#2"},"north":{"uv":[0.0,0.0,6.5,1.75],"tintindex":0,"rotation":0,"texture":"#2"},"west":{"uv":[0.0,0.0,6.5,1.75],"tintindex":0,"rotation":0,"texture":"#2"},"up":{"uv":[0.0,0.0,6.5,1.75],"tintindex":0,"rotation":0,"texture":"#2"},"down":{"uv":[0.0,0.0,6.5,1.75],"tintindex":0,"rotation":0,"texture":"#2"}},"rotation":{"origin":[4.3785133,6.364132,4.356727],"angle":22.5,"axis":"z"}},{"from":[1.8183632,5.994293,3.2587223],"to":[4.5574474,8.429077,9.973289],"faces":{"east":{"uv":[0.0,0.0,6.5,1.75],"tintindex":0,"rotation":0,"texture":"#2"},"south":{"uv":[0.0,0.0,6.5,1.75],"tintindex":0,"rotation":0,"texture":"#2"},"north":{"uv":[0.0,0.0,6.5,1.75],"tintindex":0,"rotation":0,"texture":"#2"},"west":{"uv":[0.0,0.0,6.5,1.75],"tintindex":0,"rotation":0,"texture":"#2"},"up":{"uv":[0.0,0.0,6.5,1.75],"tintindex":0,"rotation":0,"texture":"#2"},"down":{"uv":[0.0,0.0,6.5,1.75],"tintindex":0,"rotation":0,"texture":"#2"}}},{"from":[4.028349,-3.4988976,6.6292877],"to":[5.2446175,3.1715775,8.079105],"faces":{"east":{"uv":[0.0,0.0,6.5,1.75],"tintindex":0,"rotation":0,"texture":"#2"},"south":{"uv":[0.0,0.0,6.5,1.75],"tintindex":0,"rotation":0,"texture":"#2"},"north":{"uv":[0.0,0.0,6.5,1.75],"tintindex":0,"rotation":0,"texture":"#2"},"west":{"uv":[0.0,0.0,6.5,1.75],"tintindex":0,"rotation":0,"texture":"#2"},"up":{"uv":[0.0,0.0,6.5,1.75],"tintindex":0,"rotation":0,"texture":"#2"},"down":{"uv":[0.0,0.0,6.5,1.75],"tintindex":0,"rotation":0,"texture":"#2"}}},{"from":[1.8183632,8.378643,1.341156],"to":[4.5574474,11.967773,11.890854],"faces":{"east":{"uv":[0.0,0.0,6.5,1.75],"tintindex":0,"rotation":0,"texture":"#2"},"south":{"uv":[0.0,0.0,6.5,1.75],"tintindex":0,"rotation":0,"texture":"#2"},"north":{"uv":[0.0,0.0,6.5,1.75],"tintindex":0,"rotation":0,"texture":"#2"},"west":{"uv":[0.0,0.0,6.5,1.75],"tintindex":0,"rotation":0,"texture":"#2"},"up":{"uv":[0.0,0.0,6.5,1.75],"tintindex":0,"rotation":0,"texture":"#2"},"down":{"uv":[0.0,0.0,6.5,1.75],"tintindex":0,"rotation":0,"texture":"#2"}}},{"from":[2.028349,4.5011024,8.129288],"to":[3.2446175,7.271576,9.079105],"faces":{"east":{"uv":[0.0,0.0,6.5,1.75],"tintindex":0,"rotation":0,"texture":"#2"},"south":{"uv":[0.0,0.0,6.5,1.75],"tintindex":0,"rotation":0,"texture":"#2"},"north":{"uv":[0.0,0.0,6.5,1.75],"tintindex":0,"rotation":0,"texture":"#2"},"west":{"uv":[0.0,0.0,6.5,1.75],"tintindex":0,"rotation":0,"texture":"#2"},"up":{"uv":[0.0,0.0,6.5,1.75],"tintindex":0,"rotation":0,"texture":"#2"},"down":{"uv":[0.0,0.0,6.5,1.75],"tintindex":0,"rotation":0,"texture":"#2"}},"rotation":{"origin":[4.3785133,6.364132,4.356727],"angle":22.5,"axis":"z"}},{"from":[6.4409313,-4.202648,1.5498137],"to":[8.754059,15.370106,5.583787],"faces":{"east":{"uv":[3.6875,4.28125,4.0625,4.5625],"tintindex":0,"rotation":0,"texture":"#5"},"south":{"uv":[3.6875,4.28125,4.0625,4.5625],"tintindex":0,"rotation":0,"texture":"#5"},"north":{"uv":[3.6875,4.28125,4.0625,4.5625],"tintindex":0,"rotation":0,"texture":"#5"},"west":{"uv":[3.6875,4.28125,4.0625,4.5625],"tintindex":0,"rotation":0,"texture":"#5"},"up":{"uv":[3.6875,4.28125,4.0625,4.5625],"tintindex":0,"rotation":0,"texture":"#5"},"down":{"uv":[3.6875,4.28125,4.0625,4.5625],"tintindex":0,"rotation":0,"texture":"#5"}},"rotation":{"origin":[7.4798584,2.6185799,1.0588493],"angle":-22.5,"axis":"y"}},{"from":[2.028349,4.493435,6.46198],"to":[3.2446175,7.271576,7.411797],"faces":{"east":{"uv":[0.0,0.0,6.5,1.75],"tintindex":0,"rotation":0,"texture":"#2"},"south":{"uv":[0.0,0.0,6.5,1.75],"tintindex":0,"rotation":0,"texture":"#2"},"north":{"uv":[0.0,0.0,6.5,1.75],"tintindex":0,"rotation":0,"texture":"#2"},"west":{"uv":[0.0,0.0,6.5,1.75],"tintindex":0,"rotation":0,"texture":"#2"},"up":{"uv":[0.0,0.0,6.5,1.75],"tintindex":0,"rotation":0,"texture":"#2"},"down":{"uv":[0.0,0.0,6.5,1.75],"tintindex":0,"rotation":0,"texture":"#2"}},"rotation":{"origin":[4.3785133,6.364132,4.356727],"angle":22.5,"axis":"z"}},{"from":[2.028349,4.6880608,2.7534432],"to":[3.2446175,7.271576,3.703261],"faces":{"east":{"uv":[0.0,0.0,6.5,1.75],"tintindex":0,"rotation":0,"texture":"#2"},"south":{"uv":[0.0,0.0,6.5,1.75],"tintindex":0,"rotation":0,"texture":"#2"},"north":{"uv":[0.0,0.0,6.5,1.75],"tintindex":0,"rotation":0,"texture":"#2"},"west":{"uv":[0.0,0.0,6.5,1.75],"tintindex":0,"rotation":0,"texture":"#2"},"up":{"uv":[0.0,0.0,6.5,1.75],"tintindex":0,"rotation":0,"texture":"#2"},"down":{"uv":[0.0,0.0,6.5,1.75],"tintindex":0,"rotation":0,"texture":"#2"}},"rotation":{"origin":[4.3785133,6.364132,4.356727],"angle":22.5,"axis":"z"}}],"display":{"gui":{"rotation":[30,225,0]}}}