{"textures":{"3":"modelengine:entity/arthus","5":"modelengine:entity/lichkingarmor - copy"},"elements":[{"from":[16.24942,25.329422,10.88],"to":[20.32942,27.969421,13.280001],"faces":{"east":{"uv":[4.25,10.0,5.0,11.0],"tintindex":0,"rotation":0,"texture":"#3"},"south":{"uv":[4.25,10.0,5.0,11.0],"tintindex":0,"rotation":0,"texture":"#3"},"north":{"uv":[4.25,10.0,5.0,11.0],"tintindex":0,"rotation":0,"texture":"#3"},"west":{"uv":[4.25,10.0,5.0,11.0],"tintindex":0,"rotation":0,"texture":"#3"},"up":{"uv":[4.25,10.0,5.0,11.0],"tintindex":0,"rotation":0,"texture":"#3"},"down":{"uv":[4.25,10.0,5.0,11.0],"tintindex":0,"rotation":0,"texture":"#3"}},"rotation":{"origin":[16.16,28.119999,10.88],"angle":45.0,"axis":"z"}},{"from":[-4.8,20.2,4.2],"to":[-0.6000004,22.0,6.6],"faces":{"east":{"uv":[3.5,8.25,2.75,9.75],"tintindex":0,"rotation":0,"texture":"#3"},"south":{"uv":[3.5,8.25,2.75,9.75],"tintindex":0,"rotation":0,"texture":"#3"},"north":{"uv":[3.5,8.25,2.75,9.75],"tintindex":0,"rotation":0,"texture":"#3"},"west":{"uv":[3.5,8.25,2.75,9.75],"tintindex":0,"rotation":0,"texture":"#3"},"up":{"uv":[3.5,8.25,2.75,9.75],"tintindex":0,"rotation":0,"texture":"#3"},"down":{"uv":[3.5,8.25,2.75,9.75],"tintindex":0,"rotation":0,"texture":"#3"}},"rotation":{"origin":[5.2,19.600002,8.0],"angle":-22.5,"axis":"z"}},{"from":[15.360001,23.080002,10.16],"to":[20.6,26.68,13.76],"faces":{"east":{"uv":[4.25,10.0,5.0,11.0],"tintindex":0,"rotation":0,"texture":"#3"},"south":{"uv":[4.25,10.0,5.0,11.0],"tintindex":0,"rotation":0,"texture":"#3"},"north":{"uv":[4.25,10.0,5.0,11.0],"tintindex":0,"rotation":0,"texture":"#3"},"west":{"uv":[4.25,10.0,5.0,11.0],"tintindex":0,"rotation":0,"texture":"#3"},"up":{"uv":[4.25,10.0,5.0,11.0],"tintindex":0,"rotation":0,"texture":"#3"},"down":{"uv":[4.25,10.0,5.0,11.0],"tintindex":0,"rotation":0,"texture":"#3"}},"rotation":{"origin":[14.16,19.240002,16.64],"angle":22.5,"axis":"z"}},{"from":[-1.8999996,17.488102,6.923417],"to":[17.9,28.930603,14.853417],"faces":{"east":{"uv":[1.5625,2.75,1.875,3.09375],"tintindex":0,"rotation":0,"texture":"#5"},"south":{"uv":[1.5625,2.75,1.875,3.09375],"tintindex":0,"rotation":0,"texture":"#5"},"north":{"uv":[1.5625,2.75,1.875,3.09375],"tintindex":0,"rotation":0,"texture":"#5"},"west":{"uv":[1.5625,2.75,1.875,3.09375],"tintindex":0,"rotation":0,"texture":"#5"},"up":{"uv":[1.5625,2.75,1.875,3.09375],"tintindex":0,"rotation":0,"texture":"#5"},"down":{"uv":[1.5625,2.75,1.875,3.09375],"tintindex":0,"rotation":0,"texture":"#5"}}},{"from":[16.6,20.2,4.2],"to":[20.8,22.0,6.6],"faces":{"east":{"uv":[3.5,8.25,2.75,9.75],"tintindex":0,"rotation":0,"texture":"#3"},"south":{"uv":[3.5,8.25,2.75,9.75],"tintindex":0,"rotation":0,"texture":"#3"},"north":{"uv":[3.5,8.25,2.75,9.75],"tintindex":0,"rotation":0,"texture":"#3"},"west":{"uv":[3.5,8.25,2.75,9.75],"tintindex":0,"rotation":0,"texture":"#3"},"up":{"uv":[3.5,8.25,2.75,9.75],"tintindex":0,"rotation":0,"texture":"#3"},"down":{"uv":[3.5,8.25,2.75,9.75],"tintindex":0,"rotation":0,"texture":"#3"}},"rotation":{"origin":[10.8,19.600002,8.0],"angle":22.5,"axis":"z"}},{"from":[-4.6000004,23.080002,10.16],"to":[0.63999987,26.68,13.76],"faces":{"east":{"uv":[4.25,10.0,5.0,11.0],"tintindex":0,"rotation":0,"texture":"#3"},"south":{"uv":[4.25,10.0,5.0,11.0],"tintindex":0,"rotation":0,"texture":"#3"},"north":{"uv":[4.25,10.0,5.0,11.0],"tintindex":0,"rotation":0,"texture":"#3"},"west":{"uv":[4.25,10.0,5.0,11.0],"tintindex":0,"rotation":0,"texture":"#3"},"up":{"uv":[4.25,10.0,5.0,11.0],"tintindex":0,"rotation":0,"texture":"#3"},"down":{"uv":[4.25,10.0,5.0,11.0],"tintindex":0,"rotation":0,"texture":"#3"}},"rotation":{"origin":[1.8400002,19.240002,16.64],"angle":-22.5,"axis":"z"}}],"display":{"gui":{"rotation":[30,225,0]}}}