{"textures":{"0":"modelengine:entity/artas1","1":"modelengine:entity/artas"},"elements":[{"from":[7.612983,8.027409,-11.889969],"to":[8.192033,8.8402405,-10.917305],"faces":{"east":{"uv":[3.5,7.5,4.25,8.5],"tintindex":0,"rotation":90,"texture":"#1"},"south":{"uv":[13.25,10.0,12.5,10.125],"tintindex":0,"rotation":270,"texture":"#1"},"north":{"uv":[10.25,12.625,9.5,12.5],"tintindex":0,"rotation":270,"texture":"#1"},"west":{"uv":[4.5,7.5,5.25,8.5],"tintindex":0,"rotation":270,"texture":"#1"},"up":{"uv":[7.5,12.0,7.625,13.0],"tintindex":0,"rotation":0,"texture":"#1"},"down":{"uv":[8.0,12.0,8.125,13.0],"tintindex":0,"rotation":180,"texture":"#1"}}},{"from":[7.612983,7.307743,3.318684],"to":[8.192033,9.593239,7.2366776],"faces":{"east":{"uv":[0.0,4.0,1.75,7.0],"tintindex":0,"rotation":90,"texture":"#1"},"south":{"uv":[12.25,5.5,10.5,5.625],"tintindex":0,"rotation":270,"texture":"#1"},"north":{"uv":[12.25,5.125,10.5,5.0],"tintindex":0,"rotation":270,"texture":"#1"},"west":{"uv":[0.0,4.0,1.75,7.0],"tintindex":0,"rotation":270,"texture":"#1"},"up":{"uv":[2.5,8.5,2.625,11.5],"tintindex":0,"rotation":0,"texture":"#1"},"down":{"uv":[1.5,9.0,1.625,12.0],"tintindex":0,"rotation":180,"texture":"#1"}}},{"from":[7.612983,9.593239,5.93068],"to":[8.192033,10.082989,6.9101777],"faces":{"east":{"uv":[8.0,9.5,8.375,10.25],"tintindex":0,"rotation":90,"texture":"#1"},"south":{"uv":[6.375,13.5,6.0,13.625],"tintindex":0,"rotation":270,"texture":"#1"},"north":{"uv":[13.875,5.625,13.5,5.5],"tintindex":0,"rotation":270,"texture":"#1"},"west":{"uv":[9.5,8.0,9.875,8.75],"tintindex":0,"rotation":270,"texture":"#1"},"up":{"uv":[10.5,12.5,10.625,13.25],"tintindex":0,"rotation":0,"texture":"#1"},"down":{"uv":[12.5,10.5,12.625,11.25],"tintindex":0,"rotation":180,"texture":"#1"}}},{"from":[7.612983,7.6342416,-10.917305],"to":[8.192033,9.26674,-9.611305],"faces":{"east":{"uv":[6.0,4.5,7.25,5.5],"tintindex":0,"rotation":90,"texture":"#1"},"south":{"uv":[12.25,9.0,11.0,9.125],"tintindex":0,"rotation":270,"texture":"#1"},"north":{"uv":[12.25,8.625,11.0,8.5],"tintindex":0,"rotation":270,"texture":"#1"},"west":{"uv":[6.0,4.5,7.25,5.5],"tintindex":0,"rotation":270,"texture":"#1"},"up":{"uv":[7.0,12.0,7.125,13.0],"tintindex":0,"rotation":0,"texture":"#1"},"down":{"uv":[12.0,7.0,12.125,8.0],"tintindex":0,"rotation":180,"texture":"#1"}}},{"from":[7.5313582,7.144493,7.8896766],"to":[8.273658,9.756489,8.542676],"faces":{"east":{"uv":[7.0,7.0,9.0,7.5],"tintindex":0,"rotation":90,"texture":"#1"},"south":{"uv":[10.5,1.5,8.5,1.75],"tintindex":0,"rotation":270,"texture":"#1"},"north":{"uv":[10.5,1.25,8.5,1.0],"tintindex":0,"rotation":270,"texture":"#1"},"west":{"uv":[7.0,7.0,9.0,7.5],"tintindex":0,"rotation":270,"texture":"#1"},"up":{"uv":[3.5,12.0,3.75,12.5],"tintindex":0,"rotation":0,"texture":"#1"},"down":{"uv":[12.0,3.5,12.25,4.0],"tintindex":0,"rotation":180,"texture":"#1"}}},{"from":[7.612983,9.593239,3.6451836],"to":[8.192033,9.919739,4.298182],"faces":{"east":{"uv":[4.0,12.0,4.25,12.5],"tintindex":0,"rotation":90,"texture":"#1"},"south":{"uv":[11.75,13.5,11.5,13.625],"tintindex":0,"rotation":270,"texture":"#1"},"north":{"uv":[13.75,11.125,13.5,11.0],"tintindex":0,"rotation":270,"texture":"#1"},"west":{"uv":[4.5,12.0,4.75,12.5],"tintindex":0,"rotation":270,"texture":"#1"},"up":{"uv":[13.0,13.0,13.125,13.5],"tintindex":0,"rotation":0,"texture":"#1"},"down":{"uv":[0.0,13.5,0.125,14.0],"tintindex":0,"rotation":180,"texture":"#1"}}},{"from":[7.612983,10.086406,-2.8582335],"to":[8.192033,10.382988,-1.8052349],"faces":{"east":{"uv":[11.0,13.0,11.125,13.5],"tintindex":0,"rotation":90,"texture":"#1"},"south":{"uv":[14.125,0.0,14.0,0.125],"tintindex":0,"rotation":270,"texture":"#1"},"north":{"uv":[0.125,14.125,0.0,14.0],"tintindex":0,"rotation":270,"texture":"#1"},"west":{"uv":[11.5,13.0,11.625,13.5],"tintindex":0,"rotation":270,"texture":"#1"},"up":{"uv":[13.0,11.0,13.125,11.5],"tintindex":0,"rotation":0,"texture":"#1"},"down":{"uv":[12.0,13.0,12.125,13.5],"tintindex":0,"rotation":180,"texture":"#1"}},"rotation":{"origin":[7.4,10.0,-0.26666737],"angle":-22.5,"axis":"x"}},{"from":[7.612983,8.317932,-12.4852295],"to":[8.192033,8.597431,-12.212566],"faces":{"east":{"uv":[3.5,7.5,4.25,8.5],"tintindex":0,"rotation":90,"texture":"#1"},"south":{"uv":[13.25,10.0,12.5,10.125],"tintindex":0,"rotation":270,"texture":"#1"},"north":{"uv":[10.25,12.625,9.5,12.5],"tintindex":0,"rotation":270,"texture":"#1"},"west":{"uv":[4.5,7.5,5.25,8.5],"tintindex":0,"rotation":270,"texture":"#1"},"up":{"uv":[7.5,12.0,7.625,13.0],"tintindex":0,"rotation":0,"texture":"#1"},"down":{"uv":[8.0,12.0,8.125,13.0],"tintindex":0,"rotation":180,"texture":"#1"}},"rotation":{"origin":[7.733333,8.333333,-12.366667],"angle":-45.0,"axis":"x"}},{"from":[7.612983,9.593239,4.7879314],"to":[8.192033,10.082989,5.4409304],"faces":{"east":{"uv":[11.0,4.0,11.375,4.5],"tintindex":0,"rotation":90,"texture":"#1"},"south":{"uv":[4.875,13.5,4.5,13.625],"tintindex":0,"rotation":270,"texture":"#1"},"north":{"uv":[13.875,4.125,13.5,4.0],"tintindex":0,"rotation":270,"texture":"#1"},"west":{"uv":[4.5,11.0,4.875,11.5],"tintindex":0,"rotation":270,"texture":"#1"},"up":{"uv":[13.0,7.0,13.125,7.5],"tintindex":0,"rotation":0,"texture":"#1"},"down":{"uv":[7.5,13.0,7.625,13.5],"tintindex":0,"rotation":180,"texture":"#1"}}},{"from":[7.612983,6.919739,-9.591568],"to":[8.192033,7.2163215,-8.53857],"faces":{"east":{"uv":[11.0,13.0,11.125,13.5],"tintindex":0,"rotation":90,"texture":"#1"},"south":{"uv":[14.125,0.0,14.0,0.125],"tintindex":0,"rotation":270,"texture":"#1"},"north":{"uv":[0.125,14.125,0.0,14.0],"tintindex":0,"rotation":270,"texture":"#1"},"west":{"uv":[11.5,13.0,11.625,13.5],"tintindex":0,"rotation":270,"texture":"#1"},"up":{"uv":[13.0,11.0,13.125,11.5],"tintindex":0,"rotation":0,"texture":"#1"},"down":{"uv":[12.0,13.0,12.125,13.5],"tintindex":0,"rotation":180,"texture":"#1"}},"rotation":{"origin":[7.4,10.0,-8.133335],"angle":22.5,"axis":"x"}},{"from":[7.231358,7.7906585,-4.369322],"to":[8.506991,9.110324,6.950345],"faces":{"east":{"uv":[0.0,0.0,16.0,16.0],"tintindex":0,"rotation":90,"texture":"#0"},"south":{"uv":[0.0,0.0,0.68085104,16.0],"tintindex":0,"rotation":90,"texture":"#0"},"north":{"uv":[0.0,0.0,0.68085104,16.0],"tintindex":0,"rotation":90,"texture":"#0"},"west":{"uv":[0.0,0.0,16.0,16.0],"tintindex":0,"rotation":90,"texture":"#0"},"up":{"uv":[0.0,0.0,0.68085104,16.0],"tintindex":0,"rotation":90,"texture":"#0"},"down":{"uv":[0.0,0.0,0.68085104,16.0],"tintindex":0,"rotation":90,"texture":"#0"}}},{"from":[7.612983,6.328244,5.76743],"to":[8.192033,6.8179936,6.4204283],"faces":{"east":{"uv":[6.0,11.0,6.375,11.5],"tintindex":0,"rotation":90,"texture":"#1"},"south":{"uv":[5.875,13.5,5.5,13.625],"tintindex":0,"rotation":270,"texture":"#1"},"north":{"uv":[13.875,5.125,13.5,5.0],"tintindex":0,"rotation":270,"texture":"#1"},"west":{"uv":[6.5,11.0,6.875,11.5],"tintindex":0,"rotation":270,"texture":"#1"},"up":{"uv":[13.5,0.5,13.625,1.0],"tintindex":0,"rotation":0,"texture":"#1"},"down":{"uv":[1.0,13.5,1.125,14.0],"tintindex":0,"rotation":180,"texture":"#1"}}},{"from":[7.5313582,6.981243,9.195674],"to":[8.273658,9.919739,9.848673],"faces":{"east":{"uv":[6.0,5.5,8.25,6.0],"tintindex":0,"rotation":90,"texture":"#1"},"south":{"uv":[9.75,6.5,7.5,6.75],"tintindex":0,"rotation":270,"texture":"#1"},"north":{"uv":[7.75,7.75,5.5,7.5],"tintindex":0,"rotation":270,"texture":"#1"},"west":{"uv":[5.0,6.5,7.25,7.0],"tintindex":0,"rotation":270,"texture":"#1"},"up":{"uv":[5.0,12.0,5.25,12.5],"tintindex":0,"rotation":0,"texture":"#1"},"down":{"uv":[5.5,12.0,5.75,12.5],"tintindex":0,"rotation":180,"texture":"#1"}}},{"from":[7.5313582,7.470993,7.2366776],"to":[8.273658,9.429989,7.8896766],"faces":{"east":{"uv":[2.0,8.0,3.5,7.5],"tintindex":0,"rotation":90,"texture":"#1"},"south":{"uv":[5.0,9.0,3.5,9.25],"tintindex":0,"rotation":270,"texture":"#1"},"north":{"uv":[10.5,0.75,9.0,0.5],"tintindex":0,"rotation":270,"texture":"#1"},"west":{"uv":[2.0,7.5,3.5,8.0],"tintindex":0,"rotation":270,"texture":"#1"},"up":{"uv":[12.0,1.0,12.25,1.5],"tintindex":0,"rotation":0,"texture":"#1"},"down":{"uv":[1.5,12.0,1.75,12.5],"tintindex":0,"rotation":180,"texture":"#1"}}},{"from":[7.612983,9.429989,7.2366776],"to":[8.192033,10.082989,7.8896766],"faces":{"east":{"uv":[0.0,10.5,0.5,11.0],"tintindex":0,"rotation":90,"texture":"#1"},"south":{"uv":[13.5,3.5,13.0,3.625],"tintindex":0,"rotation":270,"texture":"#1"},"north":{"uv":[4.0,13.125,3.5,13.0],"tintindex":0,"rotation":270,"texture":"#1"},"west":{"uv":[0.5,10.5,1.0,11.0],"tintindex":0,"rotation":270,"texture":"#1"},"up":{"uv":[3.0,13.0,3.125,13.5],"tintindex":0,"rotation":0,"texture":"#1"},"down":{"uv":[13.0,3.0,13.125,3.5],"tintindex":0,"rotation":180,"texture":"#1"}}},{"from":[7.612983,6.8179936,2.6656857],"to":[8.192033,10.082989,3.318684],"faces":{"east":{"uv":[6.0,4.0,8.5,4.5],"tintindex":0,"rotation":90,"texture":"#1"},"south":{"uv":[12.0,2.0,9.5,2.125],"tintindex":0,"rotation":270,"texture":"#1"},"north":{"uv":[12.0,0.125,9.5,0.0],"tintindex":0,"rotation":270,"texture":"#1"},"west":{"uv":[6.0,4.0,8.5,4.5],"tintindex":0,"rotation":270,"texture":"#1"},"up":{"uv":[13.5,1.0,13.625,1.5],"tintindex":0,"rotation":0,"texture":"#1"},"down":{"uv":[1.5,13.5,1.625,14.0],"tintindex":0,"rotation":180,"texture":"#1"}}},{"from":[7.612983,7.9292793,-12.620817],"to":[8.192033,8.425862,-10.967817],"faces":{"east":{"uv":[11.0,13.0,11.125,13.5],"tintindex":0,"rotation":90,"texture":"#1"},"south":{"uv":[14.125,0.0,14.0,0.125],"tintindex":0,"rotation":270,"texture":"#1"},"north":{"uv":[0.125,14.125,0.0,14.0],"tintindex":0,"rotation":270,"texture":"#1"},"west":{"uv":[11.5,13.0,11.625,13.5],"tintindex":0,"rotation":270,"texture":"#1"},"up":{"uv":[13.0,11.0,13.125,11.5],"tintindex":0,"rotation":0,"texture":"#1"},"down":{"uv":[12.0,13.0,12.125,13.5],"tintindex":0,"rotation":180,"texture":"#1"}},"rotation":{"origin":[7.4,7.6666665,-11.7333355],"angle":22.5,"axis":"x"}},{"from":[7.612983,6.419739,2.9750996],"to":[8.192033,6.716321,4.028099],"faces":{"east":{"uv":[11.0,13.0,11.125,13.5],"tintindex":0,"rotation":90,"texture":"#1"},"south":{"uv":[14.125,0.0,14.0,0.125],"tintindex":0,"rotation":270,"texture":"#1"},"north":{"uv":[0.125,14.125,0.0,14.0],"tintindex":0,"rotation":270,"texture":"#1"},"west":{"uv":[11.5,13.0,11.625,13.5],"tintindex":0,"rotation":270,"texture":"#1"},"up":{"uv":[13.0,11.0,13.125,11.5],"tintindex":0,"rotation":0,"texture":"#1"},"down":{"uv":[12.0,13.0,12.125,13.5],"tintindex":0,"rotation":180,"texture":"#1"}},"rotation":{"origin":[7.4,10.0,4.2999997],"angle":22.5,"axis":"x"}},{"from":[7.612983,7.107743,-1.8446388],"to":[8.192033,9.759906,2.7460194],"faces":{"east":{"uv":[0.0,0.75,1.75,4.75],"tintindex":0,"rotation":90,"texture":"#1"},"south":{"uv":[12.25,6.5,10.5,6.625],"tintindex":0,"rotation":270,"texture":"#1"},"north":{"uv":[12.25,6.125,10.5,6.0],"tintindex":0,"rotation":270,"texture":"#1"},"west":{"uv":[0.0,0.0,1.75,4.0],"tintindex":0,"rotation":270,"texture":"#1"},"up":{"uv":[3.0,8.0,3.125,12.0],"tintindex":0,"rotation":0,"texture":"#1"},"down":{"uv":[2.0,8.5,2.125,12.5],"tintindex":0,"rotation":180,"texture":"#1"}}},{"from":[7.612983,6.328244,5.4409304],"to":[8.192033,6.4914937,5.76743],"faces":{"east":{"uv":[13.5,11.5,13.625,11.75],"tintindex":0,"rotation":90,"texture":"#1"},"south":{"uv":[14.125,0.5,14.0,0.625],"tintindex":0,"rotation":270,"texture":"#1"},"north":{"uv":[0.625,14.125,0.5,14.0],"tintindex":0,"rotation":270,"texture":"#1"},"west":{"uv":[13.5,12.0,13.625,12.25],"tintindex":0,"rotation":270,"texture":"#1"},"up":{"uv":[12.0,13.5,12.125,13.75],"tintindex":0,"rotation":0,"texture":"#1"},"down":{"uv":[12.5,13.5,12.625,13.75],"tintindex":0,"rotation":180,"texture":"#1"}}},{"from":[7.612983,7.307743,-9.677975],"to":[8.192033,9.593239,-1.7539806],"faces":{"east":{"uv":[0.0,0.0,1.75,4.0],"tintindex":0,"rotation":90,"texture":"#1"},"south":{"uv":[12.25,6.5,10.5,6.625],"tintindex":0,"rotation":270,"texture":"#1"},"north":{"uv":[12.25,6.125,10.5,6.0],"tintindex":0,"rotation":270,"texture":"#1"},"west":{"uv":[0.0,0.0,1.75,4.0],"tintindex":0,"rotation":270,"texture":"#1"},"up":{"uv":[3.0,8.0,3.125,12.0],"tintindex":0,"rotation":0,"texture":"#1"},"down":{"uv":[2.0,8.5,2.125,12.5],"tintindex":0,"rotation":180,"texture":"#1"}}},{"from":[7.612983,6.8179936,7.2366776],"to":[8.192033,7.470993,7.8896766],"faces":{"east":{"uv":[10.5,4.0,11.0,4.5],"tintindex":0,"rotation":90,"texture":"#1"},"south":{"uv":[9.0,13.0,8.5,13.125],"tintindex":0,"rotation":270,"texture":"#1"},"north":{"uv":[13.5,8.125,13.0,8.0],"tintindex":0,"rotation":270,"texture":"#1"},"west":{"uv":[4.5,10.5,5.0,11.0],"tintindex":0,"rotation":270,"texture":"#1"},"up":{"uv":[13.0,7.5,13.125,8.0],"tintindex":0,"rotation":0,"texture":"#1"},"down":{"uv":[8.0,13.0,8.125,13.5],"tintindex":0,"rotation":180,"texture":"#1"}}},{"from":[7.612983,10.572738,6.4204283],"to":[8.192033,10.899238,7.0734277],"faces":{"east":{"uv":[12.0,8.0,12.25,8.5],"tintindex":0,"rotation":90,"texture":"#1"},"south":{"uv":[13.25,13.5,13.0,13.625],"tintindex":0,"rotation":270,"texture":"#1"},"north":{"uv":[13.75,12.625,13.5,12.5],"tintindex":0,"rotation":270,"texture":"#1"},"west":{"uv":[8.5,12.0,8.75,12.5],"tintindex":0,"rotation":270,"texture":"#1"},"up":{"uv":[13.5,3.0,13.625,3.5],"tintindex":0,"rotation":0,"texture":"#1"},"down":{"uv":[3.5,13.5,3.625,14.0],"tintindex":0,"rotation":180,"texture":"#1"}}},{"from":[7.612983,6.4914937,8.542676],"to":[8.192033,6.8179936,9.862341],"faces":{"east":{"uv":[11.5,9.5,11.75,10.0],"tintindex":0,"rotation":90,"texture":"#1"},"south":{"uv":[9.25,13.5,9.0,13.625],"tintindex":0,"rotation":270,"texture":"#1"},"north":{"uv":[13.75,8.625,13.5,8.5],"tintindex":0,"rotation":270,"texture":"#1"},"west":{"uv":[11.5,10.0,11.75,10.5],"tintindex":0,"rotation":270,"texture":"#1"},"up":{"uv":[2.5,13.0,2.625,13.5],"tintindex":0,"rotation":0,"texture":"#1"},"down":{"uv":[13.0,2.5,13.125,3.0],"tintindex":0,"rotation":180,"texture":"#1"}}},{"from":[7.612983,10.419739,1.7750998],"to":[8.192033,10.716322,2.8280988],"faces":{"east":{"uv":[11.0,13.0,11.125,13.5],"tintindex":0,"rotation":90,"texture":"#1"},"south":{"uv":[14.125,0.0,14.0,0.125],"tintindex":0,"rotation":270,"texture":"#1"},"north":{"uv":[0.125,14.125,0.0,14.0],"tintindex":0,"rotation":270,"texture":"#1"},"west":{"uv":[11.5,13.0,11.625,13.5],"tintindex":0,"rotation":270,"texture":"#1"},"up":{"uv":[13.0,11.0,13.125,11.5],"tintindex":0,"rotation":0,"texture":"#1"},"down":{"uv":[12.0,13.0,12.125,13.5],"tintindex":0,"rotation":180,"texture":"#1"}},"rotation":{"origin":[7.4,10.0,4.2999997],"angle":-22.5,"axis":"x"}},{"from":[7.612983,10.082989,6.0939293],"to":[8.192033,10.572738,6.746928],"faces":{"east":{"uv":[8.0,11.0,8.375,11.5],"tintindex":0,"rotation":90,"texture":"#1"},"south":{"uv":[6.875,13.5,6.5,13.625],"tintindex":0,"rotation":270,"texture":"#1"},"north":{"uv":[13.875,6.125,13.5,6.0],"tintindex":0,"rotation":270,"texture":"#1"},"west":{"uv":[11.0,8.0,11.375,8.5],"tintindex":0,"rotation":270,"texture":"#1"},"up":{"uv":[13.5,2.5,13.625,3.0],"tintindex":0,"rotation":0,"texture":"#1"},"down":{"uv":[3.0,13.5,3.125,14.0],"tintindex":0,"rotation":180,"texture":"#1"}}},{"from":[7.612983,8.778252,-12.494459],"to":[8.192033,9.174834,-10.841459],"faces":{"east":{"uv":[11.0,13.0,11.125,13.5],"tintindex":0,"rotation":90,"texture":"#1"},"south":{"uv":[14.125,0.0,14.0,0.125],"tintindex":0,"rotation":270,"texture":"#1"},"north":{"uv":[0.125,14.125,0.0,14.0],"tintindex":0,"rotation":270,"texture":"#1"},"west":{"uv":[11.5,13.0,11.625,13.5],"tintindex":0,"rotation":270,"texture":"#1"},"up":{"uv":[13.0,11.0,13.125,11.5],"tintindex":0,"rotation":0,"texture":"#1"},"down":{"uv":[12.0,13.0,12.125,13.5],"tintindex":0,"rotation":180,"texture":"#1"}},"rotation":{"origin":[7.4,9.0,-11.066669],"angle":-22.5,"axis":"x"}},{"from":[7.5313582,6.8179936,8.542676],"to":[8.273658,10.082989,9.862341],"faces":{"east":{"uv":[6.0,3.0,8.5,3.5],"tintindex":0,"rotation":90,"texture":"#1"},"south":{"uv":[10.0,5.0,7.5,5.25],"tintindex":0,"rotation":270,"texture":"#1"},"north":{"uv":[10.0,4.75,7.5,4.5],"tintindex":0,"rotation":270,"texture":"#1"},"west":{"uv":[5.96875,3.0,8.46875,3.5],"tintindex":0,"rotation":270,"texture":"#1"},"up":{"uv":[12.0,0.5,12.25,1.0],"tintindex":0,"rotation":0,"texture":"#1"},"down":{"uv":[1.0,12.0,1.25,12.5],"tintindex":0,"rotation":180,"texture":"#1"}}},{"from":[7.5313582,7.7974916,6.5836782],"to":[8.273658,9.10349,7.2366776],"faces":{"east":{"uv":[1.0,8.5,2.0,9.0],"tintindex":0,"rotation":90,"texture":"#1"},"south":{"uv":[11.0,9.5,10.0,9.75],"tintindex":0,"rotation":270,"texture":"#1"},"north":{"uv":[10.5,10.25,9.5,10.0],"tintindex":0,"rotation":270,"texture":"#1"},"west":{"uv":[1.0,8.5,2.0,9.0],"tintindex":0,"rotation":270,"texture":"#1"},"up":{"uv":[10.5,11.5,10.75,12.0],"tintindex":0,"rotation":0,"texture":"#1"},"down":{"uv":[11.5,10.5,11.75,11.0],"tintindex":0,"rotation":180,"texture":"#1"}}},{"from":[7.612983,10.082989,8.542676],"to":[8.192033,10.409488,9.862341],"faces":{"east":{"uv":[11.0,11.5,11.25,12.0],"tintindex":0,"rotation":90,"texture":"#1"},"south":{"uv":[9.75,13.5,9.5,13.625],"tintindex":0,"rotation":270,"texture":"#1"},"north":{"uv":[13.75,9.125,13.5,9.0],"tintindex":0,"rotation":270,"texture":"#1"},"west":{"uv":[11.5,11.0,11.75,11.5],"tintindex":0,"rotation":270,"texture":"#1"},"up":{"uv":[4.0,13.0,4.125,13.5],"tintindex":0,"rotation":0,"texture":"#1"},"down":{"uv":[13.0,4.0,13.125,4.5],"tintindex":0,"rotation":180,"texture":"#1"}}},{"from":[7.612983,9.919739,3.8084326],"to":[8.192033,10.082989,4.461432],"faces":{"east":{"uv":[11.0,13.0,11.125,13.5],"tintindex":0,"rotation":90,"texture":"#1"},"south":{"uv":[14.125,0.0,14.0,0.125],"tintindex":0,"rotation":270,"texture":"#1"},"north":{"uv":[0.125,14.125,0.0,14.0],"tintindex":0,"rotation":270,"texture":"#1"},"west":{"uv":[11.5,13.0,11.625,13.5],"tintindex":0,"rotation":270,"texture":"#1"},"up":{"uv":[13.0,11.0,13.125,11.5],"tintindex":0,"rotation":0,"texture":"#1"},"down":{"uv":[12.0,13.0,12.125,13.5],"tintindex":0,"rotation":180,"texture":"#1"}}},{"from":[7.612983,6.7197385,-1.6582336],"to":[8.192033,7.0163217,-0.60523415],"faces":{"east":{"uv":[11.0,13.0,11.125,13.5],"tintindex":0,"rotation":90,"texture":"#1"},"south":{"uv":[14.125,0.0,14.0,0.125],"tintindex":0,"rotation":270,"texture":"#1"},"north":{"uv":[0.125,14.125,0.0,14.0],"tintindex":0,"rotation":270,"texture":"#1"},"west":{"uv":[11.5,13.0,11.625,13.5],"tintindex":0,"rotation":270,"texture":"#1"},"up":{"uv":[13.0,11.0,13.125,11.5],"tintindex":0,"rotation":0,"texture":"#1"},"down":{"uv":[12.0,13.0,12.125,13.5],"tintindex":0,"rotation":180,"texture":"#1"}},"rotation":{"origin":[7.4,10.0,-0.26666737],"angle":22.5,"axis":"x"}},{"from":[7.612983,10.082989,5.1144304],"to":[8.192033,10.409488,5.76743],"faces":{"east":{"uv":[3.0,12.0,3.25,12.5],"tintindex":0,"rotation":90,"texture":"#1"},"south":{"uv":[11.25,13.5,11.0,13.625],"tintindex":0,"rotation":270,"texture":"#1"},"north":{"uv":[13.75,10.625,13.5,10.5],"tintindex":0,"rotation":270,"texture":"#1"},"west":{"uv":[12.0,3.0,12.25,3.5],"tintindex":0,"rotation":270,"texture":"#1"},"up":{"uv":[12.5,13.0,12.625,13.5],"tintindex":0,"rotation":0,"texture":"#1"},"down":{"uv":[13.0,12.5,13.125,13.0],"tintindex":0,"rotation":180,"texture":"#1"}}},{"from":[7.612983,9.919739,-10.758236],"to":[8.192033,10.216322,-9.705236],"faces":{"east":{"uv":[11.0,13.0,11.125,13.5],"tintindex":0,"rotation":90,"texture":"#1"},"south":{"uv":[14.125,0.0,14.0,0.125],"tintindex":0,"rotation":270,"texture":"#1"},"north":{"uv":[0.125,14.125,0.0,14.0],"tintindex":0,"rotation":270,"texture":"#1"},"west":{"uv":[11.5,13.0,11.625,13.5],"tintindex":0,"rotation":270,"texture":"#1"},"up":{"uv":[13.0,11.0,13.125,11.5],"tintindex":0,"rotation":0,"texture":"#1"},"down":{"uv":[12.0,13.0,12.125,13.5],"tintindex":0,"rotation":180,"texture":"#1"}},"rotation":{"origin":[7.4,10.0,-8.133335],"angle":-22.5,"axis":"x"}},{"from":[7.612983,6.8179936,5.93068],"to":[8.192033,7.307743,6.9101777],"faces":{"east":{"uv":[7.0,9.5,7.375,10.25],"tintindex":0,"rotation":90,"texture":"#1"},"south":{"uv":[5.375,13.5,5.0,13.625],"tintindex":0,"rotation":270,"texture":"#1"},"north":{"uv":[13.875,4.625,13.5,4.5],"tintindex":0,"rotation":270,"texture":"#1"},"west":{"uv":[7.5,9.5,7.875,10.25],"tintindex":0,"rotation":270,"texture":"#1"},"up":{"uv":[12.5,6.5,12.625,7.25],"tintindex":0,"rotation":0,"texture":"#1"},"down":{"uv":[12.5,7.5,12.625,8.25],"tintindex":0,"rotation":180,"texture":"#1"}}}],"display":{"gui":{"rotation":[30,225,0]}}}