{"textures":{"1":"modelengine:entity/artas"},"elements":[{"from":[5.9403267,8.274025,-0.041222572],"to":[7.9198246,8.518898,3.7485266],"faces":{"east":{"uv":[10.03125,5.5,10.5,5.0],"tintindex":0,"rotation":90,"texture":"#1"},"south":{"uv":[12.0,7.0,11.5,7.25],"tintindex":0,"rotation":270,"texture":"#1"},"north":{"uv":[10.5,5.125,10.0,5.03125],"tintindex":0,"rotation":270,"texture":"#1"},"west":{"uv":[10.03125,5.0,10.5,5.5],"tintindex":0,"rotation":270,"texture":"#1"},"up":{"uv":[10.5,5.0,10.0,5.5],"tintindex":0,"rotation":0,"texture":"#1"},"down":{"uv":[10.5,5.0,10.0,5.5],"tintindex":0,"rotation":180,"texture":"#1"}}},{"from":[5.9403267,9.449421,-0.041222572],"to":[7.9198246,9.694298,3.7485266],"faces":{"east":{"uv":[10.03125,5.5,10.5,5.0],"tintindex":0,"rotation":90,"texture":"#1"},"south":{"uv":[12.0,7.0,11.5,7.25],"tintindex":0,"rotation":270,"texture":"#1"},"north":{"uv":[7.375,11.59375,7.03125,11.6875],"tintindex":0,"rotation":270,"texture":"#1"},"west":{"uv":[10.03125,5.0,10.5,5.5],"tintindex":0,"rotation":270,"texture":"#1"},"up":{"uv":[10.5,5.0,10.0,5.5],"tintindex":0,"rotation":0,"texture":"#1"},"down":{"uv":[10.5,5.0,10.0,5.5],"tintindex":0,"rotation":180,"texture":"#1"}}},{"from":[5.9403267,10.135071,-0.041222572],"to":[7.9198246,10.379948,3.7485266],"faces":{"east":{"uv":[10.03125,5.5,10.4375,5.0],"tintindex":0,"rotation":90,"texture":"#1"},"south":{"uv":[12.0,7.0,11.5,7.25],"tintindex":0,"rotation":270,"texture":"#1"},"north":{"uv":[10.40625,5.15625,10.03125,5.0625],"tintindex":0,"rotation":270,"texture":"#1"},"west":{"uv":[10.03125,5.0,10.4375,5.5],"tintindex":0,"rotation":270,"texture":"#1"},"up":{"uv":[10.5,5.0,10.0,5.5],"tintindex":0,"rotation":0,"texture":"#1"},"down":{"uv":[10.5,5.0,10.0,5.5],"tintindex":0,"rotation":180,"texture":"#1"}}},{"from":[5.9403267,9.841221,-0.13917255],"to":[7.9198246,10.086098,3.7485266],"faces":{"east":{"uv":[10.03125,5.5,10.5,5.0],"tintindex":0,"rotation":90,"texture":"#1"},"south":{"uv":[12.0,7.0,11.5,7.25],"tintindex":0,"rotation":270,"texture":"#1"},"north":{"uv":[7.46875,11.53125,7.03125,11.6875],"tintindex":0,"rotation":270,"texture":"#1"},"west":{"uv":[10.03125,5.0,10.5,5.5],"tintindex":0,"rotation":270,"texture":"#1"},"up":{"uv":[10.5,5.0,10.0,5.5],"tintindex":0,"rotation":0,"texture":"#1"},"down":{"uv":[10.5,5.0,10.0,5.5],"tintindex":0,"rotation":180,"texture":"#1"}}},{"from":[5.9403267,9.057625,1.4546785],"to":[7.9198246,9.302498,3.7485266],"faces":{"east":{"uv":[10.03125,5.5,10.5,5.0],"tintindex":0,"rotation":90,"texture":"#1"},"south":{"uv":[12.0,7.0,11.5,7.25],"tintindex":0,"rotation":270,"texture":"#1"},"north":{"uv":[7.40625,11.5625,7.03125,11.625],"tintindex":0,"rotation":270,"texture":"#1"},"west":{"uv":[10.0,5.0,10.5,5.5],"tintindex":0,"rotation":270,"texture":"#1"},"up":{"uv":[10.5,5.0,10.0,5.5],"tintindex":0,"rotation":0,"texture":"#1"},"down":{"uv":[10.5,5.0,10.0,5.5],"tintindex":0,"rotation":180,"texture":"#1"}}},{"from":[5.4145765,7.882225,2.7280264],"to":[8.641475,10.820721,6.687022],"faces":{"east":{"uv":[3.5,8.5,4.25,9.0],"tintindex":0,"rotation":90,"texture":"#1"},"south":{"uv":[11.25,7.0,10.5,7.25],"tintindex":0,"rotation":270,"texture":"#1"},"north":{"uv":[7.75,10.75,7.0,10.5],"tintindex":0,"rotation":270,"texture":"#1"},"west":{"uv":[4.5,8.5,5.25,9.0],"tintindex":0,"rotation":270,"texture":"#1"},"up":{"uv":[10.5,11.0,10.75,11.5],"tintindex":0,"rotation":0,"texture":"#1"},"down":{"uv":[11.0,10.5,11.25,11.0],"tintindex":0,"rotation":180,"texture":"#1"}}},{"from":[5.4145765,8.371975,1.7485266],"to":[8.641475,10.330971,4.7280264],"faces":{"east":{"uv":[3.5,6.0,4.0,6.5],"tintindex":0,"rotation":90,"texture":"#1"},"south":{"uv":[12.0,2.5,11.5,2.75],"tintindex":0,"rotation":270,"texture":"#1"},"north":{"uv":[3.0,11.75,2.5,11.5],"tintindex":0,"rotation":270,"texture":"#1"},"west":{"uv":[11.375,4.90625,11.875,5.40625],"tintindex":0,"rotation":270,"texture":"#1"},"up":{"uv":[11.5,1.0,11.75,1.5],"tintindex":0,"rotation":0,"texture":"#1"},"down":{"uv":[11.5,1.5,11.75,2.0],"tintindex":0,"rotation":180,"texture":"#1"}}},{"from":[5.9403267,8.665825,-0.08040142],"to":[7.9198246,8.910698,3.7485266],"faces":{"east":{"uv":[10.03125,5.5,10.4375,5.0],"tintindex":0,"rotation":90,"texture":"#1"},"south":{"uv":[12.0,7.0,11.5,7.25],"tintindex":0,"rotation":270,"texture":"#1"},"north":{"uv":[10.40625,5.03125,10.03125,5.15625],"tintindex":0,"rotation":270,"texture":"#1"},"west":{"uv":[10.03125,5.0,10.5,5.5],"tintindex":0,"rotation":270,"texture":"#1"},"up":{"uv":[10.5,5.0,10.0,5.5],"tintindex":0,"rotation":0,"texture":"#1"},"down":{"uv":[10.5,5.0,10.0,5.5],"tintindex":0,"rotation":180,"texture":"#1"}}},{"from":[5.4145765,6.412979,4.687022],"to":[8.641475,12.289967,10.605016],"faces":{"east":{"uv":[4.5,3.0,6.0,4.0],"tintindex":0,"rotation":90,"texture":"#1"},"south":{"uv":[8.0,8.5,6.5,8.75],"tintindex":0,"rotation":270,"texture":"#1"},"north":{"uv":[10.0,5.75,8.5,5.5],"tintindex":0,"rotation":270,"texture":"#1"},"west":{"uv":[4.5,5.0,6.0,6.0],"tintindex":0,"rotation":270,"texture":"#1"},"up":{"uv":[10.0,5.5,10.25,6.5],"tintindex":0,"rotation":0,"texture":"#1"},"down":{"uv":[10.0,6.5,10.25,7.5],"tintindex":0,"rotation":180,"texture":"#1"}}},{"from":[5.4145765,7.392475,8.605016],"to":[8.151726,11.310471,12.564013],"faces":{"east":{"uv":[0.0,8.0,1.0,8.5],"tintindex":0,"rotation":90,"texture":"#1"},"south":{"uv":[12.5,4.0,11.5,4.125],"tintindex":0,"rotation":270,"texture":"#1"},"north":{"uv":[5.0,11.625,4.0,11.5],"tintindex":0,"rotation":270,"texture":"#1"},"west":{"uv":[2.0,8.0,3.0,8.5],"tintindex":0,"rotation":270,"texture":"#1"},"up":{"uv":[1.5,13.0,1.625,13.5],"tintindex":0,"rotation":0,"texture":"#1"},"down":{"uv":[13.0,1.5,13.125,2.0],"tintindex":0,"rotation":180,"texture":"#1"}}}],"display":{"gui":{"rotation":[30,225,0]}}}