{"textures":{"3":"modelengine:entity/arthus"},"elements":[{"from":[1.6237097,4.3514595,5.75],"to":[2.6237097,7.3514595,6.75],"faces":{"east":{"uv":[12.5,1.5,12.75,2.25],"tintindex":0,"rotation":0,"texture":"#3"},"south":{"uv":[12.5,2.25,12.75,3.0],"tintindex":0,"rotation":0,"texture":"#3"},"north":{"uv":[12.5,12.5,12.75,13.25],"tintindex":0,"rotation":0,"texture":"#3"},"west":{"uv":[2.5,12.75,2.75,13.5],"tintindex":0,"rotation":0,"texture":"#3"},"up":{"uv":[13.5,11.75,13.25,11.5],"tintindex":0,"rotation":0,"texture":"#3"},"down":{"uv":[13.5,11.75,13.25,12.0],"tintindex":0,"rotation":0,"texture":"#3"}},"rotation":{"origin":[9.62371,12.3514595,13.75],"angle":22.5,"axis":"z"}},{"from":[13.92379,4.3514595,5.75],"to":[14.92379,7.3514595,6.75],"faces":{"east":{"uv":[2.75,12.75,2.5,13.5],"tintindex":0,"rotation":0,"texture":"#3"},"south":{"uv":[12.75,2.25,12.5,3.0],"tintindex":0,"rotation":0,"texture":"#3"},"north":{"uv":[12.75,12.5,12.5,13.25],"tintindex":0,"rotation":0,"texture":"#3"},"west":{"uv":[12.75,1.5,12.5,2.25],"tintindex":0,"rotation":0,"texture":"#3"},"up":{"uv":[13.25,11.75,13.5,11.5],"tintindex":0,"rotation":0,"texture":"#3"},"down":{"uv":[13.25,11.75,13.5,12.0],"tintindex":0,"rotation":0,"texture":"#3"}},"rotation":{"origin":[6.92379,12.3514595,13.75],"angle":-22.5,"axis":"z"}},{"from":[8.77375,4.5140305,4.025],"to":[9.77375,6.5140305,5.025],"faces":{"east":{"uv":[9.75,10.5,9.5,11.0],"tintindex":0,"rotation":0,"texture":"#3"},"south":{"uv":[2.25,10.5,2.0,11.0],"tintindex":0,"rotation":0,"texture":"#3"},"north":{"uv":[6.25,8.0,6.0,8.5],"tintindex":0,"rotation":0,"texture":"#3"},"west":{"uv":[4.5,9.5,4.25,10.0],"tintindex":0,"rotation":0,"texture":"#3"},"up":{"uv":[9.75,0.75,10.0,0.5],"tintindex":0,"rotation":0,"texture":"#3"},"down":{"uv":[4.0,10.75,4.25,11.0],"tintindex":0,"rotation":0,"texture":"#3"}}},{"from":[7.12109,12.547192,6.8733807],"to":[10.12109,13.547192,13.873381],"faces":{"east":{"uv":[11.0,5.25,12.75,5.5],"tintindex":0,"rotation":0,"texture":"#3"},"south":{"uv":[12.25,10.75,13.0,11.0],"tintindex":0,"rotation":0,"texture":"#3"},"north":{"uv":[12.25,10.5,13.0,10.75],"tintindex":0,"rotation":0,"texture":"#3"},"west":{"uv":[11.0,5.5,12.75,5.75],"tintindex":0,"rotation":0,"texture":"#3"},"up":{"uv":[8.75,6.0,8.0,4.25],"tintindex":0,"rotation":0,"texture":"#3"},"down":{"uv":[8.75,6.0,8.0,7.75],"tintindex":0,"rotation":0,"texture":"#3"}},"rotation":{"origin":[8.12109,12.89249,10.3911495],"angle":-22.5,"axis":"x"}},{"from":[4.12109,12.58382,4.915612],"to":[7.12109,13.58382,13.915612],"faces":{"east":{"uv":[10.75,4.25,13.0,4.5],"tintindex":0,"rotation":0,"texture":"#3"},"south":{"uv":[12.25,3.0,13.0,3.25],"tintindex":0,"rotation":0,"texture":"#3"},"north":{"uv":[12.25,0.25,13.0,0.5],"tintindex":0,"rotation":0,"texture":"#3"},"west":{"uv":[11.0,11.0,13.25,11.25],"tintindex":0,"rotation":0,"texture":"#3"},"up":{"uv":[3.75,8.25,3.0,6.0],"tintindex":0,"rotation":0,"texture":"#3"},"down":{"uv":[7.0,6.25,6.25,8.5],"tintindex":0,"rotation":0,"texture":"#3"}},"rotation":{"origin":[8.12109,12.89249,10.3911495],"angle":-22.5,"axis":"x"}},{"from":[-0.1843996,15.84444,6.0],"to":[0.8155999,17.84444,7.0],"faces":{"east":{"uv":[5.5,13.0,5.75,13.5],"tintindex":0,"rotation":0,"texture":"#3"},"south":{"uv":[5.75,13.0,6.0,13.5],"tintindex":0,"rotation":0,"texture":"#3"},"north":{"uv":[5.0,13.0,5.25,13.5],"tintindex":0,"rotation":0,"texture":"#3"},"west":{"uv":[6.0,13.0,6.25,13.5],"tintindex":0,"rotation":0,"texture":"#3"},"up":{"uv":[13.5,0.25,13.25,0.0],"tintindex":0,"rotation":0,"texture":"#3"},"down":{"uv":[13.5,0.25,13.25,0.5],"tintindex":0,"rotation":0,"texture":"#3"}},"rotation":{"origin":[5.8156004,28.84444,14.0],"angle":22.5,"axis":"z"}},{"from":[15.731899,15.84444,6.0],"to":[16.7319,17.84444,7.0],"faces":{"east":{"uv":[6.25,13.0,6.0,13.5],"tintindex":0,"rotation":0,"texture":"#3"},"south":{"uv":[6.0,13.0,5.75,13.5],"tintindex":0,"rotation":0,"texture":"#3"},"north":{"uv":[5.25,13.0,5.0,13.5],"tintindex":0,"rotation":0,"texture":"#3"},"west":{"uv":[5.75,13.0,5.5,13.5],"tintindex":0,"rotation":0,"texture":"#3"},"up":{"uv":[13.25,0.25,13.5,0.0],"tintindex":0,"rotation":0,"texture":"#3"},"down":{"uv":[13.25,0.25,13.5,0.5],"tintindex":0,"rotation":0,"texture":"#3"}},"rotation":{"origin":[10.7319,28.84444,14.0],"angle":-22.5,"axis":"z"}},{"from":[6.98184,20.185673,4.025],"to":[7.58184,24.585674,4.975],"faces":{"east":{"uv":[9.75,12.0,10.0,13.0],"tintindex":0,"rotation":0,"texture":"#3"},"south":{"uv":[10.5,12.0,10.75,13.0],"tintindex":0,"rotation":0,"texture":"#3"},"north":{"uv":[9.5,12.0,9.75,13.0],"tintindex":0,"rotation":0,"texture":"#3"},"west":{"uv":[10.75,12.0,11.0,13.0],"tintindex":0,"rotation":0,"texture":"#3"},"up":{"uv":[13.5,12.75,13.25,12.5],"tintindex":0,"rotation":0,"texture":"#3"},"down":{"uv":[13.5,12.75,13.25,13.0],"tintindex":0,"rotation":0,"texture":"#3"}}},{"from":[7.12109,8.394955,5.6387477],"to":[10.12109,11.394955,13.638748],"faces":{"east":{"uv":[7.75,7.75,9.75,8.5],"tintindex":0,"rotation":0,"texture":"#3"},"south":{"uv":[7.25,11.0,8.0,11.75],"tintindex":0,"rotation":0,"texture":"#3"},"north":{"uv":[4.75,11.0,5.5,11.75],"tintindex":0,"rotation":0,"texture":"#3"},"west":{"uv":[7.75,0.0,9.75,0.75],"tintindex":0,"rotation":0,"texture":"#3"},"up":{"uv":[5.25,10.0,4.5,8.0],"tintindex":0,"rotation":0,"texture":"#3"},"down":{"uv":[6.0,8.0,5.25,10.0],"tintindex":0,"rotation":0,"texture":"#3"}},"rotation":{"origin":[8.12109,10.89249,10.3911495],"angle":-22.5,"axis":"x"}},{"from":[8.773751,6.5140343,4.05],"to":[9.773751,8.514034,5.05],"faces":{"east":{"uv":[3.0,13.0,2.75,13.5],"tintindex":0,"rotation":0,"texture":"#3"},"south":{"uv":[2.0,13.0,1.75,13.5],"tintindex":0,"rotation":0,"texture":"#3"},"north":{"uv":[13.0,12.25,12.75,12.75],"tintindex":0,"rotation":0,"texture":"#3"},"west":{"uv":[1.75,13.0,1.5,13.5],"tintindex":0,"rotation":0,"texture":"#3"},"up":{"uv":[8.0,13.5,8.25,13.25],"tintindex":0,"rotation":0,"texture":"#3"},"down":{"uv":[8.25,13.25,8.5,13.5],"tintindex":0,"rotation":0,"texture":"#3"}},"rotation":{"origin":[8.77375,6.5140305,10.025],"angle":-22.5,"axis":"z"}},{"from":[0.9253297,17.310673,5.3526],"to":[1.9253297,18.310673,6.3526],"faces":{"east":{"uv":[8.75,13.5,9.0,13.75],"tintindex":0,"rotation":0,"texture":"#3"},"south":{"uv":[9.0,13.5,9.25,13.75],"tintindex":0,"rotation":0,"texture":"#3"},"north":{"uv":[8.5,13.5,8.75,13.75],"tintindex":0,"rotation":0,"texture":"#3"},"west":{"uv":[9.25,13.5,9.5,13.75],"tintindex":0,"rotation":0,"texture":"#3"},"up":{"uv":[9.75,13.75,9.5,13.5],"tintindex":0,"rotation":0,"texture":"#3"},"down":{"uv":[10.0,13.5,9.75,13.75],"tintindex":0,"rotation":0,"texture":"#3"}},"rotation":{"origin":[6.92533,30.310673,13.3526],"angle":-45.0,"axis":"y"}},{"from":[9.37641,13.770344,0.94974995],"to":[12.35141,14.770344,1.94975],"faces":{"east":{"uv":[13.5,3.25,13.25,3.5],"tintindex":0,"rotation":0,"texture":"#3"},"south":{"uv":[13.0,3.5,12.25,3.75],"tintindex":0,"rotation":0,"texture":"#3"},"north":{"uv":[13.0,3.25,12.25,3.5],"tintindex":0,"rotation":0,"texture":"#3"},"west":{"uv":[13.5,3.0,13.25,3.25],"tintindex":0,"rotation":0,"texture":"#3"},"up":{"uv":[12.25,4.0,13.0,3.75],"tintindex":0,"rotation":0,"texture":"#3"},"down":{"uv":[12.25,4.5,13.0,4.75],"tintindex":0,"rotation":0,"texture":"#3"}},"rotation":{"origin":[4.37641,14.770344,8.94975],"angle":-45.0,"axis":"x"}},{"from":[5.7018204,0.12507248,4.85],"to":[6.70182,2.1250725,5.85],"faces":{"east":{"uv":[12.75,5.25,13.0,5.75],"tintindex":0,"rotation":0,"texture":"#3"},"south":{"uv":[12.75,11.25,13.0,11.75],"tintindex":0,"rotation":0,"texture":"#3"},"north":{"uv":[12.75,4.75,13.0,5.25],"tintindex":0,"rotation":0,"texture":"#3"},"west":{"uv":[12.75,11.75,13.0,12.25],"tintindex":0,"rotation":0,"texture":"#3"},"up":{"uv":[12.75,11.5,12.5,11.25],"tintindex":0,"rotation":0,"texture":"#3"},"down":{"uv":[12.75,12.25,12.5,12.5],"tintindex":0,"rotation":0,"texture":"#3"}}},{"from":[9.87641,14.820591,5.0],"to":[10.87641,16.820591,6.0],"faces":{"east":{"uv":[9.25,13.0,9.0,13.5],"tintindex":0,"rotation":0,"texture":"#3"},"south":{"uv":[9.0,13.0,8.75,13.5],"tintindex":0,"rotation":0,"texture":"#3"},"north":{"uv":[8.0,13.0,7.75,13.5],"tintindex":0,"rotation":0,"texture":"#3"},"west":{"uv":[8.75,13.0,8.5,13.5],"tintindex":0,"rotation":0,"texture":"#3"},"up":{"uv":[13.25,2.25,13.5,2.0],"tintindex":0,"rotation":0,"texture":"#3"},"down":{"uv":[13.25,2.25,13.5,2.5],"tintindex":0,"rotation":0,"texture":"#3"}}},{"from":[8.48184,23.685673,4.025],"to":[9.0818405,27.285671,4.975],"faces":{"east":{"uv":[9.75,12.0,10.0,13.0],"tintindex":0,"rotation":0,"texture":"#3"},"south":{"uv":[10.5,12.0,10.75,13.0],"tintindex":0,"rotation":0,"texture":"#3"},"north":{"uv":[9.5,12.0,9.75,13.0],"tintindex":0,"rotation":0,"texture":"#3"},"west":{"uv":[10.75,12.0,11.0,13.0],"tintindex":0,"rotation":0,"texture":"#3"},"up":{"uv":[13.5,12.75,13.25,12.5],"tintindex":0,"rotation":0,"texture":"#3"},"down":{"uv":[13.5,12.75,13.25,13.0],"tintindex":0,"rotation":0,"texture":"#3"}}},{"from":[11.40141,5.8924904,4.89115],"to":[12.401409,13.89249,5.89115],"faces":{"east":{"uv":[10.25,11.0,10.0,13.0],"tintindex":0,"rotation":0,"texture":"#3"},"south":{"uv":[8.75,11.0,8.5,13.0],"tintindex":0,"rotation":0,"texture":"#3"},"north":{"uv":[3.0,11.0,2.75,13.0],"tintindex":0,"rotation":0,"texture":"#3"},"west":{"uv":[5.75,11.0,5.5,13.0],"tintindex":0,"rotation":0,"texture":"#3"},"up":{"uv":[13.25,2.75,13.5,2.5],"tintindex":0,"rotation":0,"texture":"#3"},"down":{"uv":[13.25,2.75,13.5,3.0],"tintindex":0,"rotation":0,"texture":"#3"}}},{"from":[9.84568,-0.8749275,5.35],"to":[10.84568,0.12507248,5.35],"faces":{"south":{"uv":[13.5,12.25,13.25,12.5],"tintindex":0,"rotation":0,"texture":"#3"},"north":{"uv":[13.5,12.0,13.25,12.25],"tintindex":0,"rotation":0,"texture":"#3"}}},{"from":[4.12109,11.58382,4.915612],"to":[7.12109,12.58382,13.915612],"faces":{"east":{"uv":[9.75,8.25,12.0,8.5],"tintindex":0,"rotation":0,"texture":"#3"},"south":{"uv":[12.0,8.25,12.75,8.5],"tintindex":0,"rotation":0,"texture":"#3"},"north":{"uv":[7.0,9.25,7.75,9.5],"tintindex":0,"rotation":0,"texture":"#3"},"west":{"uv":[10.0,4.5,12.25,4.75],"tintindex":0,"rotation":0,"texture":"#3"},"up":{"uv":[0.75,8.25,0.0,6.0],"tintindex":0,"rotation":0,"texture":"#3"},"down":{"uv":[1.5,6.0,0.75,8.25],"tintindex":0,"rotation":0,"texture":"#3"}},"rotation":{"origin":[8.12109,12.89249,10.3911495],"angle":-22.5,"axis":"x"}},{"from":[9.42641,12.58382,4.915612],"to":[12.42641,13.58382,13.915612],"faces":{"east":{"uv":[13.25,11.0,11.0,11.25],"tintindex":0,"rotation":0,"texture":"#3"},"south":{"uv":[13.0,3.0,12.25,3.25],"tintindex":0,"rotation":0,"texture":"#3"},"north":{"uv":[13.0,0.25,12.25,0.5],"tintindex":0,"rotation":0,"texture":"#3"},"west":{"uv":[13.0,4.25,10.75,4.5],"tintindex":0,"rotation":0,"texture":"#3"},"up":{"uv":[3.0,8.25,3.75,6.0],"tintindex":0,"rotation":0,"texture":"#3"},"down":{"uv":[6.25,6.25,7.0,8.5],"tintindex":0,"rotation":0,"texture":"#3"}},"rotation":{"origin":[8.12109,12.89249,10.3911495],"angle":-22.5,"axis":"x"}},{"from":[9.34776,13.304478,5.499],"to":[10.34776,17.304478,5.499],"faces":{"south":{"uv":[11.75,11.75,12.0,12.75],"tintindex":0,"rotation":0,"texture":"#3"},"north":{"uv":[5.25,11.75,5.5,12.75],"tintindex":0,"rotation":0,"texture":"#3"}},"rotation":{"origin":[16.34776,24.304478,12.499001],"angle":-22.5,"axis":"z"}},{"from":[4.48184,16.285671,6.025],"to":[5.48184,20.285671,6.975],"faces":{"east":{"uv":[9.75,12.0,10.0,13.0],"tintindex":0,"rotation":0,"texture":"#3"},"south":{"uv":[10.5,12.0,10.75,13.0],"tintindex":0,"rotation":0,"texture":"#3"},"north":{"uv":[9.5,12.0,9.75,13.0],"tintindex":0,"rotation":0,"texture":"#3"},"west":{"uv":[10.75,12.0,11.0,13.0],"tintindex":0,"rotation":0,"texture":"#3"},"up":{"uv":[13.5,12.75,13.25,12.5],"tintindex":0,"rotation":0,"texture":"#3"},"down":{"uv":[13.5,12.75,13.25,13.0],"tintindex":0,"rotation":0,"texture":"#3"}}},{"from":[11.42641,5.8924904,-0.6088495],"to":[12.42641,7.8924904,7.39115],"faces":{"east":{"uv":[11.5,5.75,9.5,6.25],"tintindex":0,"rotation":0,"texture":"#3"},"south":{"uv":[0.75,13.25,0.5,13.75],"tintindex":0,"rotation":0,"texture":"#3"},"north":{"uv":[0.5,13.25,0.25,13.75],"tintindex":0,"rotation":0,"texture":"#3"},"west":{"uv":[8.75,9.5,6.75,10.0],"tintindex":0,"rotation":0,"texture":"#3"},"up":{"uv":[0.75,13.25,1.0,11.25],"tintindex":0,"rotation":0,"texture":"#3"},"down":{"uv":[1.0,11.25,1.25,13.25],"tintindex":0,"rotation":0,"texture":"#3"}},"rotation":{"origin":[4.4264097,18.89249,7.39115],"angle":-22.5,"axis":"x"}},{"from":[4.17109,10.820591,4.0],"to":[7.17109,14.820591,9.0],"faces":{"east":{"uv":[1.5,8.25,2.75,9.25],"tintindex":0,"rotation":0,"texture":"#3"},"south":{"uv":[5.0,10.0,5.75,11.0],"tintindex":0,"rotation":0,"texture":"#3"},"north":{"uv":[4.25,10.0,5.0,11.0],"tintindex":0,"rotation":0,"texture":"#3"},"west":{"uv":[7.75,8.5,9.0,9.5],"tintindex":0,"rotation":0,"texture":"#3"},"up":{"uv":[2.25,10.5,1.5,9.25],"tintindex":0,"rotation":0,"texture":"#3"},"down":{"uv":[4.25,9.5,3.5,10.75],"tintindex":0,"rotation":0,"texture":"#3"}}},{"from":[7.65,12.600002,6.5],"to":[8.65,13.600002,6.5],"faces":{"south":{"uv":[13.25,1.75,13.5,2.0],"tintindex":0,"rotation":0,"texture":"#3"},"north":{"uv":[13.25,1.5,13.5,1.75],"tintindex":0,"rotation":0,"texture":"#3"}},"rotation":{"origin":[12.65,22.600002,13.5],"angle":-22.5,"axis":"z"}},{"from":[4.12109,6.2032166,11.829029],"to":[7.12109,8.203217,13.829029],"faces":{"east":{"uv":[2.25,9.25,2.75,9.75],"tintindex":0,"rotation":0,"texture":"#3"},"south":{"uv":[11.0,10.5,11.75,11.0],"tintindex":0,"rotation":0,"texture":"#3"},"north":{"uv":[11.0,7.25,11.75,7.75],"tintindex":0,"rotation":0,"texture":"#3"},"west":{"uv":[11.75,7.25,12.25,7.75],"tintindex":0,"rotation":0,"texture":"#3"},"up":{"uv":[12.0,9.75,11.25,9.25],"tintindex":0,"rotation":0,"texture":"#3"},"down":{"uv":[12.0,9.75,11.25,10.25],"tintindex":0,"rotation":0,"texture":"#3"}},"rotation":{"origin":[8.12109,7.8924904,10.3911495],"angle":-22.5,"axis":"x"}},{"from":[7.12109,6.166588,11.7867985],"to":[10.12109,8.166588,13.7867985],"faces":{"east":{"uv":[6.75,12.0,7.25,12.5],"tintindex":0,"rotation":0,"texture":"#3"},"south":{"uv":[11.5,2.5,12.25,3.0],"tintindex":0,"rotation":0,"texture":"#3"},"north":{"uv":[11.5,2.0,12.25,2.5],"tintindex":0,"rotation":0,"texture":"#3"},"west":{"uv":[8.0,12.0,8.5,12.5],"tintindex":0,"rotation":0,"texture":"#3"},"up":{"uv":[12.25,3.5,11.5,3.0],"tintindex":0,"rotation":0,"texture":"#3"},"down":{"uv":[12.25,3.5,11.5,4.0],"tintindex":0,"rotation":0,"texture":"#3"}},"rotation":{"origin":[8.12109,7.8924904,10.3911495],"angle":-22.5,"axis":"x"}},{"from":[5.7285476,6.8384514,4.05],"to":[6.7285476,9.838451,5.05],"faces":{"east":{"uv":[5.0,12.25,5.25,13.0],"tintindex":0,"rotation":0,"texture":"#3"},"south":{"uv":[7.25,12.25,7.5,13.0],"tintindex":0,"rotation":0,"texture":"#3"},"north":{"uv":[10.5,9.75,10.75,10.5],"tintindex":0,"rotation":0,"texture":"#3"},"west":{"uv":[7.5,12.25,7.75,13.0],"tintindex":0,"rotation":0,"texture":"#3"},"up":{"uv":[12.75,13.5,12.5,13.25],"tintindex":0,"rotation":0,"texture":"#3"},"down":{"uv":[13.5,13.25,13.25,13.5],"tintindex":0,"rotation":0,"texture":"#3"}},"rotation":{"origin":[8.77375,6.5140305,10.025],"angle":-22.5,"axis":"z"}},{"from":[4.603303,20.103695,6.05],"to":[5.603303,22.103695,6.95],"faces":{"east":{"uv":[6.5,13.0,6.75,13.5],"tintindex":0,"rotation":0,"texture":"#3"},"south":{"uv":[7.25,13.0,7.5,13.5],"tintindex":0,"rotation":0,"texture":"#3"},"north":{"uv":[6.25,13.0,6.5,13.5],"tintindex":0,"rotation":0,"texture":"#3"},"west":{"uv":[7.5,13.0,7.75,13.5],"tintindex":0,"rotation":0,"texture":"#3"},"up":{"uv":[13.5,1.25,13.25,1.0],"tintindex":0,"rotation":0,"texture":"#3"},"down":{"uv":[13.5,1.25,13.25,1.5],"tintindex":0,"rotation":0,"texture":"#3"}},"rotation":{"origin":[5.0,20.500004,6.3],"angle":-22.5,"axis":"z"}},{"from":[9.37641,10.820591,4.0],"to":[12.37641,14.820591,9.0],"faces":{"east":{"uv":[9.0,8.5,7.75,9.5],"tintindex":0,"rotation":0,"texture":"#3"},"south":{"uv":[5.75,10.0,5.0,11.0],"tintindex":0,"rotation":0,"texture":"#3"},"north":{"uv":[5.0,10.0,4.25,11.0],"tintindex":0,"rotation":0,"texture":"#3"},"west":{"uv":[2.75,8.25,1.5,9.25],"tintindex":0,"rotation":0,"texture":"#3"},"up":{"uv":[1.5,10.5,2.25,9.25],"tintindex":0,"rotation":0,"texture":"#3"},"down":{"uv":[3.5,9.5,4.25,10.75],"tintindex":0,"rotation":0,"texture":"#3"}}},{"from":[4.12109,5.8924904,-0.6088495],"to":[5.12109,7.8924904,7.39115],"faces":{"east":{"uv":[6.75,9.5,8.75,10.0],"tintindex":0,"rotation":0,"texture":"#3"},"south":{"uv":[0.5,13.25,0.75,13.75],"tintindex":0,"rotation":0,"texture":"#3"},"north":{"uv":[0.25,13.25,0.5,13.75],"tintindex":0,"rotation":0,"texture":"#3"},"west":{"uv":[9.5,5.75,11.5,6.25],"tintindex":0,"rotation":0,"texture":"#3"},"up":{"uv":[1.0,13.25,0.75,11.25],"tintindex":0,"rotation":0,"texture":"#3"},"down":{"uv":[1.25,11.25,1.0,13.25],"tintindex":0,"rotation":0,"texture":"#3"}},"rotation":{"origin":[12.12109,18.89249,7.39115],"angle":-22.5,"axis":"x"}},{"from":[5.67109,14.820591,5.0],"to":[6.67109,16.820591,6.0],"faces":{"east":{"uv":[8.5,13.0,8.75,13.5],"tintindex":0,"rotation":0,"texture":"#3"},"south":{"uv":[8.75,13.0,9.0,13.5],"tintindex":0,"rotation":0,"texture":"#3"},"north":{"uv":[7.75,13.0,8.0,13.5],"tintindex":0,"rotation":0,"texture":"#3"},"west":{"uv":[9.0,13.0,9.25,13.5],"tintindex":0,"rotation":0,"texture":"#3"},"up":{"uv":[13.5,2.25,13.25,2.0],"tintindex":0,"rotation":0,"texture":"#3"},"down":{"uv":[13.5,2.25,13.25,2.5],"tintindex":0,"rotation":0,"texture":"#3"}}},{"from":[4.12109,8.431576,3.6809788],"to":[7.12109,11.431576,13.680979],"faces":{"east":{"uv":[4.0,3.25,6.5,4.0],"tintindex":0,"rotation":0,"texture":"#3"},"south":{"uv":[10.75,3.5,11.5,4.25],"tintindex":0,"rotation":0,"texture":"#3"},"north":{"uv":[6.5,3.25,7.25,4.0],"tintindex":0,"rotation":0,"texture":"#3"},"west":{"uv":[4.75,4.75,7.25,5.5],"tintindex":0,"rotation":0,"texture":"#3"},"up":{"uv":[5.5,2.5,4.75,0.0],"tintindex":0,"rotation":0,"texture":"#3"},"down":{"uv":[5.5,5.5,4.75,8.0],"tintindex":0,"rotation":0,"texture":"#3"}},"rotation":{"origin":[8.12109,10.89249,10.3911495],"angle":-22.5,"axis":"x"}},{"from":[6.8014097,11.070591,3.975],"to":[9.80141,15.070591,8.975],"faces":{"east":{"uv":[8.75,0.75,10.0,1.75],"tintindex":0,"rotation":0,"texture":"#3"},"south":{"uv":[8.0,10.0,8.75,11.0],"tintindex":0,"rotation":0,"texture":"#3"},"north":{"uv":[7.25,10.0,8.0,11.0],"tintindex":0,"rotation":0,"texture":"#3"},"west":{"uv":[8.75,1.75,10.0,2.75],"tintindex":0,"rotation":0,"texture":"#3"},"up":{"uv":[3.0,11.0,2.25,9.75],"tintindex":0,"rotation":0,"texture":"#3"},"down":{"uv":[10.5,9.75,9.75,11.0],"tintindex":0,"rotation":0,"texture":"#3"}}},{"from":[11.059419,19.68295,6.05],"to":[12.059419,21.68295,6.95],"faces":{"east":{"uv":[7.75,13.0,7.5,13.5],"tintindex":0,"rotation":0,"texture":"#3"},"south":{"uv":[7.5,13.0,7.25,13.5],"tintindex":0,"rotation":0,"texture":"#3"},"north":{"uv":[6.5,13.0,6.25,13.5],"tintindex":0,"rotation":0,"texture":"#3"},"west":{"uv":[6.75,13.0,6.5,13.5],"tintindex":0,"rotation":0,"texture":"#3"},"up":{"uv":[13.25,1.25,13.5,1.0],"tintindex":0,"rotation":0,"texture":"#3"},"down":{"uv":[13.25,1.25,13.5,1.5],"tintindex":0,"rotation":0,"texture":"#3"}},"rotation":{"origin":[10.547501,20.000004,14.0],"angle":22.5,"axis":"z"}},{"from":[4.12109,13.58382,4.915612],"to":[7.12109,15.58382,13.915612],"faces":{"east":{"uv":[8.75,4.75,11.0,5.25],"tintindex":0,"rotation":0,"texture":"#3"},"south":{"uv":[6.5,11.5,7.25,12.0],"tintindex":0,"rotation":0,"texture":"#3"},"north":{"uv":[5.75,11.5,6.5,12.0],"tintindex":0,"rotation":0,"texture":"#3"},"west":{"uv":[8.75,5.25,11.0,5.75],"tintindex":0,"rotation":0,"texture":"#3"},"up":{"uv":[2.25,8.25,1.5,6.0],"tintindex":0,"rotation":0,"texture":"#3"},"down":{"uv":[3.0,6.0,2.25,8.25],"tintindex":0,"rotation":0,"texture":"#3"}},"rotation":{"origin":[8.12109,12.89249,10.3911495],"angle":-22.5,"axis":"x"}},{"from":[7.30684,14.285671,4.0],"to":[9.30684,20.285671,5.0],"faces":{"east":{"uv":[7.75,0.75,8.0,2.25],"tintindex":0,"rotation":0,"texture":"#3"},"south":{"uv":[6.75,10.0,7.25,11.5],"tintindex":0,"rotation":0,"texture":"#3"},"north":{"uv":[6.25,10.0,6.75,11.5],"tintindex":0,"rotation":0,"texture":"#3"},"west":{"uv":[3.25,11.25,3.5,12.75],"tintindex":0,"rotation":0,"texture":"#3"},"up":{"uv":[13.0,10.5,12.5,10.25],"tintindex":0,"rotation":0,"texture":"#3"},"down":{"uv":[13.25,4.0,12.75,4.25],"tintindex":0,"rotation":0,"texture":"#3"}}},{"from":[5.6928387,9.908916,3.0],"to":[10.692839,10.908916,6.0],"faces":{"east":{"uv":[12.25,5.75,13.0,6.0],"tintindex":0,"rotation":0,"texture":"#3"},"south":{"uv":[11.5,11.25,12.5,11.5],"tintindex":0,"rotation":0,"texture":"#3"},"north":{"uv":[6.25,2.25,7.25,2.5],"tintindex":0,"rotation":0,"texture":"#3"},"west":{"uv":[12.25,6.0,13.0,6.25],"tintindex":0,"rotation":0,"texture":"#3"},"up":{"uv":[7.25,6.25,6.25,5.5],"tintindex":0,"rotation":0,"texture":"#3"},"down":{"uv":[10.75,9.0,9.75,9.75],"tintindex":0,"rotation":0,"texture":"#3"}},"rotation":{"origin":[8.14066,12.285671,3.0],"angle":-45.0,"axis":"z"}},{"from":[11.06566,14.285671,9.025],"to":[12.06566,17.285671,9.975],"faces":{"east":{"uv":[12.5,2.25,12.25,3.0],"tintindex":0,"rotation":0,"texture":"#3"},"south":{"uv":[12.5,1.5,12.25,2.25],"tintindex":0,"rotation":0,"texture":"#3"},"north":{"uv":[8.0,12.25,7.75,13.0],"tintindex":0,"rotation":0,"texture":"#3"},"west":{"uv":[12.5,12.25,12.25,13.0],"tintindex":0,"rotation":0,"texture":"#3"},"up":{"uv":[13.25,0.75,13.5,0.5],"tintindex":0,"rotation":0,"texture":"#3"},"down":{"uv":[13.25,0.75,13.5,1.0],"tintindex":0,"rotation":0,"texture":"#3"}}},{"from":[11.403303,20.503689,6.05],"to":[11.903303,22.103695,6.95],"faces":{"east":{"uv":[6.5,13.0,6.75,13.5],"tintindex":0,"rotation":0,"texture":"#3"},"south":{"uv":[7.25,13.0,7.5,13.5],"tintindex":0,"rotation":0,"texture":"#3"},"north":{"uv":[6.25,13.0,6.5,13.5],"tintindex":0,"rotation":0,"texture":"#3"},"west":{"uv":[7.5,13.0,7.75,13.5],"tintindex":0,"rotation":0,"texture":"#3"},"up":{"uv":[13.5,1.25,13.25,1.0],"tintindex":0,"rotation":0,"texture":"#3"},"down":{"uv":[13.5,1.25,13.25,1.5],"tintindex":0,"rotation":0,"texture":"#3"}},"rotation":{"origin":[5.0,20.500004,6.3],"angle":22.5,"axis":"z"}},{"from":[1.2237101,5.6014595,6.75],"to":[2.22371,7.6014595,7.75],"faces":{"east":{"uv":[9.5,13.0,9.75,13.5],"tintindex":0,"rotation":0,"texture":"#3"},"south":{"uv":[9.75,13.0,10.0,13.5],"tintindex":0,"rotation":0,"texture":"#3"},"north":{"uv":[9.25,13.0,9.5,13.5],"tintindex":0,"rotation":0,"texture":"#3"},"west":{"uv":[10.0,13.0,10.25,13.5],"tintindex":0,"rotation":0,"texture":"#3"},"up":{"uv":[13.5,3.75,13.25,3.5],"tintindex":0,"rotation":0,"texture":"#3"},"down":{"uv":[13.5,3.75,13.25,4.0],"tintindex":0,"rotation":0,"texture":"#3"}},"rotation":{"origin":[9.22371,13.6014595,14.75],"angle":22.5,"axis":"z"}},{"from":[7.12109,13.547192,6.8733807],"to":[10.12109,15.547192,13.873381],"faces":{"east":{"uv":[9.75,0.0,11.5,0.5],"tintindex":0,"rotation":0,"texture":"#3"},"south":{"uv":[11.5,6.25,12.25,6.75],"tintindex":0,"rotation":0,"texture":"#3"},"north":{"uv":[11.5,5.75,12.25,6.25],"tintindex":0,"rotation":0,"texture":"#3"},"west":{"uv":[9.75,7.75,11.5,8.25],"tintindex":0,"rotation":0,"texture":"#3"},"up":{"uv":[0.75,10.0,0.0,8.25],"tintindex":0,"rotation":0,"texture":"#3"},"down":{"uv":[1.5,8.25,0.75,10.0],"tintindex":0,"rotation":0,"texture":"#3"}},"rotation":{"origin":[8.12109,12.89249,10.3911495],"angle":-22.5,"axis":"x"}},{"from":[11.0818405,18.985668,9.925],"to":[11.68184,21.185673,10.475],"faces":{"east":{"uv":[9.75,12.0,10.0,13.0],"tintindex":0,"rotation":0,"texture":"#3"},"south":{"uv":[10.5,12.0,10.75,13.0],"tintindex":0,"rotation":0,"texture":"#3"},"north":{"uv":[9.5,12.0,9.75,13.0],"tintindex":0,"rotation":0,"texture":"#3"},"west":{"uv":[10.75,12.0,11.0,13.0],"tintindex":0,"rotation":0,"texture":"#3"},"up":{"uv":[13.5,12.75,13.25,12.5],"tintindex":0,"rotation":0,"texture":"#3"},"down":{"uv":[13.5,12.75,13.25,13.0],"tintindex":0,"rotation":0,"texture":"#3"}}},{"from":[9.42641,8.431576,3.6809788],"to":[12.42641,11.431576,13.680979],"faces":{"east":{"uv":[7.25,4.75,4.75,5.5],"tintindex":0,"rotation":0,"texture":"#3"},"south":{"uv":[11.5,3.5,10.75,4.25],"tintindex":0,"rotation":0,"texture":"#3"},"north":{"uv":[7.25,3.25,6.5,4.0],"tintindex":0,"rotation":0,"texture":"#3"},"west":{"uv":[6.5,3.25,4.0,4.0],"tintindex":0,"rotation":0,"texture":"#3"},"up":{"uv":[4.75,2.5,5.5,0.0],"tintindex":0,"rotation":0,"texture":"#3"},"down":{"uv":[4.75,5.5,5.5,8.0],"tintindex":0,"rotation":0,"texture":"#3"}},"rotation":{"origin":[8.12109,10.89249,10.3911495],"angle":-22.5,"axis":"x"}},{"from":[7.77375,4.7640305,6.5],"to":[8.77375,7.7640305,7.5],"faces":{"east":{"uv":[7.0,12.5,7.25,13.25],"tintindex":0,"rotation":0,"texture":"#3"},"south":{"uv":[8.0,12.5,8.25,13.25],"tintindex":0,"rotation":0,"texture":"#3"},"north":{"uv":[6.75,12.5,7.0,13.25],"tintindex":0,"rotation":0,"texture":"#3"},"west":{"uv":[8.25,12.5,8.5,13.25],"tintindex":0,"rotation":0,"texture":"#3"},"up":{"uv":[13.5,11.25,13.25,11.0],"tintindex":0,"rotation":0,"texture":"#3"},"down":{"uv":[13.5,11.25,13.25,11.5],"tintindex":0,"rotation":0,"texture":"#3"}},"rotation":{"origin":[15.77375,12.764034,14.5],"angle":22.5,"axis":"x"}},{"from":[4.1960897,13.770344,0.94974995],"to":[7.17109,14.770344,1.94975],"faces":{"east":{"uv":[13.25,3.0,13.5,3.25],"tintindex":0,"rotation":0,"texture":"#3"},"south":{"uv":[12.25,3.5,13.0,3.75],"tintindex":0,"rotation":0,"texture":"#3"},"north":{"uv":[12.25,3.25,13.0,3.5],"tintindex":0,"rotation":0,"texture":"#3"},"west":{"uv":[13.25,3.25,13.5,3.5],"tintindex":0,"rotation":0,"texture":"#3"},"up":{"uv":[13.0,4.0,12.25,3.75],"tintindex":0,"rotation":0,"texture":"#3"},"down":{"uv":[13.0,4.5,12.25,4.75],"tintindex":0,"rotation":0,"texture":"#3"}},"rotation":{"origin":[12.17109,14.770344,8.94975],"angle":-45.0,"axis":"x"}},{"from":[9.42641,13.58382,4.915612],"to":[12.42641,15.58382,13.915612],"faces":{"east":{"uv":[11.0,5.25,8.75,5.75],"tintindex":0,"rotation":0,"texture":"#3"},"south":{"uv":[7.25,11.5,6.5,12.0],"tintindex":0,"rotation":0,"texture":"#3"},"north":{"uv":[6.5,11.5,5.75,12.0],"tintindex":0,"rotation":0,"texture":"#3"},"west":{"uv":[11.0,4.75,8.75,5.25],"tintindex":0,"rotation":0,"texture":"#3"},"up":{"uv":[1.5,8.25,2.25,6.0],"tintindex":0,"rotation":0,"texture":"#3"},"down":{"uv":[2.25,6.0,3.0,8.25],"tintindex":0,"rotation":0,"texture":"#3"}},"rotation":{"origin":[8.12109,12.89249,10.3911495],"angle":-22.5,"axis":"x"}},{"from":[4.82135,18.310673,5.30445],"to":[5.82135,20.310673,6.30445],"faces":{"east":{"uv":[2.0,13.25,2.25,13.75],"tintindex":0,"rotation":0,"texture":"#3"},"south":{"uv":[2.25,13.25,2.5,13.75],"tintindex":0,"rotation":0,"texture":"#3"},"north":{"uv":[1.25,13.25,1.5,13.75],"tintindex":0,"rotation":0,"texture":"#3"},"west":{"uv":[3.0,13.25,3.25,13.75],"tintindex":0,"rotation":0,"texture":"#3"},"up":{"uv":[7.75,13.75,7.5,13.5],"tintindex":0,"rotation":0,"texture":"#3"},"down":{"uv":[8.0,13.5,7.75,13.75],"tintindex":0,"rotation":0,"texture":"#3"}},"rotation":{"origin":[10.82135,29.310673,13.30445],"angle":-22.5,"axis":"y"}},{"from":[4.3818398,17.285671,9.525],"to":[4.98184,19.185673,10.475],"faces":{"east":{"uv":[9.75,12.0,10.0,13.0],"tintindex":0,"rotation":0,"texture":"#3"},"south":{"uv":[10.5,12.0,10.75,13.0],"tintindex":0,"rotation":0,"texture":"#3"},"north":{"uv":[9.5,12.0,9.75,13.0],"tintindex":0,"rotation":0,"texture":"#3"},"west":{"uv":[10.75,12.0,11.0,13.0],"tintindex":0,"rotation":0,"texture":"#3"},"up":{"uv":[13.5,12.75,13.25,12.5],"tintindex":0,"rotation":0,"texture":"#3"},"down":{"uv":[13.5,12.75,13.25,13.0],"tintindex":0,"rotation":0,"texture":"#3"}}},{"from":[10.903303,19.503689,6.05],"to":[11.903303,20.503689,6.95],"faces":{"east":{"uv":[6.5,13.0,6.75,13.5],"tintindex":0,"rotation":0,"texture":"#3"},"south":{"uv":[7.25,13.0,7.5,13.5],"tintindex":0,"rotation":0,"texture":"#3"},"north":{"uv":[6.25,13.0,6.5,13.5],"tintindex":0,"rotation":0,"texture":"#3"},"west":{"uv":[7.5,13.0,7.75,13.5],"tintindex":0,"rotation":0,"texture":"#3"},"up":{"uv":[13.5,1.25,13.25,1.0],"tintindex":0,"rotation":0,"texture":"#3"},"down":{"uv":[13.5,1.25,13.25,1.5],"tintindex":0,"rotation":0,"texture":"#3"}},"rotation":{"origin":[5.0,20.500004,6.3],"angle":22.5,"axis":"z"}},{"from":[13.89879,2.501461,4.925],"to":[14.89879,6.501461,5.925],"faces":{"east":{"uv":[2.75,11.75,2.5,12.75],"tintindex":0,"rotation":0,"texture":"#3"},"south":{"uv":[9.0,9.5,8.75,10.5],"tintindex":0,"rotation":0,"texture":"#3"},"north":{"uv":[8.0,6.75,7.75,7.75],"tintindex":0,"rotation":0,"texture":"#3"},"west":{"uv":[7.0,8.5,6.75,9.5],"tintindex":0,"rotation":0,"texture":"#3"},"up":{"uv":[13.0,11.0,13.25,10.75],"tintindex":0,"rotation":0,"texture":"#3"},"down":{"uv":[13.0,12.75,13.25,13.0],"tintindex":0,"rotation":0,"texture":"#3"}},"rotation":{"origin":[6.8987904,11.501461,12.925],"angle":-22.5,"axis":"z"}},{"from":[11.903303,21.503689,6.05],"to":[12.403303,22.503689,6.95],"faces":{"east":{"uv":[6.5,13.0,6.75,13.5],"tintindex":0,"rotation":0,"texture":"#3"},"south":{"uv":[7.25,13.0,7.5,13.5],"tintindex":0,"rotation":0,"texture":"#3"},"north":{"uv":[6.25,13.0,6.5,13.5],"tintindex":0,"rotation":0,"texture":"#3"},"west":{"uv":[7.5,13.0,7.75,13.5],"tintindex":0,"rotation":0,"texture":"#3"},"up":{"uv":[13.5,1.25,13.25,1.0],"tintindex":0,"rotation":0,"texture":"#3"},"down":{"uv":[13.5,1.25,13.25,1.5],"tintindex":0,"rotation":0,"texture":"#3"}},"rotation":{"origin":[5.0,20.500004,6.3],"angle":22.5,"axis":"z"}},{"from":[4.48184,14.285671,9.025],"to":[5.48184,17.285671,9.975],"faces":{"east":{"uv":[12.25,12.25,12.5,13.0],"tintindex":0,"rotation":0,"texture":"#3"},"south":{"uv":[12.25,1.5,12.5,2.25],"tintindex":0,"rotation":0,"texture":"#3"},"north":{"uv":[7.75,12.25,8.0,13.0],"tintindex":0,"rotation":0,"texture":"#3"},"west":{"uv":[12.25,2.25,12.5,3.0],"tintindex":0,"rotation":0,"texture":"#3"},"up":{"uv":[13.5,0.75,13.25,0.5],"tintindex":0,"rotation":0,"texture":"#3"},"down":{"uv":[13.5,0.75,13.25,1.0],"tintindex":0,"rotation":0,"texture":"#3"}}},{"from":[9.895073,7.221134,4.05],"to":[10.895073,10.221134,5.05],"faces":{"east":{"uv":[7.75,12.25,7.5,13.0],"tintindex":0,"rotation":0,"texture":"#3"},"south":{"uv":[7.5,12.25,7.25,13.0],"tintindex":0,"rotation":0,"texture":"#3"},"north":{"uv":[10.75,9.75,10.5,10.5],"tintindex":0,"rotation":0,"texture":"#3"},"west":{"uv":[5.25,12.25,5.0,13.0],"tintindex":0,"rotation":0,"texture":"#3"},"up":{"uv":[12.5,13.5,12.75,13.25],"tintindex":0,"rotation":0,"texture":"#3"},"down":{"uv":[13.25,13.25,13.5,13.5],"tintindex":0,"rotation":0,"texture":"#3"}},"rotation":{"origin":[8.77375,6.5140305,10.025],"angle":22.5,"axis":"z"}},{"from":[6.1997404,13.304478,5.499],"to":[7.19974,17.304478,5.499],"faces":{"south":{"uv":[12.0,11.75,11.75,12.75],"tintindex":0,"rotation":0,"texture":"#3"},"north":{"uv":[5.5,11.75,5.25,12.75],"tintindex":0,"rotation":0,"texture":"#3"}},"rotation":{"origin":[0.19973993,24.304478,12.499001],"angle":22.5,"axis":"z"}},{"from":[4.17109,0.820591,4.0],"to":[7.17109,10.120594,5.0],"faces":{"east":{"uv":[8.75,11.5,9.0,13.0],"tintindex":0,"rotation":0,"texture":"#3"},"south":{"uv":[6.0,8.5,6.75,10.0],"tintindex":0,"rotation":0,"texture":"#3"},"north":{"uv":[2.75,8.25,3.5,9.75],"tintindex":0,"rotation":0,"texture":"#3"},"west":{"uv":[9.0,11.5,9.25,13.0],"tintindex":0,"rotation":0,"texture":"#3"},"up":{"uv":[12.75,12.0,12.0,11.75],"tintindex":0,"rotation":0,"texture":"#3"},"down":{"uv":[13.0,0.0,12.25,0.25],"tintindex":0,"rotation":0,"texture":"#3"}}},{"from":[9.37641,0.820591,4.0],"to":[12.37641,10.120594,5.0],"faces":{"east":{"uv":[9.25,11.5,9.0,13.0],"tintindex":0,"rotation":0,"texture":"#3"},"south":{"uv":[6.75,8.5,6.0,10.0],"tintindex":0,"rotation":0,"texture":"#3"},"north":{"uv":[3.5,8.25,2.75,9.75],"tintindex":0,"rotation":0,"texture":"#3"},"west":{"uv":[9.0,11.5,8.75,13.0],"tintindex":0,"rotation":0,"texture":"#3"},"up":{"uv":[12.0,12.0,12.75,11.75],"tintindex":0,"rotation":0,"texture":"#3"},"down":{"uv":[12.25,0.0,13.0,0.25],"tintindex":0,"rotation":0,"texture":"#3"}}},{"from":[1.6487098,2.501461,4.925],"to":[2.6487098,6.501461,5.925],"faces":{"east":{"uv":[6.75,8.5,7.0,9.5],"tintindex":0,"rotation":0,"texture":"#3"},"south":{"uv":[8.75,9.5,9.0,10.5],"tintindex":0,"rotation":0,"texture":"#3"},"north":{"uv":[7.75,6.75,8.0,7.75],"tintindex":0,"rotation":0,"texture":"#3"},"west":{"uv":[2.5,11.75,2.75,12.75],"tintindex":0,"rotation":0,"texture":"#3"},"up":{"uv":[13.25,11.0,13.0,10.75],"tintindex":0,"rotation":0,"texture":"#3"},"down":{"uv":[13.25,12.75,13.0,13.0],"tintindex":0,"rotation":0,"texture":"#3"}},"rotation":{"origin":[9.64871,11.501461,12.925],"angle":22.5,"axis":"z"}},{"from":[14.32379,5.6014595,6.75],"to":[15.32379,7.6014595,7.75],"faces":{"east":{"uv":[10.25,13.0,10.0,13.5],"tintindex":0,"rotation":0,"texture":"#3"},"south":{"uv":[10.0,13.0,9.75,13.5],"tintindex":0,"rotation":0,"texture":"#3"},"north":{"uv":[9.5,13.0,9.25,13.5],"tintindex":0,"rotation":0,"texture":"#3"},"west":{"uv":[9.75,13.0,9.5,13.5],"tintindex":0,"rotation":0,"texture":"#3"},"up":{"uv":[13.25,3.75,13.5,3.5],"tintindex":0,"rotation":0,"texture":"#3"},"down":{"uv":[13.25,3.75,13.5,4.0],"tintindex":0,"rotation":0,"texture":"#3"}},"rotation":{"origin":[7.32379,13.6014595,14.75],"angle":-22.5,"axis":"z"}},{"from":[7.48184,23.685673,4.025],"to":[8.08184,27.285671,4.975],"faces":{"east":{"uv":[9.75,12.0,10.0,13.0],"tintindex":0,"rotation":0,"texture":"#3"},"south":{"uv":[10.5,12.0,10.75,13.0],"tintindex":0,"rotation":0,"texture":"#3"},"north":{"uv":[9.5,12.0,9.75,13.0],"tintindex":0,"rotation":0,"texture":"#3"},"west":{"uv":[10.75,12.0,11.0,13.0],"tintindex":0,"rotation":0,"texture":"#3"},"up":{"uv":[13.5,12.75,13.25,12.5],"tintindex":0,"rotation":0,"texture":"#3"},"down":{"uv":[13.5,12.75,13.25,13.0],"tintindex":0,"rotation":0,"texture":"#3"}}},{"from":[4.103303,22.103695,6.05],"to":[5.103303,23.103695,6.95],"faces":{"east":{"uv":[6.5,13.0,6.75,13.5],"tintindex":0,"rotation":0,"texture":"#3"},"south":{"uv":[7.25,13.0,7.5,13.5],"tintindex":0,"rotation":0,"texture":"#3"},"north":{"uv":[6.25,13.0,6.5,13.5],"tintindex":0,"rotation":0,"texture":"#3"},"west":{"uv":[7.5,13.0,7.75,13.5],"tintindex":0,"rotation":0,"texture":"#3"},"up":{"uv":[13.5,1.25,13.25,1.0],"tintindex":0,"rotation":0,"texture":"#3"},"down":{"uv":[13.5,1.25,13.25,1.5],"tintindex":0,"rotation":0,"texture":"#3"}},"rotation":{"origin":[5.0,20.500004,6.3],"angle":-22.5,"axis":"z"}},{"from":[6.8498693,6.896717,4.05],"to":[7.8498693,8.896717,5.05],"faces":{"east":{"uv":[1.5,13.0,1.75,13.5],"tintindex":0,"rotation":0,"texture":"#3"},"south":{"uv":[1.75,13.0,2.0,13.5],"tintindex":0,"rotation":0,"texture":"#3"},"north":{"uv":[12.75,12.25,13.0,12.75],"tintindex":0,"rotation":0,"texture":"#3"},"west":{"uv":[2.75,13.0,3.0,13.5],"tintindex":0,"rotation":0,"texture":"#3"},"up":{"uv":[8.25,13.5,8.0,13.25],"tintindex":0,"rotation":0,"texture":"#3"},"down":{"uv":[8.5,13.25,8.25,13.5],"tintindex":0,"rotation":0,"texture":"#3"}},"rotation":{"origin":[8.77375,6.5140305,10.025],"angle":22.5,"axis":"z"}},{"from":[10.98184,17.285671,9.525],"to":[11.5818405,19.185673,10.475],"faces":{"east":{"uv":[9.75,12.0,10.0,13.0],"tintindex":0,"rotation":0,"texture":"#3"},"south":{"uv":[10.5,12.0,10.75,13.0],"tintindex":0,"rotation":0,"texture":"#3"},"north":{"uv":[9.5,12.0,9.75,13.0],"tintindex":0,"rotation":0,"texture":"#3"},"west":{"uv":[10.75,12.0,11.0,13.0],"tintindex":0,"rotation":0,"texture":"#3"},"up":{"uv":[13.5,12.75,13.25,12.5],"tintindex":0,"rotation":0,"texture":"#3"},"down":{"uv":[13.5,12.75,13.25,13.0],"tintindex":0,"rotation":0,"texture":"#3"}}},{"from":[5.7018204,-0.8749275,5.35],"to":[6.70182,0.12507248,5.35],"faces":{"south":{"uv":[13.25,12.25,13.5,12.5],"tintindex":0,"rotation":0,"texture":"#3"},"north":{"uv":[13.25,12.0,13.5,12.25],"tintindex":0,"rotation":0,"texture":"#3"}}},{"from":[4.48184,18.985668,9.925],"to":[5.08184,21.185673,10.475],"faces":{"east":{"uv":[9.75,12.0,10.0,13.0],"tintindex":0,"rotation":0,"texture":"#3"},"south":{"uv":[10.5,12.0,10.75,13.0],"tintindex":0,"rotation":0,"texture":"#3"},"north":{"uv":[9.5,12.0,9.75,13.0],"tintindex":0,"rotation":0,"texture":"#3"},"west":{"uv":[10.75,12.0,11.0,13.0],"tintindex":0,"rotation":0,"texture":"#3"},"up":{"uv":[13.5,12.75,13.25,12.5],"tintindex":0,"rotation":0,"texture":"#3"},"down":{"uv":[13.5,12.75,13.25,13.0],"tintindex":0,"rotation":0,"texture":"#3"}}},{"from":[4.1460905,5.8924904,4.89115],"to":[5.14609,13.89249,5.89115],"faces":{"east":{"uv":[5.5,11.0,5.75,13.0],"tintindex":0,"rotation":0,"texture":"#3"},"south":{"uv":[8.5,11.0,8.75,13.0],"tintindex":0,"rotation":0,"texture":"#3"},"north":{"uv":[2.75,11.0,3.0,13.0],"tintindex":0,"rotation":0,"texture":"#3"},"west":{"uv":[10.0,11.0,10.25,13.0],"tintindex":0,"rotation":0,"texture":"#3"},"up":{"uv":[13.5,2.75,13.25,2.5],"tintindex":0,"rotation":0,"texture":"#3"},"down":{"uv":[13.5,2.75,13.25,3.0],"tintindex":0,"rotation":0,"texture":"#3"}}},{"from":[11.06566,16.285671,6.025],"to":[12.06566,20.285671,6.975],"faces":{"east":{"uv":[11.0,12.0,10.75,13.0],"tintindex":0,"rotation":0,"texture":"#3"},"south":{"uv":[10.75,12.0,10.5,13.0],"tintindex":0,"rotation":0,"texture":"#3"},"north":{"uv":[9.75,12.0,9.5,13.0],"tintindex":0,"rotation":0,"texture":"#3"},"west":{"uv":[10.0,12.0,9.75,13.0],"tintindex":0,"rotation":0,"texture":"#3"},"up":{"uv":[13.25,12.75,13.5,12.5],"tintindex":0,"rotation":0,"texture":"#3"},"down":{"uv":[13.25,12.75,13.5,13.0],"tintindex":0,"rotation":0,"texture":"#3"}}},{"from":[6.6152377,1.2835846,4.3],"to":[8.615238,4.2835846,5.3],"faces":{"east":{"uv":[7.0,6.25,7.25,7.0],"tintindex":0,"rotation":0,"texture":"#3"},"south":{"uv":[11.25,8.5,11.75,9.25],"tintindex":0,"rotation":0,"texture":"#3"},"north":{"uv":[11.0,11.25,11.5,12.0],"tintindex":0,"rotation":0,"texture":"#3"},"west":{"uv":[4.5,7.25,4.75,8.0],"tintindex":0,"rotation":0,"texture":"#3"},"up":{"uv":[7.75,7.0,7.25,6.75],"tintindex":0,"rotation":0,"texture":"#3"},"down":{"uv":[12.75,12.0,12.25,12.25],"tintindex":0,"rotation":0,"texture":"#3"}},"rotation":{"origin":[8.77375,6.5140305,10.025],"angle":-22.5,"axis":"z"}},{"from":[9.0818405,20.185673,4.025],"to":[9.68184,24.585674,4.975],"faces":{"east":{"uv":[9.75,12.0,10.0,13.0],"tintindex":0,"rotation":0,"texture":"#3"},"south":{"uv":[10.5,12.0,10.75,13.0],"tintindex":0,"rotation":0,"texture":"#3"},"north":{"uv":[9.5,12.0,9.75,13.0],"tintindex":0,"rotation":0,"texture":"#3"},"west":{"uv":[10.75,12.0,11.0,13.0],"tintindex":0,"rotation":0,"texture":"#3"},"up":{"uv":[13.5,12.75,13.25,12.5],"tintindex":0,"rotation":0,"texture":"#3"},"down":{"uv":[13.5,12.75,13.25,13.0],"tintindex":0,"rotation":0,"texture":"#3"}}},{"from":[14.32379,7.1014595,7.75],"to":[15.32379,8.1014595,8.75],"faces":{"east":{"uv":[13.5,4.75,13.25,5.0],"tintindex":0,"rotation":0,"texture":"#3"},"south":{"uv":[13.5,4.5,13.25,4.75],"tintindex":0,"rotation":0,"texture":"#3"},"north":{"uv":[13.5,4.0,13.25,4.25],"tintindex":0,"rotation":0,"texture":"#3"},"west":{"uv":[13.5,4.25,13.25,4.5],"tintindex":0,"rotation":0,"texture":"#3"},"up":{"uv":[13.25,5.25,13.5,5.0],"tintindex":0,"rotation":0,"texture":"#3"},"down":{"uv":[13.25,5.25,13.5,5.5],"tintindex":0,"rotation":0,"texture":"#3"}},"rotation":{"origin":[7.32379,14.1014595,15.75],"angle":-22.5,"axis":"z"}},{"from":[4.103303,23.103695,6.05],"to":[4.603303,24.703693,6.95],"faces":{"east":{"uv":[6.5,13.0,6.75,13.5],"tintindex":0,"rotation":0,"texture":"#3"},"south":{"uv":[7.25,13.0,7.5,13.5],"tintindex":0,"rotation":0,"texture":"#3"},"north":{"uv":[6.25,13.0,6.5,13.5],"tintindex":0,"rotation":0,"texture":"#3"},"west":{"uv":[7.5,13.0,7.75,13.5],"tintindex":0,"rotation":0,"texture":"#3"},"up":{"uv":[13.5,1.25,13.25,1.0],"tintindex":0,"rotation":0,"texture":"#3"},"down":{"uv":[13.5,1.25,13.25,1.5],"tintindex":0,"rotation":0,"texture":"#3"}},"rotation":{"origin":[5.0,20.500004,6.3],"angle":-22.5,"axis":"z"}},{"from":[4.2737503,5.5140305,5.0],"to":[12.27375,14.514034,13.0],"faces":{"east":{"uv":[0.0,2.0,2.0,4.0],"tintindex":0,"rotation":0,"texture":"#3"},"south":{"uv":[2.0,2.0,4.0,4.0],"tintindex":0,"rotation":0,"texture":"#3"},"north":{"uv":[0.0,0.0,2.0,2.0],"tintindex":0,"rotation":0,"texture":"#3"},"west":{"uv":[2.0,0.0,4.0,2.0],"tintindex":0,"rotation":0,"texture":"#3"},"up":{"uv":[2.0,6.0,0.0,4.0],"tintindex":0,"rotation":0,"texture":"#3"},"down":{"uv":[4.0,4.0,2.0,6.0],"tintindex":0,"rotation":0,"texture":"#3"}}},{"from":[1.2237101,7.1014595,7.75],"to":[2.22371,8.1014595,8.75],"faces":{"east":{"uv":[13.25,4.25,13.5,4.5],"tintindex":0,"rotation":0,"texture":"#3"},"south":{"uv":[13.25,4.5,13.5,4.75],"tintindex":0,"rotation":0,"texture":"#3"},"north":{"uv":[13.25,4.0,13.5,4.25],"tintindex":0,"rotation":0,"texture":"#3"},"west":{"uv":[13.25,4.75,13.5,5.0],"tintindex":0,"rotation":0,"texture":"#3"},"up":{"uv":[13.5,5.25,13.25,5.0],"tintindex":0,"rotation":0,"texture":"#3"},"down":{"uv":[13.5,5.25,13.25,5.5],"tintindex":0,"rotation":0,"texture":"#3"}},"rotation":{"origin":[9.22371,14.1014595,15.75],"angle":22.5,"axis":"z"}},{"from":[6.776699,9.720699,3.0],"to":[10.776699,10.720699,6.0],"faces":{"east":{"uv":[13.0,6.0,12.25,6.25],"tintindex":0,"rotation":0,"texture":"#3"},"south":{"uv":[12.5,11.25,11.5,11.5],"tintindex":0,"rotation":0,"texture":"#3"},"north":{"uv":[6.25,2.25,7.25,2.5],"tintindex":0,"rotation":0,"texture":"#3"},"west":{"uv":[13.0,5.75,12.25,6.0],"tintindex":0,"rotation":0,"texture":"#3"},"up":{"uv":[6.25,6.25,7.25,5.5],"tintindex":0,"rotation":0,"texture":"#3"},"down":{"uv":[9.75,9.0,10.75,9.75],"tintindex":0,"rotation":0,"texture":"#3"}},"rotation":{"origin":[8.14066,12.285671,3.0],"angle":45.0,"axis":"z"}},{"from":[6.7737503,4.5140305,4.025],"to":[7.77375,6.5140305,5.025],"faces":{"east":{"uv":[4.25,9.5,4.5,10.0],"tintindex":0,"rotation":0,"texture":"#3"},"south":{"uv":[2.0,10.5,2.25,11.0],"tintindex":0,"rotation":0,"texture":"#3"},"north":{"uv":[6.0,8.0,6.25,8.5],"tintindex":0,"rotation":0,"texture":"#3"},"west":{"uv":[9.5,10.5,9.75,11.0],"tintindex":0,"rotation":0,"texture":"#3"},"up":{"uv":[10.0,0.75,9.75,0.5],"tintindex":0,"rotation":0,"texture":"#3"},"down":{"uv":[4.25,10.75,4.0,11.0],"tintindex":0,"rotation":0,"texture":"#3"}}},{"from":[7.12109,11.547192,6.8733807],"to":[10.12109,12.547192,13.873381],"faces":{"east":{"uv":[11.0,4.75,12.75,5.0],"tintindex":0,"rotation":0,"texture":"#3"},"south":{"uv":[12.25,10.0,13.0,10.25],"tintindex":0,"rotation":0,"texture":"#3"},"north":{"uv":[12.25,9.75,13.0,10.0],"tintindex":0,"rotation":0,"texture":"#3"},"west":{"uv":[11.0,5.0,12.75,5.25],"tintindex":0,"rotation":0,"texture":"#3"},"up":{"uv":[8.75,2.5,8.0,0.75],"tintindex":0,"rotation":0,"texture":"#3"},"down":{"uv":[8.75,2.5,8.0,4.25],"tintindex":0,"rotation":0,"texture":"#3"}},"rotation":{"origin":[8.12109,12.89249,10.3911495],"angle":-22.5,"axis":"x"}},{"from":[7.80141,9.945591,3.975],"to":[8.80141,10.945591,8.975],"faces":{"east":{"uv":[11.25,10.25,12.5,10.5],"tintindex":0,"rotation":0,"texture":"#3"},"south":{"uv":[10.25,13.5,10.5,13.75],"tintindex":0,"rotation":0,"texture":"#3"},"north":{"uv":[10.0,13.5,10.25,13.75],"tintindex":0,"rotation":0,"texture":"#3"},"west":{"uv":[11.5,4.0,12.75,4.25],"tintindex":0,"rotation":0,"texture":"#3"},"up":{"uv":[4.0,7.25,3.75,6.0],"tintindex":0,"rotation":0,"texture":"#3"},"down":{"uv":[3.75,8.25,3.5,9.5],"tintindex":0,"rotation":0,"texture":"#3"}}},{"from":[10.85773,18.310673,5.30445],"to":[11.85773,20.335674,6.30445],"faces":{"east":{"uv":[4.25,13.25,4.5,13.75],"tintindex":0,"rotation":0,"texture":"#3"},"south":{"uv":[6.75,13.25,7.0,13.75],"tintindex":0,"rotation":0,"texture":"#3"},"north":{"uv":[4.0,13.25,4.25,13.75],"tintindex":0,"rotation":0,"texture":"#3"},"west":{"uv":[7.0,13.25,7.25,13.75],"tintindex":0,"rotation":0,"texture":"#3"},"up":{"uv":[8.25,13.75,8.0,13.5],"tintindex":0,"rotation":0,"texture":"#3"},"down":{"uv":[8.5,13.5,8.25,13.75],"tintindex":0,"rotation":0,"texture":"#3"}},"rotation":{"origin":[5.85773,29.310673,13.30445],"angle":22.5,"axis":"y"}},{"from":[3.6033025,24.103695,6.05],"to":[4.103303,25.103695,6.95],"faces":{"east":{"uv":[6.5,13.0,6.75,13.5],"tintindex":0,"rotation":0,"texture":"#3"},"south":{"uv":[7.25,13.0,7.5,13.5],"tintindex":0,"rotation":0,"texture":"#3"},"north":{"uv":[6.25,13.0,6.5,13.5],"tintindex":0,"rotation":0,"texture":"#3"},"west":{"uv":[7.5,13.0,7.75,13.5],"tintindex":0,"rotation":0,"texture":"#3"},"up":{"uv":[13.5,1.25,13.25,1.0],"tintindex":0,"rotation":0,"texture":"#3"},"down":{"uv":[13.5,1.25,13.25,1.5],"tintindex":0,"rotation":0,"texture":"#3"}},"rotation":{"origin":[5.0,20.500004,6.3],"angle":-22.5,"axis":"z"}},{"from":[9.84568,0.12507248,4.85],"to":[10.84568,2.1250725,5.85],"faces":{"east":{"uv":[13.0,11.75,12.75,12.25],"tintindex":0,"rotation":0,"texture":"#3"},"south":{"uv":[13.0,11.25,12.75,11.75],"tintindex":0,"rotation":0,"texture":"#3"},"north":{"uv":[13.0,4.75,12.75,5.25],"tintindex":0,"rotation":0,"texture":"#3"},"west":{"uv":[13.0,5.25,12.75,5.75],"tintindex":0,"rotation":0,"texture":"#3"},"up":{"uv":[12.5,11.5,12.75,11.25],"tintindex":0,"rotation":0,"texture":"#3"},"down":{"uv":[12.5,12.25,12.75,12.5],"tintindex":0,"rotation":0,"texture":"#3"}}},{"from":[9.42641,6.2032166,11.829029],"to":[12.42641,8.203217,13.829029],"faces":{"east":{"uv":[12.25,7.25,11.75,7.75],"tintindex":0,"rotation":0,"texture":"#3"},"south":{"uv":[11.75,10.5,11.0,11.0],"tintindex":0,"rotation":0,"texture":"#3"},"north":{"uv":[11.75,7.25,11.0,7.75],"tintindex":0,"rotation":0,"texture":"#3"},"west":{"uv":[2.75,9.25,2.25,9.75],"tintindex":0,"rotation":0,"texture":"#3"},"up":{"uv":[11.25,9.75,12.0,9.25],"tintindex":0,"rotation":0,"texture":"#3"},"down":{"uv":[11.25,9.75,12.0,10.25],"tintindex":0,"rotation":0,"texture":"#3"}},"rotation":{"origin":[8.12109,7.8924904,10.3911495],"angle":-22.5,"axis":"x"}},{"from":[9.42641,10.131283,6.217984],"to":[12.42641,11.131283,15.217984],"faces":{"east":{"uv":[12.25,4.5,10.0,4.75],"tintindex":0,"rotation":0,"texture":"#3"},"south":{"uv":[12.75,8.25,12.0,8.5],"tintindex":0,"rotation":0,"texture":"#3"},"north":{"uv":[7.75,9.25,7.0,9.5],"tintindex":0,"rotation":0,"texture":"#3"},"west":{"uv":[12.0,8.25,9.75,8.5],"tintindex":0,"rotation":0,"texture":"#3"},"up":{"uv":[0.0,8.25,0.75,6.0],"tintindex":0,"rotation":0,"texture":"#3"},"down":{"uv":[0.75,6.0,1.5,8.25],"tintindex":0,"rotation":0,"texture":"#3"}},"rotation":{"origin":[4.4264097,8.89249,7.39115],"angle":-22.5,"axis":"x"}},{"from":[7.6928387,10.908916,3.5],"to":[9.692839,12.908916,4.5],"faces":{"east":{"uv":[10.25,13.0,10.5,13.5],"tintindex":0,"rotation":0,"texture":"#3"},"south":{"uv":[11.75,10.5,12.25,11.0],"tintindex":0,"rotation":0,"texture":"#3"},"north":{"uv":[11.75,8.5,12.25,9.0],"tintindex":0,"rotation":0,"texture":"#3"},"west":{"uv":[10.5,13.0,10.75,13.5],"tintindex":0,"rotation":0,"texture":"#3"},"up":{"uv":[13.25,8.5,12.75,8.25],"tintindex":0,"rotation":0,"texture":"#3"},"down":{"uv":[13.25,9.0,12.75,9.25],"tintindex":0,"rotation":0,"texture":"#3"}},"rotation":{"origin":[8.14066,12.285671,3.0],"angle":-45.0,"axis":"z"}},{"from":[6.62781,-1.6975975,4.3],"to":[8.62781,1.3024025,5.3],"faces":{"east":{"uv":[4.75,7.25,4.5,8.0],"tintindex":0,"rotation":0,"texture":"#3"},"south":{"uv":[11.75,8.5,11.25,9.25],"tintindex":0,"rotation":0,"texture":"#3"},"north":{"uv":[11.5,11.25,11.0,12.0],"tintindex":0,"rotation":0,"texture":"#3"},"west":{"uv":[7.25,6.25,7.0,7.0],"tintindex":0,"rotation":0,"texture":"#3"},"up":{"uv":[7.25,7.0,7.75,6.75],"tintindex":0,"rotation":0,"texture":"#3"},"down":{"uv":[12.25,12.0,12.75,12.25],"tintindex":0,"rotation":0,"texture":"#3"}},"rotation":{"origin":[-0.37218952,8.3024025,12.3],"angle":22.5,"axis":"z"}}],"display":{"gui":{"rotation":[30,225,0]}}}