{"textures":{"2":"modelengine:entity/1texture"},"elements":[{"from":[6.5088234,8.70583,7.441836],"to":[6.89157,9.569073,7.767583],"faces":{"east":{"uv":[0.0,0.0,6.5,1.75],"tintindex":0,"rotation":0,"texture":"#2"},"south":{"uv":[0.0,0.0,6.5,1.75],"tintindex":0,"rotation":0,"texture":"#2"},"north":{"uv":[0.0,0.0,6.5,1.75],"tintindex":0,"rotation":0,"texture":"#2"},"west":{"uv":[0.0,0.0,6.5,1.75],"tintindex":0,"rotation":0,"texture":"#2"},"up":{"uv":[0.0,0.0,6.5,1.75],"tintindex":0,"rotation":0,"texture":"#2"},"down":{"uv":[0.0,0.0,6.5,1.75],"tintindex":0,"rotation":0,"texture":"#2"}}},{"from":[6.118064,9.398071,7.441836],"to":[8.292305,10.049564,7.767583],"faces":{"east":{"uv":[0.0,0.0,6.5,1.75],"tintindex":0,"rotation":0,"texture":"#2"},"south":{"uv":[0.0,0.0,6.5,1.75],"tintindex":0,"rotation":0,"texture":"#2"},"north":{"uv":[0.0,0.0,6.5,1.75],"tintindex":0,"rotation":0,"texture":"#2"},"west":{"uv":[0.0,0.0,6.5,1.75],"tintindex":0,"rotation":0,"texture":"#2"},"up":{"uv":[0.0,0.0,6.5,1.75],"tintindex":0,"rotation":0,"texture":"#2"},"down":{"uv":[0.0,0.0,6.5,1.75],"tintindex":0,"rotation":0,"texture":"#2"}}},{"from":[7.486064,8.70583,7.441836],"to":[7.8688107,9.569073,7.767583],"faces":{"east":{"uv":[0.0,0.0,6.5,1.75],"tintindex":0,"rotation":0,"texture":"#2"},"south":{"uv":[0.0,0.0,6.5,1.75],"tintindex":0,"rotation":0,"texture":"#2"},"north":{"uv":[0.0,0.0,6.5,1.75],"tintindex":0,"rotation":0,"texture":"#2"},"west":{"uv":[0.0,0.0,6.5,1.75],"tintindex":0,"rotation":0,"texture":"#2"},"up":{"uv":[0.0,0.0,6.5,1.75],"tintindex":0,"rotation":0,"texture":"#2"},"down":{"uv":[0.0,0.0,6.5,1.75],"tintindex":0,"rotation":0,"texture":"#2"}}},{"from":[5.8573303,8.437084,7.425583],"to":[6.240077,9.414326,7.7513294],"faces":{"east":{"uv":[0.0,0.0,6.5,1.75],"tintindex":0,"rotation":0,"texture":"#2"},"south":{"uv":[0.0,0.0,6.5,1.75],"tintindex":0,"rotation":0,"texture":"#2"},"north":{"uv":[0.0,0.0,6.5,1.75],"tintindex":0,"rotation":0,"texture":"#2"},"west":{"uv":[0.0,0.0,6.5,1.75],"tintindex":0,"rotation":0,"texture":"#2"},"up":{"uv":[0.0,0.0,6.5,1.75],"tintindex":0,"rotation":0,"texture":"#2"},"down":{"uv":[0.0,0.0,6.5,1.75],"tintindex":0,"rotation":0,"texture":"#2"}}},{"from":[6.9730635,8.70583,7.441836],"to":[7.355811,9.569073,7.767583],"faces":{"east":{"uv":[0.0,0.0,6.5,1.75],"tintindex":0,"rotation":0,"texture":"#2"},"south":{"uv":[0.0,0.0,6.5,1.75],"tintindex":0,"rotation":0,"texture":"#2"},"north":{"uv":[0.0,0.0,6.5,1.75],"tintindex":0,"rotation":0,"texture":"#2"},"west":{"uv":[0.0,0.0,6.5,1.75],"tintindex":0,"rotation":0,"texture":"#2"},"up":{"uv":[0.0,0.0,6.5,1.75],"tintindex":0,"rotation":0,"texture":"#2"},"down":{"uv":[0.0,0.0,6.5,1.75],"tintindex":0,"rotation":0,"texture":"#2"}}},{"from":[8.137558,8.437084,7.425583],"to":[8.520304,9.414326,7.7513294],"faces":{"east":{"uv":[0.0,0.0,6.5,1.75],"tintindex":0,"rotation":0,"texture":"#2"},"south":{"uv":[0.0,0.0,6.5,1.75],"tintindex":0,"rotation":0,"texture":"#2"},"north":{"uv":[0.0,0.0,6.5,1.75],"tintindex":0,"rotation":0,"texture":"#2"},"west":{"uv":[0.0,0.0,6.5,1.75],"tintindex":0,"rotation":0,"texture":"#2"},"up":{"uv":[0.0,0.0,6.5,1.75],"tintindex":0,"rotation":0,"texture":"#2"},"down":{"uv":[0.0,0.0,6.5,1.75],"tintindex":0,"rotation":0,"texture":"#2"}}}],"display":{"gui":{"rotation":[30,225,0]}}}