{"textures":{"1":"modelengine:entity/artas"},"elements":[{"from":[8.899323,8.535072,4.558777],"to":[10.878821,8.779949,8.348526],"faces":{"east":{"uv":[10.0,5.0,10.5,5.46875],"tintindex":0,"rotation":90,"texture":"#1"},"south":{"uv":[12.0,7.0,11.5,7.25],"tintindex":0,"rotation":270,"texture":"#1"},"north":{"uv":[7.5,11.71875,7.0,11.5],"tintindex":0,"rotation":270,"texture":"#1"},"west":{"uv":[5.5,10.0,6.0,10.5],"tintindex":0,"rotation":270,"texture":"#1"},"up":{"uv":[10.0,5.0,10.5,5.46875],"tintindex":0,"rotation":0,"texture":"#1"},"down":{"uv":[6.5,11.5,6.75,11.96875],"tintindex":0,"rotation":180,"texture":"#1"}}},{"from":[8.899323,6.6740265,4.558777],"to":[10.878821,6.9188995,8.348526],"faces":{"east":{"uv":[10.0,5.0,10.5,5.46875],"tintindex":0,"rotation":90,"texture":"#1"},"south":{"uv":[12.0,7.0,11.5,7.25],"tintindex":0,"rotation":270,"texture":"#1"},"north":{"uv":[10.5,5.0,10.0,5.09375],"tintindex":0,"rotation":270,"texture":"#1"},"west":{"uv":[5.5,10.0,6.0,10.5],"tintindex":0,"rotation":270,"texture":"#1"},"up":{"uv":[10.0,5.0,10.5,5.46875],"tintindex":0,"rotation":0,"texture":"#1"},"down":{"uv":[10.0,5.0,10.5,5.46875],"tintindex":0,"rotation":180,"texture":"#1"}}},{"from":[8.373573,10.200222,8.797272],"to":[11.600471,10.689968,11.287022],"faces":{"east":{"uv":[11.375,4.90625,11.875,5.40625],"tintindex":0,"rotation":90,"texture":"#1"},"south":{"uv":[12.0,7.0,11.5,7.25],"tintindex":0,"rotation":270,"texture":"#1"},"north":{"uv":[7.5,11.75,7.0,11.5],"tintindex":0,"rotation":270,"texture":"#1"},"west":{"uv":[5.5,10.0,6.0,10.5],"tintindex":0,"rotation":270,"texture":"#1"},"up":{"uv":[6.0,11.5,6.25,12.0],"tintindex":0,"rotation":0,"texture":"#1"},"down":{"uv":[6.5,11.5,6.75,12.0],"tintindex":0,"rotation":180,"texture":"#1"}}},{"from":[8.899323,7.4576263,4.754677],"to":[10.878821,7.7024994,8.348526],"faces":{"east":{"uv":[10.0,5.0,10.5,5.46875],"tintindex":0,"rotation":90,"texture":"#1"},"south":{"uv":[12.0,7.0,11.5,7.25],"tintindex":0,"rotation":270,"texture":"#1"},"north":{"uv":[7.5,11.71875,7.0,11.5],"tintindex":0,"rotation":270,"texture":"#1"},"west":{"uv":[5.5,10.0,6.0,10.5],"tintindex":0,"rotation":270,"texture":"#1"},"up":{"uv":[6.0,11.5,6.25,11.96875],"tintindex":0,"rotation":0,"texture":"#1"},"down":{"uv":[6.5,11.5,6.75,11.96875],"tintindex":0,"rotation":180,"texture":"#1"}}},{"from":[8.373573,4.8129807,8.797272],"to":[11.600471,5.3027267,11.287022],"faces":{"east":{"uv":[11.375,4.90625,11.875,5.40625],"tintindex":0,"rotation":90,"texture":"#1"},"south":{"uv":[12.0,7.0,11.5,7.25],"tintindex":0,"rotation":270,"texture":"#1"},"north":{"uv":[7.5,11.75,7.0,11.5],"tintindex":0,"rotation":270,"texture":"#1"},"west":{"uv":[5.5,10.0,6.0,10.5],"tintindex":0,"rotation":270,"texture":"#1"},"up":{"uv":[6.0,11.5,6.25,12.0],"tintindex":0,"rotation":0,"texture":"#1"},"down":{"uv":[6.5,11.5,6.75,12.0],"tintindex":0,"rotation":180,"texture":"#1"}}},{"from":[8.373573,6.2822266,7.328026],"to":[11.600471,9.220722,11.287022],"faces":{"east":{"uv":[4.5,8.5,5.25,9.0],"tintindex":0,"rotation":90,"texture":"#1"},"south":{"uv":[8.75,10.5,8.0,10.75],"tintindex":0,"rotation":270,"texture":"#1"},"north":{"uv":[11.25,7.75,10.5,7.5],"tintindex":0,"rotation":270,"texture":"#1"},"west":{"uv":[5.5,8.5,6.25,9.0],"tintindex":0,"rotation":270,"texture":"#1"},"up":{"uv":[11.0,11.0,11.25,11.5],"tintindex":0,"rotation":0,"texture":"#1"},"down":{"uv":[0.5,11.5,0.75,12.0],"tintindex":0,"rotation":180,"texture":"#1"}}},{"from":[8.899323,8.241222,4.460827],"to":[10.878821,8.486099,8.348526],"faces":{"east":{"uv":[10.0,5.0,10.5,5.46875],"tintindex":0,"rotation":90,"texture":"#1"},"south":{"uv":[12.0,7.0,11.5,7.25],"tintindex":0,"rotation":270,"texture":"#1"},"north":{"uv":[7.5,11.71875,7.0,11.5],"tintindex":0,"rotation":270,"texture":"#1"},"west":{"uv":[5.5,10.0,6.0,10.5],"tintindex":0,"rotation":270,"texture":"#1"},"up":{"uv":[6.0,11.5,6.25,11.96875],"tintindex":0,"rotation":0,"texture":"#1"},"down":{"uv":[6.5,11.5,6.75,11.96875],"tintindex":0,"rotation":180,"texture":"#1"}}},{"from":[8.373573,6.7719765,6.348526],"to":[11.600471,8.730972,9.328026],"faces":{"east":{"uv":[11.375,4.90625,11.875,5.40625],"tintindex":0,"rotation":90,"texture":"#1"},"south":{"uv":[12.0,7.0,11.5,7.25],"tintindex":0,"rotation":270,"texture":"#1"},"north":{"uv":[7.5,11.75,7.0,11.5],"tintindex":0,"rotation":270,"texture":"#1"},"west":{"uv":[5.5,10.0,6.0,10.5],"tintindex":0,"rotation":270,"texture":"#1"},"up":{"uv":[6.0,11.5,6.25,12.0],"tintindex":0,"rotation":0,"texture":"#1"},"down":{"uv":[6.5,11.5,6.75,12.0],"tintindex":0,"rotation":180,"texture":"#1"}}},{"from":[8.899323,7.0658264,4.519598],"to":[10.878821,7.3106995,8.348526],"faces":{"east":{"uv":[10.0,5.0,10.5,5.46875],"tintindex":0,"rotation":90,"texture":"#1"},"south":{"uv":[12.0,7.0,11.5,7.25],"tintindex":0,"rotation":270,"texture":"#1"},"north":{"uv":[7.5,11.71875,7.0,11.5],"tintindex":0,"rotation":270,"texture":"#1"},"west":{"uv":[5.5,10.0,6.0,10.5],"tintindex":0,"rotation":270,"texture":"#1"},"up":{"uv":[6.0,11.5,6.25,11.96875],"tintindex":0,"rotation":0,"texture":"#1"},"down":{"uv":[6.5,11.5,6.75,11.96875],"tintindex":0,"rotation":180,"texture":"#1"}}},{"from":[8.373573,4.8129807,9.287022],"to":[11.600471,10.689968,15.205015],"faces":{"east":{"uv":[4.5,5.0,6.0,6.0],"tintindex":0,"rotation":90,"texture":"#1"},"south":{"uv":[1.5,9.0,0.0,9.25],"tintindex":0,"rotation":270,"texture":"#1"},"north":{"uv":[9.5,8.75,8.0,8.5],"tintindex":0,"rotation":270,"texture":"#1"},"west":{"uv":[6.0,0.0,7.5,1.0],"tintindex":0,"rotation":270,"texture":"#1"},"up":{"uv":[10.5,0.5,10.75,1.5],"tintindex":0,"rotation":0,"texture":"#1"},"down":{"uv":[1.0,10.5,1.25,11.5],"tintindex":0,"rotation":180,"texture":"#1"}}},{"from":[8.899323,7.8494225,4.558777],"to":[10.878821,8.094299,8.348526],"faces":{"east":{"uv":[10.0,5.0,10.5,5.46875],"tintindex":0,"rotation":90,"texture":"#1"},"south":{"uv":[12.0,7.0,11.5,7.25],"tintindex":0,"rotation":270,"texture":"#1"},"north":{"uv":[7.5,11.71875,7.0,11.5],"tintindex":0,"rotation":270,"texture":"#1"},"west":{"uv":[5.5,10.0,6.0,10.5],"tintindex":0,"rotation":270,"texture":"#1"},"up":{"uv":[6.0,11.5,6.25,11.96875],"tintindex":0,"rotation":0,"texture":"#1"},"down":{"uv":[6.5,11.5,6.75,11.96875],"tintindex":0,"rotation":180,"texture":"#1"}}}],"display":{"gui":{"rotation":[30,225,0]}}}