{"textures":{"2":"modelengine:entity/1texture"},"elements":[{"from":[6.0329113,9.196758,5.137124],"to":[11.072911,14.344757,8.385124],"faces":{"east":{"uv":[0.0,0.0,6.5,1.75],"tintindex":0,"rotation":0,"texture":"#2"},"south":{"uv":[0.0,0.0,6.5,1.75],"tintindex":0,"rotation":0,"texture":"#2"},"north":{"uv":[0.0,0.0,6.5,1.75],"tintindex":0,"rotation":0,"texture":"#2"},"west":{"uv":[0.0,0.0,6.5,1.75],"tintindex":0,"rotation":0,"texture":"#2"},"up":{"uv":[0.0,0.0,6.5,1.75],"tintindex":0,"rotation":0,"texture":"#2"},"down":{"uv":[0.0,0.0,6.5,1.75],"tintindex":0,"rotation":0,"texture":"#2"}},"rotation":{"origin":[8.912911,11.130077,7.0264444],"angle":-45.0,"axis":"x"}},{"from":[7.024912,12.240128,3.162054],"to":[10.228911,19.780127,5.714054],"faces":{"east":{"uv":[0.0,0.0,6.5,1.75],"tintindex":0,"rotation":0,"texture":"#2"},"south":{"uv":[0.0,0.0,6.5,1.75],"tintindex":0,"rotation":0,"texture":"#2"},"north":{"uv":[0.0,0.0,6.5,1.75],"tintindex":0,"rotation":0,"texture":"#2"},"west":{"uv":[0.0,0.0,6.5,1.75],"tintindex":0,"rotation":0,"texture":"#2"},"up":{"uv":[0.0,0.0,6.5,1.75],"tintindex":0,"rotation":0,"texture":"#2"},"down":{"uv":[0.0,0.0,6.5,1.75],"tintindex":0,"rotation":0,"texture":"#2"}},"rotation":{"origin":[8.300911,13.698078,3.3144445],"angle":-22.5,"axis":"x"}}],"display":{"gui":{"rotation":[30,225,0]}}}