{"textures":{"5":"modelengine:entity/lichkingarmor - copy"},"elements":[{"from":[2.210001,-5.84,6.79],"to":[6.356001,10.018002,12.598],"faces":{"east":{"uv":[5.9375,5.0,5.71875,5.3],"tintindex":0,"rotation":0,"texture":"#5"},"south":{"uv":[5.9375,5.0,5.71875,5.3],"tintindex":0,"rotation":0,"texture":"#5"},"north":{"uv":[5.9375,5.0,5.71875,5.3],"tintindex":0,"rotation":0,"texture":"#5"},"west":{"uv":[5.9375,5.0,5.71875,5.3],"tintindex":0,"rotation":0,"texture":"#5"},"up":{"uv":[5.9375,5.0,5.71875,5.3],"tintindex":0,"rotation":0,"texture":"#5"},"down":{"uv":[5.9375,5.0,5.71875,5.3],"tintindex":0,"rotation":0,"texture":"#5"}}},{"from":[-0.20999908,-8.259998,7.516],"to":[4.42,5.419998,11.63],"faces":{"east":{"uv":[5.9375,5.0,5.71875,5.3],"tintindex":0,"rotation":0,"texture":"#5"},"south":{"uv":[5.9375,5.0,5.71875,5.3],"tintindex":0,"rotation":0,"texture":"#5"},"north":{"uv":[5.9375,5.0,5.71875,5.3],"tintindex":0,"rotation":0,"texture":"#5"},"west":{"uv":[5.9375,5.0,5.71875,5.3],"tintindex":0,"rotation":0,"texture":"#5"},"up":{"uv":[5.9375,5.0,5.71875,5.3],"tintindex":0,"rotation":0,"texture":"#5"},"down":{"uv":[5.9375,5.0,5.71875,5.3],"tintindex":0,"rotation":0,"texture":"#5"}}}],"display":{"gui":{"rotation":[30,225,0]}}}