{"textures":{"5":"modelengine:entity/lichkingarmor - copy"},"elements":[{"from":[-1.0200001,0.19000092,8.3911],"to":[15.81,3.7100005,20.6811],"faces":{"east":{"uv":[1.5625,2.75,1.875,3.09375],"tintindex":0,"rotation":0,"texture":"#5"},"south":{"uv":[1.5625,2.75,1.875,3.09375],"tintindex":0,"rotation":0,"texture":"#5"},"north":{"uv":[1.5625,2.75,1.875,3.09375],"tintindex":0,"rotation":0,"texture":"#5"},"west":{"uv":[1.5625,2.75,1.875,3.09375],"tintindex":0,"rotation":0,"texture":"#5"},"up":{"uv":[1.5625,2.75,1.875,3.09375],"tintindex":0,"rotation":0,"texture":"#5"},"down":{"uv":[1.5625,2.75,1.875,3.09375],"tintindex":0,"rotation":0,"texture":"#5"}}},{"from":[-0.90999985,0.30000305,8.501101],"to":[15.7,9.100002,20.5711],"faces":{"east":{"uv":[1.5625,2.75,1.875,3.09375],"tintindex":0,"rotation":0,"texture":"#5"},"south":{"uv":[1.5625,2.75,1.875,3.09375],"tintindex":0,"rotation":0,"texture":"#5"},"north":{"uv":[1.5625,2.75,1.875,3.09375],"tintindex":0,"rotation":0,"texture":"#5"},"west":{"uv":[1.5625,2.75,1.875,3.09375],"tintindex":0,"rotation":0,"texture":"#5"},"up":{"uv":[1.5625,2.75,1.875,3.09375],"tintindex":0,"rotation":0,"texture":"#5"},"down":{"uv":[1.5625,2.75,1.875,3.09375],"tintindex":0,"rotation":0,"texture":"#5"}}},{"from":[-1.0200001,5.690001,8.3911],"to":[15.81,9.210001,20.6811],"faces":{"east":{"uv":[1.5625,2.75,1.875,3.09375],"tintindex":0,"rotation":0,"texture":"#5"},"south":{"uv":[1.5625,2.75,1.875,3.09375],"tintindex":0,"rotation":0,"texture":"#5"},"north":{"uv":[1.5625,2.75,1.875,3.09375],"tintindex":0,"rotation":0,"texture":"#5"},"west":{"uv":[1.5625,2.75,1.875,3.09375],"tintindex":0,"rotation":0,"texture":"#5"},"up":{"uv":[1.5625,2.75,1.875,3.09375],"tintindex":0,"rotation":0,"texture":"#5"},"down":{"uv":[1.5625,2.75,1.875,3.09375],"tintindex":0,"rotation":0,"texture":"#5"}}}],"display":{"gui":{"rotation":[30,225,0]}}}