{"textures":{"5":"modelengine:entity/lichkingarmor - copy"},"elements":[{"from":[3.6071568,1.8486633,3.5902977],"to":[14.972357,4.2840652,16.579098],"faces":{"east":{"uv":[7.9375,6.53125,8.4375,6.625],"tintindex":0,"rotation":0,"texture":"#5"},"south":{"uv":[7.75,7.96875,8.1875,8.0625],"tintindex":0,"rotation":0,"texture":"#5"},"north":{"uv":[8.0,5.34375,8.4375,5.4375],"tintindex":0,"rotation":0,"texture":"#5"},"west":{"uv":[7.9375,6.40625,8.4375,6.5],"tintindex":0,"rotation":0,"texture":"#5"},"up":{"uv":[2.25,4.65625,1.8125,4.15625],"tintindex":0,"rotation":180,"texture":"#5"},"down":{"uv":[2.71875,4.15625,2.28125,4.65625],"tintindex":0,"rotation":180,"texture":"#5"}},"rotation":{"origin":[9.939198,2.2545624,10.084698],"angle":-22.5,"axis":"z"}},{"from":[4.2565966,9.966663,3.5902977],"to":[15.621796,12.402065,16.579098],"faces":{"east":{"uv":[7.9375,5.8125,8.4375,5.90625],"tintindex":0,"rotation":0,"texture":"#5"},"south":{"uv":[5.5,0.34375,5.9375,0.4375],"tintindex":0,"rotation":0,"texture":"#5"},"north":{"uv":[7.96875,0.6875,8.40625,0.78125],"tintindex":0,"rotation":0,"texture":"#5"},"west":{"uv":[7.9375,5.6875,8.4375,5.78125],"tintindex":0,"rotation":0,"texture":"#5"},"up":{"uv":[4.5625,1.5,4.125,1.0],"tintindex":0,"rotation":180,"texture":"#5"},"down":{"uv":[4.59375,0.0,4.15625,0.5],"tintindex":0,"rotation":180,"texture":"#5"}}},{"from":[11.562796,1.8486633,4.4020977],"to":[14.809996,5.0958633,15.767298],"faces":{"east":{"uv":[7.5,0.65625,7.9375,0.78125],"tintindex":0,"rotation":0,"texture":"#5"},"south":{"uv":[2.65625,6.03125,2.78125,6.15625],"tintindex":0,"rotation":0,"texture":"#5"},"north":{"uv":[6.1875,1.9375,6.3125,2.0625],"tintindex":0,"rotation":0,"texture":"#5"},"west":{"uv":[7.4375,7.46875,7.875,7.59375],"tintindex":0,"rotation":0,"texture":"#5"},"up":{"uv":[3.71875,7.78125,3.59375,7.34375],"tintindex":0,"rotation":180,"texture":"#5"},"down":{"uv":[2.3125,7.375,2.1875,7.8125],"tintindex":0,"rotation":180,"texture":"#5"}}},{"from":[5.076515,5.103983,4.4102163],"to":[14.801878,12.393946,15.759179],"faces":{"east":{"uv":[5.5,4.09375,5.9375,4.375],"tintindex":0,"rotation":0,"texture":"#5"},"south":{"uv":[3.6875,4.28125,4.0625,4.5625],"tintindex":0,"rotation":0,"texture":"#5"},"north":{"uv":[4.46875,6.71875,4.84375,7.0],"tintindex":0,"rotation":0,"texture":"#5"},"west":{"uv":[5.28125,0.625,5.71875,0.90625],"tintindex":0,"rotation":0,"texture":"#5"},"up":{"uv":[5.46875,0.4375,5.09375,0.0],"tintindex":0,"rotation":180,"texture":"#5"},"down":{"uv":[2.375,5.28125,2.0,5.71875],"tintindex":0,"rotation":180,"texture":"#5"}}},{"from":[8.315598,3.4722633,4.4020977],"to":[11.562796,5.0958633,15.767298],"faces":{"east":{"uv":[8.09375,6.84375,8.53125,6.90625],"tintindex":0,"rotation":0,"texture":"#5"},"south":{"uv":[4.71875,1.96875,4.84375,2.03125],"tintindex":0,"rotation":0,"texture":"#5"},"north":{"uv":[4.875,3.375,5.0,3.4375],"tintindex":0,"rotation":0,"texture":"#5"},"west":{"uv":[8.0,5.59375,8.4375,5.65625],"tintindex":0,"rotation":0,"texture":"#5"},"up":{"uv":[5.40625,7.8125,5.28125,7.375],"tintindex":0,"rotation":180,"texture":"#5"},"down":{"uv":[0.46875,7.40625,0.34375,7.84375],"tintindex":0,"rotation":180,"texture":"#5"}}}],"display":{"gui":{"rotation":[30,225,0]}}}