{"textures":{"2":"modelengine:entity/1texture"},"elements":[{"from":[13.444207,7.18766,4.376071],"to":[20.687023,9.401932,5.5678234],"faces":{"east":{"uv":[0.0,0.0,6.5,1.75],"tintindex":0,"rotation":180,"texture":"#2"},"south":{"uv":[0.0,0.0,6.5,1.75],"tintindex":0,"rotation":270,"texture":"#2"},"north":{"uv":[0.0,0.0,6.5,1.75],"tintindex":0,"rotation":90,"texture":"#2"},"west":{"uv":[0.0,0.0,6.5,1.75],"tintindex":0,"rotation":0,"texture":"#2"},"up":{"uv":[0.0,0.0,6.5,1.75],"tintindex":0,"rotation":270,"texture":"#2"},"down":{"uv":[0.0,0.0,6.5,1.75],"tintindex":0,"rotation":270,"texture":"#2"}}},{"from":[8.195363,6.220749,12.667732],"to":[10.223908,9.706284,13.682005],"faces":{"east":{"uv":[0.0,0.0,6.5,1.75],"tintindex":0,"rotation":180,"texture":"#2"},"south":{"uv":[0.0,0.0,6.5,1.75],"tintindex":0,"rotation":270,"texture":"#2"},"north":{"uv":[0.0,0.0,6.5,1.75],"tintindex":0,"rotation":90,"texture":"#2"},"west":{"uv":[0.0,0.0,6.5,1.75],"tintindex":0,"rotation":0,"texture":"#2"},"up":{"uv":[0.0,0.0,6.5,1.75],"tintindex":0,"rotation":270,"texture":"#2"},"down":{"uv":[0.0,0.0,6.5,1.75],"tintindex":0,"rotation":270,"texture":"#2"}}},{"from":[10.223908,7.492012,4.5535507],"to":[12.252454,9.706284,7.596369],"faces":{"east":{"uv":[0.0,0.0,6.5,1.75],"tintindex":0,"rotation":180,"texture":"#2"},"south":{"uv":[0.0,0.0,6.5,1.75],"tintindex":0,"rotation":270,"texture":"#2"},"north":{"uv":[0.0,0.0,6.5,1.75],"tintindex":0,"rotation":90,"texture":"#2"},"west":{"uv":[0.0,0.0,6.5,1.75],"tintindex":0,"rotation":0,"texture":"#2"},"up":{"uv":[0.0,0.0,6.5,1.75],"tintindex":0,"rotation":270,"texture":"#2"},"down":{"uv":[0.0,0.0,6.5,1.75],"tintindex":0,"rotation":270,"texture":"#2"}}},{"from":[11.643748,7.137047,5.187914],"to":[13.672294,9.351326,11.957811],"faces":{"east":{"uv":[0.0,0.0,6.5,1.75],"tintindex":0,"rotation":180,"texture":"#2"},"south":{"uv":[0.0,0.0,6.5,1.75],"tintindex":0,"rotation":270,"texture":"#2"},"north":{"uv":[0.0,0.0,6.5,1.75],"tintindex":0,"rotation":90,"texture":"#2"},"west":{"uv":[0.0,0.0,6.5,1.75],"tintindex":0,"rotation":0,"texture":"#2"},"up":{"uv":[0.0,0.0,6.5,1.75],"tintindex":0,"rotation":270,"texture":"#2"},"down":{"uv":[0.0,0.0,6.5,1.75],"tintindex":0,"rotation":270,"texture":"#2"}}},{"from":[10.223908,6.220749,12.667732],"to":[12.252454,9.706284,13.682005],"faces":{"east":{"uv":[0.0,0.0,6.5,1.75],"tintindex":0,"rotation":270,"texture":"#2"},"south":{"uv":[0.0,0.0,6.5,1.75],"tintindex":0,"rotation":270,"texture":"#2"},"north":{"uv":[0.0,0.0,6.5,1.75],"tintindex":0,"rotation":270,"texture":"#2"},"west":{"uv":[0.0,0.0,6.5,1.75],"tintindex":0,"rotation":270,"texture":"#2"},"up":{"uv":[0.0,0.0,6.5,1.75],"tintindex":0,"rotation":270,"texture":"#2"},"down":{"uv":[0.0,0.0,6.5,1.75],"tintindex":0,"rotation":270,"texture":"#2"}}},{"from":[13.444207,7.18766,11.475979],"to":[20.687023,9.401932,12.667732],"faces":{"east":{"uv":[0.0,0.0,6.5,1.75],"tintindex":0,"rotation":180,"texture":"#2"},"south":{"uv":[0.0,0.0,6.5,1.75],"tintindex":0,"rotation":270,"texture":"#2"},"north":{"uv":[0.0,0.0,6.5,1.75],"tintindex":0,"rotation":90,"texture":"#2"},"west":{"uv":[0.0,0.0,6.5,1.75],"tintindex":0,"rotation":0,"texture":"#2"},"up":{"uv":[0.0,0.0,6.5,1.75],"tintindex":0,"rotation":270,"texture":"#2"},"down":{"uv":[0.0,0.0,6.5,1.75],"tintindex":0,"rotation":270,"texture":"#2"}}},{"from":[13.494813,7.137047,6.404616],"to":[20.382671,9.351326,7.596369],"faces":{"east":{"uv":[0.0,0.0,6.5,1.75],"tintindex":0,"rotation":180,"texture":"#2"},"south":{"uv":[0.0,0.0,6.5,1.75],"tintindex":0,"rotation":270,"texture":"#2"},"north":{"uv":[0.0,0.0,6.5,1.75],"tintindex":0,"rotation":90,"texture":"#2"},"west":{"uv":[0.0,0.0,6.5,1.75],"tintindex":0,"rotation":0,"texture":"#2"},"up":{"uv":[0.0,0.0,6.5,1.75],"tintindex":0,"rotation":270,"texture":"#2"},"down":{"uv":[0.0,0.0,6.5,1.75],"tintindex":0,"rotation":270,"texture":"#2"}}},{"from":[13.494813,7.137047,9.447433],"to":[20.382671,9.351326,10.639187],"faces":{"east":{"uv":[0.0,0.0,6.5,1.75],"tintindex":0,"rotation":180,"texture":"#2"},"south":{"uv":[0.0,0.0,6.5,1.75],"tintindex":0,"rotation":270,"texture":"#2"},"north":{"uv":[0.0,0.0,6.5,1.75],"tintindex":0,"rotation":90,"texture":"#2"},"west":{"uv":[0.0,0.0,6.5,1.75],"tintindex":0,"rotation":0,"texture":"#2"},"up":{"uv":[0.0,0.0,6.5,1.75],"tintindex":0,"rotation":270,"texture":"#2"},"down":{"uv":[0.0,0.0,6.5,1.75],"tintindex":0,"rotation":270,"texture":"#2"}}},{"from":[10.223908,6.220749,3.539278],"to":[12.252454,9.706284,4.5535507],"faces":{"east":{"uv":[0.0,0.0,6.5,1.75],"tintindex":0,"rotation":270,"texture":"#2"},"south":{"uv":[0.0,0.0,6.5,1.75],"tintindex":0,"rotation":270,"texture":"#2"},"north":{"uv":[0.0,0.0,6.5,1.75],"tintindex":0,"rotation":270,"texture":"#2"},"west":{"uv":[0.0,0.0,6.5,1.75],"tintindex":0,"rotation":270,"texture":"#2"},"up":{"uv":[0.0,0.0,6.5,1.75],"tintindex":0,"rotation":270,"texture":"#2"},"down":{"uv":[0.0,0.0,6.5,1.75],"tintindex":0,"rotation":270,"texture":"#2"}}},{"from":[4.3920183,5.492012,2.7787504],"to":[8.195363,9.706284,14.442532],"faces":{"east":{"uv":[0.0,0.0,6.5,1.75],"tintindex":0,"rotation":180,"texture":"#2"},"south":{"uv":[0.0,0.0,6.5,1.75],"tintindex":0,"rotation":270,"texture":"#2"},"north":{"uv":[0.0,0.0,6.5,1.75],"tintindex":0,"rotation":90,"texture":"#2"},"west":{"uv":[0.0,0.0,6.5,1.75],"tintindex":0,"rotation":0,"texture":"#2"},"up":{"uv":[0.0,0.0,6.5,1.75],"tintindex":0,"rotation":270,"texture":"#2"},"down":{"uv":[0.0,0.0,6.5,1.75],"tintindex":0,"rotation":270,"texture":"#2"}}},{"from":[8.195363,7.492012,7.596369],"to":[10.223908,9.706284,9.624914],"faces":{"east":{"uv":[0.0,0.0,6.5,1.75],"tintindex":0,"rotation":270,"texture":"#2"},"south":{"uv":[0.0,0.0,6.5,1.75],"tintindex":0,"rotation":270,"texture":"#2"},"north":{"uv":[0.0,0.0,6.5,1.75],"tintindex":0,"rotation":270,"texture":"#2"},"west":{"uv":[0.0,0.0,6.5,1.75],"tintindex":0,"rotation":270,"texture":"#2"},"up":{"uv":[0.0,0.0,6.5,1.75],"tintindex":0,"rotation":270,"texture":"#2"},"down":{"uv":[0.0,0.0,6.5,1.75],"tintindex":0,"rotation":270,"texture":"#2"}}},{"from":[13.494813,7.137047,7.850114],"to":[20.382671,9.351326,9.041866],"faces":{"east":{"uv":[0.0,0.0,6.5,1.75],"tintindex":0,"rotation":180,"texture":"#2"},"south":{"uv":[0.0,0.0,6.5,1.75],"tintindex":0,"rotation":270,"texture":"#2"},"north":{"uv":[0.0,0.0,6.5,1.75],"tintindex":0,"rotation":90,"texture":"#2"},"west":{"uv":[0.0,0.0,6.5,1.75],"tintindex":0,"rotation":0,"texture":"#2"},"up":{"uv":[0.0,0.0,6.5,1.75],"tintindex":0,"rotation":270,"texture":"#2"},"down":{"uv":[0.0,0.0,6.5,1.75],"tintindex":0,"rotation":270,"texture":"#2"}}},{"from":[10.223908,7.492012,9.495153],"to":[12.252454,9.706284,12.667732],"faces":{"east":{"uv":[0.0,0.0,6.5,1.75],"tintindex":0,"rotation":180,"texture":"#2"},"south":{"uv":[0.0,0.0,6.5,1.75],"tintindex":0,"rotation":270,"texture":"#2"},"north":{"uv":[0.0,0.0,6.5,1.75],"tintindex":0,"rotation":90,"texture":"#2"},"west":{"uv":[0.0,0.0,6.5,1.75],"tintindex":0,"rotation":0,"texture":"#2"},"up":{"uv":[0.0,0.0,6.5,1.75],"tintindex":0,"rotation":270,"texture":"#2"},"down":{"uv":[0.0,0.0,6.5,1.75],"tintindex":0,"rotation":270,"texture":"#2"}}},{"from":[8.195363,6.220749,3.539278],"to":[10.223908,9.706284,4.5535507],"faces":{"east":{"uv":[0.0,0.0,6.5,1.75],"tintindex":0,"rotation":270,"texture":"#2"},"south":{"uv":[0.0,0.0,6.5,1.75],"tintindex":0,"rotation":270,"texture":"#2"},"north":{"uv":[0.0,0.0,6.5,1.75],"tintindex":0,"rotation":270,"texture":"#2"},"west":{"uv":[0.0,0.0,6.5,1.75],"tintindex":0,"rotation":270,"texture":"#2"},"up":{"uv":[0.0,0.0,6.5,1.75],"tintindex":0,"rotation":270,"texture":"#2"},"down":{"uv":[0.0,0.0,6.5,1.75],"tintindex":0,"rotation":270,"texture":"#2"}}}],"display":{"gui":{"rotation":[30,225,0]}}}