{"textures":{"4":"modelengine:entity/texture"},"elements":[{"from":[1.362987,-4.6261206,8.289774],"to":[14.262987,1.8238792,8.289774],"faces":{"south":{"uv":[9.25,3.25,15.6875,6.5],"tintindex":0,"rotation":0,"texture":"#4"},"north":{"uv":[9.25,0.0,15.6875,3.25],"tintindex":0,"rotation":0,"texture":"#4"}}},{"from":[1.362987,1.7238798,8.289774],"to":[14.262987,6.023879,8.289774],"faces":{"south":{"uv":[7.375,9.5,8.8125,11.625],"tintindex":0,"rotation":0,"texture":"#4"},"north":{"uv":[9.25,11.5,15.6875,13.625],"tintindex":0,"rotation":0,"texture":"#4"}}}],"display":{"gui":{"rotation":[30,225,0]}}}