{"textures":{"2":"modelengine:entity/1texture"},"elements":[{"from":[6.1016164,8.138691,4.2967014],"to":[7.166433,8.671104,5.814653],"faces":{"east":{"uv":[10.125,5.375,11.0,5.5],"tintindex":0,"rotation":0,"texture":"#2"},"south":{"uv":[10.125,5.375,11.0,5.5],"tintindex":0,"rotation":0,"texture":"#2"},"north":{"uv":[10.125,5.375,11.0,5.5],"tintindex":0,"rotation":0,"texture":"#2"},"west":{"uv":[10.125,5.375,11.0,5.5],"tintindex":0,"rotation":0,"texture":"#2"},"up":{"uv":[10.125,5.375,11.0,5.5],"tintindex":0,"rotation":0,"texture":"#2"},"down":{"uv":[10.125,5.375,11.0,5.5],"tintindex":0,"rotation":0,"texture":"#2"}}},{"from":[4.2381816,10.002125,4.2967014],"to":[4.770594,11.06694,5.814653],"faces":{"east":{"uv":[10.125,5.375,11.0,5.5],"tintindex":0,"rotation":0,"texture":"#2"},"south":{"uv":[10.125,5.375,11.0,5.5],"tintindex":0,"rotation":0,"texture":"#2"},"north":{"uv":[10.125,5.375,11.0,5.5],"tintindex":0,"rotation":0,"texture":"#2"},"west":{"uv":[10.125,5.375,11.0,5.5],"tintindex":0,"rotation":0,"texture":"#2"},"up":{"uv":[10.125,5.375,11.0,5.5],"tintindex":0,"rotation":0,"texture":"#2"},"down":{"uv":[10.125,5.375,11.0,5.5],"tintindex":0,"rotation":0,"texture":"#2"}},"rotation":{"origin":[6.6340203,10.534531,4.0304956],"angle":45.0,"axis":"z"}},{"from":[8.497455,10.002125,4.2967014],"to":[9.029867,11.06694,5.814653],"faces":{"east":{"uv":[10.125,5.375,11.0,5.5],"tintindex":0,"rotation":0,"texture":"#2"},"south":{"uv":[10.125,5.375,11.0,5.5],"tintindex":0,"rotation":0,"texture":"#2"},"north":{"uv":[10.125,5.375,11.0,5.5],"tintindex":0,"rotation":0,"texture":"#2"},"west":{"uv":[10.125,5.375,11.0,5.5],"tintindex":0,"rotation":0,"texture":"#2"},"up":{"uv":[10.125,5.375,11.0,5.5],"tintindex":0,"rotation":0,"texture":"#2"},"down":{"uv":[10.125,5.375,11.0,5.5],"tintindex":0,"rotation":0,"texture":"#2"}}},{"from":[6.1016164,12.3979645,4.2967014],"to":[7.166433,12.930374,5.814653],"faces":{"east":{"uv":[10.125,5.375,11.0,5.5],"tintindex":0,"rotation":0,"texture":"#2"},"south":{"uv":[10.125,5.375,11.0,5.5],"tintindex":0,"rotation":0,"texture":"#2"},"north":{"uv":[10.125,5.375,11.0,5.5],"tintindex":0,"rotation":0,"texture":"#2"},"west":{"uv":[10.125,5.375,11.0,5.5],"tintindex":0,"rotation":0,"texture":"#2"},"up":{"uv":[10.125,5.375,11.0,5.5],"tintindex":0,"rotation":0,"texture":"#2"},"down":{"uv":[10.125,5.375,11.0,5.5],"tintindex":0,"rotation":0,"texture":"#2"}}},{"from":[6.1016164,12.3979645,4.2967014],"to":[7.166433,12.930374,5.814653],"faces":{"east":{"uv":[10.125,5.375,11.0,5.5],"tintindex":0,"rotation":0,"texture":"#2"},"south":{"uv":[10.125,5.375,11.0,5.5],"tintindex":0,"rotation":0,"texture":"#2"},"north":{"uv":[10.125,5.375,11.0,5.5],"tintindex":0,"rotation":0,"texture":"#2"},"west":{"uv":[10.125,5.375,11.0,5.5],"tintindex":0,"rotation":0,"texture":"#2"},"up":{"uv":[10.125,5.375,11.0,5.5],"tintindex":0,"rotation":0,"texture":"#2"},"down":{"uv":[10.125,5.375,11.0,5.5],"tintindex":0,"rotation":0,"texture":"#2"}},"rotation":{"origin":[6.6340203,10.534531,4.0304956],"angle":22.5,"axis":"z"}},{"from":[8.497455,10.002125,4.2967014],"to":[9.029867,11.06694,5.814653],"faces":{"east":{"uv":[10.125,5.375,11.0,5.5],"tintindex":0,"rotation":0,"texture":"#2"},"south":{"uv":[10.125,5.375,11.0,5.5],"tintindex":0,"rotation":0,"texture":"#2"},"north":{"uv":[10.125,5.375,11.0,5.5],"tintindex":0,"rotation":0,"texture":"#2"},"west":{"uv":[10.125,5.375,11.0,5.5],"tintindex":0,"rotation":0,"texture":"#2"},"up":{"uv":[10.125,5.375,11.0,5.5],"tintindex":0,"rotation":0,"texture":"#2"},"down":{"uv":[10.125,5.375,11.0,5.5],"tintindex":0,"rotation":0,"texture":"#2"}},"rotation":{"origin":[6.6340203,10.534531,4.0304956],"angle":22.5,"axis":"z"}},{"from":[8.497455,10.002125,4.2967014],"to":[9.029867,11.06694,5.814653],"faces":{"east":{"uv":[10.125,5.375,11.0,5.5],"tintindex":0,"rotation":0,"texture":"#2"},"south":{"uv":[10.125,5.375,11.0,5.5],"tintindex":0,"rotation":0,"texture":"#2"},"north":{"uv":[10.125,5.375,11.0,5.5],"tintindex":0,"rotation":0,"texture":"#2"},"west":{"uv":[10.125,5.375,11.0,5.5],"tintindex":0,"rotation":0,"texture":"#2"},"up":{"uv":[10.125,5.375,11.0,5.5],"tintindex":0,"rotation":0,"texture":"#2"},"down":{"uv":[10.125,5.375,11.0,5.5],"tintindex":0,"rotation":0,"texture":"#2"}},"rotation":{"origin":[6.6340203,10.534531,4.0304956],"angle":-45.0,"axis":"z"}},{"from":[4.2381816,10.002125,4.2967014],"to":[4.770594,11.06694,5.814653],"faces":{"east":{"uv":[10.125,5.375,11.0,5.5],"tintindex":0,"rotation":0,"texture":"#2"},"south":{"uv":[10.125,5.375,11.0,5.5],"tintindex":0,"rotation":0,"texture":"#2"},"north":{"uv":[10.125,5.375,11.0,5.5],"tintindex":0,"rotation":0,"texture":"#2"},"west":{"uv":[10.125,5.375,11.0,5.5],"tintindex":0,"rotation":0,"texture":"#2"},"up":{"uv":[10.125,5.375,11.0,5.5],"tintindex":0,"rotation":0,"texture":"#2"},"down":{"uv":[10.125,5.375,11.0,5.5],"tintindex":0,"rotation":0,"texture":"#2"}}},{"from":[6.1016164,12.3979645,4.2967014],"to":[7.166433,12.930374,5.814653],"faces":{"east":{"uv":[10.125,5.375,11.0,5.5],"tintindex":0,"rotation":0,"texture":"#2"},"south":{"uv":[10.125,5.375,11.0,5.5],"tintindex":0,"rotation":0,"texture":"#2"},"north":{"uv":[10.125,5.375,11.0,5.5],"tintindex":0,"rotation":0,"texture":"#2"},"west":{"uv":[10.125,5.375,11.0,5.5],"tintindex":0,"rotation":0,"texture":"#2"},"up":{"uv":[10.125,5.375,11.0,5.5],"tintindex":0,"rotation":0,"texture":"#2"},"down":{"uv":[10.125,5.375,11.0,5.5],"tintindex":0,"rotation":0,"texture":"#2"}},"rotation":{"origin":[6.6340203,10.534531,4.0304956],"angle":45.0,"axis":"z"}},{"from":[6.1016164,8.138691,4.2967014],"to":[7.166433,8.671104,5.814653],"faces":{"east":{"uv":[10.125,5.375,11.0,5.5],"tintindex":0,"rotation":0,"texture":"#2"},"south":{"uv":[10.125,5.375,11.0,5.5],"tintindex":0,"rotation":0,"texture":"#2"},"north":{"uv":[10.125,5.375,11.0,5.5],"tintindex":0,"rotation":0,"texture":"#2"},"west":{"uv":[10.125,5.375,11.0,5.5],"tintindex":0,"rotation":0,"texture":"#2"},"up":{"uv":[10.125,5.375,11.0,5.5],"tintindex":0,"rotation":0,"texture":"#2"},"down":{"uv":[10.125,5.375,11.0,5.5],"tintindex":0,"rotation":0,"texture":"#2"}},"rotation":{"origin":[6.6340203,10.534531,4.0304956],"angle":22.5,"axis":"z"}},{"from":[6.1016164,12.3979645,4.2967014],"to":[7.166433,12.930374,5.814653],"faces":{"east":{"uv":[10.125,5.375,11.0,5.5],"tintindex":0,"rotation":0,"texture":"#2"},"south":{"uv":[10.125,5.375,11.0,5.5],"tintindex":0,"rotation":0,"texture":"#2"},"north":{"uv":[10.125,5.375,11.0,5.5],"tintindex":0,"rotation":0,"texture":"#2"},"west":{"uv":[10.125,5.375,11.0,5.5],"tintindex":0,"rotation":0,"texture":"#2"},"up":{"uv":[10.125,5.375,11.0,5.5],"tintindex":0,"rotation":0,"texture":"#2"},"down":{"uv":[10.125,5.375,11.0,5.5],"tintindex":0,"rotation":0,"texture":"#2"}},"rotation":{"origin":[6.6340203,10.534531,4.0304956],"angle":-22.5,"axis":"z"}},{"from":[8.497455,10.002125,4.2967014],"to":[9.029867,11.06694,5.814653],"faces":{"east":{"uv":[10.125,5.375,11.0,5.5],"tintindex":0,"rotation":0,"texture":"#2"},"south":{"uv":[10.125,5.375,11.0,5.5],"tintindex":0,"rotation":0,"texture":"#2"},"north":{"uv":[10.125,5.375,11.0,5.5],"tintindex":0,"rotation":0,"texture":"#2"},"west":{"uv":[10.125,5.375,11.0,5.5],"tintindex":0,"rotation":0,"texture":"#2"},"up":{"uv":[10.125,5.375,11.0,5.5],"tintindex":0,"rotation":0,"texture":"#2"},"down":{"uv":[10.125,5.375,11.0,5.5],"tintindex":0,"rotation":0,"texture":"#2"}},"rotation":{"origin":[6.6340203,10.534531,4.0304956],"angle":45.0,"axis":"z"}},{"from":[6.1016164,8.138691,4.2967014],"to":[7.166433,8.671104,5.814653],"faces":{"east":{"uv":[10.125,5.375,11.0,5.5],"tintindex":0,"rotation":0,"texture":"#2"},"south":{"uv":[10.125,5.375,11.0,5.5],"tintindex":0,"rotation":0,"texture":"#2"},"north":{"uv":[10.125,5.375,11.0,5.5],"tintindex":0,"rotation":0,"texture":"#2"},"west":{"uv":[10.125,5.375,11.0,5.5],"tintindex":0,"rotation":0,"texture":"#2"},"up":{"uv":[10.125,5.375,11.0,5.5],"tintindex":0,"rotation":0,"texture":"#2"},"down":{"uv":[10.125,5.375,11.0,5.5],"tintindex":0,"rotation":0,"texture":"#2"}},"rotation":{"origin":[6.6340203,10.534531,4.0304956],"angle":-22.5,"axis":"z"}},{"from":[8.497455,10.002125,4.2967014],"to":[9.029867,11.06694,5.814653],"faces":{"east":{"uv":[10.125,5.375,11.0,5.5],"tintindex":0,"rotation":0,"texture":"#2"},"south":{"uv":[10.125,5.375,11.0,5.5],"tintindex":0,"rotation":0,"texture":"#2"},"north":{"uv":[10.125,5.375,11.0,5.5],"tintindex":0,"rotation":0,"texture":"#2"},"west":{"uv":[10.125,5.375,11.0,5.5],"tintindex":0,"rotation":0,"texture":"#2"},"up":{"uv":[10.125,5.375,11.0,5.5],"tintindex":0,"rotation":0,"texture":"#2"},"down":{"uv":[10.125,5.375,11.0,5.5],"tintindex":0,"rotation":0,"texture":"#2"}},"rotation":{"origin":[6.6340203,10.534531,4.0304956],"angle":-22.5,"axis":"z"}},{"from":[4.2381816,10.002125,4.2967014],"to":[4.770594,11.06694,5.814653],"faces":{"east":{"uv":[10.125,5.375,11.0,5.5],"tintindex":0,"rotation":0,"texture":"#2"},"south":{"uv":[10.125,5.375,11.0,5.5],"tintindex":0,"rotation":0,"texture":"#2"},"north":{"uv":[10.125,5.375,11.0,5.5],"tintindex":0,"rotation":0,"texture":"#2"},"west":{"uv":[10.125,5.375,11.0,5.5],"tintindex":0,"rotation":0,"texture":"#2"},"up":{"uv":[10.125,5.375,11.0,5.5],"tintindex":0,"rotation":0,"texture":"#2"},"down":{"uv":[10.125,5.375,11.0,5.5],"tintindex":0,"rotation":0,"texture":"#2"}},"rotation":{"origin":[6.6340203,10.534531,4.0304956],"angle":22.5,"axis":"z"}},{"from":[4.2381816,10.002125,4.2967014],"to":[4.770594,11.06694,5.814653],"faces":{"east":{"uv":[10.125,5.375,11.0,5.5],"tintindex":0,"rotation":0,"texture":"#2"},"south":{"uv":[10.125,5.375,11.0,5.5],"tintindex":0,"rotation":0,"texture":"#2"},"north":{"uv":[10.125,5.375,11.0,5.5],"tintindex":0,"rotation":0,"texture":"#2"},"west":{"uv":[10.125,5.375,11.0,5.5],"tintindex":0,"rotation":0,"texture":"#2"},"up":{"uv":[10.125,5.375,11.0,5.5],"tintindex":0,"rotation":0,"texture":"#2"},"down":{"uv":[10.125,5.375,11.0,5.5],"tintindex":0,"rotation":0,"texture":"#2"}},"rotation":{"origin":[6.6340203,10.534531,4.0304956],"angle":-22.5,"axis":"z"}}],"display":{"gui":{"rotation":[30,225,0]}}}