{"textures":{"2":"modelengine:entity/1texture"},"elements":[{"from":[1.7916164,11.138691,-12.703299],"to":[2.856433,11.671104,-11.185347],"faces":{"east":{"uv":[10.125,5.375,11.0,5.5],"tintindex":0,"rotation":0,"texture":"#2"},"south":{"uv":[10.125,5.375,11.0,5.5],"tintindex":0,"rotation":0,"texture":"#2"},"north":{"uv":[10.125,5.375,11.0,5.5],"tintindex":0,"rotation":0,"texture":"#2"},"west":{"uv":[10.125,5.375,11.0,5.5],"tintindex":0,"rotation":0,"texture":"#2"},"up":{"uv":[10.125,5.375,11.0,5.5],"tintindex":0,"rotation":0,"texture":"#2"},"down":{"uv":[10.125,5.375,11.0,5.5],"tintindex":0,"rotation":0,"texture":"#2"}},"rotation":{"origin":[2.3240204,13.534531,-12.969505],"angle":22.5,"axis":"z"}},{"from":[4.187455,13.002125,-12.703299],"to":[4.7198677,14.06694,-11.185347],"faces":{"east":{"uv":[10.125,5.375,11.0,5.5],"tintindex":0,"rotation":0,"texture":"#2"},"south":{"uv":[10.125,5.375,11.0,5.5],"tintindex":0,"rotation":0,"texture":"#2"},"north":{"uv":[10.125,5.375,11.0,5.5],"tintindex":0,"rotation":0,"texture":"#2"},"west":{"uv":[10.125,5.375,11.0,5.5],"tintindex":0,"rotation":0,"texture":"#2"},"up":{"uv":[10.125,5.375,11.0,5.5],"tintindex":0,"rotation":0,"texture":"#2"},"down":{"uv":[10.125,5.375,11.0,5.5],"tintindex":0,"rotation":0,"texture":"#2"}},"rotation":{"origin":[2.3240204,13.534531,-12.969505],"angle":-22.5,"axis":"z"}},{"from":[-0.0718174,13.002125,-12.703299],"to":[0.46059418,14.06694,-11.185347],"faces":{"east":{"uv":[10.125,5.375,11.0,5.5],"tintindex":0,"rotation":0,"texture":"#2"},"south":{"uv":[10.125,5.375,11.0,5.5],"tintindex":0,"rotation":0,"texture":"#2"},"north":{"uv":[10.125,5.375,11.0,5.5],"tintindex":0,"rotation":0,"texture":"#2"},"west":{"uv":[10.125,5.375,11.0,5.5],"tintindex":0,"rotation":0,"texture":"#2"},"up":{"uv":[10.125,5.375,11.0,5.5],"tintindex":0,"rotation":0,"texture":"#2"},"down":{"uv":[10.125,5.375,11.0,5.5],"tintindex":0,"rotation":0,"texture":"#2"}},"rotation":{"origin":[2.3240204,13.534531,-12.969505],"angle":22.5,"axis":"z"}},{"from":[1.7916164,15.3979645,-12.703299],"to":[2.856433,15.930374,-11.185347],"faces":{"east":{"uv":[10.125,5.375,11.0,5.5],"tintindex":0,"rotation":0,"texture":"#2"},"south":{"uv":[10.125,5.375,11.0,5.5],"tintindex":0,"rotation":0,"texture":"#2"},"north":{"uv":[10.125,5.375,11.0,5.5],"tintindex":0,"rotation":0,"texture":"#2"},"west":{"uv":[10.125,5.375,11.0,5.5],"tintindex":0,"rotation":0,"texture":"#2"},"up":{"uv":[10.125,5.375,11.0,5.5],"tintindex":0,"rotation":0,"texture":"#2"},"down":{"uv":[10.125,5.375,11.0,5.5],"tintindex":0,"rotation":0,"texture":"#2"}}},{"from":[1.7916164,11.138691,-12.703299],"to":[2.856433,11.671104,-11.185347],"faces":{"east":{"uv":[10.125,5.375,11.0,5.5],"tintindex":0,"rotation":0,"texture":"#2"},"south":{"uv":[10.125,5.375,11.0,5.5],"tintindex":0,"rotation":0,"texture":"#2"},"north":{"uv":[10.125,5.375,11.0,5.5],"tintindex":0,"rotation":0,"texture":"#2"},"west":{"uv":[10.125,5.375,11.0,5.5],"tintindex":0,"rotation":0,"texture":"#2"},"up":{"uv":[10.125,5.375,11.0,5.5],"tintindex":0,"rotation":0,"texture":"#2"},"down":{"uv":[10.125,5.375,11.0,5.5],"tintindex":0,"rotation":0,"texture":"#2"}}},{"from":[-0.0718174,13.002125,-12.703299],"to":[0.46059418,14.06694,-11.185347],"faces":{"east":{"uv":[10.125,5.375,11.0,5.5],"tintindex":0,"rotation":0,"texture":"#2"},"south":{"uv":[10.125,5.375,11.0,5.5],"tintindex":0,"rotation":0,"texture":"#2"},"north":{"uv":[10.125,5.375,11.0,5.5],"tintindex":0,"rotation":0,"texture":"#2"},"west":{"uv":[10.125,5.375,11.0,5.5],"tintindex":0,"rotation":0,"texture":"#2"},"up":{"uv":[10.125,5.375,11.0,5.5],"tintindex":0,"rotation":0,"texture":"#2"},"down":{"uv":[10.125,5.375,11.0,5.5],"tintindex":0,"rotation":0,"texture":"#2"}}},{"from":[-0.0718174,13.002125,-12.703299],"to":[0.46059418,14.06694,-11.185347],"faces":{"east":{"uv":[10.125,5.375,11.0,5.5],"tintindex":0,"rotation":0,"texture":"#2"},"south":{"uv":[10.125,5.375,11.0,5.5],"tintindex":0,"rotation":0,"texture":"#2"},"north":{"uv":[10.125,5.375,11.0,5.5],"tintindex":0,"rotation":0,"texture":"#2"},"west":{"uv":[10.125,5.375,11.0,5.5],"tintindex":0,"rotation":0,"texture":"#2"},"up":{"uv":[10.125,5.375,11.0,5.5],"tintindex":0,"rotation":0,"texture":"#2"},"down":{"uv":[10.125,5.375,11.0,5.5],"tintindex":0,"rotation":0,"texture":"#2"}},"rotation":{"origin":[2.3240204,13.534531,-12.969505],"angle":45.0,"axis":"z"}},{"from":[1.7916164,11.138691,-12.703299],"to":[2.856433,11.671104,-11.185347],"faces":{"east":{"uv":[10.125,5.375,11.0,5.5],"tintindex":0,"rotation":0,"texture":"#2"},"south":{"uv":[10.125,5.375,11.0,5.5],"tintindex":0,"rotation":0,"texture":"#2"},"north":{"uv":[10.125,5.375,11.0,5.5],"tintindex":0,"rotation":0,"texture":"#2"},"west":{"uv":[10.125,5.375,11.0,5.5],"tintindex":0,"rotation":0,"texture":"#2"},"up":{"uv":[10.125,5.375,11.0,5.5],"tintindex":0,"rotation":0,"texture":"#2"},"down":{"uv":[10.125,5.375,11.0,5.5],"tintindex":0,"rotation":0,"texture":"#2"}},"rotation":{"origin":[2.3240204,13.534531,-12.969505],"angle":-22.5,"axis":"z"}},{"from":[4.187455,13.002125,-12.703299],"to":[4.7198677,14.06694,-11.185347],"faces":{"east":{"uv":[10.125,5.375,11.0,5.5],"tintindex":0,"rotation":0,"texture":"#2"},"south":{"uv":[10.125,5.375,11.0,5.5],"tintindex":0,"rotation":0,"texture":"#2"},"north":{"uv":[10.125,5.375,11.0,5.5],"tintindex":0,"rotation":0,"texture":"#2"},"west":{"uv":[10.125,5.375,11.0,5.5],"tintindex":0,"rotation":0,"texture":"#2"},"up":{"uv":[10.125,5.375,11.0,5.5],"tintindex":0,"rotation":0,"texture":"#2"},"down":{"uv":[10.125,5.375,11.0,5.5],"tintindex":0,"rotation":0,"texture":"#2"}},"rotation":{"origin":[2.3240204,13.534531,-12.969505],"angle":22.5,"axis":"z"}},{"from":[4.187455,13.002125,-12.703299],"to":[4.7198677,14.06694,-11.185347],"faces":{"east":{"uv":[10.125,5.375,11.0,5.5],"tintindex":0,"rotation":0,"texture":"#2"},"south":{"uv":[10.125,5.375,11.0,5.5],"tintindex":0,"rotation":0,"texture":"#2"},"north":{"uv":[10.125,5.375,11.0,5.5],"tintindex":0,"rotation":0,"texture":"#2"},"west":{"uv":[10.125,5.375,11.0,5.5],"tintindex":0,"rotation":0,"texture":"#2"},"up":{"uv":[10.125,5.375,11.0,5.5],"tintindex":0,"rotation":0,"texture":"#2"},"down":{"uv":[10.125,5.375,11.0,5.5],"tintindex":0,"rotation":0,"texture":"#2"}},"rotation":{"origin":[2.3240204,13.534531,-12.969505],"angle":45.0,"axis":"z"}},{"from":[-0.0718174,13.002125,-12.703299],"to":[0.46059418,14.06694,-11.185347],"faces":{"east":{"uv":[10.125,5.375,11.0,5.5],"tintindex":0,"rotation":0,"texture":"#2"},"south":{"uv":[10.125,5.375,11.0,5.5],"tintindex":0,"rotation":0,"texture":"#2"},"north":{"uv":[10.125,5.375,11.0,5.5],"tintindex":0,"rotation":0,"texture":"#2"},"west":{"uv":[10.125,5.375,11.0,5.5],"tintindex":0,"rotation":0,"texture":"#2"},"up":{"uv":[10.125,5.375,11.0,5.5],"tintindex":0,"rotation":0,"texture":"#2"},"down":{"uv":[10.125,5.375,11.0,5.5],"tintindex":0,"rotation":0,"texture":"#2"}},"rotation":{"origin":[2.3240204,13.534531,-12.969505],"angle":-22.5,"axis":"z"}},{"from":[4.187455,13.002125,-12.703299],"to":[4.7198677,14.06694,-11.185347],"faces":{"east":{"uv":[10.125,5.375,11.0,5.5],"tintindex":0,"rotation":0,"texture":"#2"},"south":{"uv":[10.125,5.375,11.0,5.5],"tintindex":0,"rotation":0,"texture":"#2"},"north":{"uv":[10.125,5.375,11.0,5.5],"tintindex":0,"rotation":0,"texture":"#2"},"west":{"uv":[10.125,5.375,11.0,5.5],"tintindex":0,"rotation":0,"texture":"#2"},"up":{"uv":[10.125,5.375,11.0,5.5],"tintindex":0,"rotation":0,"texture":"#2"},"down":{"uv":[10.125,5.375,11.0,5.5],"tintindex":0,"rotation":0,"texture":"#2"}},"rotation":{"origin":[2.3240204,13.534531,-12.969505],"angle":-45.0,"axis":"z"}},{"from":[4.187455,13.002125,-12.703299],"to":[4.7198677,14.06694,-11.185347],"faces":{"east":{"uv":[10.125,5.375,11.0,5.5],"tintindex":0,"rotation":0,"texture":"#2"},"south":{"uv":[10.125,5.375,11.0,5.5],"tintindex":0,"rotation":0,"texture":"#2"},"north":{"uv":[10.125,5.375,11.0,5.5],"tintindex":0,"rotation":0,"texture":"#2"},"west":{"uv":[10.125,5.375,11.0,5.5],"tintindex":0,"rotation":0,"texture":"#2"},"up":{"uv":[10.125,5.375,11.0,5.5],"tintindex":0,"rotation":0,"texture":"#2"},"down":{"uv":[10.125,5.375,11.0,5.5],"tintindex":0,"rotation":0,"texture":"#2"}}},{"from":[1.7916164,15.3979645,-12.703299],"to":[2.856433,15.930374,-11.185347],"faces":{"east":{"uv":[10.125,5.375,11.0,5.5],"tintindex":0,"rotation":0,"texture":"#2"},"south":{"uv":[10.125,5.375,11.0,5.5],"tintindex":0,"rotation":0,"texture":"#2"},"north":{"uv":[10.125,5.375,11.0,5.5],"tintindex":0,"rotation":0,"texture":"#2"},"west":{"uv":[10.125,5.375,11.0,5.5],"tintindex":0,"rotation":0,"texture":"#2"},"up":{"uv":[10.125,5.375,11.0,5.5],"tintindex":0,"rotation":0,"texture":"#2"},"down":{"uv":[10.125,5.375,11.0,5.5],"tintindex":0,"rotation":0,"texture":"#2"}},"rotation":{"origin":[2.3240204,13.534531,-12.969505],"angle":22.5,"axis":"z"}},{"from":[1.7916164,15.3979645,-12.703299],"to":[2.856433,15.930374,-11.185347],"faces":{"east":{"uv":[10.125,5.375,11.0,5.5],"tintindex":0,"rotation":0,"texture":"#2"},"south":{"uv":[10.125,5.375,11.0,5.5],"tintindex":0,"rotation":0,"texture":"#2"},"north":{"uv":[10.125,5.375,11.0,5.5],"tintindex":0,"rotation":0,"texture":"#2"},"west":{"uv":[10.125,5.375,11.0,5.5],"tintindex":0,"rotation":0,"texture":"#2"},"up":{"uv":[10.125,5.375,11.0,5.5],"tintindex":0,"rotation":0,"texture":"#2"},"down":{"uv":[10.125,5.375,11.0,5.5],"tintindex":0,"rotation":0,"texture":"#2"}},"rotation":{"origin":[2.3240204,13.534531,-12.969505],"angle":-22.5,"axis":"z"}},{"from":[1.7916164,15.3979645,-12.703299],"to":[2.856433,15.930374,-11.185347],"faces":{"east":{"uv":[10.125,5.375,11.0,5.5],"tintindex":0,"rotation":0,"texture":"#2"},"south":{"uv":[10.125,5.375,11.0,5.5],"tintindex":0,"rotation":0,"texture":"#2"},"north":{"uv":[10.125,5.375,11.0,5.5],"tintindex":0,"rotation":0,"texture":"#2"},"west":{"uv":[10.125,5.375,11.0,5.5],"tintindex":0,"rotation":0,"texture":"#2"},"up":{"uv":[10.125,5.375,11.0,5.5],"tintindex":0,"rotation":0,"texture":"#2"},"down":{"uv":[10.125,5.375,11.0,5.5],"tintindex":0,"rotation":0,"texture":"#2"}},"rotation":{"origin":[2.3240204,13.534531,-12.969505],"angle":45.0,"axis":"z"}}],"display":{"gui":{"rotation":[30,225,0]}}}