{"textures":{"1":"modelengine:entity/artas"},"elements":[{"from":[7.3973475,6.271675,2.6836853],"to":[9.0005455,8.101173,20.641626],"faces":{"east":{"uv":[2.0,4.0,2.5,7.5],"tintindex":0,"rotation":90,"texture":"#1"},"south":{"uv":[10.0,9.5,9.5,10.0],"tintindex":0,"rotation":270,"texture":"#1"},"north":{"uv":[9.5,10.0,9.0,9.5],"tintindex":0,"rotation":270,"texture":"#1"},"west":{"uv":[2.0,4.0,2.5,7.5],"tintindex":0,"rotation":270,"texture":"#1"},"up":{"uv":[2.0,4.0,2.5,7.5],"tintindex":0,"rotation":0,"texture":"#1"},"down":{"uv":[2.0,4.0,2.5,7.5],"tintindex":0,"rotation":180,"texture":"#1"}}},{"from":[7.3973475,10.099918,1.7041864],"to":[9.0005455,11.079416,2.6836853],"faces":{"east":{"uv":[8.5,10.0,9.03125,10.5],"tintindex":0,"rotation":90,"texture":"#1"},"south":{"uv":[10.5,4.0,10.0,4.5],"tintindex":0,"rotation":270,"texture":"#1"},"north":{"uv":[10.5,4.0,10.0,3.5],"tintindex":0,"rotation":270,"texture":"#1"},"west":{"uv":[9.03125,10.03125,8.5,10.53125],"tintindex":0,"rotation":270,"texture":"#1"},"up":{"uv":[10.0,8.5,10.5,8.9375],"tintindex":0,"rotation":0,"texture":"#1"},"down":{"uv":[10.0,3.0,10.5,3.5],"tintindex":0,"rotation":180,"texture":"#1"}}},{"from":[7.642222,4.163665,0.9681797],"to":[8.706696,4.506489,1.9476776],"faces":{"east":{"uv":[12.0,11.5,12.1875,12.0],"tintindex":0,"rotation":90,"texture":"#1"},"south":{"uv":[7.1875,13.5,7.0,13.71875],"tintindex":0,"rotation":270,"texture":"#1"},"north":{"uv":[13.6875,6.71875,13.5,6.5],"tintindex":0,"rotation":270,"texture":"#1"},"west":{"uv":[12.0,12.0,12.1875,12.5],"tintindex":0,"rotation":270,"texture":"#1"},"up":{"uv":[12.0,9.5,12.21875,10.0],"tintindex":0,"rotation":0,"texture":"#1"},"down":{"uv":[10.0,12.0,10.21875,12.5],"tintindex":0,"rotation":180,"texture":"#1"}},"rotation":{"origin":[8.545185,4.3356876,1.4516792],"angle":22.5,"axis":"x"}},{"from":[7.3973475,3.2434301,1.7041864],"to":[9.0005455,4.222928,2.6836853],"faces":{"east":{"uv":[9.0,10.0,8.5,10.5],"tintindex":0,"rotation":90,"texture":"#1"},"south":{"uv":[10.5,9.0,10.0,9.5],"tintindex":0,"rotation":270,"texture":"#1"},"north":{"uv":[9.5,10.5,9.0,10.0],"tintindex":0,"rotation":270,"texture":"#1"},"west":{"uv":[8.5,10.0,9.0,10.5],"tintindex":0,"rotation":270,"texture":"#1"},"up":{"uv":[10.0,8.0,10.5,8.5],"tintindex":0,"rotation":0,"texture":"#1"},"down":{"uv":[10.0,8.5,10.5,9.0],"tintindex":0,"rotation":180,"texture":"#1"}}},{"from":[8.376846,6.181925,1.7041864],"to":[9.74542,8.140923,2.6836853],"faces":{"east":{"uv":[2.0,8.0,3.0,8.5],"tintindex":0,"rotation":90,"texture":"#1"},"south":{"uv":[10.5,11.5,9.5,11.625],"tintindex":0,"rotation":270,"texture":"#1"},"north":{"uv":[9.5,11.625,8.5,11.5],"tintindex":0,"rotation":270,"texture":"#1"},"west":{"uv":[8.0,7.5,9.0,8.0],"tintindex":0,"rotation":270,"texture":"#1"},"up":{"uv":[2.0,13.0,2.125,13.5],"tintindex":0,"rotation":0,"texture":"#1"},"down":{"uv":[13.0,2.0,13.125,2.5],"tintindex":0,"rotation":180,"texture":"#1"}}},{"from":[7.519785,10.983257,1.991435],"to":[8.878109,11.962755,2.33426],"faces":{"east":{"uv":[1.0,12.5,1.5,12.6875],"tintindex":0,"rotation":90,"texture":"#1"},"south":{"uv":[11.5,0.5,11.0,0.875],"tintindex":0,"rotation":270,"texture":"#1"},"north":{"uv":[1.0,11.375,0.5,11.0],"tintindex":0,"rotation":270,"texture":"#1"},"west":{"uv":[12.5,1.0,13.0,1.1875],"tintindex":0,"rotation":270,"texture":"#1"},"up":{"uv":[0.0,13.0,0.375,13.1875],"tintindex":0,"rotation":0,"texture":"#1"},"down":{"uv":[13.0,0.0,13.375,0.1875],"tintindex":0,"rotation":180,"texture":"#1"}},"rotation":{"origin":[8.045185,10.335688,2.1016788],"angle":22.5,"axis":"x"}},{"from":[7.519785,9.61017,1.8266239],"to":[8.878109,10.099918,2.5612478],"faces":{"east":{"uv":[4.5,12.5,4.75,12.875],"tintindex":0,"rotation":90,"texture":"#1"},"south":{"uv":[12.75,5.0,12.5,5.375],"tintindex":0,"rotation":270,"texture":"#1"},"north":{"uv":[5.25,12.875,5.0,12.5],"tintindex":0,"rotation":270,"texture":"#1"},"west":{"uv":[12.5,4.5,12.75,4.875],"tintindex":0,"rotation":270,"texture":"#1"},"up":{"uv":[10.0,11.0,10.375,11.375],"tintindex":0,"rotation":0,"texture":"#1"},"down":{"uv":[11.0,10.0,11.375,10.375],"tintindex":0,"rotation":180,"texture":"#1"}}},{"from":[7.519785,4.222928,1.8266239],"to":[8.878109,4.712678,2.5612478],"faces":{"east":{"uv":[2.0,12.5,2.25,12.875],"tintindex":0,"rotation":90,"texture":"#1"},"south":{"uv":[12.75,2.5,12.5,2.875],"tintindex":0,"rotation":270,"texture":"#1"},"north":{"uv":[2.75,12.875,2.5,12.5],"tintindex":0,"rotation":270,"texture":"#1"},"west":{"uv":[12.5,2.0,12.75,2.375],"tintindex":0,"rotation":270,"texture":"#1"},"up":{"uv":[8.5,11.0,8.875,11.375],"tintindex":0,"rotation":0,"texture":"#1"},"down":{"uv":[11.0,9.5,11.375,9.875],"tintindex":0,"rotation":180,"texture":"#1"}}},{"from":[7.2993975,6.12475,20.058395],"to":[9.14747,8.199123,21.037893],"faces":{"east":{"uv":[6.0,9.0,6.625,9.5],"tintindex":0,"rotation":90,"texture":"#1"},"south":{"uv":[9.125,2.0,8.5,2.625],"tintindex":0,"rotation":270,"texture":"#1"},"north":{"uv":[9.125,2.625,8.5,2.0],"tintindex":0,"rotation":270,"texture":"#1"},"west":{"uv":[6.0,9.0,6.625,9.5],"tintindex":0,"rotation":270,"texture":"#1"},"up":{"uv":[6.0,9.0,6.625,9.5],"tintindex":0,"rotation":0,"texture":"#1"},"down":{"uv":[6.0,9.0,6.625,9.5],"tintindex":0,"rotation":180,"texture":"#1"}}},{"from":[7.642222,10.232727,0.79062366],"to":[8.706696,10.575552,1.7701225],"faces":{"east":{"uv":[1.5,12.5,1.6875,13.0],"tintindex":0,"rotation":90,"texture":"#1"},"south":{"uv":[7.6875,13.5,7.5,13.71875],"tintindex":0,"rotation":270,"texture":"#1"},"north":{"uv":[13.6875,7.21875,13.5,7.0],"tintindex":0,"rotation":270,"texture":"#1"},"west":{"uv":[12.5,1.5,12.6875,2.0],"tintindex":0,"rotation":270,"texture":"#1"},"up":{"uv":[12.0,10.0,12.21875,10.5],"tintindex":0,"rotation":0,"texture":"#1"},"down":{"uv":[10.5,12.0,10.71875,12.5],"tintindex":0,"rotation":180,"texture":"#1"}},"rotation":{"origin":[8.045185,10.335688,2.1016788],"angle":-22.5,"axis":"x"}},{"from":[7.642222,5.202427,0.72468853],"to":[8.755671,9.12042,1.7041864],"faces":{"east":{"uv":[0.0,7.0,2.0,7.5],"tintindex":0,"rotation":90,"texture":"#1"},"south":{"uv":[9.5,8.0,7.5,8.25],"tintindex":0,"rotation":270,"texture":"#1"},"north":{"uv":[7.5,8.25,5.5,8.0],"tintindex":0,"rotation":270,"texture":"#1"},"west":{"uv":[5.0,7.0,7.0,7.5],"tintindex":0,"rotation":270,"texture":"#1"},"up":{"uv":[7.5,11.5,7.75,12.0],"tintindex":0,"rotation":0,"texture":"#1"},"down":{"uv":[11.5,7.5,11.75,8.0],"tintindex":0,"rotation":180,"texture":"#1"}}},{"from":[7.519785,2.4456148,2.372881],"to":[8.878109,3.4251127,2.7157059],"faces":{"east":{"uv":[3.0,12.5,3.5,12.6875],"tintindex":0,"rotation":90,"texture":"#1"},"south":{"uv":[11.5,1.5,11.0,1.875],"tintindex":0,"rotation":270,"texture":"#1"},"north":{"uv":[11.5,1.375,11.0,1.0],"tintindex":0,"rotation":270,"texture":"#1"},"west":{"uv":[12.5,3.0,13.0,3.1875],"tintindex":0,"rotation":270,"texture":"#1"},"up":{"uv":[0.5,13.0,0.875,13.1875],"tintindex":0,"rotation":0,"texture":"#1"},"down":{"uv":[13.0,0.5,13.375,0.6875],"tintindex":0,"rotation":180,"texture":"#1"}},"rotation":{"origin":[8.095184,3.0356874,2.401679],"angle":-22.5,"axis":"x"}},{"from":[7.3973475,4.712678,1.7041864],"to":[9.0005455,9.61017,2.6836853],"faces":{"east":{"uv":[6.0,2.5,8.5,3.0],"tintindex":0,"rotation":90,"texture":"#1"},"south":{"uv":[8.5,2.5,6.0,3.0],"tintindex":0,"rotation":270,"texture":"#1"},"north":{"uv":[8.5,3.0,6.0,2.5],"tintindex":0,"rotation":270,"texture":"#1"},"west":{"uv":[8.5,2.5,6.03125,3.0],"tintindex":0,"rotation":270,"texture":"#1"},"up":{"uv":[10.0,4.5,10.5,5.0],"tintindex":0,"rotation":0,"texture":"#1"},"down":{"uv":[5.0,10.0,5.5,10.5],"tintindex":0,"rotation":180,"texture":"#1"}}},{"from":[7.642222,6.516548,21.037893],"to":[8.755671,7.8562984,21.282768],"faces":{"east":{"uv":[13.5,7.5,13.75,7.625],"tintindex":0,"rotation":90,"texture":"#1"},"south":{"uv":[13.25,1.0,13.0,1.25],"tintindex":0,"rotation":270,"texture":"#1"},"north":{"uv":[1.25,13.25,1.0,13.0],"tintindex":0,"rotation":270,"texture":"#1"},"west":{"uv":[13.5,8.0,13.75,8.125],"tintindex":0,"rotation":270,"texture":"#1"},"up":{"uv":[8.0,13.5,8.25,13.625],"tintindex":0,"rotation":0,"texture":"#1"},"down":{"uv":[8.5,13.5,8.75,13.625],"tintindex":0,"rotation":180,"texture":"#1"}}}],"display":{"gui":{"rotation":[30,225,0]}}}