{"textures":{"1":"modelengine:entity/artas"},"elements":[{"from":[5.4317303,4.973221,9.087921],"to":[7.390727,6.4424706,10.06742],"faces":{"east":{"uv":[12.21875,14.4375,10.84375,16.0],"tintindex":0,"rotation":0,"texture":"#1"},"south":{"uv":[15.84375,14.4375,14.46875,16.0],"tintindex":0,"rotation":180,"texture":"#1"},"north":{"uv":[16.0,12.75,14.625,14.3125],"tintindex":0,"rotation":180,"texture":"#1"},"west":{"uv":[12.40625,14.34375,11.03125,15.90625],"tintindex":0,"rotation":180,"texture":"#1"},"up":{"uv":[15.84375,14.4375,14.46875,16.0],"tintindex":0,"rotation":270,"texture":"#1"},"down":{"uv":[13.9375,14.4375,12.5625,16.0],"tintindex":0,"rotation":90,"texture":"#1"}},"rotation":{"origin":[7.0832033,7.6642113,8.196192],"angle":22.5,"axis":"x"}},{"from":[4.318281,10.176006,6.6370354],"to":[5.29778,11.645252,9.575531],"faces":{"east":{"uv":[15.84375,14.4375,14.46875,16.0],"tintindex":0,"rotation":0,"texture":"#1"},"south":{"uv":[12.34375,14.4375,10.96875,16.0],"tintindex":0,"rotation":180,"texture":"#1"},"north":{"uv":[16.0,12.75,14.625,14.3125],"tintindex":0,"rotation":180,"texture":"#1"},"west":{"uv":[15.84375,14.4375,14.46875,16.0],"tintindex":0,"rotation":180,"texture":"#1"},"up":{"uv":[15.84375,14.4375,14.46875,16.0],"tintindex":0,"rotation":270,"texture":"#1"},"down":{"uv":[13.9375,14.4375,12.5625,16.0],"tintindex":0,"rotation":90,"texture":"#1"}},"rotation":{"origin":[7.0832033,7.6642113,8.196192],"angle":-22.5,"axis":"x"}},{"from":[7.390727,5.9527206,9.087921],"to":[9.349725,7.4219704,10.06742],"faces":{"east":{"uv":[12.3125,14.34375,10.9375,15.90625],"tintindex":0,"rotation":0,"texture":"#1"},"south":{"uv":[15.84375,14.4375,14.46875,16.0],"tintindex":0,"rotation":180,"texture":"#1"},"north":{"uv":[15.84375,14.4375,14.46875,16.0],"tintindex":0,"rotation":180,"texture":"#1"},"west":{"uv":[12.40625,14.4375,11.03125,16.0],"tintindex":0,"rotation":180,"texture":"#1"},"up":{"uv":[13.9375,14.4375,12.5625,16.0],"tintindex":0,"rotation":270,"texture":"#1"},"down":{"uv":[13.9375,14.4375,12.5625,16.0],"tintindex":0,"rotation":90,"texture":"#1"}},"rotation":{"origin":[7.0832033,7.6642113,8.196192],"angle":22.5,"axis":"x"}},{"from":[7.390727,9.1965065,9.575531],"to":[9.349725,10.665756,10.555029],"faces":{"east":{"uv":[12.3125,14.15625,10.9375,15.71875],"tintindex":0,"rotation":0,"texture":"#1"},"south":{"uv":[15.84375,14.4375,14.46875,16.0],"tintindex":0,"rotation":180,"texture":"#1"},"north":{"uv":[16.0,12.75,14.625,14.3125],"tintindex":0,"rotation":180,"texture":"#1"},"west":{"uv":[12.3125,14.4375,10.9375,16.0],"tintindex":0,"rotation":180,"texture":"#1"},"up":{"uv":[13.9375,14.4375,12.5625,16.0],"tintindex":0,"rotation":270,"texture":"#1"},"down":{"uv":[13.9375,14.4375,12.5625,16.0],"tintindex":0,"rotation":90,"texture":"#1"}},"rotation":{"origin":[7.0832033,7.6642113,8.196192],"angle":-22.5,"axis":"x"}},{"from":[4.318281,4.973221,6.149426],"to":[5.29778,6.4424706,9.087921],"faces":{"east":{"uv":[15.84375,14.4375,14.46875,16.0],"tintindex":0,"rotation":0,"texture":"#1"},"south":{"uv":[12.28125,14.4375,10.90625,16.0],"tintindex":0,"rotation":180,"texture":"#1"},"north":{"uv":[16.0,12.75,14.625,14.3125],"tintindex":0,"rotation":180,"texture":"#1"},"west":{"uv":[15.84375,14.4375,14.46875,16.0],"tintindex":0,"rotation":180,"texture":"#1"},"up":{"uv":[15.84375,14.4375,14.46875,16.0],"tintindex":0,"rotation":270,"texture":"#1"},"down":{"uv":[15.84375,14.4375,14.46875,16.0],"tintindex":0,"rotation":90,"texture":"#1"}},"rotation":{"origin":[7.0832033,7.6642113,8.196192],"angle":22.5,"axis":"x"}},{"from":[9.483674,9.1965065,6.6370354],"to":[10.463174,10.665756,9.575531],"faces":{"east":{"uv":[15.84375,14.4375,14.46875,16.0],"tintindex":0,"rotation":0,"texture":"#1"},"south":{"uv":[12.03125,14.4375,10.65625,16.0],"tintindex":0,"rotation":180,"texture":"#1"},"north":{"uv":[14.6875,13.875,15.90625,12.96875],"tintindex":0,"rotation":180,"texture":"#1"},"west":{"uv":[15.84375,14.4375,14.46875,16.0],"tintindex":0,"rotation":180,"texture":"#1"},"up":{"uv":[15.84375,14.4375,14.46875,16.0],"tintindex":0,"rotation":270,"texture":"#1"},"down":{"uv":[15.84375,14.4375,14.46875,16.0],"tintindex":0,"rotation":90,"texture":"#1"}},"rotation":{"origin":[7.0832033,7.6642113,8.196192],"angle":-22.5,"axis":"x"}},{"from":[5.4317303,10.176006,9.575531],"to":[7.390727,11.645252,10.555029],"faces":{"east":{"uv":[15.84375,14.4375,14.46875,16.0],"tintindex":0,"rotation":0,"texture":"#1"},"south":{"uv":[15.84375,14.4375,14.46875,16.0],"tintindex":0,"rotation":180,"texture":"#1"},"north":{"uv":[16.0,12.75,14.625,14.3125],"tintindex":0,"rotation":180,"texture":"#1"},"west":{"uv":[12.40625,14.4375,11.03125,16.0],"tintindex":0,"rotation":180,"texture":"#1"},"up":{"uv":[15.84375,14.4375,14.46875,16.0],"tintindex":0,"rotation":270,"texture":"#1"},"down":{"uv":[13.9375,14.4375,12.5625,16.0],"tintindex":0,"rotation":90,"texture":"#1"}},"rotation":{"origin":[7.0832033,7.6642113,8.196192],"angle":-22.5,"axis":"x"}},{"from":[9.483674,5.9527206,6.149426],"to":[10.463174,7.4219704,9.087921],"faces":{"east":{"uv":[15.84375,14.4375,14.46875,16.0],"tintindex":0,"rotation":0,"texture":"#1"},"south":{"uv":[12.375,13.96875,11.0,15.53125],"tintindex":0,"rotation":180,"texture":"#1"},"north":{"uv":[16.0,12.75,14.625,14.3125],"tintindex":0,"rotation":180,"texture":"#1"},"west":{"uv":[15.84375,14.4375,14.46875,16.0],"tintindex":0,"rotation":180,"texture":"#1"},"up":{"uv":[15.84375,14.4375,14.46875,16.0],"tintindex":0,"rotation":270,"texture":"#1"},"down":{"uv":[15.84375,14.4375,14.46875,16.0],"tintindex":0,"rotation":90,"texture":"#1"}},"rotation":{"origin":[7.0832033,7.6642113,8.196192],"angle":22.5,"axis":"x"}}],"display":{"gui":{"rotation":[30,225,0]}}}