{"textures":{"2":"modelengine:entity/1texture"},"elements":[{"from":[5.535246,8.669201,7.127842],"to":[6.06765,9.734016,8.645794],"faces":{"east":{"uv":[10.125,5.375,11.0,5.5],"tintindex":0,"rotation":0,"texture":"#2"},"south":{"uv":[10.125,5.375,11.0,5.5],"tintindex":0,"rotation":0,"texture":"#2"},"north":{"uv":[10.125,5.375,11.0,5.5],"tintindex":0,"rotation":0,"texture":"#2"},"west":{"uv":[10.125,5.375,11.0,5.5],"tintindex":0,"rotation":0,"texture":"#2"},"up":{"uv":[10.125,5.375,11.0,5.5],"tintindex":0,"rotation":0,"texture":"#2"},"down":{"uv":[10.125,5.375,11.0,5.5],"tintindex":0,"rotation":0,"texture":"#2"}}},{"from":[6.866268,10.000225,7.127842],"to":[7.9310846,10.532627,8.645794],"faces":{"east":{"uv":[10.125,5.375,11.0,5.5],"tintindex":0,"rotation":0,"texture":"#2"},"south":{"uv":[10.125,5.375,11.0,5.5],"tintindex":0,"rotation":0,"texture":"#2"},"north":{"uv":[10.125,5.375,11.0,5.5],"tintindex":0,"rotation":0,"texture":"#2"},"west":{"uv":[10.125,5.375,11.0,5.5],"tintindex":0,"rotation":0,"texture":"#2"},"up":{"uv":[10.125,5.375,11.0,5.5],"tintindex":0,"rotation":0,"texture":"#2"},"down":{"uv":[10.125,5.375,11.0,5.5],"tintindex":0,"rotation":0,"texture":"#2"}},"rotation":{"origin":[7.398672,9.201607,6.861636],"angle":45.0,"axis":"z"}},{"from":[5.535246,8.669201,7.127842],"to":[6.06765,9.734016,8.645794],"faces":{"east":{"uv":[10.125,5.375,11.0,5.5],"tintindex":0,"rotation":0,"texture":"#2"},"south":{"uv":[10.125,5.375,11.0,5.5],"tintindex":0,"rotation":0,"texture":"#2"},"north":{"uv":[10.125,5.375,11.0,5.5],"tintindex":0,"rotation":0,"texture":"#2"},"west":{"uv":[10.125,5.375,11.0,5.5],"tintindex":0,"rotation":0,"texture":"#2"},"up":{"uv":[10.125,5.375,11.0,5.5],"tintindex":0,"rotation":0,"texture":"#2"},"down":{"uv":[10.125,5.375,11.0,5.5],"tintindex":0,"rotation":0,"texture":"#2"}},"rotation":{"origin":[7.398672,9.201607,6.861636],"angle":45.0,"axis":"z"}},{"from":[6.866268,10.000225,7.127842],"to":[7.9310846,10.532627,8.645794],"faces":{"east":{"uv":[10.125,5.375,11.0,5.5],"tintindex":0,"rotation":0,"texture":"#2"},"south":{"uv":[10.125,5.375,11.0,5.5],"tintindex":0,"rotation":0,"texture":"#2"},"north":{"uv":[10.125,5.375,11.0,5.5],"tintindex":0,"rotation":0,"texture":"#2"},"west":{"uv":[10.125,5.375,11.0,5.5],"tintindex":0,"rotation":0,"texture":"#2"},"up":{"uv":[10.125,5.375,11.0,5.5],"tintindex":0,"rotation":0,"texture":"#2"},"down":{"uv":[10.125,5.375,11.0,5.5],"tintindex":0,"rotation":0,"texture":"#2"}}},{"from":[6.06765,8.669201,7.127842],"to":[6.6000624,9.734016,8.645794],"faces":{"east":{"uv":[10.125,5.375,11.0,5.5],"tintindex":0,"rotation":0,"texture":"#2"},"south":{"uv":[10.125,5.375,11.0,5.5],"tintindex":0,"rotation":0,"texture":"#2"},"north":{"uv":[10.125,5.375,11.0,5.5],"tintindex":0,"rotation":0,"texture":"#2"},"west":{"uv":[10.125,5.375,11.0,5.5],"tintindex":0,"rotation":0,"texture":"#2"},"up":{"uv":[10.125,5.375,11.0,5.5],"tintindex":0,"rotation":0,"texture":"#2"},"down":{"uv":[10.125,5.375,11.0,5.5],"tintindex":0,"rotation":0,"texture":"#2"}},"rotation":{"origin":[7.398672,9.201607,6.861636],"angle":45.0,"axis":"z"}},{"from":[6.866268,10.532627,7.127842],"to":[7.9310846,11.065041,8.645794],"faces":{"east":{"uv":[10.125,5.375,11.0,5.5],"tintindex":0,"rotation":0,"texture":"#2"},"south":{"uv":[10.125,5.375,11.0,5.5],"tintindex":0,"rotation":0,"texture":"#2"},"north":{"uv":[10.125,5.375,11.0,5.5],"tintindex":0,"rotation":0,"texture":"#2"},"west":{"uv":[10.125,5.375,11.0,5.5],"tintindex":0,"rotation":0,"texture":"#2"},"up":{"uv":[10.125,5.375,11.0,5.5],"tintindex":0,"rotation":0,"texture":"#2"},"down":{"uv":[10.125,5.375,11.0,5.5],"tintindex":0,"rotation":0,"texture":"#2"}},"rotation":{"origin":[7.398672,9.201607,6.861636],"angle":22.5,"axis":"z"}},{"from":[8.19729,8.669201,7.127842],"to":[8.729694,9.734016,8.645794],"faces":{"east":{"uv":[10.125,5.375,11.0,5.5],"tintindex":0,"rotation":0,"texture":"#2"},"south":{"uv":[10.125,5.375,11.0,5.5],"tintindex":0,"rotation":0,"texture":"#2"},"north":{"uv":[10.125,5.375,11.0,5.5],"tintindex":0,"rotation":0,"texture":"#2"},"west":{"uv":[10.125,5.375,11.0,5.5],"tintindex":0,"rotation":0,"texture":"#2"},"up":{"uv":[10.125,5.375,11.0,5.5],"tintindex":0,"rotation":0,"texture":"#2"},"down":{"uv":[10.125,5.375,11.0,5.5],"tintindex":0,"rotation":0,"texture":"#2"}},"rotation":{"origin":[7.398672,9.201607,6.861636],"angle":-45.0,"axis":"z"}},{"from":[6.866268,10.000225,7.127842],"to":[7.9310846,10.532627,8.645794],"faces":{"east":{"uv":[10.125,5.375,11.0,5.5],"tintindex":0,"rotation":0,"texture":"#2"},"south":{"uv":[10.125,5.375,11.0,5.5],"tintindex":0,"rotation":0,"texture":"#2"},"north":{"uv":[10.125,5.375,11.0,5.5],"tintindex":0,"rotation":0,"texture":"#2"},"west":{"uv":[10.125,5.375,11.0,5.5],"tintindex":0,"rotation":0,"texture":"#2"},"up":{"uv":[10.125,5.375,11.0,5.5],"tintindex":0,"rotation":0,"texture":"#2"},"down":{"uv":[10.125,5.375,11.0,5.5],"tintindex":0,"rotation":0,"texture":"#2"}},"rotation":{"origin":[7.398672,9.201607,6.861636],"angle":-22.5,"axis":"z"}},{"from":[8.729694,8.669201,7.127842],"to":[9.262106,9.734016,8.645794],"faces":{"east":{"uv":[10.125,5.375,11.0,5.5],"tintindex":0,"rotation":0,"texture":"#2"},"south":{"uv":[10.125,5.375,11.0,5.5],"tintindex":0,"rotation":0,"texture":"#2"},"north":{"uv":[10.125,5.375,11.0,5.5],"tintindex":0,"rotation":0,"texture":"#2"},"west":{"uv":[10.125,5.375,11.0,5.5],"tintindex":0,"rotation":0,"texture":"#2"},"up":{"uv":[10.125,5.375,11.0,5.5],"tintindex":0,"rotation":0,"texture":"#2"},"down":{"uv":[10.125,5.375,11.0,5.5],"tintindex":0,"rotation":0,"texture":"#2"}}},{"from":[8.729694,8.669201,7.127842],"to":[9.262106,9.734016,8.645794],"faces":{"east":{"uv":[10.125,5.375,11.0,5.5],"tintindex":0,"rotation":0,"texture":"#2"},"south":{"uv":[10.125,5.375,11.0,5.5],"tintindex":0,"rotation":0,"texture":"#2"},"north":{"uv":[10.125,5.375,11.0,5.5],"tintindex":0,"rotation":0,"texture":"#2"},"west":{"uv":[10.125,5.375,11.0,5.5],"tintindex":0,"rotation":0,"texture":"#2"},"up":{"uv":[10.125,5.375,11.0,5.5],"tintindex":0,"rotation":0,"texture":"#2"},"down":{"uv":[10.125,5.375,11.0,5.5],"tintindex":0,"rotation":0,"texture":"#2"}},"rotation":{"origin":[7.398672,9.201607,6.861636],"angle":-22.5,"axis":"z"}},{"from":[7.664878,8.669201,7.127842],"to":[8.19729,9.734016,8.645794],"faces":{"east":{"uv":[10.125,5.375,11.0,5.5],"tintindex":0,"rotation":0,"texture":"#2"},"south":{"uv":[10.125,5.375,11.0,5.5],"tintindex":0,"rotation":0,"texture":"#2"},"north":{"uv":[10.125,5.375,11.0,5.5],"tintindex":0,"rotation":0,"texture":"#2"},"west":{"uv":[10.125,5.375,11.0,5.5],"tintindex":0,"rotation":0,"texture":"#2"},"up":{"uv":[10.125,5.375,11.0,5.5],"tintindex":0,"rotation":0,"texture":"#2"},"down":{"uv":[10.125,5.375,11.0,5.5],"tintindex":0,"rotation":0,"texture":"#2"}}},{"from":[5.535246,8.669201,7.127842],"to":[6.06765,9.734016,8.645794],"faces":{"east":{"uv":[10.125,5.375,11.0,5.5],"tintindex":0,"rotation":0,"texture":"#2"},"south":{"uv":[10.125,5.375,11.0,5.5],"tintindex":0,"rotation":0,"texture":"#2"},"north":{"uv":[10.125,5.375,11.0,5.5],"tintindex":0,"rotation":0,"texture":"#2"},"west":{"uv":[10.125,5.375,11.0,5.5],"tintindex":0,"rotation":0,"texture":"#2"},"up":{"uv":[10.125,5.375,11.0,5.5],"tintindex":0,"rotation":0,"texture":"#2"},"down":{"uv":[10.125,5.375,11.0,5.5],"tintindex":0,"rotation":0,"texture":"#2"}},"rotation":{"origin":[7.398672,9.201607,6.861636],"angle":22.5,"axis":"z"}},{"from":[6.06765,8.669201,7.127842],"to":[6.6000624,9.734016,8.645794],"faces":{"east":{"uv":[10.125,5.375,11.0,5.5],"tintindex":0,"rotation":0,"texture":"#2"},"south":{"uv":[10.125,5.375,11.0,5.5],"tintindex":0,"rotation":0,"texture":"#2"},"north":{"uv":[10.125,5.375,11.0,5.5],"tintindex":0,"rotation":0,"texture":"#2"},"west":{"uv":[10.125,5.375,11.0,5.5],"tintindex":0,"rotation":0,"texture":"#2"},"up":{"uv":[10.125,5.375,11.0,5.5],"tintindex":0,"rotation":0,"texture":"#2"},"down":{"uv":[10.125,5.375,11.0,5.5],"tintindex":0,"rotation":0,"texture":"#2"}},"rotation":{"origin":[7.398672,9.201607,6.861636],"angle":22.5,"axis":"z"}},{"from":[6.866268,8.402996,7.127842],"to":[7.9310846,8.935406,8.645794],"faces":{"east":{"uv":[10.125,5.375,11.0,5.5],"tintindex":0,"rotation":0,"texture":"#2"},"south":{"uv":[10.125,5.375,11.0,5.5],"tintindex":0,"rotation":0,"texture":"#2"},"north":{"uv":[10.125,5.375,11.0,5.5],"tintindex":0,"rotation":0,"texture":"#2"},"west":{"uv":[10.125,5.375,11.0,5.5],"tintindex":0,"rotation":0,"texture":"#2"},"up":{"uv":[10.125,5.375,11.0,5.5],"tintindex":0,"rotation":0,"texture":"#2"},"down":{"uv":[10.125,5.375,11.0,5.5],"tintindex":0,"rotation":0,"texture":"#2"}},"rotation":{"origin":[7.398672,9.201607,6.861636],"angle":22.5,"axis":"z"}},{"from":[6.866268,8.935406,7.127842],"to":[7.9310846,9.467812,8.645794],"faces":{"east":{"uv":[10.125,5.375,11.0,5.5],"tintindex":0,"rotation":0,"texture":"#2"},"south":{"uv":[10.125,5.375,11.0,5.5],"tintindex":0,"rotation":0,"texture":"#2"},"north":{"uv":[10.125,5.375,11.0,5.5],"tintindex":0,"rotation":0,"texture":"#2"},"west":{"uv":[10.125,5.375,11.0,5.5],"tintindex":0,"rotation":0,"texture":"#2"},"up":{"uv":[10.125,5.375,11.0,5.5],"tintindex":0,"rotation":0,"texture":"#2"},"down":{"uv":[10.125,5.375,11.0,5.5],"tintindex":0,"rotation":0,"texture":"#2"}}},{"from":[6.866268,9.467812,7.127842],"to":[7.9310846,10.000225,8.645794],"faces":{"east":{"uv":[10.125,5.375,11.0,5.5],"tintindex":0,"rotation":0,"texture":"#2"},"south":{"uv":[10.125,5.375,11.0,5.5],"tintindex":0,"rotation":0,"texture":"#2"},"north":{"uv":[10.125,5.375,11.0,5.5],"tintindex":0,"rotation":0,"texture":"#2"},"west":{"uv":[10.125,5.375,11.0,5.5],"tintindex":0,"rotation":0,"texture":"#2"},"up":{"uv":[10.125,5.375,11.0,5.5],"tintindex":0,"rotation":0,"texture":"#2"},"down":{"uv":[10.125,5.375,11.0,5.5],"tintindex":0,"rotation":0,"texture":"#2"}},"rotation":{"origin":[7.398672,9.201607,6.861636],"angle":22.5,"axis":"z"}},{"from":[6.6000624,8.669201,7.127842],"to":[7.132474,9.734016,8.645794],"faces":{"east":{"uv":[10.125,5.375,11.0,5.5],"tintindex":0,"rotation":0,"texture":"#2"},"south":{"uv":[10.125,5.375,11.0,5.5],"tintindex":0,"rotation":0,"texture":"#2"},"north":{"uv":[10.125,5.375,11.0,5.5],"tintindex":0,"rotation":0,"texture":"#2"},"west":{"uv":[10.125,5.375,11.0,5.5],"tintindex":0,"rotation":0,"texture":"#2"},"up":{"uv":[10.125,5.375,11.0,5.5],"tintindex":0,"rotation":0,"texture":"#2"},"down":{"uv":[10.125,5.375,11.0,5.5],"tintindex":0,"rotation":0,"texture":"#2"}},"rotation":{"origin":[7.398672,9.201607,6.861636],"angle":-22.5,"axis":"z"}},{"from":[6.866268,7.8705826,7.127842],"to":[7.9310846,8.402996,8.645794],"faces":{"east":{"uv":[10.125,5.375,11.0,5.5],"tintindex":0,"rotation":0,"texture":"#2"},"south":{"uv":[10.125,5.375,11.0,5.5],"tintindex":0,"rotation":0,"texture":"#2"},"north":{"uv":[10.125,5.375,11.0,5.5],"tintindex":0,"rotation":0,"texture":"#2"},"west":{"uv":[10.125,5.375,11.0,5.5],"tintindex":0,"rotation":0,"texture":"#2"},"up":{"uv":[10.125,5.375,11.0,5.5],"tintindex":0,"rotation":0,"texture":"#2"},"down":{"uv":[10.125,5.375,11.0,5.5],"tintindex":0,"rotation":0,"texture":"#2"}},"rotation":{"origin":[7.398672,9.201607,6.861636],"angle":22.5,"axis":"z"}},{"from":[6.866268,10.532627,7.127842],"to":[7.9310846,11.065041,8.645794],"faces":{"east":{"uv":[10.125,5.375,11.0,5.5],"tintindex":0,"rotation":0,"texture":"#2"},"south":{"uv":[10.125,5.375,11.0,5.5],"tintindex":0,"rotation":0,"texture":"#2"},"north":{"uv":[10.125,5.375,11.0,5.5],"tintindex":0,"rotation":0,"texture":"#2"},"west":{"uv":[10.125,5.375,11.0,5.5],"tintindex":0,"rotation":0,"texture":"#2"},"up":{"uv":[10.125,5.375,11.0,5.5],"tintindex":0,"rotation":0,"texture":"#2"},"down":{"uv":[10.125,5.375,11.0,5.5],"tintindex":0,"rotation":0,"texture":"#2"}},"rotation":{"origin":[7.398672,9.201607,6.861636],"angle":45.0,"axis":"z"}},{"from":[6.866268,9.467812,7.127842],"to":[7.9310846,10.000225,8.645794],"faces":{"east":{"uv":[10.125,5.375,11.0,5.5],"tintindex":0,"rotation":0,"texture":"#2"},"south":{"uv":[10.125,5.375,11.0,5.5],"tintindex":0,"rotation":0,"texture":"#2"},"north":{"uv":[10.125,5.375,11.0,5.5],"tintindex":0,"rotation":0,"texture":"#2"},"west":{"uv":[10.125,5.375,11.0,5.5],"tintindex":0,"rotation":0,"texture":"#2"},"up":{"uv":[10.125,5.375,11.0,5.5],"tintindex":0,"rotation":0,"texture":"#2"},"down":{"uv":[10.125,5.375,11.0,5.5],"tintindex":0,"rotation":0,"texture":"#2"}},"rotation":{"origin":[7.398672,9.201607,6.861636],"angle":-22.5,"axis":"z"}},{"from":[8.729694,8.669201,7.127842],"to":[9.262106,9.734016,8.645794],"faces":{"east":{"uv":[10.125,5.375,11.0,5.5],"tintindex":0,"rotation":0,"texture":"#2"},"south":{"uv":[10.125,5.375,11.0,5.5],"tintindex":0,"rotation":0,"texture":"#2"},"north":{"uv":[10.125,5.375,11.0,5.5],"tintindex":0,"rotation":0,"texture":"#2"},"west":{"uv":[10.125,5.375,11.0,5.5],"tintindex":0,"rotation":0,"texture":"#2"},"up":{"uv":[10.125,5.375,11.0,5.5],"tintindex":0,"rotation":0,"texture":"#2"},"down":{"uv":[10.125,5.375,11.0,5.5],"tintindex":0,"rotation":0,"texture":"#2"}},"rotation":{"origin":[7.398672,9.201607,6.861636],"angle":45.0,"axis":"z"}},{"from":[6.866268,7.3381805,7.127842],"to":[7.9310846,7.8705826,8.645794],"faces":{"east":{"uv":[10.125,5.375,11.0,5.5],"tintindex":0,"rotation":0,"texture":"#2"},"south":{"uv":[10.125,5.375,11.0,5.5],"tintindex":0,"rotation":0,"texture":"#2"},"north":{"uv":[10.125,5.375,11.0,5.5],"tintindex":0,"rotation":0,"texture":"#2"},"west":{"uv":[10.125,5.375,11.0,5.5],"tintindex":0,"rotation":0,"texture":"#2"},"up":{"uv":[10.125,5.375,11.0,5.5],"tintindex":0,"rotation":0,"texture":"#2"},"down":{"uv":[10.125,5.375,11.0,5.5],"tintindex":0,"rotation":0,"texture":"#2"}},"rotation":{"origin":[7.398672,9.201607,6.861636],"angle":22.5,"axis":"z"}},{"from":[6.866268,7.3381805,7.127842],"to":[7.9310846,7.8705826,8.645794],"faces":{"east":{"uv":[10.125,5.375,11.0,5.5],"tintindex":0,"rotation":0,"texture":"#2"},"south":{"uv":[10.125,5.375,11.0,5.5],"tintindex":0,"rotation":0,"texture":"#2"},"north":{"uv":[10.125,5.375,11.0,5.5],"tintindex":0,"rotation":0,"texture":"#2"},"west":{"uv":[10.125,5.375,11.0,5.5],"tintindex":0,"rotation":0,"texture":"#2"},"up":{"uv":[10.125,5.375,11.0,5.5],"tintindex":0,"rotation":0,"texture":"#2"},"down":{"uv":[10.125,5.375,11.0,5.5],"tintindex":0,"rotation":0,"texture":"#2"}},"rotation":{"origin":[7.398672,9.201607,6.861636],"angle":-22.5,"axis":"z"}},{"from":[5.535246,8.669201,7.127842],"to":[6.06765,9.734016,8.645794],"faces":{"east":{"uv":[10.125,5.375,11.0,5.5],"tintindex":0,"rotation":0,"texture":"#2"},"south":{"uv":[10.125,5.375,11.0,5.5],"tintindex":0,"rotation":0,"texture":"#2"},"north":{"uv":[10.125,5.375,11.0,5.5],"tintindex":0,"rotation":0,"texture":"#2"},"west":{"uv":[10.125,5.375,11.0,5.5],"tintindex":0,"rotation":0,"texture":"#2"},"up":{"uv":[10.125,5.375,11.0,5.5],"tintindex":0,"rotation":0,"texture":"#2"},"down":{"uv":[10.125,5.375,11.0,5.5],"tintindex":0,"rotation":0,"texture":"#2"}},"rotation":{"origin":[7.398672,9.201607,6.861636],"angle":-22.5,"axis":"z"}},{"from":[6.06765,8.669201,7.127842],"to":[6.6000624,9.734016,8.645794],"faces":{"east":{"uv":[10.125,5.375,11.0,5.5],"tintindex":0,"rotation":0,"texture":"#2"},"south":{"uv":[10.125,5.375,11.0,5.5],"tintindex":0,"rotation":0,"texture":"#2"},"north":{"uv":[10.125,5.375,11.0,5.5],"tintindex":0,"rotation":0,"texture":"#2"},"west":{"uv":[10.125,5.375,11.0,5.5],"tintindex":0,"rotation":0,"texture":"#2"},"up":{"uv":[10.125,5.375,11.0,5.5],"tintindex":0,"rotation":0,"texture":"#2"},"down":{"uv":[10.125,5.375,11.0,5.5],"tintindex":0,"rotation":0,"texture":"#2"}},"rotation":{"origin":[7.398672,9.201607,6.861636],"angle":-22.5,"axis":"z"}},{"from":[6.6000624,8.669201,7.127842],"to":[7.132474,9.734016,8.645794],"faces":{"east":{"uv":[10.125,5.375,11.0,5.5],"tintindex":0,"rotation":0,"texture":"#2"},"south":{"uv":[10.125,5.375,11.0,5.5],"tintindex":0,"rotation":0,"texture":"#2"},"north":{"uv":[10.125,5.375,11.0,5.5],"tintindex":0,"rotation":0,"texture":"#2"},"west":{"uv":[10.125,5.375,11.0,5.5],"tintindex":0,"rotation":0,"texture":"#2"},"up":{"uv":[10.125,5.375,11.0,5.5],"tintindex":0,"rotation":0,"texture":"#2"},"down":{"uv":[10.125,5.375,11.0,5.5],"tintindex":0,"rotation":0,"texture":"#2"}}},{"from":[8.729694,8.669201,7.127842],"to":[9.262106,9.734016,8.645794],"faces":{"east":{"uv":[10.125,5.375,11.0,5.5],"tintindex":0,"rotation":0,"texture":"#2"},"south":{"uv":[10.125,5.375,11.0,5.5],"tintindex":0,"rotation":0,"texture":"#2"},"north":{"uv":[10.125,5.375,11.0,5.5],"tintindex":0,"rotation":0,"texture":"#2"},"west":{"uv":[10.125,5.375,11.0,5.5],"tintindex":0,"rotation":0,"texture":"#2"},"up":{"uv":[10.125,5.375,11.0,5.5],"tintindex":0,"rotation":0,"texture":"#2"},"down":{"uv":[10.125,5.375,11.0,5.5],"tintindex":0,"rotation":0,"texture":"#2"}},"rotation":{"origin":[7.398672,9.201607,6.861636],"angle":-45.0,"axis":"z"}},{"from":[6.866268,7.3381805,7.127842],"to":[7.9310846,7.8705826,8.645794],"faces":{"east":{"uv":[10.125,5.375,11.0,5.5],"tintindex":0,"rotation":0,"texture":"#2"},"south":{"uv":[10.125,5.375,11.0,5.5],"tintindex":0,"rotation":0,"texture":"#2"},"north":{"uv":[10.125,5.375,11.0,5.5],"tintindex":0,"rotation":0,"texture":"#2"},"west":{"uv":[10.125,5.375,11.0,5.5],"tintindex":0,"rotation":0,"texture":"#2"},"up":{"uv":[10.125,5.375,11.0,5.5],"tintindex":0,"rotation":0,"texture":"#2"},"down":{"uv":[10.125,5.375,11.0,5.5],"tintindex":0,"rotation":0,"texture":"#2"}}},{"from":[8.19729,8.669201,7.127842],"to":[8.729694,9.734016,8.645794],"faces":{"east":{"uv":[10.125,5.375,11.0,5.5],"tintindex":0,"rotation":0,"texture":"#2"},"south":{"uv":[10.125,5.375,11.0,5.5],"tintindex":0,"rotation":0,"texture":"#2"},"north":{"uv":[10.125,5.375,11.0,5.5],"tintindex":0,"rotation":0,"texture":"#2"},"west":{"uv":[10.125,5.375,11.0,5.5],"tintindex":0,"rotation":0,"texture":"#2"},"up":{"uv":[10.125,5.375,11.0,5.5],"tintindex":0,"rotation":0,"texture":"#2"},"down":{"uv":[10.125,5.375,11.0,5.5],"tintindex":0,"rotation":0,"texture":"#2"}},"rotation":{"origin":[7.398672,9.201607,6.861636],"angle":45.0,"axis":"z"}},{"from":[6.866268,8.402996,7.127842],"to":[7.9310846,8.935406,8.645794],"faces":{"east":{"uv":[10.125,5.375,11.0,5.5],"tintindex":0,"rotation":0,"texture":"#2"},"south":{"uv":[10.125,5.375,11.0,5.5],"tintindex":0,"rotation":0,"texture":"#2"},"north":{"uv":[10.125,5.375,11.0,5.5],"tintindex":0,"rotation":0,"texture":"#2"},"west":{"uv":[10.125,5.375,11.0,5.5],"tintindex":0,"rotation":0,"texture":"#2"},"up":{"uv":[10.125,5.375,11.0,5.5],"tintindex":0,"rotation":0,"texture":"#2"},"down":{"uv":[10.125,5.375,11.0,5.5],"tintindex":0,"rotation":0,"texture":"#2"}}},{"from":[8.19729,8.669201,7.127842],"to":[8.729694,9.734016,8.645794],"faces":{"east":{"uv":[10.125,5.375,11.0,5.5],"tintindex":0,"rotation":0,"texture":"#2"},"south":{"uv":[10.125,5.375,11.0,5.5],"tintindex":0,"rotation":0,"texture":"#2"},"north":{"uv":[10.125,5.375,11.0,5.5],"tintindex":0,"rotation":0,"texture":"#2"},"west":{"uv":[10.125,5.375,11.0,5.5],"tintindex":0,"rotation":0,"texture":"#2"},"up":{"uv":[10.125,5.375,11.0,5.5],"tintindex":0,"rotation":0,"texture":"#2"},"down":{"uv":[10.125,5.375,11.0,5.5],"tintindex":0,"rotation":0,"texture":"#2"}}},{"from":[8.729694,8.669201,7.127842],"to":[9.262106,9.734016,8.645794],"faces":{"east":{"uv":[10.125,5.375,11.0,5.5],"tintindex":0,"rotation":0,"texture":"#2"},"south":{"uv":[10.125,5.375,11.0,5.5],"tintindex":0,"rotation":0,"texture":"#2"},"north":{"uv":[10.125,5.375,11.0,5.5],"tintindex":0,"rotation":0,"texture":"#2"},"west":{"uv":[10.125,5.375,11.0,5.5],"tintindex":0,"rotation":0,"texture":"#2"},"up":{"uv":[10.125,5.375,11.0,5.5],"tintindex":0,"rotation":0,"texture":"#2"},"down":{"uv":[10.125,5.375,11.0,5.5],"tintindex":0,"rotation":0,"texture":"#2"}},"rotation":{"origin":[7.398672,9.201607,6.861636],"angle":22.5,"axis":"z"}},{"from":[6.866268,10.532627,7.127842],"to":[7.9310846,11.065041,8.645794],"faces":{"east":{"uv":[10.125,5.375,11.0,5.5],"tintindex":0,"rotation":0,"texture":"#2"},"south":{"uv":[10.125,5.375,11.0,5.5],"tintindex":0,"rotation":0,"texture":"#2"},"north":{"uv":[10.125,5.375,11.0,5.5],"tintindex":0,"rotation":0,"texture":"#2"},"west":{"uv":[10.125,5.375,11.0,5.5],"tintindex":0,"rotation":0,"texture":"#2"},"up":{"uv":[10.125,5.375,11.0,5.5],"tintindex":0,"rotation":0,"texture":"#2"},"down":{"uv":[10.125,5.375,11.0,5.5],"tintindex":0,"rotation":0,"texture":"#2"}},"rotation":{"origin":[7.398672,9.201607,6.861636],"angle":-22.5,"axis":"z"}},{"from":[6.6000624,8.669201,7.127842],"to":[7.132474,9.734016,8.645794],"faces":{"east":{"uv":[10.125,5.375,11.0,5.5],"tintindex":0,"rotation":0,"texture":"#2"},"south":{"uv":[10.125,5.375,11.0,5.5],"tintindex":0,"rotation":0,"texture":"#2"},"north":{"uv":[10.125,5.375,11.0,5.5],"tintindex":0,"rotation":0,"texture":"#2"},"west":{"uv":[10.125,5.375,11.0,5.5],"tintindex":0,"rotation":0,"texture":"#2"},"up":{"uv":[10.125,5.375,11.0,5.5],"tintindex":0,"rotation":0,"texture":"#2"},"down":{"uv":[10.125,5.375,11.0,5.5],"tintindex":0,"rotation":0,"texture":"#2"}},"rotation":{"origin":[7.398672,9.201607,6.861636],"angle":22.5,"axis":"z"}},{"from":[6.866268,10.532627,7.127842],"to":[7.9310846,11.065041,8.645794],"faces":{"east":{"uv":[10.125,5.375,11.0,5.5],"tintindex":0,"rotation":0,"texture":"#2"},"south":{"uv":[10.125,5.375,11.0,5.5],"tintindex":0,"rotation":0,"texture":"#2"},"north":{"uv":[10.125,5.375,11.0,5.5],"tintindex":0,"rotation":0,"texture":"#2"},"west":{"uv":[10.125,5.375,11.0,5.5],"tintindex":0,"rotation":0,"texture":"#2"},"up":{"uv":[10.125,5.375,11.0,5.5],"tintindex":0,"rotation":0,"texture":"#2"},"down":{"uv":[10.125,5.375,11.0,5.5],"tintindex":0,"rotation":0,"texture":"#2"}}},{"from":[6.866268,9.467812,7.127842],"to":[7.9310846,10.000225,8.645794],"faces":{"east":{"uv":[10.125,5.375,11.0,5.5],"tintindex":0,"rotation":0,"texture":"#2"},"south":{"uv":[10.125,5.375,11.0,5.5],"tintindex":0,"rotation":0,"texture":"#2"},"north":{"uv":[10.125,5.375,11.0,5.5],"tintindex":0,"rotation":0,"texture":"#2"},"west":{"uv":[10.125,5.375,11.0,5.5],"tintindex":0,"rotation":0,"texture":"#2"},"up":{"uv":[10.125,5.375,11.0,5.5],"tintindex":0,"rotation":0,"texture":"#2"},"down":{"uv":[10.125,5.375,11.0,5.5],"tintindex":0,"rotation":0,"texture":"#2"}}},{"from":[6.866268,7.8705826,7.127842],"to":[7.9310846,8.402996,8.645794],"faces":{"east":{"uv":[10.125,5.375,11.0,5.5],"tintindex":0,"rotation":0,"texture":"#2"},"south":{"uv":[10.125,5.375,11.0,5.5],"tintindex":0,"rotation":0,"texture":"#2"},"north":{"uv":[10.125,5.375,11.0,5.5],"tintindex":0,"rotation":0,"texture":"#2"},"west":{"uv":[10.125,5.375,11.0,5.5],"tintindex":0,"rotation":0,"texture":"#2"},"up":{"uv":[10.125,5.375,11.0,5.5],"tintindex":0,"rotation":0,"texture":"#2"},"down":{"uv":[10.125,5.375,11.0,5.5],"tintindex":0,"rotation":0,"texture":"#2"}}},{"from":[6.866268,10.000225,7.127842],"to":[7.9310846,10.532627,8.645794],"faces":{"east":{"uv":[10.125,5.375,11.0,5.5],"tintindex":0,"rotation":0,"texture":"#2"},"south":{"uv":[10.125,5.375,11.0,5.5],"tintindex":0,"rotation":0,"texture":"#2"},"north":{"uv":[10.125,5.375,11.0,5.5],"tintindex":0,"rotation":0,"texture":"#2"},"west":{"uv":[10.125,5.375,11.0,5.5],"tintindex":0,"rotation":0,"texture":"#2"},"up":{"uv":[10.125,5.375,11.0,5.5],"tintindex":0,"rotation":0,"texture":"#2"},"down":{"uv":[10.125,5.375,11.0,5.5],"tintindex":0,"rotation":0,"texture":"#2"}},"rotation":{"origin":[7.398672,9.201607,6.861636],"angle":22.5,"axis":"z"}},{"from":[6.06765,8.669201,7.127842],"to":[6.6000624,9.734016,8.645794],"faces":{"east":{"uv":[10.125,5.375,11.0,5.5],"tintindex":0,"rotation":0,"texture":"#2"},"south":{"uv":[10.125,5.375,11.0,5.5],"tintindex":0,"rotation":0,"texture":"#2"},"north":{"uv":[10.125,5.375,11.0,5.5],"tintindex":0,"rotation":0,"texture":"#2"},"west":{"uv":[10.125,5.375,11.0,5.5],"tintindex":0,"rotation":0,"texture":"#2"},"up":{"uv":[10.125,5.375,11.0,5.5],"tintindex":0,"rotation":0,"texture":"#2"},"down":{"uv":[10.125,5.375,11.0,5.5],"tintindex":0,"rotation":0,"texture":"#2"}}},{"from":[6.866268,9.467812,7.127842],"to":[7.9310846,10.000225,8.645794],"faces":{"east":{"uv":[10.125,5.375,11.0,5.5],"tintindex":0,"rotation":0,"texture":"#2"},"south":{"uv":[10.125,5.375,11.0,5.5],"tintindex":0,"rotation":0,"texture":"#2"},"north":{"uv":[10.125,5.375,11.0,5.5],"tintindex":0,"rotation":0,"texture":"#2"},"west":{"uv":[10.125,5.375,11.0,5.5],"tintindex":0,"rotation":0,"texture":"#2"},"up":{"uv":[10.125,5.375,11.0,5.5],"tintindex":0,"rotation":0,"texture":"#2"},"down":{"uv":[10.125,5.375,11.0,5.5],"tintindex":0,"rotation":0,"texture":"#2"}},"rotation":{"origin":[7.398672,9.201607,6.861636],"angle":45.0,"axis":"z"}}],"display":{"gui":{"rotation":[30,225,0]}}}