{"textures":{"2":"modelengine:entity/1texture"},"elements":[{"from":[6.0914936,6.247122,4.276609],"to":[11.548507,8.445585,10.213622],"faces":{"east":{"uv":[4.25,4.25,9.25,6.25],"tintindex":0,"rotation":0,"texture":"#2"},"south":{"uv":[4.25,4.25,9.25,6.25],"tintindex":0,"rotation":0,"texture":"#2"},"north":{"uv":[4.25,4.25,9.25,6.25],"tintindex":0,"rotation":0,"texture":"#2"},"west":{"uv":[4.25,4.25,9.25,6.25],"tintindex":0,"rotation":0,"texture":"#2"},"up":{"uv":[4.25,4.25,9.25,6.25],"tintindex":0,"rotation":0,"texture":"#2"},"down":{"uv":[4.25,4.25,9.25,6.25],"tintindex":0,"rotation":0,"texture":"#2"}}},{"from":[10.391493,6.247122,6.9766088],"to":[12.448507,8.445585,9.713622],"faces":{"east":{"uv":[4.25,4.25,9.25,6.25],"tintindex":0,"rotation":0,"texture":"#2"},"south":{"uv":[4.25,4.25,9.25,6.25],"tintindex":0,"rotation":0,"texture":"#2"},"north":{"uv":[4.25,4.25,9.25,6.25],"tintindex":0,"rotation":0,"texture":"#2"},"west":{"uv":[4.25,4.25,9.25,6.25],"tintindex":0,"rotation":0,"texture":"#2"},"up":{"uv":[4.25,4.25,9.25,6.25],"tintindex":0,"rotation":0,"texture":"#2"},"down":{"uv":[4.25,4.25,9.25,6.25],"tintindex":0,"rotation":0,"texture":"#2"}}},{"from":[6.4450006,5.7572217,4.9597087],"to":[10.895,7.4472218,9.789708],"faces":{"east":{"uv":[0.0,0.0,6.5,1.75],"tintindex":0,"rotation":0,"texture":"#2"},"south":{"uv":[0.0,0.0,6.5,1.75],"tintindex":0,"rotation":0,"texture":"#2"},"north":{"uv":[0.0,0.0,6.5,1.75],"tintindex":0,"rotation":0,"texture":"#2"},"west":{"uv":[0.0,0.0,6.5,1.75],"tintindex":0,"rotation":0,"texture":"#2"},"up":{"uv":[0.0,0.0,6.5,1.75],"tintindex":0,"rotation":0,"texture":"#2"},"down":{"uv":[0.0,0.0,6.5,1.75],"tintindex":0,"rotation":0,"texture":"#2"}}},{"from":[4.891494,6.937122,4.6216083],"to":[10.758507,9.135585,5.728622],"faces":{"east":{"uv":[0.0,0.0,6.5,1.75],"tintindex":0,"rotation":0,"texture":"#2"},"south":{"uv":[0.0,0.0,6.5,1.75],"tintindex":0,"rotation":0,"texture":"#2"},"north":{"uv":[0.0,0.0,6.5,1.75],"tintindex":0,"rotation":0,"texture":"#2"},"west":{"uv":[0.0,0.0,6.5,1.75],"tintindex":0,"rotation":0,"texture":"#2"},"up":{"uv":[0.0,0.0,6.5,1.75],"tintindex":0,"rotation":0,"texture":"#2"},"down":{"uv":[0.0,0.0,6.5,1.75],"tintindex":0,"rotation":0,"texture":"#2"}},"rotation":{"origin":[8.17,8.881353,7.2451153],"angle":45.0,"axis":"y"}},{"from":[4.891494,6.247122,6.9766088],"to":[7.348507,8.445585,9.713622],"faces":{"east":{"uv":[4.25,4.25,9.25,6.25],"tintindex":0,"rotation":0,"texture":"#2"},"south":{"uv":[4.25,4.25,9.25,6.25],"tintindex":0,"rotation":0,"texture":"#2"},"north":{"uv":[4.25,4.25,9.25,6.25],"tintindex":0,"rotation":0,"texture":"#2"},"west":{"uv":[4.25,4.25,9.25,6.25],"tintindex":0,"rotation":0,"texture":"#2"},"up":{"uv":[4.25,4.25,9.25,6.25],"tintindex":0,"rotation":0,"texture":"#2"},"down":{"uv":[4.25,4.25,9.25,6.25],"tintindex":0,"rotation":0,"texture":"#2"}}},{"from":[6.5814934,6.937122,4.6216083],"to":[12.248507,9.135585,5.728622],"faces":{"east":{"uv":[0.0,0.0,6.5,1.75],"tintindex":0,"rotation":0,"texture":"#2"},"south":{"uv":[0.0,0.0,6.5,1.75],"tintindex":0,"rotation":0,"texture":"#2"},"north":{"uv":[0.0,0.0,6.5,1.75],"tintindex":0,"rotation":0,"texture":"#2"},"west":{"uv":[0.0,0.0,6.5,1.75],"tintindex":0,"rotation":0,"texture":"#2"},"up":{"uv":[0.0,0.0,6.5,1.75],"tintindex":0,"rotation":0,"texture":"#2"},"down":{"uv":[0.0,0.0,6.5,1.75],"tintindex":0,"rotation":0,"texture":"#2"}},"rotation":{"origin":[8.17,8.881353,7.2451153],"angle":-45.0,"axis":"y"}},{"from":[5.884593,6.9302216,4.269708],"to":[11.455407,9.142486,5.3905225],"faces":{"east":{"uv":[0.0,0.0,6.5,1.75],"tintindex":0,"rotation":0,"texture":"#2"},"south":{"uv":[0.0,0.0,6.5,1.75],"tintindex":0,"rotation":0,"texture":"#2"},"north":{"uv":[0.0,0.0,6.5,1.75],"tintindex":0,"rotation":0,"texture":"#2"},"west":{"uv":[0.0,0.0,6.5,1.75],"tintindex":0,"rotation":0,"texture":"#2"},"up":{"uv":[0.0,0.0,6.5,1.75],"tintindex":0,"rotation":0,"texture":"#2"},"down":{"uv":[0.0,0.0,6.5,1.75],"tintindex":0,"rotation":0,"texture":"#2"}}}],"display":{"gui":{"rotation":[30,225,0]}}}