{"textures":{"2":"modelengine:entity/1texture"},"elements":[{"from":[6.8914933,6.247122,4.276609],"to":[12.448506,8.445585,10.213622],"faces":{"east":{"uv":[4.25,4.25,9.25,6.25],"tintindex":0,"rotation":0,"texture":"#2"},"south":{"uv":[4.25,4.25,9.25,6.25],"tintindex":0,"rotation":0,"texture":"#2"},"north":{"uv":[4.25,4.25,9.25,6.25],"tintindex":0,"rotation":0,"texture":"#2"},"west":{"uv":[4.25,4.25,9.25,6.25],"tintindex":0,"rotation":0,"texture":"#2"},"up":{"uv":[4.25,4.25,9.25,6.25],"tintindex":0,"rotation":0,"texture":"#2"},"down":{"uv":[4.25,4.25,9.25,6.25],"tintindex":0,"rotation":0,"texture":"#2"}}},{"from":[2.0838811,6.937122,13.813997],"to":[7.950895,9.135585,14.92101],"faces":{"east":{"uv":[0.0,0.0,6.5,1.75],"tintindex":0,"rotation":0,"texture":"#2"},"south":{"uv":[0.0,0.0,6.5,1.75],"tintindex":0,"rotation":0,"texture":"#2"},"north":{"uv":[0.0,0.0,6.5,1.75],"tintindex":0,"rotation":0,"texture":"#2"},"west":{"uv":[0.0,0.0,6.5,1.75],"tintindex":0,"rotation":0,"texture":"#2"},"up":{"uv":[0.0,0.0,6.5,1.75],"tintindex":0,"rotation":0,"texture":"#2"},"down":{"uv":[0.0,0.0,6.5,1.75],"tintindex":0,"rotation":0,"texture":"#2"}},"rotation":{"origin":[-3.83,8.881353,7.2451153],"angle":45.0,"axis":"y"}},{"from":[7.445,5.7572217,4.9597087],"to":[11.895,7.4472218,9.789708],"faces":{"east":{"uv":[0.0,0.0,6.5,1.75],"tintindex":0,"rotation":0,"texture":"#2"},"south":{"uv":[0.0,0.0,6.5,1.75],"tintindex":0,"rotation":0,"texture":"#2"},"north":{"uv":[0.0,0.0,6.5,1.75],"tintindex":0,"rotation":0,"texture":"#2"},"west":{"uv":[0.0,0.0,6.5,1.75],"tintindex":0,"rotation":0,"texture":"#2"},"up":{"uv":[0.0,0.0,6.5,1.75],"tintindex":0,"rotation":0,"texture":"#2"},"down":{"uv":[0.0,0.0,6.5,1.75],"tintindex":0,"rotation":0,"texture":"#2"}}},{"from":[5.8914933,6.247122,6.9766088],"to":[7.948507,8.445585,9.713622],"faces":{"east":{"uv":[4.25,4.25,9.25,6.25],"tintindex":0,"rotation":0,"texture":"#2"},"south":{"uv":[4.25,4.25,9.25,6.25],"tintindex":0,"rotation":0,"texture":"#2"},"north":{"uv":[4.25,4.25,9.25,6.25],"tintindex":0,"rotation":0,"texture":"#2"},"west":{"uv":[4.25,4.25,9.25,6.25],"tintindex":0,"rotation":0,"texture":"#2"},"up":{"uv":[4.25,4.25,9.25,6.25],"tintindex":0,"rotation":0,"texture":"#2"},"down":{"uv":[4.25,4.25,9.25,6.25],"tintindex":0,"rotation":0,"texture":"#2"}}},{"from":[11.391493,6.247122,6.9766088],"to":[13.448506,8.445585,9.713622],"faces":{"east":{"uv":[4.25,4.25,9.25,6.25],"tintindex":0,"rotation":0,"texture":"#2"},"south":{"uv":[4.25,4.25,9.25,6.25],"tintindex":0,"rotation":0,"texture":"#2"},"north":{"uv":[4.25,4.25,9.25,6.25],"tintindex":0,"rotation":0,"texture":"#2"},"west":{"uv":[4.25,4.25,9.25,6.25],"tintindex":0,"rotation":0,"texture":"#2"},"up":{"uv":[4.25,4.25,9.25,6.25],"tintindex":0,"rotation":0,"texture":"#2"},"down":{"uv":[4.25,4.25,9.25,6.25],"tintindex":0,"rotation":0,"texture":"#2"}}},{"from":[3.7738812,6.937122,-4.57078],"to":[9.440895,9.135585,-3.4637659],"faces":{"east":{"uv":[0.0,0.0,6.5,1.75],"tintindex":0,"rotation":0,"texture":"#2"},"south":{"uv":[0.0,0.0,6.5,1.75],"tintindex":0,"rotation":0,"texture":"#2"},"north":{"uv":[0.0,0.0,6.5,1.75],"tintindex":0,"rotation":0,"texture":"#2"},"west":{"uv":[0.0,0.0,6.5,1.75],"tintindex":0,"rotation":0,"texture":"#2"},"up":{"uv":[0.0,0.0,6.5,1.75],"tintindex":0,"rotation":0,"texture":"#2"},"down":{"uv":[0.0,0.0,6.5,1.75],"tintindex":0,"rotation":0,"texture":"#2"}},"rotation":{"origin":[-3.83,8.881353,7.2451153],"angle":-45.0,"axis":"y"}},{"from":[6.484593,6.9302216,4.269708],"to":[12.055407,9.142486,5.3905225],"faces":{"east":{"uv":[0.0,0.0,6.5,1.75],"tintindex":0,"rotation":0,"texture":"#2"},"south":{"uv":[0.0,0.0,6.5,1.75],"tintindex":0,"rotation":0,"texture":"#2"},"north":{"uv":[0.0,0.0,6.5,1.75],"tintindex":0,"rotation":0,"texture":"#2"},"west":{"uv":[0.0,0.0,6.5,1.75],"tintindex":0,"rotation":0,"texture":"#2"},"up":{"uv":[0.0,0.0,6.5,1.75],"tintindex":0,"rotation":0,"texture":"#2"},"down":{"uv":[0.0,0.0,6.5,1.75],"tintindex":0,"rotation":0,"texture":"#2"}}}],"display":{"gui":{"rotation":[30,225,0]}}}