{"textures":{"2":"modelengine:entity/1texture","5":"modelengine:entity/lichkingarmor - copy"},"elements":[{"from":[-5.887944,6.529152,10.3433],"to":[-3.796134,10.020958,12.202358],"faces":{"east":{"uv":[0.0,0.0,6.5,1.75],"tintindex":0,"rotation":0,"texture":"#2"},"south":{"uv":[0.0,0.0,6.5,1.75],"tintindex":0,"rotation":0,"texture":"#2"},"north":{"uv":[0.0,0.0,6.5,1.75],"tintindex":0,"rotation":0,"texture":"#2"},"west":{"uv":[0.0,0.0,6.5,1.75],"tintindex":0,"rotation":0,"texture":"#2"},"up":{"uv":[0.0,0.0,6.5,1.75],"tintindex":0,"rotation":0,"texture":"#2"},"down":{"uv":[0.0,0.0,6.5,1.75],"tintindex":0,"rotation":0,"texture":"#2"}},"rotation":{"origin":[-5.5256414,9.696075,8.559206],"angle":45.0,"axis":"z"}},{"from":[6.490735,6.780075,3.5802584],"to":[9.482546,14.271889,5.5720696],"faces":{"east":{"uv":[1.5625,2.75,1.875,3.09375],"tintindex":0,"rotation":0,"texture":"#5"},"south":{"uv":[1.5625,2.75,1.875,3.09375],"tintindex":0,"rotation":0,"texture":"#5"},"north":{"uv":[1.5625,2.75,1.875,3.09375],"tintindex":0,"rotation":0,"texture":"#5"},"west":{"uv":[1.5625,2.75,1.875,3.09375],"tintindex":0,"rotation":0,"texture":"#5"},"up":{"uv":[1.5625,2.75,1.875,3.09375],"tintindex":0,"rotation":0,"texture":"#5"},"down":{"uv":[1.5625,2.75,1.875,3.09375],"tintindex":0,"rotation":0,"texture":"#5"}},"rotation":{"origin":[7.48664,11.342613,5.5633],"angle":45.0,"axis":"x"}},{"from":[3.1990547,0.52280045,11.699736],"to":[5.1908665,4.506424,13.691547],"faces":{"east":{"uv":[5.5,0.34375,5.9375,0.4375],"tintindex":0,"rotation":0,"texture":"#5"},"south":{"uv":[5.5,0.34375,5.9375,0.4375],"tintindex":0,"rotation":0,"texture":"#5"},"north":{"uv":[5.5,0.34375,5.9375,0.4375],"tintindex":0,"rotation":0,"texture":"#5"},"west":{"uv":[5.5,0.34375,5.9375,0.4375],"tintindex":0,"rotation":0,"texture":"#5"},"up":{"uv":[5.5,0.34375,5.9375,0.4375],"tintindex":0,"rotation":0,"texture":"#5"},"down":{"uv":[5.5,0.34375,5.9375,0.4375],"tintindex":0,"rotation":0,"texture":"#5"}},"rotation":{"origin":[9.163456,-3.2633133,13.915642],"angle":-22.5,"axis":"z"}},{"from":[6.4827676,3.5352342,0.9269096],"to":[9.490513,9.526598,2.934656],"faces":{"east":{"uv":[1.5625,2.75,1.875,3.09375],"tintindex":0,"rotation":0,"texture":"#5"},"south":{"uv":[1.5625,2.75,1.875,3.09375],"tintindex":0,"rotation":0,"texture":"#5"},"north":{"uv":[1.5625,2.75,1.875,3.09375],"tintindex":0,"rotation":0,"texture":"#5"},"west":{"uv":[1.5625,2.75,1.875,3.09375],"tintindex":0,"rotation":0,"texture":"#5"},"up":{"uv":[1.5625,2.75,1.875,3.09375],"tintindex":0,"rotation":0,"texture":"#5"},"down":{"uv":[1.5625,2.75,1.875,3.09375],"tintindex":0,"rotation":0,"texture":"#5"}}},{"from":[6.4787836,3.5392163,11.703719],"to":[9.462628,9.506682,13.687564],"faces":{"east":{"uv":[1.5625,2.75,1.875,3.09375],"tintindex":0,"rotation":0,"texture":"#5"},"south":{"uv":[1.5625,2.75,1.875,3.09375],"tintindex":0,"rotation":0,"texture":"#5"},"north":{"uv":[1.5625,2.75,1.875,3.09375],"tintindex":0,"rotation":0,"texture":"#5"},"west":{"uv":[1.5625,2.75,1.875,3.09375],"tintindex":0,"rotation":0,"texture":"#5"},"up":{"uv":[1.5625,2.75,1.875,3.09375],"tintindex":0,"rotation":0,"texture":"#5"},"down":{"uv":[1.5625,2.75,1.875,3.09375],"tintindex":0,"rotation":0,"texture":"#5"}}},{"from":[6.4987025,7.8773446,15.331749],"to":[9.474579,16.853224,17.307627],"faces":{"east":{"uv":[1.5625,2.75,1.875,3.09375],"tintindex":0,"rotation":0,"texture":"#5"},"south":{"uv":[1.5625,2.75,1.875,3.09375],"tintindex":0,"rotation":0,"texture":"#5"},"north":{"uv":[1.5625,2.75,1.875,3.09375],"tintindex":0,"rotation":0,"texture":"#5"},"west":{"uv":[1.5625,2.75,1.875,3.09375],"tintindex":0,"rotation":0,"texture":"#5"},"up":{"uv":[1.5625,2.75,1.875,3.09375],"tintindex":0,"rotation":0,"texture":"#5"},"down":{"uv":[1.5625,2.75,1.875,3.09375],"tintindex":0,"rotation":0,"texture":"#5"}},"rotation":{"origin":[7.48664,4.342613,13.522358],"angle":-45.0,"axis":"x"}},{"from":[-5.887944,6.529152,3.3433003],"to":[-3.796134,10.020958,5.2023582],"faces":{"east":{"uv":[0.0,0.0,6.5,1.75],"tintindex":0,"rotation":0,"texture":"#2"},"south":{"uv":[0.0,0.0,6.5,1.75],"tintindex":0,"rotation":0,"texture":"#2"},"north":{"uv":[0.0,0.0,6.5,1.75],"tintindex":0,"rotation":0,"texture":"#2"},"west":{"uv":[0.0,0.0,6.5,1.75],"tintindex":0,"rotation":0,"texture":"#2"},"up":{"uv":[0.0,0.0,6.5,1.75],"tintindex":0,"rotation":0,"texture":"#2"},"down":{"uv":[0.0,0.0,6.5,1.75],"tintindex":0,"rotation":0,"texture":"#2"}},"rotation":{"origin":[-5.5256414,9.696075,8.559206],"angle":45.0,"axis":"z"}},{"from":[-5.887944,6.529152,7.0433],"to":[-3.796134,10.020958,8.902358],"faces":{"east":{"uv":[0.0,0.0,6.5,1.75],"tintindex":0,"rotation":0,"texture":"#2"},"south":{"uv":[0.0,0.0,6.5,1.75],"tintindex":0,"rotation":0,"texture":"#2"},"north":{"uv":[0.0,0.0,6.5,1.75],"tintindex":0,"rotation":0,"texture":"#2"},"west":{"uv":[0.0,0.0,6.5,1.75],"tintindex":0,"rotation":0,"texture":"#2"},"up":{"uv":[0.0,0.0,6.5,1.75],"tintindex":0,"rotation":0,"texture":"#2"},"down":{"uv":[0.0,0.0,6.5,1.75],"tintindex":0,"rotation":0,"texture":"#2"}},"rotation":{"origin":[-5.5256414,9.696075,8.559206],"angle":45.0,"axis":"z"}}],"display":{"gui":{"rotation":[30,225,0]}}}