{"textures":{"5":"modelengine:entity/lichkingarmor - copy"},"elements":[{"from":[3.3599997,5.2980003,3.824],"to":[10.624001,12.402,12.872],"faces":{"east":{"uv":[3.6875,4.415625,4.0625,4.5625],"tintindex":0,"rotation":0,"texture":"#5"},"south":{"uv":[3.6875,4.415625,4.0625,4.5625],"tintindex":0,"rotation":0,"texture":"#5"},"north":{"uv":[3.6875,4.415625,4.0625,4.5625],"tintindex":0,"rotation":0,"texture":"#5"},"west":{"uv":[3.6875,4.415625,4.0625,4.5625],"tintindex":0,"rotation":0,"texture":"#5"},"up":{"uv":[3.6875,4.415625,4.0625,4.5625],"tintindex":0,"rotation":0,"texture":"#5"},"down":{"uv":[3.6875,4.415625,4.0625,4.5625],"tintindex":0,"rotation":0,"texture":"#5"}}},{"from":[2.4320002,5.21,-1.0480003],"to":[11.32,11.242001,7.304],"faces":{"east":{"uv":[3.6875,4.415625,4.0625,4.5625],"tintindex":0,"rotation":0,"texture":"#5"},"south":{"uv":[3.6875,4.415625,4.0625,4.5625],"tintindex":0,"rotation":0,"texture":"#5"},"north":{"uv":[3.6875,4.415625,4.0625,4.5625],"tintindex":0,"rotation":0,"texture":"#5"},"west":{"uv":[3.6875,4.415625,4.0625,4.5625],"tintindex":0,"rotation":0,"texture":"#5"},"up":{"uv":[3.6875,4.415625,4.0625,4.5625],"tintindex":0,"rotation":0,"texture":"#5"},"down":{"uv":[3.6875,4.415625,4.0625,4.5625],"tintindex":0,"rotation":0,"texture":"#5"}}}],"display":{"gui":{"rotation":[30,225,0]}}}