{"textures":{"5":"modelengine:entity/lichkingarmor - copy"},"elements":[{"from":[3.592,4.682,11.944],"to":[10.392,10.714001,15.191999],"faces":{"east":{"uv":[3.6875,4.415625,4.0625,4.5625],"tintindex":0,"rotation":0,"texture":"#5"},"south":{"uv":[3.6875,4.415625,4.0625,4.5625],"tintindex":0,"rotation":0,"texture":"#5"},"north":{"uv":[3.6875,4.415625,4.0625,4.5625],"tintindex":0,"rotation":0,"texture":"#5"},"west":{"uv":[3.6875,4.415625,4.0625,4.5625],"tintindex":0,"rotation":0,"texture":"#5"},"up":{"uv":[3.6875,4.415625,4.0625,4.5625],"tintindex":0,"rotation":0,"texture":"#5"},"down":{"uv":[3.6875,4.415625,4.0625,4.5625],"tintindex":0,"rotation":0,"texture":"#5"}}},{"from":[7.1460953,4.156413,6.84],"to":[12.554094,12.508413,12.639999],"faces":{"east":{"uv":[3.6875,4.415625,4.0625,4.5625],"tintindex":0,"rotation":0,"texture":"#5"},"south":{"uv":[3.6875,4.415625,4.0625,4.5625],"tintindex":0,"rotation":0,"texture":"#5"},"north":{"uv":[3.6875,4.415625,4.0625,4.5625],"tintindex":0,"rotation":0,"texture":"#5"},"west":{"uv":[3.6875,4.415625,4.0625,4.5625],"tintindex":0,"rotation":0,"texture":"#5"},"up":{"uv":[3.6875,4.415625,4.0625,4.5625],"tintindex":0,"rotation":0,"texture":"#5"},"down":{"uv":[3.6875,4.415625,4.0625,4.5625],"tintindex":0,"rotation":0,"texture":"#5"}},"rotation":{"origin":[10.032,9.969999,8.9279995],"angle":-22.5,"axis":"z"}},{"from":[2.664,-4.366,6.376],"to":[11.087999,12.337999,13.336],"faces":{"east":{"uv":[3.6875,4.415625,4.0625,4.5625],"tintindex":0,"rotation":0,"texture":"#5"},"south":{"uv":[3.6875,4.415625,4.0625,4.5625],"tintindex":0,"rotation":0,"texture":"#5"},"north":{"uv":[3.6875,4.415625,4.0625,4.5625],"tintindex":0,"rotation":0,"texture":"#5"},"west":{"uv":[3.6875,4.415625,4.0625,4.5625],"tintindex":0,"rotation":0,"texture":"#5"},"up":{"uv":[3.6875,4.415625,4.0625,4.5625],"tintindex":0,"rotation":0,"texture":"#5"},"down":{"uv":[3.6875,4.415625,4.0625,4.5625],"tintindex":0,"rotation":0,"texture":"#5"}}},{"from":[3.3599997,-0.32509518,11.796432],"to":[10.624001,5.938905,14.812431],"faces":{"east":{"uv":[3.6875,4.415625,4.0625,4.5625],"tintindex":0,"rotation":0,"texture":"#5"},"south":{"uv":[3.6875,4.415625,4.0625,4.5625],"tintindex":0,"rotation":0,"texture":"#5"},"north":{"uv":[3.6875,4.415625,4.0625,4.5625],"tintindex":0,"rotation":0,"texture":"#5"},"west":{"uv":[3.6875,4.415625,4.0625,4.5625],"tintindex":0,"rotation":0,"texture":"#5"},"up":{"uv":[3.6875,4.415625,4.0625,4.5625],"tintindex":0,"rotation":0,"texture":"#5"},"down":{"uv":[3.6875,4.415625,4.0625,4.5625],"tintindex":0,"rotation":0,"texture":"#5"}},"rotation":{"origin":[6.732,3.7699995,12.9279995],"angle":22.5,"axis":"x"}}],"display":{"gui":{"rotation":[30,225,0]}}}