{"textures":{"2":"modelengine:entity/1texture","5":"modelengine:entity/lichkingarmor - copy"},"elements":[{"from":[6.0532923,9.451561,11.005003],"to":[10.693292,12.699562,14.253004],"faces":{"east":{"uv":[0.0,0.0,6.5,1.75],"tintindex":0,"rotation":0,"texture":"#2"},"south":{"uv":[0.0,0.0,6.5,1.75],"tintindex":0,"rotation":0,"texture":"#2"},"north":{"uv":[0.0,0.0,6.5,1.75],"tintindex":0,"rotation":0,"texture":"#2"},"west":{"uv":[0.0,0.0,6.5,1.75],"tintindex":0,"rotation":0,"texture":"#2"},"up":{"uv":[0.0,0.0,6.5,1.75],"tintindex":0,"rotation":0,"texture":"#2"},"down":{"uv":[0.0,0.0,6.5,1.75],"tintindex":0,"rotation":0,"texture":"#2"}},"rotation":{"origin":[7.781291,13.762085,11.8232155],"angle":22.5,"axis":"x"}},{"from":[7.097291,12.12925,11.260391],"to":[9.649291,14.769249,13.812391],"faces":{"east":{"uv":[0.0,0.0,6.5,1.75],"tintindex":0,"rotation":0,"texture":"#2"},"south":{"uv":[0.0,0.0,6.5,1.75],"tintindex":0,"rotation":0,"texture":"#2"},"north":{"uv":[0.0,0.0,6.5,1.75],"tintindex":0,"rotation":0,"texture":"#2"},"west":{"uv":[0.0,0.0,6.5,1.75],"tintindex":0,"rotation":0,"texture":"#2"},"up":{"uv":[0.0,0.0,6.5,1.75],"tintindex":0,"rotation":0,"texture":"#2"},"down":{"uv":[0.0,0.0,6.5,1.75],"tintindex":0,"rotation":0,"texture":"#2"}},"rotation":{"origin":[7.781291,13.762085,11.8232155],"angle":22.5,"axis":"x"}},{"from":[6.0532923,10.282089,5.6672153],"to":[10.693292,13.53009,8.9152155],"faces":{"east":{"uv":[0.0,0.0,6.5,1.75],"tintindex":0,"rotation":0,"texture":"#2"},"south":{"uv":[0.0,0.0,6.5,1.75],"tintindex":0,"rotation":0,"texture":"#2"},"north":{"uv":[0.0,0.0,6.5,1.75],"tintindex":0,"rotation":0,"texture":"#2"},"west":{"uv":[0.0,0.0,6.5,1.75],"tintindex":0,"rotation":0,"texture":"#2"},"up":{"uv":[0.0,0.0,6.5,1.75],"tintindex":0,"rotation":0,"texture":"#2"},"down":{"uv":[0.0,0.0,6.5,1.75],"tintindex":0,"rotation":0,"texture":"#2"}}},{"from":[7.097291,12.304138,5.870825],"to":[9.649291,16.744133,8.422825],"faces":{"east":{"uv":[0.0,0.0,6.5,1.75],"tintindex":0,"rotation":0,"texture":"#2"},"south":{"uv":[0.0,0.0,6.5,1.75],"tintindex":0,"rotation":0,"texture":"#2"},"north":{"uv":[0.0,0.0,6.5,1.75],"tintindex":0,"rotation":0,"texture":"#2"},"west":{"uv":[0.0,0.0,6.5,1.75],"tintindex":0,"rotation":0,"texture":"#2"},"up":{"uv":[0.0,0.0,6.5,1.75],"tintindex":0,"rotation":0,"texture":"#2"},"down":{"uv":[0.0,0.0,6.5,1.75],"tintindex":0,"rotation":0,"texture":"#2"}}},{"from":[8.223965,-0.77841187,11.699736],"to":[11.215776,3.2052116,13.691547],"faces":{"east":{"uv":[1.5625,2.75,1.875,3.09375],"tintindex":0,"rotation":0,"texture":"#5"},"south":{"uv":[1.5625,2.75,1.875,3.09375],"tintindex":0,"rotation":0,"texture":"#5"},"north":{"uv":[1.5625,2.75,1.875,3.09375],"tintindex":0,"rotation":0,"texture":"#5"},"west":{"uv":[1.5625,2.75,1.875,3.09375],"tintindex":0,"rotation":0,"texture":"#5"},"up":{"uv":[1.5625,2.75,1.875,3.09375],"tintindex":0,"rotation":0,"texture":"#5"},"down":{"uv":[1.5625,2.75,1.875,3.09375],"tintindex":0,"rotation":0,"texture":"#5"}},"rotation":{"origin":[14.188366,-4.5645256,13.915642],"angle":-22.5,"axis":"z"}},{"from":[11.503694,4.1380014,11.703719],"to":[13.487538,10.105468,13.687564],"faces":{"east":{"uv":[5.5,0.34375,5.9375,0.4375],"tintindex":0,"rotation":0,"texture":"#5"},"south":{"uv":[5.5,0.34375,5.9375,0.4375],"tintindex":0,"rotation":0,"texture":"#5"},"north":{"uv":[5.5,0.34375,5.9375,0.4375],"tintindex":0,"rotation":0,"texture":"#5"},"west":{"uv":[5.5,0.34375,5.9375,0.4375],"tintindex":0,"rotation":0,"texture":"#5"},"up":{"uv":[5.5,0.34375,5.9375,0.4375],"tintindex":0,"rotation":0,"texture":"#5"},"down":{"uv":[5.5,0.34375,5.9375,0.4375],"tintindex":0,"rotation":0,"texture":"#5"}}},{"from":[1.7301279,0.48152313,2.5424814],"to":[7.3072,8.0504055,12.103176],"faces":{"east":{"uv":[1.5625,2.75,1.875,3.09375],"tintindex":0,"rotation":0,"texture":"#5"},"south":{"uv":[1.5625,2.75,1.875,3.09375],"tintindex":0,"rotation":0,"texture":"#5"},"north":{"uv":[1.5625,2.75,1.875,3.09375],"tintindex":0,"rotation":0,"texture":"#5"},"west":{"uv":[1.5625,2.75,1.875,3.09375],"tintindex":0,"rotation":0,"texture":"#5"},"up":{"uv":[1.5625,2.75,1.875,3.09375],"tintindex":0,"rotation":0,"texture":"#5"},"down":{"uv":[1.5625,2.75,1.875,3.09375],"tintindex":0,"rotation":0,"texture":"#5"}},"rotation":{"origin":[3.607541,6.0284576,9.530546],"angle":22.5,"axis":"z"}},{"from":[7.097291,10.70414,0.5708251],"to":[9.649291,12.444138,3.1228251],"faces":{"east":{"uv":[0.0,0.0,6.5,1.75],"tintindex":0,"rotation":0,"texture":"#2"},"south":{"uv":[0.0,0.0,6.5,1.75],"tintindex":0,"rotation":0,"texture":"#2"},"north":{"uv":[0.0,0.0,6.5,1.75],"tintindex":0,"rotation":0,"texture":"#2"},"west":{"uv":[0.0,0.0,6.5,1.75],"tintindex":0,"rotation":0,"texture":"#2"},"up":{"uv":[0.0,0.0,6.5,1.75],"tintindex":0,"rotation":0,"texture":"#2"},"down":{"uv":[0.0,0.0,6.5,1.75],"tintindex":0,"rotation":0,"texture":"#2"}},"rotation":{"origin":[7.6812916,12.1620865,0.7232151],"angle":-22.5,"axis":"x"}},{"from":[5.54021,0.27211,2.3433003],"to":[12.315644,10.231171,12.302359],"faces":{"east":{"uv":[1.5625,2.75,1.875,3.09375],"tintindex":0,"rotation":0,"texture":"#5"},"south":{"uv":[1.5625,2.75,1.875,3.09375],"tintindex":0,"rotation":0,"texture":"#5"},"north":{"uv":[1.5625,2.75,1.875,3.09375],"tintindex":0,"rotation":0,"texture":"#5"},"west":{"uv":[1.5625,2.75,1.875,3.09375],"tintindex":0,"rotation":0,"texture":"#5"},"up":{"uv":[1.5625,2.75,1.875,3.09375],"tintindex":0,"rotation":0,"texture":"#5"},"down":{"uv":[1.5625,2.75,1.875,3.09375],"tintindex":0,"rotation":0,"texture":"#5"}}},{"from":[6.0532923,7.688137,-0.35717487],"to":[10.693292,10.936134,2.8908253],"faces":{"east":{"uv":[0.0,0.0,6.5,1.75],"tintindex":0,"rotation":0,"texture":"#2"},"south":{"uv":[0.0,0.0,6.5,1.75],"tintindex":0,"rotation":0,"texture":"#2"},"north":{"uv":[0.0,0.0,6.5,1.75],"tintindex":0,"rotation":0,"texture":"#2"},"west":{"uv":[0.0,0.0,6.5,1.75],"tintindex":0,"rotation":0,"texture":"#2"},"up":{"uv":[0.0,0.0,6.5,1.75],"tintindex":0,"rotation":0,"texture":"#2"},"down":{"uv":[0.0,0.0,6.5,1.75],"tintindex":0,"rotation":0,"texture":"#2"}},"rotation":{"origin":[7.6812916,12.1620865,0.7232151],"angle":-45.0,"axis":"x"}}],"display":{"gui":{"rotation":[30,225,0]}}}