{"textures":{"5":"modelengine:entity/lichkingarmor - copy"},"elements":[{"from":[4.6899996,-0.77199936,4.3599997],"to":[8.836,10.085999,11.168],"faces":{"east":{"uv":[5.9375,5.0,5.71875,5.3],"tintindex":0,"rotation":0,"texture":"#5"},"south":{"uv":[5.9375,5.0,5.71875,5.3],"tintindex":0,"rotation":0,"texture":"#5"},"north":{"uv":[5.9375,5.0,5.71875,5.3],"tintindex":0,"rotation":0,"texture":"#5"},"west":{"uv":[5.9375,5.0,5.71875,5.3],"tintindex":0,"rotation":0,"texture":"#5"},"up":{"uv":[5.9375,5.0,5.71875,5.3],"tintindex":0,"rotation":0,"texture":"#5"},"down":{"uv":[5.9375,5.0,5.71875,5.3],"tintindex":0,"rotation":0,"texture":"#5"}}},{"from":[4.326001,-3.1920013,4.3859997],"to":[11.7560005,5.487999,10.2],"faces":{"east":{"uv":[5.9375,5.0,5.71875,5.3],"tintindex":0,"rotation":0,"texture":"#5"},"south":{"uv":[5.9375,5.0,5.71875,5.3],"tintindex":0,"rotation":0,"texture":"#5"},"north":{"uv":[5.9375,5.0,5.71875,5.3],"tintindex":0,"rotation":0,"texture":"#5"},"west":{"uv":[5.9375,5.0,5.71875,5.3],"tintindex":0,"rotation":0,"texture":"#5"},"up":{"uv":[5.9375,5.0,5.71875,5.3],"tintindex":0,"rotation":0,"texture":"#5"},"down":{"uv":[5.9375,5.0,5.71875,5.3],"tintindex":0,"rotation":0,"texture":"#5"}}}],"display":{"gui":{"rotation":[30,225,0]}}}