{"textures":{"5":"modelengine:entity/lichkingarmor - copy"},"elements":[{"from":[6.309761,1.9096165,9.521713],"to":[10.907761,3.3296165,12.183714],"faces":{"east":{"uv":[5.9375,5.0,5.71875,5.3],"tintindex":0,"rotation":0,"texture":"#5"},"south":{"uv":[5.9375,5.0,5.71875,5.3],"tintindex":0,"rotation":0,"texture":"#5"},"north":{"uv":[5.9375,5.0,5.71875,5.3],"tintindex":0,"rotation":0,"texture":"#5"},"west":{"uv":[5.9375,5.0,5.71875,5.3],"tintindex":0,"rotation":0,"texture":"#5"},"up":{"uv":[5.9375,5.0,5.71875,5.3],"tintindex":0,"rotation":0,"texture":"#5"},"down":{"uv":[5.9375,5.0,5.71875,5.3],"tintindex":0,"rotation":0,"texture":"#5"}},"rotation":{"origin":[8.764158,0.5869732,11.2157135],"angle":45.0,"axis":"z"}},{"from":[1.624157,3.1229725,4.9237137],"to":[6.8281574,8.898972,11.457713],"faces":{"east":{"uv":[5.9375,5.0,5.71875,5.3],"tintindex":0,"rotation":0,"texture":"#5"},"south":{"uv":[5.9375,5.0,5.71875,5.3],"tintindex":0,"rotation":0,"texture":"#5"},"north":{"uv":[5.9375,5.0,5.71875,5.3],"tintindex":0,"rotation":0,"texture":"#5"},"west":{"uv":[5.9375,5.0,5.71875,5.3],"tintindex":0,"rotation":0,"texture":"#5"},"up":{"uv":[5.9375,5.0,5.71875,5.3],"tintindex":0,"rotation":0,"texture":"#5"},"down":{"uv":[5.9375,5.0,5.71875,5.3],"tintindex":0,"rotation":0,"texture":"#5"}},"rotation":{"origin":[5.860158,4.994972,7.5857134],"angle":-22.5,"axis":"z"}},{"from":[6.6004057,7.8350563,10.005713],"to":[9.020406,10.707054,12.667713],"faces":{"east":{"uv":[5.9375,5.0,5.71875,5.3],"tintindex":0,"rotation":0,"texture":"#5"},"south":{"uv":[5.9375,5.0,5.71875,5.3],"tintindex":0,"rotation":0,"texture":"#5"},"north":{"uv":[5.9375,5.0,5.71875,5.3],"tintindex":0,"rotation":0,"texture":"#5"},"west":{"uv":[5.9375,5.0,5.71875,5.3],"tintindex":0,"rotation":0,"texture":"#5"},"up":{"uv":[5.9375,5.0,5.71875,5.3],"tintindex":0,"rotation":0,"texture":"#5"},"down":{"uv":[5.9375,5.0,5.71875,5.3],"tintindex":0,"rotation":0,"texture":"#5"}},"rotation":{"origin":[13.604158,2.522972,11.2157135],"angle":45.0,"axis":"z"}},{"from":[6.6004057,7.8350563,4.4397135],"to":[9.020406,10.707054,7.101713],"faces":{"east":{"uv":[5.9375,5.0,5.71875,5.3],"tintindex":0,"rotation":0,"texture":"#5"},"south":{"uv":[5.9375,5.0,5.71875,5.3],"tintindex":0,"rotation":0,"texture":"#5"},"north":{"uv":[5.9375,5.0,5.71875,5.3],"tintindex":0,"rotation":0,"texture":"#5"},"west":{"uv":[5.9375,5.0,5.71875,5.3],"tintindex":0,"rotation":0,"texture":"#5"},"up":{"uv":[5.9375,5.0,5.71875,5.3],"tintindex":0,"rotation":0,"texture":"#5"},"down":{"uv":[5.9375,5.0,5.71875,5.3],"tintindex":0,"rotation":0,"texture":"#5"}},"rotation":{"origin":[13.604158,2.522972,5.6497135],"angle":45.0,"axis":"z"}},{"from":[6.8281574,5.5429726,6.617713],"to":[10.942158,8.898972,11.457713],"faces":{"east":{"uv":[5.9375,5.0,5.71875,5.3],"tintindex":0,"rotation":0,"texture":"#5"},"south":{"uv":[5.9375,5.0,5.71875,5.3],"tintindex":0,"rotation":0,"texture":"#5"},"north":{"uv":[5.9375,5.0,5.71875,5.3],"tintindex":0,"rotation":0,"texture":"#5"},"west":{"uv":[5.9375,5.0,5.71875,5.3],"tintindex":0,"rotation":0,"texture":"#5"},"up":{"uv":[5.9375,5.0,5.71875,5.3],"tintindex":0,"rotation":0,"texture":"#5"},"down":{"uv":[5.9375,5.0,5.71875,5.3],"tintindex":0,"rotation":0,"texture":"#5"}},"rotation":{"origin":[5.860158,4.994972,7.5857134],"angle":-22.5,"axis":"z"}},{"from":[7.3121576,7.720974,5.4077134],"to":[11.910158,9.382973,8.069714],"faces":{"east":{"uv":[5.9375,5.0,5.71875,5.3],"tintindex":0,"rotation":0,"texture":"#5"},"south":{"uv":[5.9375,5.0,5.71875,5.3],"tintindex":0,"rotation":0,"texture":"#5"},"north":{"uv":[5.9375,5.0,5.71875,5.3],"tintindex":0,"rotation":0,"texture":"#5"},"west":{"uv":[5.9375,5.0,5.71875,5.3],"tintindex":0,"rotation":0,"texture":"#5"},"up":{"uv":[5.9375,5.0,5.71875,5.3],"tintindex":0,"rotation":0,"texture":"#5"},"down":{"uv":[5.9375,5.0,5.71875,5.3],"tintindex":0,"rotation":0,"texture":"#5"}},"rotation":{"origin":[5.860158,4.994972,7.5857134],"angle":-45.0,"axis":"z"}},{"from":[6.5517607,1.4256172,4.681713],"to":[11.149761,2.8456173,7.3437133],"faces":{"east":{"uv":[5.9375,5.0,5.71875,5.3],"tintindex":0,"rotation":0,"texture":"#5"},"south":{"uv":[5.9375,5.0,5.71875,5.3],"tintindex":0,"rotation":0,"texture":"#5"},"north":{"uv":[5.9375,5.0,5.71875,5.3],"tintindex":0,"rotation":0,"texture":"#5"},"west":{"uv":[5.9375,5.0,5.71875,5.3],"tintindex":0,"rotation":0,"texture":"#5"},"up":{"uv":[5.9375,5.0,5.71875,5.3],"tintindex":0,"rotation":0,"texture":"#5"},"down":{"uv":[5.9375,5.0,5.71875,5.3],"tintindex":0,"rotation":0,"texture":"#5"}},"rotation":{"origin":[8.764158,0.5869732,5.6497135],"angle":22.5,"axis":"z"}}],"display":{"gui":{"rotation":[30,225,0]}}}