{"textures":{"5":"modelengine:entity/lichkingarmor - copy"},"elements":[{"from":[9.669725,2.0984168,3.1472535],"to":[15.246798,12.667299,12.707949],"faces":{"east":{"uv":[1.5625,2.75,1.875,3.09375],"tintindex":0,"rotation":0,"texture":"#5"},"south":{"uv":[1.5625,2.75,1.875,3.09375],"tintindex":0,"rotation":0,"texture":"#5"},"north":{"uv":[1.5625,2.75,1.875,3.09375],"tintindex":0,"rotation":0,"texture":"#5"},"west":{"uv":[1.5625,2.75,1.875,3.09375],"tintindex":0,"rotation":0,"texture":"#5"},"up":{"uv":[1.5625,2.75,1.875,3.09375],"tintindex":0,"rotation":0,"texture":"#5"},"down":{"uv":[1.5625,2.75,1.875,3.09375],"tintindex":0,"rotation":0,"texture":"#5"}},"rotation":{"origin":[7.8000374,9.736797,9.799647],"angle":-22.5,"axis":"z"}},{"from":[3.3852518,3.5504587,12.315775],"to":[5.3929973,12.541822,14.323521],"faces":{"east":{"uv":[5.5,0.34375,5.9375,0.4375],"tintindex":0,"rotation":0,"texture":"#5"},"south":{"uv":[5.5,0.34375,5.9375,0.4375],"tintindex":0,"rotation":0,"texture":"#5"},"north":{"uv":[5.5,0.34375,5.9375,0.4375],"tintindex":0,"rotation":0,"texture":"#5"},"west":{"uv":[5.5,0.34375,5.9375,0.4375],"tintindex":0,"rotation":0,"texture":"#5"},"up":{"uv":[5.5,0.34375,5.9375,0.4375],"tintindex":0,"rotation":0,"texture":"#5"},"down":{"uv":[5.5,0.34375,5.9375,0.4375],"tintindex":0,"rotation":0,"texture":"#5"}}},{"from":[5.38503,-0.31145096,2.9480724],"to":[11.360464,12.647602,12.90713],"faces":{"east":{"uv":[1.5625,2.75,1.875,3.09375],"tintindex":0,"rotation":0,"texture":"#5"},"south":{"uv":[1.5625,2.75,1.875,3.09375],"tintindex":0,"rotation":0,"texture":"#5"},"north":{"uv":[1.5625,2.75,1.875,3.09375],"tintindex":0,"rotation":0,"texture":"#5"},"west":{"uv":[1.5625,2.75,1.875,3.09375],"tintindex":0,"rotation":0,"texture":"#5"},"up":{"uv":[1.5625,2.75,1.875,3.09375],"tintindex":0,"rotation":0,"texture":"#5"},"down":{"uv":[1.5625,2.75,1.875,3.09375],"tintindex":0,"rotation":0,"texture":"#5"}}}],"display":{"gui":{"rotation":[30,225,0]}}}