{"textures":{"2":"modelengine:entity/1texture","5":"modelengine:entity/lichkingarmor - copy"},"elements":[{"from":[4.056733,0.4385929,4.797588],"to":[6.7227335,8.795248,5.703812],"faces":{"east":{"uv":[3.6875,4.415625,4.0625,4.5625],"tintindex":0,"rotation":0,"texture":"#5"},"south":{"uv":[3.6875,4.415625,4.0625,4.5625],"tintindex":0,"rotation":0,"texture":"#5"},"north":{"uv":[3.6875,4.415625,4.0625,4.5625],"tintindex":0,"rotation":0,"texture":"#5"},"west":{"uv":[3.6875,4.415625,4.0625,4.5625],"tintindex":0,"rotation":0,"texture":"#5"},"up":{"uv":[3.6875,4.415625,4.0625,4.5625],"tintindex":0,"rotation":0,"texture":"#5"},"down":{"uv":[3.6875,4.415625,4.0625,4.5625],"tintindex":0,"rotation":0,"texture":"#5"}}},{"from":[4.689533,-2.894207,3.931188],"to":[12.020333,8.795248,5.037412],"faces":{"east":{"uv":[4.25,4.25,9.25,6.25],"tintindex":0,"rotation":0,"texture":"#2"},"south":{"uv":[4.25,4.25,9.25,6.25],"tintindex":0,"rotation":0,"texture":"#2"},"north":{"uv":[4.25,4.25,9.25,6.25],"tintindex":0,"rotation":0,"texture":"#2"},"west":{"uv":[4.25,4.25,9.25,6.25],"tintindex":0,"rotation":0,"texture":"#2"},"up":{"uv":[4.25,4.25,9.25,6.25],"tintindex":0,"rotation":0,"texture":"#2"},"down":{"uv":[4.25,4.25,9.25,6.25],"tintindex":0,"rotation":0,"texture":"#2"}}},{"from":[11.387133,0.4385929,4.597588],"to":[13.153133,8.795248,5.703812],"faces":{"east":{"uv":[3.6875,4.415625,4.0625,4.5625],"tintindex":0,"rotation":0,"texture":"#5"},"south":{"uv":[3.6875,4.415625,4.0625,4.5625],"tintindex":0,"rotation":0,"texture":"#5"},"north":{"uv":[3.6875,4.415625,4.0625,4.5625],"tintindex":0,"rotation":0,"texture":"#5"},"west":{"uv":[3.6875,4.415625,4.0625,4.5625],"tintindex":0,"rotation":0,"texture":"#5"},"up":{"uv":[3.6875,4.415625,4.0625,4.5625],"tintindex":0,"rotation":0,"texture":"#5"},"down":{"uv":[3.6875,4.415625,4.0625,4.5625],"tintindex":0,"rotation":0,"texture":"#5"}}}],"display":{"gui":{"rotation":[30,225,0]}}}