{"textures":{"5":"modelengine:entity/lichkingarmor - copy"},"elements":[{"from":[7.5200005,-7.0459995,5.216],"to":[17.568,7.3380013,12.872],"faces":{"east":{"uv":[3.6875,4.415625,4.0625,4.5625],"tintindex":0,"rotation":0,"texture":"#5"},"south":{"uv":[3.6875,4.415625,4.0625,4.5625],"tintindex":0,"rotation":0,"texture":"#5"},"north":{"uv":[3.6875,4.415625,4.0625,4.5625],"tintindex":0,"rotation":0,"texture":"#5"},"west":{"uv":[3.6875,4.415625,4.0625,4.5625],"tintindex":0,"rotation":0,"texture":"#5"},"up":{"uv":[3.6875,4.415625,4.0625,4.5625],"tintindex":0,"rotation":0,"texture":"#5"},"down":{"uv":[3.6875,4.415625,4.0625,4.5625],"tintindex":0,"rotation":0,"texture":"#5"}}},{"from":[7.0036373,-4.726696,3.5519161],"to":[17.368837,7.708706,14.540716],"faces":{"east":{"uv":[3.6875,4.415625,4.0625,4.5625],"tintindex":0,"rotation":0,"texture":"#5"},"south":{"uv":[3.6875,4.415625,4.0625,4.5625],"tintindex":0,"rotation":0,"texture":"#5"},"north":{"uv":[3.6875,4.415625,4.0625,4.5625],"tintindex":0,"rotation":0,"texture":"#5"},"west":{"uv":[3.6875,4.415625,4.0625,4.5625],"tintindex":0,"rotation":0,"texture":"#5"},"up":{"uv":[3.6875,4.415625,4.0625,4.5625],"tintindex":0,"rotation":0,"texture":"#5"},"down":{"uv":[3.6875,4.415625,4.0625,4.5625],"tintindex":0,"rotation":0,"texture":"#5"}}}],"display":{"gui":{"rotation":[30,225,0]}}}