{"textures":{"3":"modelengine:entity/arthus","5":"modelengine:entity/lichkingarmor - copy"},"elements":[{"from":[3.8900003,-1.2434998,5.874],"to":[8.004,19.9505,10.472],"faces":{"east":{"uv":[5.9375,5.0,5.71875,5.3],"tintindex":0,"rotation":0,"texture":"#5"},"south":{"uv":[5.9375,5.0,5.71875,5.3],"tintindex":0,"rotation":0,"texture":"#5"},"north":{"uv":[5.9375,5.0,5.71875,5.3],"tintindex":0,"rotation":0,"texture":"#5"},"west":{"uv":[5.9375,5.0,5.71875,5.3],"tintindex":0,"rotation":0,"texture":"#5"},"up":{"uv":[5.9375,5.0,5.71875,5.3],"tintindex":0,"rotation":0,"texture":"#5"},"down":{"uv":[5.9375,5.0,5.71875,5.3],"tintindex":0,"rotation":0,"texture":"#5"}}},{"from":[5.0039997,5.092499,6.6],"to":[7.182,19.9505,9.988],"faces":{"east":{"uv":[8.75,5.375,11.0,5.75],"tintindex":0,"rotation":0,"texture":"#3"},"south":{"uv":[8.75,5.375,11.0,5.75],"tintindex":0,"rotation":0,"texture":"#3"},"north":{"uv":[8.75,5.375,11.0,5.75],"tintindex":0,"rotation":0,"texture":"#3"},"west":{"uv":[8.75,5.375,11.0,5.75],"tintindex":0,"rotation":0,"texture":"#3"},"up":{"uv":[8.75,5.375,11.0,5.75],"tintindex":0,"rotation":0,"texture":"#3"},"down":{"uv":[8.75,5.375,11.0,5.75],"tintindex":0,"rotation":0,"texture":"#3"}}}],"display":{"gui":{"rotation":[30,225,0]}}}