{"textures":{"1":"modelengine:entity/artas"},"elements":[{"from":[7.778756,9.677353,6.4703503],"to":[8.726357,10.506351,9.288955],"faces":{"east":{"uv":[0.0,9.5,0.625,10.0],"tintindex":0,"rotation":90,"texture":"#1"},"south":{"uv":[0.0,10.5,0.5,11.0],"tintindex":0,"rotation":90,"texture":"#1"},"north":{"uv":[0.0,10.5,0.5,11.0],"tintindex":0,"rotation":90,"texture":"#1"},"west":{"uv":[5.5,13.125,5.0,13.0],"tintindex":0,"rotation":270,"texture":"#1"},"up":{"uv":[0.0,10.5,0.5,11.0],"tintindex":0,"rotation":90,"texture":"#1"},"down":{"uv":[0.0,10.5,0.5,11.0],"tintindex":0,"rotation":90,"texture":"#1"}}},{"from":[6.7839546,11.335354,6.8019505],"to":[7.731555,12.164356,8.791554],"faces":{"east":{"uv":[5.5,13.125,5.0,13.0],"tintindex":0,"rotation":270,"texture":"#1"},"south":{"uv":[0.0,10.5,0.5,11.0],"tintindex":0,"rotation":90,"texture":"#1"},"north":{"uv":[0.0,10.5,0.5,11.0],"tintindex":0,"rotation":90,"texture":"#1"},"west":{"uv":[5.5,13.125,5.0,13.0],"tintindex":0,"rotation":270,"texture":"#1"},"up":{"uv":[0.0,10.5,0.5,11.0],"tintindex":0,"rotation":90,"texture":"#1"},"down":{"uv":[0.0,10.5,0.5,11.0],"tintindex":0,"rotation":90,"texture":"#1"}}},{"from":[7.778756,10.506351,6.6361504],"to":[8.726357,11.335354,8.957355],"faces":{"east":{"uv":[0.0,9.5,0.625,10.0],"tintindex":0,"rotation":90,"texture":"#1"},"south":{"uv":[0.0,10.5,0.5,11.0],"tintindex":0,"rotation":90,"texture":"#1"},"north":{"uv":[0.0,10.5,0.5,11.0],"tintindex":0,"rotation":90,"texture":"#1"},"west":{"uv":[5.5,13.125,5.0,13.0],"tintindex":0,"rotation":270,"texture":"#1"},"up":{"uv":[0.0,10.5,0.5,11.0],"tintindex":0,"rotation":90,"texture":"#1"},"down":{"uv":[0.0,10.5,0.5,11.0],"tintindex":0,"rotation":90,"texture":"#1"}}},{"from":[7.778756,12.993355,6.13875],"to":[8.726357,13.822357,7.796753],"faces":{"east":{"uv":[11.0,2.375,10.5,2.9296875],"tintindex":0,"rotation":90,"texture":"#1"},"south":{"uv":[0.0,10.5,0.5,11.0],"tintindex":0,"rotation":90,"texture":"#1"},"north":{"uv":[0.0,10.5,0.5,11.0],"tintindex":0,"rotation":90,"texture":"#1"},"west":{"uv":[5.5,13.125,5.0,13.0],"tintindex":0,"rotation":270,"texture":"#1"},"up":{"uv":[0.0,10.5,0.5,11.0],"tintindex":0,"rotation":90,"texture":"#1"},"down":{"uv":[0.0,10.5,0.5,11.0],"tintindex":0,"rotation":90,"texture":"#1"}}},{"from":[7.115555,12.993355,5.80715],"to":[8.394755,13.822357,8.128353],"faces":{"east":{"uv":[5.5,13.125,5.0,13.0],"tintindex":0,"rotation":270,"texture":"#1"},"south":{"uv":[0.0,10.5,0.5,11.0],"tintindex":0,"rotation":90,"texture":"#1"},"north":{"uv":[0.0,10.5,0.5,11.0],"tintindex":0,"rotation":90,"texture":"#1"},"west":{"uv":[5.5,13.125,5.0,13.0],"tintindex":0,"rotation":270,"texture":"#1"},"up":{"uv":[0.0,10.5,0.5,11.0],"tintindex":0,"rotation":90,"texture":"#1"},"down":{"uv":[0.0,10.5,0.5,11.0],"tintindex":0,"rotation":90,"texture":"#1"}}},{"from":[7.778756,13.822357,5.80715],"to":[8.726357,14.319759,7.4651527],"faces":{"east":{"uv":[5.5,13.125,5.0,13.0],"tintindex":0,"rotation":270,"texture":"#1"},"south":{"uv":[0.0,10.5,0.5,11.0],"tintindex":0,"rotation":90,"texture":"#1"},"north":{"uv":[0.0,10.5,0.5,11.0],"tintindex":0,"rotation":90,"texture":"#1"},"west":{"uv":[5.5,13.125,5.0,13.0],"tintindex":0,"rotation":270,"texture":"#1"},"up":{"uv":[0.0,10.5,0.5,11.0],"tintindex":0,"rotation":90,"texture":"#1"},"down":{"uv":[0.0,10.5,0.5,11.0],"tintindex":0,"rotation":90,"texture":"#1"}}},{"from":[6.7839546,8.848351,6.30455],"to":[7.731555,9.677353,9.454755],"faces":{"east":{"uv":[5.5,13.125,5.0,13.0],"tintindex":0,"rotation":270,"texture":"#1"},"south":{"uv":[0.0,10.5,0.5,11.0],"tintindex":0,"rotation":90,"texture":"#1"},"north":{"uv":[0.0,10.5,0.5,11.0],"tintindex":0,"rotation":90,"texture":"#1"},"west":{"uv":[5.5,13.125,5.0,13.0],"tintindex":0,"rotation":270,"texture":"#1"},"up":{"uv":[0.0,10.5,0.5,11.0],"tintindex":0,"rotation":90,"texture":"#1"},"down":{"uv":[0.0,10.5,0.5,11.0],"tintindex":0,"rotation":90,"texture":"#1"}}},{"from":[7.115555,8.18515,6.30455],"to":[8.394755,8.848351,9.620555],"faces":{"east":{"uv":[5.5,13.125,5.0,13.0],"tintindex":0,"rotation":270,"texture":"#1"},"south":{"uv":[0.0,10.5,0.5,11.0],"tintindex":0,"rotation":90,"texture":"#1"},"north":{"uv":[0.0,10.5,0.5,11.0],"tintindex":0,"rotation":90,"texture":"#1"},"west":{"uv":[5.5,13.125,5.0,13.0],"tintindex":0,"rotation":270,"texture":"#1"},"up":{"uv":[0.0,10.5,0.5,11.0],"tintindex":0,"rotation":90,"texture":"#1"},"down":{"uv":[0.0,10.5,0.5,11.0],"tintindex":0,"rotation":90,"texture":"#1"}}},{"from":[6.7471056,4.9812965,6.867197],"to":[8.792254,7.738041,8.826195],"faces":{"east":{"uv":[0.0,9.5,0.625,10.0],"tintindex":0,"rotation":90,"texture":"#1"},"south":{"uv":[0.0,10.5,0.5,11.0],"tintindex":0,"rotation":90,"texture":"#1"},"north":{"uv":[0.0,10.5,0.5,11.0],"tintindex":0,"rotation":90,"texture":"#1"},"west":{"uv":[0.0,9.5,0.625,10.0],"tintindex":0,"rotation":270,"texture":"#1"},"up":{"uv":[0.0,10.5,0.5,11.0],"tintindex":0,"rotation":90,"texture":"#1"},"down":{"uv":[0.0,10.5,0.5,11.0],"tintindex":0,"rotation":90,"texture":"#1"}}},{"from":[7.778756,12.164356,6.4703503],"to":[8.726357,12.993355,8.459953],"faces":{"east":{"uv":[11.0,2.375,10.5,2.9296875],"tintindex":0,"rotation":90,"texture":"#1"},"south":{"uv":[0.0,10.5,0.5,11.0],"tintindex":0,"rotation":90,"texture":"#1"},"north":{"uv":[0.0,10.5,0.5,11.0],"tintindex":0,"rotation":90,"texture":"#1"},"west":{"uv":[5.5,13.125,5.0,13.0],"tintindex":0,"rotation":270,"texture":"#1"},"up":{"uv":[0.0,10.5,0.5,11.0],"tintindex":0,"rotation":90,"texture":"#1"},"down":{"uv":[0.0,10.5,0.5,11.0],"tintindex":0,"rotation":90,"texture":"#1"}}},{"from":[7.115555,14.319759,4.373949],"to":[8.394755,14.817158,7.4651527],"faces":{"east":{"uv":[0.0,10.5,0.5,11.0],"tintindex":0,"rotation":90,"texture":"#1"},"south":{"uv":[0.0,10.5,0.5,11.0],"tintindex":0,"rotation":90,"texture":"#1"},"north":{"uv":[0.0,10.5,0.5,11.0],"tintindex":0,"rotation":90,"texture":"#1"},"west":{"uv":[0.0,10.5,0.5,11.0],"tintindex":0,"rotation":90,"texture":"#1"},"up":{"uv":[0.0,10.5,0.5,11.0],"tintindex":0,"rotation":90,"texture":"#1"},"down":{"uv":[0.0,10.5,0.5,11.0],"tintindex":0,"rotation":90,"texture":"#1"}}},{"from":[6.7839546,14.319759,5.4755497],"to":[7.731555,14.485558,7.1335506],"faces":{"east":{"uv":[5.5,13.125,5.0,13.0],"tintindex":0,"rotation":270,"texture":"#1"},"south":{"uv":[0.0,10.5,0.5,11.0],"tintindex":0,"rotation":90,"texture":"#1"},"north":{"uv":[0.0,10.5,0.5,11.0],"tintindex":0,"rotation":90,"texture":"#1"},"west":{"uv":[5.5,13.125,5.0,13.0],"tintindex":0,"rotation":270,"texture":"#1"},"up":{"uv":[0.0,10.5,0.5,11.0],"tintindex":0,"rotation":90,"texture":"#1"},"down":{"uv":[0.0,10.5,0.5,11.0],"tintindex":0,"rotation":90,"texture":"#1"}}},{"from":[6.7839546,8.18515,6.6361504],"to":[7.731555,8.848351,9.288955],"faces":{"east":{"uv":[5.5,13.125,5.0,13.0],"tintindex":0,"rotation":270,"texture":"#1"},"south":{"uv":[0.0,10.5,0.5,11.0],"tintindex":0,"rotation":90,"texture":"#1"},"north":{"uv":[0.0,10.5,0.5,11.0],"tintindex":0,"rotation":90,"texture":"#1"},"west":{"uv":[5.5,13.125,5.0,13.0],"tintindex":0,"rotation":270,"texture":"#1"},"up":{"uv":[0.0,10.5,0.5,11.0],"tintindex":0,"rotation":90,"texture":"#1"},"down":{"uv":[0.0,10.5,0.5,11.0],"tintindex":0,"rotation":90,"texture":"#1"}}},{"from":[6.7839546,9.677353,6.4703503],"to":[7.731555,10.506351,9.288955],"faces":{"east":{"uv":[5.5,13.125,5.0,13.0],"tintindex":0,"rotation":270,"texture":"#1"},"south":{"uv":[0.0,10.5,0.5,11.0],"tintindex":0,"rotation":90,"texture":"#1"},"north":{"uv":[0.0,10.5,0.5,11.0],"tintindex":0,"rotation":90,"texture":"#1"},"west":{"uv":[5.5,13.125,5.0,13.0],"tintindex":0,"rotation":270,"texture":"#1"},"up":{"uv":[0.0,10.5,0.5,11.0],"tintindex":0,"rotation":90,"texture":"#1"},"down":{"uv":[0.0,10.5,0.5,11.0],"tintindex":0,"rotation":90,"texture":"#1"}}},{"from":[7.115555,10.506351,6.30455],"to":[8.394755,11.335354,9.288955],"faces":{"east":{"uv":[5.5,13.125,5.0,13.0],"tintindex":0,"rotation":270,"texture":"#1"},"south":{"uv":[0.0,10.5,0.5,11.0],"tintindex":0,"rotation":90,"texture":"#1"},"north":{"uv":[0.0,10.5,0.5,11.0],"tintindex":0,"rotation":90,"texture":"#1"},"west":{"uv":[5.5,13.125,5.0,13.0],"tintindex":0,"rotation":270,"texture":"#1"},"up":{"uv":[0.0,10.5,0.5,11.0],"tintindex":0,"rotation":90,"texture":"#1"},"down":{"uv":[0.0,10.5,0.5,11.0],"tintindex":0,"rotation":90,"texture":"#1"}}},{"from":[7.115555,13.822357,5.4755497],"to":[8.394755,14.319759,7.796753],"faces":{"east":{"uv":[5.5,13.125,5.0,13.0],"tintindex":0,"rotation":270,"texture":"#1"},"south":{"uv":[0.0,10.5,0.5,11.0],"tintindex":0,"rotation":90,"texture":"#1"},"north":{"uv":[0.0,10.5,0.5,11.0],"tintindex":0,"rotation":90,"texture":"#1"},"west":{"uv":[5.5,13.125,5.0,13.0],"tintindex":0,"rotation":270,"texture":"#1"},"up":{"uv":[0.0,10.5,0.5,11.0],"tintindex":0,"rotation":90,"texture":"#1"},"down":{"uv":[0.0,10.5,0.5,11.0],"tintindex":0,"rotation":90,"texture":"#1"}}},{"from":[7.115555,11.335354,6.4703503],"to":[8.394755,12.164356,9.123155],"faces":{"east":{"uv":[5.5,13.125,5.0,13.0],"tintindex":0,"rotation":270,"texture":"#1"},"south":{"uv":[0.0,10.5,0.5,11.0],"tintindex":0,"rotation":90,"texture":"#1"},"north":{"uv":[0.0,10.5,0.5,11.0],"tintindex":0,"rotation":90,"texture":"#1"},"west":{"uv":[5.5,13.125,5.0,13.0],"tintindex":0,"rotation":270,"texture":"#1"},"up":{"uv":[0.0,10.5,0.5,11.0],"tintindex":0,"rotation":90,"texture":"#1"},"down":{"uv":[0.0,10.5,0.5,11.0],"tintindex":0,"rotation":90,"texture":"#1"}}},{"from":[7.778756,8.848351,6.30455],"to":[8.726357,9.677353,9.454755],"faces":{"east":{"uv":[0.0,9.5,0.625,10.0],"tintindex":0,"rotation":90,"texture":"#1"},"south":{"uv":[0.0,10.5,0.5,11.0],"tintindex":0,"rotation":90,"texture":"#1"},"north":{"uv":[0.0,10.5,0.5,11.0],"tintindex":0,"rotation":90,"texture":"#1"},"west":{"uv":[5.5,13.125,5.0,13.0],"tintindex":0,"rotation":270,"texture":"#1"},"up":{"uv":[0.0,10.5,0.5,11.0],"tintindex":0,"rotation":90,"texture":"#1"},"down":{"uv":[0.0,10.5,0.5,11.0],"tintindex":0,"rotation":90,"texture":"#1"}}},{"from":[6.7839546,12.993355,6.13875],"to":[7.731555,13.822357,7.796753],"faces":{"east":{"uv":[5.5,13.125,5.0,13.0],"tintindex":0,"rotation":270,"texture":"#1"},"south":{"uv":[0.0,10.5,0.5,11.0],"tintindex":0,"rotation":90,"texture":"#1"},"north":{"uv":[0.0,10.5,0.5,11.0],"tintindex":0,"rotation":90,"texture":"#1"},"west":{"uv":[5.5,13.125,5.0,13.0],"tintindex":0,"rotation":270,"texture":"#1"},"up":{"uv":[0.0,10.5,0.5,11.0],"tintindex":0,"rotation":90,"texture":"#1"},"down":{"uv":[0.0,10.5,0.5,11.0],"tintindex":0,"rotation":90,"texture":"#1"}}},{"from":[7.115555,12.164356,6.13875],"to":[8.394755,12.993355,8.791554],"faces":{"east":{"uv":[5.5,13.125,5.0,13.0],"tintindex":0,"rotation":270,"texture":"#1"},"south":{"uv":[0.0,10.5,0.5,11.0],"tintindex":0,"rotation":90,"texture":"#1"},"north":{"uv":[0.0,10.5,0.5,11.0],"tintindex":0,"rotation":90,"texture":"#1"},"west":{"uv":[5.5,13.125,5.0,13.0],"tintindex":0,"rotation":270,"texture":"#1"},"up":{"uv":[0.0,10.5,0.5,11.0],"tintindex":0,"rotation":90,"texture":"#1"},"down":{"uv":[0.0,10.5,0.5,11.0],"tintindex":0,"rotation":90,"texture":"#1"}}},{"from":[7.778756,11.335354,6.8019505],"to":[8.726357,12.164356,8.791554],"faces":{"east":{"uv":[0.0,9.5,0.625,10.0],"tintindex":0,"rotation":90,"texture":"#1"},"south":{"uv":[0.0,10.5,0.5,11.0],"tintindex":0,"rotation":90,"texture":"#1"},"north":{"uv":[0.0,10.5,0.5,11.0],"tintindex":0,"rotation":90,"texture":"#1"},"west":{"uv":[5.5,13.125,5.0,13.0],"tintindex":0,"rotation":270,"texture":"#1"},"up":{"uv":[0.0,10.5,0.5,11.0],"tintindex":0,"rotation":90,"texture":"#1"},"down":{"uv":[0.0,10.5,0.5,11.0],"tintindex":0,"rotation":90,"texture":"#1"}}},{"from":[7.115555,8.848351,5.97295],"to":[8.394755,9.677353,9.786356],"faces":{"east":{"uv":[5.5,13.125,5.0,13.0],"tintindex":0,"rotation":270,"texture":"#1"},"south":{"uv":[0.0,10.5,0.5,11.0],"tintindex":0,"rotation":90,"texture":"#1"},"north":{"uv":[0.0,10.5,0.5,11.0],"tintindex":0,"rotation":90,"texture":"#1"},"west":{"uv":[5.5,13.125,5.0,13.0],"tintindex":0,"rotation":270,"texture":"#1"},"up":{"uv":[0.0,10.5,0.5,11.0],"tintindex":0,"rotation":90,"texture":"#1"},"down":{"uv":[0.0,10.5,0.5,11.0],"tintindex":0,"rotation":90,"texture":"#1"}}},{"from":[6.7839546,12.164356,6.4703503],"to":[7.731555,12.993355,8.459953],"faces":{"east":{"uv":[5.5,13.125,5.0,13.0],"tintindex":0,"rotation":270,"texture":"#1"},"south":{"uv":[0.0,10.5,0.5,11.0],"tintindex":0,"rotation":90,"texture":"#1"},"north":{"uv":[0.0,10.5,0.5,11.0],"tintindex":0,"rotation":90,"texture":"#1"},"west":{"uv":[5.5,13.125,5.0,13.0],"tintindex":0,"rotation":270,"texture":"#1"},"up":{"uv":[0.0,10.5,0.5,11.0],"tintindex":0,"rotation":90,"texture":"#1"},"down":{"uv":[0.0,10.5,0.5,11.0],"tintindex":0,"rotation":90,"texture":"#1"}}},{"from":[6.7839546,13.822357,5.80715],"to":[7.731555,14.319759,7.4651527],"faces":{"east":{"uv":[5.5,13.125,5.0,13.0],"tintindex":0,"rotation":270,"texture":"#1"},"south":{"uv":[0.0,10.5,0.5,11.0],"tintindex":0,"rotation":90,"texture":"#1"},"north":{"uv":[0.0,10.5,0.5,11.0],"tintindex":0,"rotation":90,"texture":"#1"},"west":{"uv":[5.5,13.125,5.0,13.0],"tintindex":0,"rotation":270,"texture":"#1"},"up":{"uv":[0.0,10.5,0.5,11.0],"tintindex":0,"rotation":90,"texture":"#1"},"down":{"uv":[0.0,10.5,0.5,11.0],"tintindex":0,"rotation":90,"texture":"#1"}}},{"from":[6.700756,7.190346,6.6361504],"to":[8.726357,8.848351,9.288955],"faces":{"east":{"uv":[0.0,9.5,0.625,10.0],"tintindex":0,"rotation":90,"texture":"#1"},"south":{"uv":[0.0,10.5,0.5,11.0],"tintindex":0,"rotation":90,"texture":"#1"},"north":{"uv":[0.0,10.5,0.5,11.0],"tintindex":0,"rotation":90,"texture":"#1"},"west":{"uv":[5.5,13.125,5.0,13.0],"tintindex":0,"rotation":270,"texture":"#1"},"up":{"uv":[0.0,10.5,0.5,11.0],"tintindex":0,"rotation":90,"texture":"#1"},"down":{"uv":[0.0,10.5,0.5,11.0],"tintindex":0,"rotation":90,"texture":"#1"}}},{"from":[6.7839546,10.506351,6.6361504],"to":[7.731555,11.335354,8.957355],"faces":{"east":{"uv":[5.5,13.125,5.0,13.0],"tintindex":0,"rotation":270,"texture":"#1"},"south":{"uv":[0.0,10.5,0.5,11.0],"tintindex":0,"rotation":90,"texture":"#1"},"north":{"uv":[0.0,10.5,0.5,11.0],"tintindex":0,"rotation":90,"texture":"#1"},"west":{"uv":[5.5,13.125,5.0,13.0],"tintindex":0,"rotation":270,"texture":"#1"},"up":{"uv":[0.0,10.5,0.5,11.0],"tintindex":0,"rotation":90,"texture":"#1"},"down":{"uv":[0.0,10.5,0.5,11.0],"tintindex":0,"rotation":90,"texture":"#1"}}},{"from":[7.115555,9.677353,6.13875],"to":[8.394755,10.506351,9.620555],"faces":{"east":{"uv":[5.5,13.125,5.0,13.0],"tintindex":0,"rotation":270,"texture":"#1"},"south":{"uv":[0.0,10.5,0.5,11.0],"tintindex":0,"rotation":90,"texture":"#1"},"north":{"uv":[0.0,10.5,0.5,11.0],"tintindex":0,"rotation":90,"texture":"#1"},"west":{"uv":[5.5,13.125,5.0,13.0],"tintindex":0,"rotation":270,"texture":"#1"},"up":{"uv":[0.0,10.5,0.5,11.0],"tintindex":0,"rotation":90,"texture":"#1"},"down":{"uv":[0.0,10.5,0.5,11.0],"tintindex":0,"rotation":90,"texture":"#1"}}}],"display":{"gui":{"rotation":[30,225,0]}}}