{"textures":{"1":"modelengine:entity/artas"},"elements":[{"from":[4.7839546,6.5063515,11.63615],"to":[5.731555,7.335354,13.957355],"faces":{"east":{"uv":[10.0,7.5,10.25,6.5],"tintindex":0,"rotation":0,"texture":"#1"},"south":{"uv":[10.0,7.5,10.25,6.5],"tintindex":0,"rotation":0,"texture":"#1"},"north":{"uv":[10.0,7.5,10.25,6.5],"tintindex":0,"rotation":0,"texture":"#1"},"west":{"uv":[10.0,7.5,10.25,6.5],"tintindex":0,"rotation":0,"texture":"#1"},"up":{"uv":[10.0,7.5,10.25,6.5],"tintindex":0,"rotation":0,"texture":"#1"},"down":{"uv":[10.0,7.5,10.25,6.5],"tintindex":0,"rotation":0,"texture":"#1"}}},{"from":[5.778756,7.335354,11.801951],"to":[6.7263565,8.164356,13.791554],"faces":{"east":{"uv":[10.0,7.5,10.25,6.5],"tintindex":0,"rotation":0,"texture":"#1"},"south":{"uv":[10.0,7.5,10.25,6.5],"tintindex":0,"rotation":0,"texture":"#1"},"north":{"uv":[10.0,7.5,10.25,6.5],"tintindex":0,"rotation":0,"texture":"#1"},"west":{"uv":[10.0,7.5,10.25,6.5],"tintindex":0,"rotation":0,"texture":"#1"},"up":{"uv":[10.0,7.5,10.25,6.5],"tintindex":0,"rotation":0,"texture":"#1"},"down":{"uv":[10.0,7.5,10.25,6.5],"tintindex":0,"rotation":0,"texture":"#1"}}},{"from":[4.7839546,4.18515,11.63615],"to":[5.731555,4.8483505,14.288955],"faces":{"east":{"uv":[10.0,7.5,10.25,6.5],"tintindex":0,"rotation":0,"texture":"#1"},"south":{"uv":[10.0,7.5,10.25,6.5],"tintindex":0,"rotation":0,"texture":"#1"},"north":{"uv":[10.0,7.5,10.25,6.5],"tintindex":0,"rotation":0,"texture":"#1"},"west":{"uv":[10.0,7.5,10.25,6.5],"tintindex":0,"rotation":0,"texture":"#1"},"up":{"uv":[10.0,7.5,10.25,6.5],"tintindex":0,"rotation":0,"texture":"#1"},"down":{"uv":[10.0,7.5,10.25,6.5],"tintindex":0,"rotation":0,"texture":"#1"}}},{"from":[5.778756,5.677353,11.47035],"to":[6.7263565,6.5063515,14.288955],"faces":{"east":{"uv":[10.0,7.5,10.25,6.5],"tintindex":0,"rotation":0,"texture":"#1"},"south":{"uv":[10.0,7.5,10.25,6.5],"tintindex":0,"rotation":0,"texture":"#1"},"north":{"uv":[10.0,7.5,10.25,6.5],"tintindex":0,"rotation":0,"texture":"#1"},"west":{"uv":[10.0,7.5,10.25,6.5],"tintindex":0,"rotation":0,"texture":"#1"},"up":{"uv":[10.0,7.5,10.25,6.5],"tintindex":0,"rotation":0,"texture":"#1"},"down":{"uv":[10.0,7.5,10.25,6.5],"tintindex":0,"rotation":0,"texture":"#1"}}},{"from":[4.7839546,8.164356,11.47035],"to":[5.731555,8.993355,13.459953],"faces":{"east":{"uv":[10.0,7.5,10.25,6.5],"tintindex":0,"rotation":0,"texture":"#1"},"south":{"uv":[10.0,7.5,10.25,6.5],"tintindex":0,"rotation":0,"texture":"#1"},"north":{"uv":[10.0,7.5,10.25,6.5],"tintindex":0,"rotation":0,"texture":"#1"},"west":{"uv":[10.0,7.5,10.25,6.5],"tintindex":0,"rotation":0,"texture":"#1"},"up":{"uv":[10.0,7.5,10.25,6.5],"tintindex":0,"rotation":0,"texture":"#1"},"down":{"uv":[10.0,7.5,10.25,6.5],"tintindex":0,"rotation":0,"texture":"#1"}}},{"from":[5.115555,4.8483505,10.97295],"to":[6.3947563,5.677353,14.786356],"faces":{"east":{"uv":[10.0,7.5,10.25,6.5],"tintindex":0,"rotation":0,"texture":"#1"},"south":{"uv":[10.0,7.5,10.25,6.5],"tintindex":0,"rotation":0,"texture":"#1"},"north":{"uv":[10.0,7.5,10.25,6.5],"tintindex":0,"rotation":0,"texture":"#1"},"west":{"uv":[10.0,7.5,10.25,6.5],"tintindex":0,"rotation":0,"texture":"#1"},"up":{"uv":[10.0,7.5,10.25,6.5],"tintindex":0,"rotation":0,"texture":"#1"},"down":{"uv":[10.0,7.5,10.25,6.5],"tintindex":0,"rotation":0,"texture":"#1"}}},{"from":[5.115555,6.5063515,11.30455],"to":[6.3947563,7.335354,14.288955],"faces":{"east":{"uv":[10.0,7.5,10.25,6.5],"tintindex":0,"rotation":0,"texture":"#1"},"south":{"uv":[10.0,7.5,10.25,6.5],"tintindex":0,"rotation":0,"texture":"#1"},"north":{"uv":[10.0,7.5,10.25,6.5],"tintindex":0,"rotation":0,"texture":"#1"},"west":{"uv":[10.0,7.5,10.25,6.5],"tintindex":0,"rotation":0,"texture":"#1"},"up":{"uv":[10.0,7.5,10.25,6.5],"tintindex":0,"rotation":0,"texture":"#1"},"down":{"uv":[10.0,7.5,10.25,6.5],"tintindex":0,"rotation":0,"texture":"#1"}}},{"from":[5.778756,8.164356,11.47035],"to":[6.7263565,8.993355,13.459953],"faces":{"east":{"uv":[10.0,7.5,10.25,6.5],"tintindex":0,"rotation":0,"texture":"#1"},"south":{"uv":[10.0,7.5,10.25,6.5],"tintindex":0,"rotation":0,"texture":"#1"},"north":{"uv":[10.0,7.5,10.25,6.5],"tintindex":0,"rotation":0,"texture":"#1"},"west":{"uv":[10.0,7.5,10.25,6.5],"tintindex":0,"rotation":0,"texture":"#1"},"up":{"uv":[10.0,7.5,10.25,6.5],"tintindex":0,"rotation":0,"texture":"#1"},"down":{"uv":[10.0,7.5,10.25,6.5],"tintindex":0,"rotation":0,"texture":"#1"}}},{"from":[4.700756,3.1903458,11.63615],"to":[6.7263565,4.8483505,14.288955],"faces":{"east":{"uv":[10.0,7.5,10.25,6.5],"tintindex":0,"rotation":0,"texture":"#1"},"south":{"uv":[10.0,7.5,10.25,6.5],"tintindex":0,"rotation":0,"texture":"#1"},"north":{"uv":[10.0,7.5,10.25,6.5],"tintindex":0,"rotation":0,"texture":"#1"},"west":{"uv":[10.0,7.5,10.25,6.5],"tintindex":0,"rotation":0,"texture":"#1"},"up":{"uv":[10.0,7.5,10.25,6.5],"tintindex":0,"rotation":0,"texture":"#1"},"down":{"uv":[10.0,7.5,10.25,6.5],"tintindex":0,"rotation":0,"texture":"#1"}}},{"from":[5.115555,4.18515,11.30455],"to":[6.3947563,4.8483505,14.620555],"faces":{"east":{"uv":[10.0,7.5,10.25,6.5],"tintindex":0,"rotation":0,"texture":"#1"},"south":{"uv":[10.0,7.5,10.25,6.5],"tintindex":0,"rotation":0,"texture":"#1"},"north":{"uv":[10.0,7.5,10.25,6.5],"tintindex":0,"rotation":0,"texture":"#1"},"west":{"uv":[10.0,7.5,10.25,6.5],"tintindex":0,"rotation":0,"texture":"#1"},"up":{"uv":[10.0,7.5,10.25,6.5],"tintindex":0,"rotation":0,"texture":"#1"},"down":{"uv":[10.0,7.5,10.25,6.5],"tintindex":0,"rotation":0,"texture":"#1"}}},{"from":[4.7839546,7.335354,11.801951],"to":[5.731555,8.164356,13.791554],"faces":{"east":{"uv":[10.0,7.5,10.25,6.5],"tintindex":0,"rotation":0,"texture":"#1"},"south":{"uv":[10.0,7.5,10.25,6.5],"tintindex":0,"rotation":0,"texture":"#1"},"north":{"uv":[10.0,7.5,10.25,6.5],"tintindex":0,"rotation":0,"texture":"#1"},"west":{"uv":[10.0,7.5,10.25,6.5],"tintindex":0,"rotation":0,"texture":"#1"},"up":{"uv":[10.0,7.5,10.25,6.5],"tintindex":0,"rotation":0,"texture":"#1"},"down":{"uv":[10.0,7.5,10.25,6.5],"tintindex":0,"rotation":0,"texture":"#1"}}},{"from":[4.7839546,8.993355,11.13875],"to":[5.731555,9.822357,12.796753],"faces":{"east":{"uv":[10.0,7.5,10.25,6.5],"tintindex":0,"rotation":0,"texture":"#1"},"south":{"uv":[10.0,7.5,10.25,6.5],"tintindex":0,"rotation":0,"texture":"#1"},"north":{"uv":[10.0,7.5,10.25,6.5],"tintindex":0,"rotation":0,"texture":"#1"},"west":{"uv":[10.0,7.5,10.25,6.5],"tintindex":0,"rotation":0,"texture":"#1"},"up":{"uv":[10.0,7.5,10.25,6.5],"tintindex":0,"rotation":0,"texture":"#1"},"down":{"uv":[10.0,7.5,10.25,6.5],"tintindex":0,"rotation":0,"texture":"#1"}}},{"from":[4.7839546,5.677353,11.47035],"to":[5.731555,6.5063515,14.288955],"faces":{"east":{"uv":[10.0,7.5,10.25,6.5],"tintindex":0,"rotation":0,"texture":"#1"},"south":{"uv":[10.0,7.5,10.25,6.5],"tintindex":0,"rotation":0,"texture":"#1"},"north":{"uv":[10.0,7.5,10.25,6.5],"tintindex":0,"rotation":0,"texture":"#1"},"west":{"uv":[10.0,7.5,10.25,6.5],"tintindex":0,"rotation":0,"texture":"#1"},"up":{"uv":[10.0,7.5,10.25,6.5],"tintindex":0,"rotation":0,"texture":"#1"},"down":{"uv":[10.0,7.5,10.25,6.5],"tintindex":0,"rotation":0,"texture":"#1"}}},{"from":[5.115555,7.335354,11.47035],"to":[6.3947563,8.164356,14.123155],"faces":{"east":{"uv":[10.0,7.5,10.25,6.5],"tintindex":0,"rotation":0,"texture":"#1"},"south":{"uv":[10.0,7.5,10.25,6.5],"tintindex":0,"rotation":0,"texture":"#1"},"north":{"uv":[10.0,7.5,10.25,6.5],"tintindex":0,"rotation":0,"texture":"#1"},"west":{"uv":[10.0,7.5,10.25,6.5],"tintindex":0,"rotation":0,"texture":"#1"},"up":{"uv":[10.0,7.5,10.25,6.5],"tintindex":0,"rotation":0,"texture":"#1"},"down":{"uv":[10.0,7.5,10.25,6.5],"tintindex":0,"rotation":0,"texture":"#1"}}},{"from":[4.7839546,9.822357,10.80715],"to":[5.731555,10.319759,12.465152],"faces":{"east":{"uv":[10.0,7.5,10.25,6.5],"tintindex":0,"rotation":0,"texture":"#1"},"south":{"uv":[10.0,7.5,10.25,6.5],"tintindex":0,"rotation":0,"texture":"#1"},"north":{"uv":[10.0,7.5,10.25,6.5],"tintindex":0,"rotation":0,"texture":"#1"},"west":{"uv":[10.0,7.5,10.25,6.5],"tintindex":0,"rotation":0,"texture":"#1"},"up":{"uv":[10.0,7.5,10.25,6.5],"tintindex":0,"rotation":0,"texture":"#1"},"down":{"uv":[10.0,7.5,10.25,6.5],"tintindex":0,"rotation":0,"texture":"#1"}}},{"from":[4.7471056,0.98129654,11.867198],"to":[6.7922544,3.738041,13.826195],"faces":{"east":{"uv":[10.0,7.5,10.25,6.5],"tintindex":0,"rotation":0,"texture":"#1"},"south":{"uv":[10.0,7.5,10.25,6.5],"tintindex":0,"rotation":0,"texture":"#1"},"north":{"uv":[10.0,7.5,10.25,6.5],"tintindex":0,"rotation":0,"texture":"#1"},"west":{"uv":[10.0,7.5,10.25,6.5],"tintindex":0,"rotation":0,"texture":"#1"},"up":{"uv":[10.0,7.5,10.25,6.5],"tintindex":0,"rotation":0,"texture":"#1"},"down":{"uv":[10.0,7.5,10.25,6.5],"tintindex":0,"rotation":0,"texture":"#1"}}},{"from":[5.778756,8.993355,11.13875],"to":[6.7263565,9.822357,12.796753],"faces":{"east":{"uv":[10.0,7.5,10.25,6.5],"tintindex":0,"rotation":0,"texture":"#1"},"south":{"uv":[10.0,7.5,10.25,6.5],"tintindex":0,"rotation":0,"texture":"#1"},"north":{"uv":[10.0,7.5,10.25,6.5],"tintindex":0,"rotation":0,"texture":"#1"},"west":{"uv":[10.0,7.5,10.25,6.5],"tintindex":0,"rotation":0,"texture":"#1"},"up":{"uv":[10.0,7.5,10.25,6.5],"tintindex":0,"rotation":0,"texture":"#1"},"down":{"uv":[10.0,7.5,10.25,6.5],"tintindex":0,"rotation":0,"texture":"#1"}}},{"from":[4.7839546,4.8483505,11.30455],"to":[5.731555,5.677353,14.454755],"faces":{"east":{"uv":[10.0,7.5,10.25,6.5],"tintindex":0,"rotation":0,"texture":"#1"},"south":{"uv":[10.0,7.5,10.25,6.5],"tintindex":0,"rotation":0,"texture":"#1"},"north":{"uv":[10.0,7.5,10.25,6.5],"tintindex":0,"rotation":0,"texture":"#1"},"west":{"uv":[10.0,7.5,10.25,6.5],"tintindex":0,"rotation":0,"texture":"#1"},"up":{"uv":[10.0,7.5,10.25,6.5],"tintindex":0,"rotation":0,"texture":"#1"},"down":{"uv":[10.0,7.5,10.25,6.5],"tintindex":0,"rotation":0,"texture":"#1"}}},{"from":[5.115555,9.822357,10.475549],"to":[6.3947563,10.319759,12.796753],"faces":{"east":{"uv":[10.0,7.5,10.25,6.5],"tintindex":0,"rotation":0,"texture":"#1"},"south":{"uv":[10.0,7.5,10.25,6.5],"tintindex":0,"rotation":0,"texture":"#1"},"north":{"uv":[10.0,7.5,10.25,6.5],"tintindex":0,"rotation":0,"texture":"#1"},"west":{"uv":[10.0,7.5,10.25,6.5],"tintindex":0,"rotation":0,"texture":"#1"},"up":{"uv":[10.0,7.5,10.25,6.5],"tintindex":0,"rotation":0,"texture":"#1"},"down":{"uv":[10.0,7.5,10.25,6.5],"tintindex":0,"rotation":0,"texture":"#1"}}},{"from":[5.778756,6.5063515,11.63615],"to":[6.7263565,7.335354,13.957355],"faces":{"east":{"uv":[10.0,7.5,10.25,6.5],"tintindex":0,"rotation":0,"texture":"#1"},"south":{"uv":[10.0,7.5,10.25,6.5],"tintindex":0,"rotation":0,"texture":"#1"},"north":{"uv":[10.0,7.5,10.25,6.5],"tintindex":0,"rotation":0,"texture":"#1"},"west":{"uv":[10.0,7.5,10.25,6.5],"tintindex":0,"rotation":0,"texture":"#1"},"up":{"uv":[10.0,7.5,10.25,6.5],"tintindex":0,"rotation":0,"texture":"#1"},"down":{"uv":[10.0,7.5,10.25,6.5],"tintindex":0,"rotation":0,"texture":"#1"}}},{"from":[5.778756,9.822357,10.80715],"to":[6.7263565,10.319759,12.465152],"faces":{"east":{"uv":[10.0,7.5,10.25,6.5],"tintindex":0,"rotation":0,"texture":"#1"},"south":{"uv":[10.0,7.5,10.25,6.5],"tintindex":0,"rotation":0,"texture":"#1"},"north":{"uv":[10.0,7.5,10.25,6.5],"tintindex":0,"rotation":0,"texture":"#1"},"west":{"uv":[10.0,7.5,10.25,6.5],"tintindex":0,"rotation":0,"texture":"#1"},"up":{"uv":[10.0,7.5,10.25,6.5],"tintindex":0,"rotation":0,"texture":"#1"},"down":{"uv":[10.0,7.5,10.25,6.5],"tintindex":0,"rotation":0,"texture":"#1"}}},{"from":[5.778756,4.8483505,11.30455],"to":[6.7263565,5.677353,14.454755],"faces":{"east":{"uv":[10.0,7.5,10.25,6.5],"tintindex":0,"rotation":0,"texture":"#1"},"south":{"uv":[10.0,7.5,10.25,6.5],"tintindex":0,"rotation":0,"texture":"#1"},"north":{"uv":[10.0,7.5,10.25,6.5],"tintindex":0,"rotation":0,"texture":"#1"},"west":{"uv":[10.0,7.5,10.25,6.5],"tintindex":0,"rotation":0,"texture":"#1"},"up":{"uv":[10.0,7.5,10.25,6.5],"tintindex":0,"rotation":0,"texture":"#1"},"down":{"uv":[10.0,7.5,10.25,6.5],"tintindex":0,"rotation":0,"texture":"#1"}}},{"from":[5.115555,5.677353,11.13875],"to":[6.3947563,6.5063515,14.620555],"faces":{"east":{"uv":[10.0,7.5,10.25,6.5],"tintindex":0,"rotation":0,"texture":"#1"},"south":{"uv":[10.0,7.5,10.25,6.5],"tintindex":0,"rotation":0,"texture":"#1"},"north":{"uv":[10.0,7.5,10.25,6.5],"tintindex":0,"rotation":0,"texture":"#1"},"west":{"uv":[10.0,7.5,10.25,6.5],"tintindex":0,"rotation":0,"texture":"#1"},"up":{"uv":[10.0,7.5,10.25,6.5],"tintindex":0,"rotation":0,"texture":"#1"},"down":{"uv":[10.0,7.5,10.25,6.5],"tintindex":0,"rotation":0,"texture":"#1"}}},{"from":[4.7839546,10.319759,10.475549],"to":[5.731555,10.485558,12.133552],"faces":{"east":{"uv":[10.0,7.5,10.25,6.5],"tintindex":0,"rotation":0,"texture":"#1"},"south":{"uv":[10.0,7.5,10.25,6.5],"tintindex":0,"rotation":0,"texture":"#1"},"north":{"uv":[10.0,7.5,10.25,6.5],"tintindex":0,"rotation":0,"texture":"#1"},"west":{"uv":[10.0,7.5,10.25,6.5],"tintindex":0,"rotation":0,"texture":"#1"},"up":{"uv":[10.0,7.5,10.25,6.5],"tintindex":0,"rotation":0,"texture":"#1"},"down":{"uv":[10.0,7.5,10.25,6.5],"tintindex":0,"rotation":0,"texture":"#1"}}},{"from":[5.115555,8.993355,10.80715],"to":[6.3947563,9.822357,13.128353],"faces":{"east":{"uv":[10.0,7.5,10.25,6.5],"tintindex":0,"rotation":0,"texture":"#1"},"south":{"uv":[10.0,7.5,10.25,6.5],"tintindex":0,"rotation":0,"texture":"#1"},"north":{"uv":[10.0,7.5,10.25,6.5],"tintindex":0,"rotation":0,"texture":"#1"},"west":{"uv":[10.0,7.5,10.25,6.5],"tintindex":0,"rotation":0,"texture":"#1"},"up":{"uv":[10.0,7.5,10.25,6.5],"tintindex":0,"rotation":0,"texture":"#1"},"down":{"uv":[10.0,7.5,10.25,6.5],"tintindex":0,"rotation":0,"texture":"#1"}}},{"from":[5.115555,8.164356,11.13875],"to":[6.3947563,8.993355,13.791554],"faces":{"east":{"uv":[10.0,7.5,10.25,6.5],"tintindex":0,"rotation":0,"texture":"#1"},"south":{"uv":[10.0,7.5,10.25,6.5],"tintindex":0,"rotation":0,"texture":"#1"},"north":{"uv":[10.0,7.5,10.25,6.5],"tintindex":0,"rotation":0,"texture":"#1"},"west":{"uv":[10.0,7.5,10.25,6.5],"tintindex":0,"rotation":0,"texture":"#1"},"up":{"uv":[10.0,7.5,10.25,6.5],"tintindex":0,"rotation":0,"texture":"#1"},"down":{"uv":[10.0,7.5,10.25,6.5],"tintindex":0,"rotation":0,"texture":"#1"}}}],"display":{"gui":{"rotation":[30,225,0]}}}