{"textures":{"1":"modelengine:entity/artas"},"elements":[{"from":[5.043643,6.484646,11.52615],"to":[5.9912434,7.313648,13.847354],"faces":{"east":{"uv":[10.0,7.5,10.25,6.5],"tintindex":0,"rotation":0,"texture":"#1"},"south":{"uv":[10.0,7.5,10.25,6.5],"tintindex":0,"rotation":0,"texture":"#1"},"north":{"uv":[10.0,7.5,10.25,6.5],"tintindex":0,"rotation":0,"texture":"#1"},"west":{"uv":[10.0,7.5,10.25,6.5],"tintindex":0,"rotation":0,"texture":"#1"},"up":{"uv":[10.0,7.5,10.25,6.5],"tintindex":0,"rotation":0,"texture":"#1"},"down":{"uv":[10.0,7.5,10.25,6.5],"tintindex":0,"rotation":0,"texture":"#1"}}},{"from":[5.375244,8.142649,10.862949],"to":[6.6544447,8.971651,14.676355],"faces":{"east":{"uv":[10.0,7.5,10.25,6.5],"tintindex":0,"rotation":0,"texture":"#1"},"south":{"uv":[10.0,7.5,10.25,6.5],"tintindex":0,"rotation":0,"texture":"#1"},"north":{"uv":[10.0,7.5,10.25,6.5],"tintindex":0,"rotation":0,"texture":"#1"},"west":{"uv":[10.0,7.5,10.25,6.5],"tintindex":0,"rotation":0,"texture":"#1"},"up":{"uv":[10.0,7.5,10.25,6.5],"tintindex":0,"rotation":0,"texture":"#1"},"down":{"uv":[10.0,7.5,10.25,6.5],"tintindex":0,"rotation":0,"texture":"#1"}}},{"from":[6.0384445,8.971651,11.52615],"to":[6.986045,9.634851,14.178954],"faces":{"east":{"uv":[10.0,7.5,10.25,6.5],"tintindex":0,"rotation":0,"texture":"#1"},"south":{"uv":[10.0,7.5,10.25,6.5],"tintindex":0,"rotation":0,"texture":"#1"},"north":{"uv":[10.0,7.5,10.25,6.5],"tintindex":0,"rotation":0,"texture":"#1"},"west":{"uv":[10.0,7.5,10.25,6.5],"tintindex":0,"rotation":0,"texture":"#1"},"up":{"uv":[10.0,7.5,10.25,6.5],"tintindex":0,"rotation":0,"texture":"#1"},"down":{"uv":[10.0,7.5,10.25,6.5],"tintindex":0,"rotation":0,"texture":"#1"}}},{"from":[5.043643,8.971651,11.52615],"to":[7.146244,10.629654,14.178954],"faces":{"east":{"uv":[10.0,7.5,10.25,6.5],"tintindex":0,"rotation":0,"texture":"#1"},"south":{"uv":[10.0,7.5,10.25,6.5],"tintindex":0,"rotation":0,"texture":"#1"},"north":{"uv":[10.0,7.5,10.25,6.5],"tintindex":0,"rotation":0,"texture":"#1"},"west":{"uv":[10.0,7.5,10.25,6.5],"tintindex":0,"rotation":0,"texture":"#1"},"up":{"uv":[10.0,7.5,10.25,6.5],"tintindex":0,"rotation":0,"texture":"#1"},"down":{"uv":[10.0,7.5,10.25,6.5],"tintindex":0,"rotation":0,"texture":"#1"}}},{"from":[5.375244,3.9976425,10.697149],"to":[6.6544447,4.826645,13.0183525],"faces":{"east":{"uv":[10.0,7.5,10.25,6.5],"tintindex":0,"rotation":0,"texture":"#1"},"south":{"uv":[10.0,7.5,10.25,6.5],"tintindex":0,"rotation":0,"texture":"#1"},"north":{"uv":[10.0,7.5,10.25,6.5],"tintindex":0,"rotation":0,"texture":"#1"},"west":{"uv":[10.0,7.5,10.25,6.5],"tintindex":0,"rotation":0,"texture":"#1"},"up":{"uv":[10.0,7.5,10.25,6.5],"tintindex":0,"rotation":0,"texture":"#1"},"down":{"uv":[10.0,7.5,10.25,6.5],"tintindex":0,"rotation":0,"texture":"#1"}}},{"from":[5.375244,8.971651,11.19455],"to":[6.6544447,9.634851,14.510554],"faces":{"east":{"uv":[10.0,7.5,10.25,6.5],"tintindex":0,"rotation":0,"texture":"#1"},"south":{"uv":[10.0,7.5,10.25,6.5],"tintindex":0,"rotation":0,"texture":"#1"},"north":{"uv":[10.0,7.5,10.25,6.5],"tintindex":0,"rotation":0,"texture":"#1"},"west":{"uv":[10.0,7.5,10.25,6.5],"tintindex":0,"rotation":0,"texture":"#1"},"up":{"uv":[10.0,7.5,10.25,6.5],"tintindex":0,"rotation":0,"texture":"#1"},"down":{"uv":[10.0,7.5,10.25,6.5],"tintindex":0,"rotation":0,"texture":"#1"}}},{"from":[5.043643,7.313648,11.36035],"to":[5.9912434,8.142649,14.178954],"faces":{"east":{"uv":[10.0,7.5,10.25,6.5],"tintindex":0,"rotation":0,"texture":"#1"},"south":{"uv":[10.0,7.5,10.25,6.5],"tintindex":0,"rotation":0,"texture":"#1"},"north":{"uv":[10.0,7.5,10.25,6.5],"tintindex":0,"rotation":0,"texture":"#1"},"west":{"uv":[10.0,7.5,10.25,6.5],"tintindex":0,"rotation":0,"texture":"#1"},"up":{"uv":[10.0,7.5,10.25,6.5],"tintindex":0,"rotation":0,"texture":"#1"},"down":{"uv":[10.0,7.5,10.25,6.5],"tintindex":0,"rotation":0,"texture":"#1"}}},{"from":[4.977746,10.081959,11.757197],"to":[7.022895,12.838703,13.716194],"faces":{"east":{"uv":[10.0,7.5,10.25,6.5],"tintindex":0,"rotation":0,"texture":"#1"},"south":{"uv":[10.0,7.5,10.25,6.5],"tintindex":0,"rotation":0,"texture":"#1"},"north":{"uv":[10.0,7.5,10.25,6.5],"tintindex":0,"rotation":0,"texture":"#1"},"west":{"uv":[10.0,7.5,10.25,6.5],"tintindex":0,"rotation":0,"texture":"#1"},"up":{"uv":[10.0,7.5,10.25,6.5],"tintindex":0,"rotation":0,"texture":"#1"},"down":{"uv":[10.0,7.5,10.25,6.5],"tintindex":0,"rotation":0,"texture":"#1"}}},{"from":[6.0384445,3.3344421,10.365548],"to":[6.986045,3.5002422,12.023551],"faces":{"east":{"uv":[10.0,7.5,10.25,6.5],"tintindex":0,"rotation":0,"texture":"#1"},"south":{"uv":[10.0,7.5,10.25,6.5],"tintindex":0,"rotation":0,"texture":"#1"},"north":{"uv":[10.0,7.5,10.25,6.5],"tintindex":0,"rotation":0,"texture":"#1"},"west":{"uv":[10.0,7.5,10.25,6.5],"tintindex":0,"rotation":0,"texture":"#1"},"up":{"uv":[10.0,7.5,10.25,6.5],"tintindex":0,"rotation":0,"texture":"#1"},"down":{"uv":[10.0,7.5,10.25,6.5],"tintindex":0,"rotation":0,"texture":"#1"}}},{"from":[5.375244,5.6556454,11.36035],"to":[6.6544447,6.484646,14.013154],"faces":{"east":{"uv":[10.0,7.5,10.25,6.5],"tintindex":0,"rotation":0,"texture":"#1"},"south":{"uv":[10.0,7.5,10.25,6.5],"tintindex":0,"rotation":0,"texture":"#1"},"north":{"uv":[10.0,7.5,10.25,6.5],"tintindex":0,"rotation":0,"texture":"#1"},"west":{"uv":[10.0,7.5,10.25,6.5],"tintindex":0,"rotation":0,"texture":"#1"},"up":{"uv":[10.0,7.5,10.25,6.5],"tintindex":0,"rotation":0,"texture":"#1"},"down":{"uv":[10.0,7.5,10.25,6.5],"tintindex":0,"rotation":0,"texture":"#1"}}},{"from":[5.375244,4.826645,11.028749],"to":[6.6544447,5.6556454,13.681554],"faces":{"east":{"uv":[10.0,7.5,10.25,6.5],"tintindex":0,"rotation":0,"texture":"#1"},"south":{"uv":[10.0,7.5,10.25,6.5],"tintindex":0,"rotation":0,"texture":"#1"},"north":{"uv":[10.0,7.5,10.25,6.5],"tintindex":0,"rotation":0,"texture":"#1"},"west":{"uv":[10.0,7.5,10.25,6.5],"tintindex":0,"rotation":0,"texture":"#1"},"up":{"uv":[10.0,7.5,10.25,6.5],"tintindex":0,"rotation":0,"texture":"#1"},"down":{"uv":[10.0,7.5,10.25,6.5],"tintindex":0,"rotation":0,"texture":"#1"}}},{"from":[5.375244,7.313648,11.028749],"to":[6.6544447,8.142649,14.510554],"faces":{"east":{"uv":[10.0,7.5,10.25,6.5],"tintindex":0,"rotation":0,"texture":"#1"},"south":{"uv":[10.0,7.5,10.25,6.5],"tintindex":0,"rotation":0,"texture":"#1"},"north":{"uv":[10.0,7.5,10.25,6.5],"tintindex":0,"rotation":0,"texture":"#1"},"west":{"uv":[10.0,7.5,10.25,6.5],"tintindex":0,"rotation":0,"texture":"#1"},"up":{"uv":[10.0,7.5,10.25,6.5],"tintindex":0,"rotation":0,"texture":"#1"},"down":{"uv":[10.0,7.5,10.25,6.5],"tintindex":0,"rotation":0,"texture":"#1"}}},{"from":[6.0384445,5.6556454,11.691951],"to":[6.986045,6.484646,13.681554],"faces":{"east":{"uv":[10.0,7.5,10.25,6.5],"tintindex":0,"rotation":0,"texture":"#1"},"south":{"uv":[10.0,7.5,10.25,6.5],"tintindex":0,"rotation":0,"texture":"#1"},"north":{"uv":[10.0,7.5,10.25,6.5],"tintindex":0,"rotation":0,"texture":"#1"},"west":{"uv":[10.0,7.5,10.25,6.5],"tintindex":0,"rotation":0,"texture":"#1"},"up":{"uv":[10.0,7.5,10.25,6.5],"tintindex":0,"rotation":0,"texture":"#1"},"down":{"uv":[10.0,7.5,10.25,6.5],"tintindex":0,"rotation":0,"texture":"#1"}}},{"from":[6.0384445,6.484646,11.52615],"to":[6.986045,7.313648,13.847354],"faces":{"east":{"uv":[10.0,7.5,10.25,6.5],"tintindex":0,"rotation":0,"texture":"#1"},"south":{"uv":[10.0,7.5,10.25,6.5],"tintindex":0,"rotation":0,"texture":"#1"},"north":{"uv":[10.0,7.5,10.25,6.5],"tintindex":0,"rotation":0,"texture":"#1"},"west":{"uv":[10.0,7.5,10.25,6.5],"tintindex":0,"rotation":0,"texture":"#1"},"up":{"uv":[10.0,7.5,10.25,6.5],"tintindex":0,"rotation":0,"texture":"#1"},"down":{"uv":[10.0,7.5,10.25,6.5],"tintindex":0,"rotation":0,"texture":"#1"}}},{"from":[5.043643,4.826645,11.36035],"to":[5.9912434,5.6556454,13.349953],"faces":{"east":{"uv":[10.0,7.5,10.25,6.5],"tintindex":0,"rotation":0,"texture":"#1"},"south":{"uv":[10.0,7.5,10.25,6.5],"tintindex":0,"rotation":0,"texture":"#1"},"north":{"uv":[10.0,7.5,10.25,6.5],"tintindex":0,"rotation":0,"texture":"#1"},"west":{"uv":[10.0,7.5,10.25,6.5],"tintindex":0,"rotation":0,"texture":"#1"},"up":{"uv":[10.0,7.5,10.25,6.5],"tintindex":0,"rotation":0,"texture":"#1"},"down":{"uv":[10.0,7.5,10.25,6.5],"tintindex":0,"rotation":0,"texture":"#1"}}},{"from":[6.0384445,4.826645,11.36035],"to":[6.986045,5.6556454,13.349953],"faces":{"east":{"uv":[10.0,7.5,10.25,6.5],"tintindex":0,"rotation":0,"texture":"#1"},"south":{"uv":[10.0,7.5,10.25,6.5],"tintindex":0,"rotation":0,"texture":"#1"},"north":{"uv":[10.0,7.5,10.25,6.5],"tintindex":0,"rotation":0,"texture":"#1"},"west":{"uv":[10.0,7.5,10.25,6.5],"tintindex":0,"rotation":0,"texture":"#1"},"up":{"uv":[10.0,7.5,10.25,6.5],"tintindex":0,"rotation":0,"texture":"#1"},"down":{"uv":[10.0,7.5,10.25,6.5],"tintindex":0,"rotation":0,"texture":"#1"}}},{"from":[5.043643,3.5002422,10.697149],"to":[5.9912434,3.9976425,12.355151],"faces":{"east":{"uv":[10.0,7.5,10.25,6.5],"tintindex":0,"rotation":0,"texture":"#1"},"south":{"uv":[10.0,7.5,10.25,6.5],"tintindex":0,"rotation":0,"texture":"#1"},"north":{"uv":[10.0,7.5,10.25,6.5],"tintindex":0,"rotation":0,"texture":"#1"},"west":{"uv":[10.0,7.5,10.25,6.5],"tintindex":0,"rotation":0,"texture":"#1"},"up":{"uv":[10.0,7.5,10.25,6.5],"tintindex":0,"rotation":0,"texture":"#1"},"down":{"uv":[10.0,7.5,10.25,6.5],"tintindex":0,"rotation":0,"texture":"#1"}}},{"from":[5.043643,8.142649,11.19455],"to":[5.9912434,8.971651,14.344754],"faces":{"east":{"uv":[10.0,7.5,10.25,6.5],"tintindex":0,"rotation":0,"texture":"#1"},"south":{"uv":[10.0,7.5,10.25,6.5],"tintindex":0,"rotation":0,"texture":"#1"},"north":{"uv":[10.0,7.5,10.25,6.5],"tintindex":0,"rotation":0,"texture":"#1"},"west":{"uv":[10.0,7.5,10.25,6.5],"tintindex":0,"rotation":0,"texture":"#1"},"up":{"uv":[10.0,7.5,10.25,6.5],"tintindex":0,"rotation":0,"texture":"#1"},"down":{"uv":[10.0,7.5,10.25,6.5],"tintindex":0,"rotation":0,"texture":"#1"}}},{"from":[5.043643,3.9976425,11.028749],"to":[5.9912434,4.826645,12.686752],"faces":{"east":{"uv":[10.0,7.5,10.25,6.5],"tintindex":0,"rotation":0,"texture":"#1"},"south":{"uv":[10.0,7.5,10.25,6.5],"tintindex":0,"rotation":0,"texture":"#1"},"north":{"uv":[10.0,7.5,10.25,6.5],"tintindex":0,"rotation":0,"texture":"#1"},"west":{"uv":[10.0,7.5,10.25,6.5],"tintindex":0,"rotation":0,"texture":"#1"},"up":{"uv":[10.0,7.5,10.25,6.5],"tintindex":0,"rotation":0,"texture":"#1"},"down":{"uv":[10.0,7.5,10.25,6.5],"tintindex":0,"rotation":0,"texture":"#1"}}},{"from":[6.0384445,3.5002422,10.697149],"to":[6.986045,3.9976425,12.355151],"faces":{"east":{"uv":[10.0,7.5,10.25,6.5],"tintindex":0,"rotation":0,"texture":"#1"},"south":{"uv":[10.0,7.5,10.25,6.5],"tintindex":0,"rotation":0,"texture":"#1"},"north":{"uv":[10.0,7.5,10.25,6.5],"tintindex":0,"rotation":0,"texture":"#1"},"west":{"uv":[10.0,7.5,10.25,6.5],"tintindex":0,"rotation":0,"texture":"#1"},"up":{"uv":[10.0,7.5,10.25,6.5],"tintindex":0,"rotation":0,"texture":"#1"},"down":{"uv":[10.0,7.5,10.25,6.5],"tintindex":0,"rotation":0,"texture":"#1"}}},{"from":[5.375244,3.5002422,10.365548],"to":[6.6544447,3.9976425,12.686752],"faces":{"east":{"uv":[10.0,7.5,10.25,6.5],"tintindex":0,"rotation":0,"texture":"#1"},"south":{"uv":[10.0,7.5,10.25,6.5],"tintindex":0,"rotation":0,"texture":"#1"},"north":{"uv":[10.0,7.5,10.25,6.5],"tintindex":0,"rotation":0,"texture":"#1"},"west":{"uv":[10.0,7.5,10.25,6.5],"tintindex":0,"rotation":0,"texture":"#1"},"up":{"uv":[10.0,7.5,10.25,6.5],"tintindex":0,"rotation":0,"texture":"#1"},"down":{"uv":[10.0,7.5,10.25,6.5],"tintindex":0,"rotation":0,"texture":"#1"}}},{"from":[6.0384445,3.9976425,11.028749],"to":[6.986045,4.826645,12.686752],"faces":{"east":{"uv":[10.0,7.5,10.25,6.5],"tintindex":0,"rotation":0,"texture":"#1"},"south":{"uv":[10.0,7.5,10.25,6.5],"tintindex":0,"rotation":0,"texture":"#1"},"north":{"uv":[10.0,7.5,10.25,6.5],"tintindex":0,"rotation":0,"texture":"#1"},"west":{"uv":[10.0,7.5,10.25,6.5],"tintindex":0,"rotation":0,"texture":"#1"},"up":{"uv":[10.0,7.5,10.25,6.5],"tintindex":0,"rotation":0,"texture":"#1"},"down":{"uv":[10.0,7.5,10.25,6.5],"tintindex":0,"rotation":0,"texture":"#1"}}},{"from":[6.0384445,7.313648,11.36035],"to":[6.986045,8.142649,14.178954],"faces":{"east":{"uv":[10.0,7.5,10.25,6.5],"tintindex":0,"rotation":0,"texture":"#1"},"south":{"uv":[10.0,7.5,10.25,6.5],"tintindex":0,"rotation":0,"texture":"#1"},"north":{"uv":[10.0,7.5,10.25,6.5],"tintindex":0,"rotation":0,"texture":"#1"},"west":{"uv":[10.0,7.5,10.25,6.5],"tintindex":0,"rotation":0,"texture":"#1"},"up":{"uv":[10.0,7.5,10.25,6.5],"tintindex":0,"rotation":0,"texture":"#1"},"down":{"uv":[10.0,7.5,10.25,6.5],"tintindex":0,"rotation":0,"texture":"#1"}}},{"from":[6.0384445,8.142649,11.19455],"to":[6.986045,8.971651,14.344754],"faces":{"east":{"uv":[10.0,7.5,10.25,6.5],"tintindex":0,"rotation":0,"texture":"#1"},"south":{"uv":[10.0,7.5,10.25,6.5],"tintindex":0,"rotation":0,"texture":"#1"},"north":{"uv":[10.0,7.5,10.25,6.5],"tintindex":0,"rotation":0,"texture":"#1"},"west":{"uv":[10.0,7.5,10.25,6.5],"tintindex":0,"rotation":0,"texture":"#1"},"up":{"uv":[10.0,7.5,10.25,6.5],"tintindex":0,"rotation":0,"texture":"#1"},"down":{"uv":[10.0,7.5,10.25,6.5],"tintindex":0,"rotation":0,"texture":"#1"}}},{"from":[5.043643,5.6556454,11.691951],"to":[5.9912434,6.484646,13.681554],"faces":{"east":{"uv":[10.0,7.5,10.25,6.5],"tintindex":0,"rotation":0,"texture":"#1"},"south":{"uv":[10.0,7.5,10.25,6.5],"tintindex":0,"rotation":0,"texture":"#1"},"north":{"uv":[10.0,7.5,10.25,6.5],"tintindex":0,"rotation":0,"texture":"#1"},"west":{"uv":[10.0,7.5,10.25,6.5],"tintindex":0,"rotation":0,"texture":"#1"},"up":{"uv":[10.0,7.5,10.25,6.5],"tintindex":0,"rotation":0,"texture":"#1"},"down":{"uv":[10.0,7.5,10.25,6.5],"tintindex":0,"rotation":0,"texture":"#1"}}},{"from":[5.375244,6.484646,11.19455],"to":[6.6544447,7.313648,14.178954],"faces":{"east":{"uv":[10.0,7.5,10.25,6.5],"tintindex":0,"rotation":0,"texture":"#1"},"south":{"uv":[10.0,7.5,10.25,6.5],"tintindex":0,"rotation":0,"texture":"#1"},"north":{"uv":[10.0,7.5,10.25,6.5],"tintindex":0,"rotation":0,"texture":"#1"},"west":{"uv":[10.0,7.5,10.25,6.5],"tintindex":0,"rotation":0,"texture":"#1"},"up":{"uv":[10.0,7.5,10.25,6.5],"tintindex":0,"rotation":0,"texture":"#1"},"down":{"uv":[10.0,7.5,10.25,6.5],"tintindex":0,"rotation":0,"texture":"#1"}}}],"display":{"gui":{"rotation":[30,225,0]}}}