{"textures":{"1":"modelengine:entity/artas"},"elements":[{"from":[7.375244,5.1426487,5.8629494],"to":[8.654445,5.971651,9.676355],"faces":{"east":{"uv":[5.5,13.125,5.0,13.0],"tintindex":0,"rotation":90,"texture":"#1"},"south":{"uv":[0.0,10.5,0.5,11.0],"tintindex":0,"rotation":270,"texture":"#1"},"north":{"uv":[0.0,10.5,0.5,11.0],"tintindex":0,"rotation":270,"texture":"#1"},"west":{"uv":[5.5,13.125,5.0,13.0],"tintindex":0,"rotation":90,"texture":"#1"},"up":{"uv":[0.0,10.5,0.5,11.0],"tintindex":0,"rotation":270,"texture":"#1"},"down":{"uv":[0.0,10.5,0.5,11.0],"tintindex":0,"rotation":270,"texture":"#1"}}},{"from":[7.375244,4.313648,6.0287495],"to":[8.654445,5.1426487,9.510554],"faces":{"east":{"uv":[5.5,13.125,5.0,13.0],"tintindex":0,"rotation":90,"texture":"#1"},"south":{"uv":[0.0,10.5,0.5,11.0],"tintindex":0,"rotation":270,"texture":"#1"},"north":{"uv":[0.0,10.5,0.5,11.0],"tintindex":0,"rotation":270,"texture":"#1"},"west":{"uv":[5.5,13.125,5.0,13.0],"tintindex":0,"rotation":90,"texture":"#1"},"up":{"uv":[0.0,10.5,0.5,11.0],"tintindex":0,"rotation":270,"texture":"#1"},"down":{"uv":[0.0,10.5,0.5,11.0],"tintindex":0,"rotation":270,"texture":"#1"}}},{"from":[7.375244,0.9976425,5.6971493],"to":[8.654445,1.8266449,8.0183525],"faces":{"east":{"uv":[5.5,13.125,5.0,13.0],"tintindex":0,"rotation":90,"texture":"#1"},"south":{"uv":[0.0,10.5,0.5,11.0],"tintindex":0,"rotation":270,"texture":"#1"},"north":{"uv":[0.0,10.5,0.5,11.0],"tintindex":0,"rotation":270,"texture":"#1"},"west":{"uv":[5.5,13.125,5.0,13.0],"tintindex":0,"rotation":90,"texture":"#1"},"up":{"uv":[0.0,10.5,0.5,11.0],"tintindex":0,"rotation":270,"texture":"#1"},"down":{"uv":[0.0,10.5,0.5,11.0],"tintindex":0,"rotation":270,"texture":"#1"}}},{"from":[7.043643,4.313648,6.3603497],"to":[7.9912434,5.1426487,9.178954],"faces":{"east":{"uv":[5.5,13.125,5.0,13.0],"tintindex":0,"rotation":90,"texture":"#1"},"south":{"uv":[0.0,10.5,0.5,11.0],"tintindex":0,"rotation":270,"texture":"#1"},"north":{"uv":[0.0,10.5,0.5,11.0],"tintindex":0,"rotation":270,"texture":"#1"},"west":{"uv":[0.0,9.5,0.625,10.0],"tintindex":0,"rotation":270,"texture":"#1"},"up":{"uv":[0.0,10.5,0.5,11.0],"tintindex":0,"rotation":270,"texture":"#1"},"down":{"uv":[0.0,10.5,0.5,11.0],"tintindex":0,"rotation":270,"texture":"#1"}}},{"from":[8.0384445,3.4846458,6.5261497],"to":[8.986045,4.313648,8.847354],"faces":{"east":{"uv":[5.5,13.125,5.0,13.0],"tintindex":0,"rotation":90,"texture":"#1"},"south":{"uv":[0.0,10.5,0.5,11.0],"tintindex":0,"rotation":270,"texture":"#1"},"north":{"uv":[0.0,10.5,0.5,11.0],"tintindex":0,"rotation":270,"texture":"#1"},"west":{"uv":[5.5,13.125,5.0,13.0],"tintindex":0,"rotation":90,"texture":"#1"},"up":{"uv":[0.0,10.5,0.5,11.0],"tintindex":0,"rotation":270,"texture":"#1"},"down":{"uv":[0.0,10.5,0.5,11.0],"tintindex":0,"rotation":270,"texture":"#1"}}},{"from":[7.043643,1.8266449,6.3603497],"to":[7.9912434,2.6556454,8.349953],"faces":{"east":{"uv":[5.5,13.125,5.0,13.0],"tintindex":0,"rotation":90,"texture":"#1"},"south":{"uv":[0.0,10.5,0.5,11.0],"tintindex":0,"rotation":270,"texture":"#1"},"north":{"uv":[0.0,10.5,0.5,11.0],"tintindex":0,"rotation":270,"texture":"#1"},"west":{"uv":[11.0,2.375,10.5,2.9296875],"tintindex":0,"rotation":270,"texture":"#1"},"up":{"uv":[0.0,10.5,0.5,11.0],"tintindex":0,"rotation":270,"texture":"#1"},"down":{"uv":[0.0,10.5,0.5,11.0],"tintindex":0,"rotation":270,"texture":"#1"}}},{"from":[7.043643,5.971651,6.5261497],"to":[9.146243,7.629652,9.178954],"faces":{"east":{"uv":[5.5,13.125,5.0,13.0],"tintindex":0,"rotation":90,"texture":"#1"},"south":{"uv":[0.0,10.5,0.5,11.0],"tintindex":0,"rotation":270,"texture":"#1"},"north":{"uv":[0.0,10.5,0.5,11.0],"tintindex":0,"rotation":270,"texture":"#1"},"west":{"uv":[0.0,9.5,0.625,10.0],"tintindex":0,"rotation":270,"texture":"#1"},"up":{"uv":[0.0,10.5,0.5,11.0],"tintindex":0,"rotation":270,"texture":"#1"},"down":{"uv":[0.0,10.5,0.5,11.0],"tintindex":0,"rotation":270,"texture":"#1"}}},{"from":[6.977746,7.081959,6.7571964],"to":[9.022895,9.838705,8.716194],"faces":{"east":{"uv":[0.0,9.5,0.625,10.0],"tintindex":0,"rotation":90,"texture":"#1"},"south":{"uv":[0.0,10.5,0.5,11.0],"tintindex":0,"rotation":270,"texture":"#1"},"north":{"uv":[0.0,10.5,0.5,11.0],"tintindex":0,"rotation":270,"texture":"#1"},"west":{"uv":[0.0,9.5,0.625,10.0],"tintindex":0,"rotation":270,"texture":"#1"},"up":{"uv":[0.0,10.5,0.5,11.0],"tintindex":0,"rotation":270,"texture":"#1"},"down":{"uv":[0.0,10.5,0.5,11.0],"tintindex":0,"rotation":270,"texture":"#1"}}},{"from":[7.375244,3.4846458,6.1945496],"to":[8.654445,4.313648,9.178954],"faces":{"east":{"uv":[5.5,13.125,5.0,13.0],"tintindex":0,"rotation":90,"texture":"#1"},"south":{"uv":[0.0,10.5,0.5,11.0],"tintindex":0,"rotation":270,"texture":"#1"},"north":{"uv":[0.0,10.5,0.5,11.0],"tintindex":0,"rotation":270,"texture":"#1"},"west":{"uv":[5.5,13.125,5.0,13.0],"tintindex":0,"rotation":90,"texture":"#1"},"up":{"uv":[0.0,10.5,0.5,11.0],"tintindex":0,"rotation":270,"texture":"#1"},"down":{"uv":[0.0,10.5,0.5,11.0],"tintindex":0,"rotation":270,"texture":"#1"}}},{"from":[8.0384445,0.50024223,5.6971493],"to":[8.986045,0.9976425,7.355152],"faces":{"east":{"uv":[5.5,13.125,5.0,13.0],"tintindex":0,"rotation":90,"texture":"#1"},"south":{"uv":[0.0,10.5,0.5,11.0],"tintindex":0,"rotation":270,"texture":"#1"},"north":{"uv":[0.0,10.5,0.5,11.0],"tintindex":0,"rotation":270,"texture":"#1"},"west":{"uv":[5.5,13.125,5.0,13.0],"tintindex":0,"rotation":90,"texture":"#1"},"up":{"uv":[0.0,10.5,0.5,11.0],"tintindex":0,"rotation":270,"texture":"#1"},"down":{"uv":[0.0,10.5,0.5,11.0],"tintindex":0,"rotation":270,"texture":"#1"}}},{"from":[7.043643,0.9976425,6.0287495],"to":[7.9912434,1.8266449,7.6867523],"faces":{"east":{"uv":[5.5,13.125,5.0,13.0],"tintindex":0,"rotation":90,"texture":"#1"},"south":{"uv":[0.0,10.5,0.5,11.0],"tintindex":0,"rotation":270,"texture":"#1"},"north":{"uv":[0.0,10.5,0.5,11.0],"tintindex":0,"rotation":270,"texture":"#1"},"west":{"uv":[11.0,2.375,10.5,2.9296875],"tintindex":0,"rotation":270,"texture":"#1"},"up":{"uv":[0.0,10.5,0.5,11.0],"tintindex":0,"rotation":270,"texture":"#1"},"down":{"uv":[0.0,10.5,0.5,11.0],"tintindex":0,"rotation":270,"texture":"#1"}}},{"from":[7.375244,0.0028419495,4.2639484],"to":[8.654445,0.50024223,7.355152],"faces":{"east":{"uv":[0.0,10.5,0.5,11.0],"tintindex":0,"rotation":270,"texture":"#1"},"south":{"uv":[0.0,10.5,0.5,11.0],"tintindex":0,"rotation":270,"texture":"#1"},"north":{"uv":[0.0,10.5,0.5,11.0],"tintindex":0,"rotation":270,"texture":"#1"},"west":{"uv":[0.0,10.5,0.5,11.0],"tintindex":0,"rotation":270,"texture":"#1"},"up":{"uv":[0.0,10.5,0.5,11.0],"tintindex":0,"rotation":270,"texture":"#1"},"down":{"uv":[0.0,10.5,0.5,11.0],"tintindex":0,"rotation":270,"texture":"#1"}}},{"from":[8.0384445,2.6556454,6.69195],"to":[8.986045,3.4846458,8.681554],"faces":{"east":{"uv":[5.5,13.125,5.0,13.0],"tintindex":0,"rotation":90,"texture":"#1"},"south":{"uv":[0.0,10.5,0.5,11.0],"tintindex":0,"rotation":270,"texture":"#1"},"north":{"uv":[0.0,10.5,0.5,11.0],"tintindex":0,"rotation":270,"texture":"#1"},"west":{"uv":[5.5,13.125,5.0,13.0],"tintindex":0,"rotation":90,"texture":"#1"},"up":{"uv":[0.0,10.5,0.5,11.0],"tintindex":0,"rotation":270,"texture":"#1"},"down":{"uv":[0.0,10.5,0.5,11.0],"tintindex":0,"rotation":270,"texture":"#1"}}},{"from":[7.043643,5.1426487,6.1945496],"to":[7.9912434,5.971651,9.344754],"faces":{"east":{"uv":[5.5,13.125,5.0,13.0],"tintindex":0,"rotation":90,"texture":"#1"},"south":{"uv":[0.0,10.5,0.5,11.0],"tintindex":0,"rotation":270,"texture":"#1"},"north":{"uv":[0.0,10.5,0.5,11.0],"tintindex":0,"rotation":270,"texture":"#1"},"west":{"uv":[0.0,9.5,0.625,10.0],"tintindex":0,"rotation":270,"texture":"#1"},"up":{"uv":[0.0,10.5,0.5,11.0],"tintindex":0,"rotation":270,"texture":"#1"},"down":{"uv":[0.0,10.5,0.5,11.0],"tintindex":0,"rotation":270,"texture":"#1"}}},{"from":[8.0384445,0.33444214,5.365549],"to":[8.986045,0.50024223,7.02355],"faces":{"east":{"uv":[5.5,13.125,5.0,13.0],"tintindex":0,"rotation":90,"texture":"#1"},"south":{"uv":[0.0,10.5,0.5,11.0],"tintindex":0,"rotation":270,"texture":"#1"},"north":{"uv":[0.0,10.5,0.5,11.0],"tintindex":0,"rotation":270,"texture":"#1"},"west":{"uv":[5.5,13.125,5.0,13.0],"tintindex":0,"rotation":90,"texture":"#1"},"up":{"uv":[0.0,10.5,0.5,11.0],"tintindex":0,"rotation":270,"texture":"#1"},"down":{"uv":[0.0,10.5,0.5,11.0],"tintindex":0,"rotation":270,"texture":"#1"}}},{"from":[7.375244,1.8266449,6.0287495],"to":[8.654445,2.6556454,8.681554],"faces":{"east":{"uv":[5.5,13.125,5.0,13.0],"tintindex":0,"rotation":90,"texture":"#1"},"south":{"uv":[0.0,10.5,0.5,11.0],"tintindex":0,"rotation":270,"texture":"#1"},"north":{"uv":[0.0,10.5,0.5,11.0],"tintindex":0,"rotation":270,"texture":"#1"},"west":{"uv":[5.5,13.125,5.0,13.0],"tintindex":0,"rotation":90,"texture":"#1"},"up":{"uv":[0.0,10.5,0.5,11.0],"tintindex":0,"rotation":270,"texture":"#1"},"down":{"uv":[0.0,10.5,0.5,11.0],"tintindex":0,"rotation":270,"texture":"#1"}}},{"from":[7.043643,0.50024223,5.6971493],"to":[7.9912434,0.9976425,7.355152],"faces":{"east":{"uv":[5.5,13.125,5.0,13.0],"tintindex":0,"rotation":90,"texture":"#1"},"south":{"uv":[0.0,10.5,0.5,11.0],"tintindex":0,"rotation":270,"texture":"#1"},"north":{"uv":[0.0,10.5,0.5,11.0],"tintindex":0,"rotation":270,"texture":"#1"},"west":{"uv":[5.5,13.125,5.0,13.0],"tintindex":0,"rotation":90,"texture":"#1"},"up":{"uv":[0.0,10.5,0.5,11.0],"tintindex":0,"rotation":270,"texture":"#1"},"down":{"uv":[0.0,10.5,0.5,11.0],"tintindex":0,"rotation":270,"texture":"#1"}}},{"from":[8.0384445,1.8266449,6.3603497],"to":[8.986045,2.6556454,8.349953],"faces":{"east":{"uv":[5.5,13.125,5.0,13.0],"tintindex":0,"rotation":90,"texture":"#1"},"south":{"uv":[0.0,10.5,0.5,11.0],"tintindex":0,"rotation":270,"texture":"#1"},"north":{"uv":[0.0,10.5,0.5,11.0],"tintindex":0,"rotation":270,"texture":"#1"},"west":{"uv":[5.5,13.125,5.0,13.0],"tintindex":0,"rotation":90,"texture":"#1"},"up":{"uv":[0.0,10.5,0.5,11.0],"tintindex":0,"rotation":270,"texture":"#1"},"down":{"uv":[0.0,10.5,0.5,11.0],"tintindex":0,"rotation":270,"texture":"#1"}}},{"from":[8.0384445,5.1426487,6.1945496],"to":[8.986045,5.971651,9.344754],"faces":{"east":{"uv":[5.5,13.125,5.0,13.0],"tintindex":0,"rotation":90,"texture":"#1"},"south":{"uv":[0.0,10.5,0.5,11.0],"tintindex":0,"rotation":270,"texture":"#1"},"north":{"uv":[0.0,10.5,0.5,11.0],"tintindex":0,"rotation":270,"texture":"#1"},"west":{"uv":[5.5,13.125,5.0,13.0],"tintindex":0,"rotation":90,"texture":"#1"},"up":{"uv":[0.0,10.5,0.5,11.0],"tintindex":0,"rotation":270,"texture":"#1"},"down":{"uv":[0.0,10.5,0.5,11.0],"tintindex":0,"rotation":270,"texture":"#1"}}},{"from":[7.375244,2.6556454,6.3603497],"to":[8.654445,3.4846458,9.013154],"faces":{"east":{"uv":[5.5,13.125,5.0,13.0],"tintindex":0,"rotation":90,"texture":"#1"},"south":{"uv":[0.0,10.5,0.5,11.0],"tintindex":0,"rotation":270,"texture":"#1"},"north":{"uv":[0.0,10.5,0.5,11.0],"tintindex":0,"rotation":270,"texture":"#1"},"west":{"uv":[5.5,13.125,5.0,13.0],"tintindex":0,"rotation":90,"texture":"#1"},"up":{"uv":[0.0,10.5,0.5,11.0],"tintindex":0,"rotation":270,"texture":"#1"},"down":{"uv":[0.0,10.5,0.5,11.0],"tintindex":0,"rotation":270,"texture":"#1"}}},{"from":[7.375244,0.50024223,5.365549],"to":[8.654445,0.9976425,7.6867523],"faces":{"east":{"uv":[5.5,13.125,5.0,13.0],"tintindex":0,"rotation":90,"texture":"#1"},"south":{"uv":[0.0,10.5,0.5,11.0],"tintindex":0,"rotation":270,"texture":"#1"},"north":{"uv":[0.0,10.5,0.5,11.0],"tintindex":0,"rotation":270,"texture":"#1"},"west":{"uv":[5.5,13.125,5.0,13.0],"tintindex":0,"rotation":90,"texture":"#1"},"up":{"uv":[0.0,10.5,0.5,11.0],"tintindex":0,"rotation":270,"texture":"#1"},"down":{"uv":[0.0,10.5,0.5,11.0],"tintindex":0,"rotation":270,"texture":"#1"}}},{"from":[8.0384445,4.313648,6.3603497],"to":[8.986045,5.1426487,9.178954],"faces":{"east":{"uv":[5.5,13.125,5.0,13.0],"tintindex":0,"rotation":90,"texture":"#1"},"south":{"uv":[0.0,10.5,0.5,11.0],"tintindex":0,"rotation":270,"texture":"#1"},"north":{"uv":[0.0,10.5,0.5,11.0],"tintindex":0,"rotation":270,"texture":"#1"},"west":{"uv":[5.5,13.125,5.0,13.0],"tintindex":0,"rotation":90,"texture":"#1"},"up":{"uv":[0.0,10.5,0.5,11.0],"tintindex":0,"rotation":270,"texture":"#1"},"down":{"uv":[0.0,10.5,0.5,11.0],"tintindex":0,"rotation":270,"texture":"#1"}}},{"from":[7.043643,2.6556454,6.69195],"to":[7.9912434,3.4846458,8.681554],"faces":{"east":{"uv":[5.5,13.125,5.0,13.0],"tintindex":0,"rotation":90,"texture":"#1"},"south":{"uv":[0.0,10.5,0.5,11.0],"tintindex":0,"rotation":270,"texture":"#1"},"north":{"uv":[0.0,10.5,0.5,11.0],"tintindex":0,"rotation":270,"texture":"#1"},"west":{"uv":[0.0,9.5,0.625,10.0],"tintindex":0,"rotation":270,"texture":"#1"},"up":{"uv":[0.0,10.5,0.5,11.0],"tintindex":0,"rotation":270,"texture":"#1"},"down":{"uv":[0.0,10.5,0.5,11.0],"tintindex":0,"rotation":270,"texture":"#1"}}},{"from":[8.0384445,0.9976425,6.0287495],"to":[8.986045,1.8266449,7.6867523],"faces":{"east":{"uv":[5.5,13.125,5.0,13.0],"tintindex":0,"rotation":90,"texture":"#1"},"south":{"uv":[0.0,10.5,0.5,11.0],"tintindex":0,"rotation":270,"texture":"#1"},"north":{"uv":[0.0,10.5,0.5,11.0],"tintindex":0,"rotation":270,"texture":"#1"},"west":{"uv":[5.5,13.125,5.0,13.0],"tintindex":0,"rotation":90,"texture":"#1"},"up":{"uv":[0.0,10.5,0.5,11.0],"tintindex":0,"rotation":270,"texture":"#1"},"down":{"uv":[0.0,10.5,0.5,11.0],"tintindex":0,"rotation":270,"texture":"#1"}}},{"from":[8.0384445,5.971651,6.5261497],"to":[8.986045,6.6348515,9.178954],"faces":{"east":{"uv":[5.5,13.125,5.0,13.0],"tintindex":0,"rotation":90,"texture":"#1"},"south":{"uv":[0.0,10.5,0.5,11.0],"tintindex":0,"rotation":270,"texture":"#1"},"north":{"uv":[0.0,10.5,0.5,11.0],"tintindex":0,"rotation":270,"texture":"#1"},"west":{"uv":[5.5,13.125,5.0,13.0],"tintindex":0,"rotation":90,"texture":"#1"},"up":{"uv":[0.0,10.5,0.5,11.0],"tintindex":0,"rotation":270,"texture":"#1"},"down":{"uv":[0.0,10.5,0.5,11.0],"tintindex":0,"rotation":270,"texture":"#1"}}},{"from":[7.375244,5.971651,6.1945496],"to":[8.654445,6.6348515,9.510554],"faces":{"east":{"uv":[5.5,13.125,5.0,13.0],"tintindex":0,"rotation":90,"texture":"#1"},"south":{"uv":[0.0,10.5,0.5,11.0],"tintindex":0,"rotation":270,"texture":"#1"},"north":{"uv":[0.0,10.5,0.5,11.0],"tintindex":0,"rotation":270,"texture":"#1"},"west":{"uv":[5.5,13.125,5.0,13.0],"tintindex":0,"rotation":90,"texture":"#1"},"up":{"uv":[0.0,10.5,0.5,11.0],"tintindex":0,"rotation":270,"texture":"#1"},"down":{"uv":[0.0,10.5,0.5,11.0],"tintindex":0,"rotation":270,"texture":"#1"}}},{"from":[7.043643,3.4846458,6.5261497],"to":[7.9912434,4.313648,8.847354],"faces":{"east":{"uv":[5.5,13.125,5.0,13.0],"tintindex":0,"rotation":90,"texture":"#1"},"south":{"uv":[0.0,10.5,0.5,11.0],"tintindex":0,"rotation":270,"texture":"#1"},"north":{"uv":[0.0,10.5,0.5,11.0],"tintindex":0,"rotation":270,"texture":"#1"},"west":{"uv":[0.0,9.5,0.625,10.0],"tintindex":0,"rotation":270,"texture":"#1"},"up":{"uv":[0.0,10.5,0.5,11.0],"tintindex":0,"rotation":270,"texture":"#1"},"down":{"uv":[0.0,10.5,0.5,11.0],"tintindex":0,"rotation":270,"texture":"#1"}}}],"display":{"gui":{"rotation":[30,225,0]}}}