{"textures":{"5":"modelengine:entity/lichkingarmor - copy"},"elements":[{"from":[5.8303976,1.6351433,5.264],"to":[10.428398,5.0551453,7.926],"faces":{"east":{"uv":[5.9375,5.0,5.71875,5.3],"tintindex":0,"rotation":0,"texture":"#5"},"south":{"uv":[5.9375,5.0,5.71875,5.3],"tintindex":0,"rotation":0,"texture":"#5"},"north":{"uv":[5.9375,5.0,5.71875,5.3],"tintindex":0,"rotation":0,"texture":"#5"},"west":{"uv":[5.9375,5.0,5.71875,5.3],"tintindex":0,"rotation":0,"texture":"#5"},"up":{"uv":[5.9375,5.0,5.71875,5.3],"tintindex":0,"rotation":0,"texture":"#5"},"down":{"uv":[5.9375,5.0,5.71875,5.3],"tintindex":0,"rotation":0,"texture":"#5"}},"rotation":{"origin":[8.216001,5.7964973,6.232],"angle":-22.5,"axis":"z"}},{"from":[5.0700006,9.330498,5.99],"to":[9.668001,12.9925,8.652],"faces":{"east":{"uv":[5.9375,5.0,5.71875,5.3],"tintindex":0,"rotation":0,"texture":"#5"},"south":{"uv":[5.9375,5.0,5.71875,5.3],"tintindex":0,"rotation":0,"texture":"#5"},"north":{"uv":[5.9375,5.0,5.71875,5.3],"tintindex":0,"rotation":0,"texture":"#5"},"west":{"uv":[5.9375,5.0,5.71875,5.3],"tintindex":0,"rotation":0,"texture":"#5"},"up":{"uv":[5.9375,5.0,5.71875,5.3],"tintindex":0,"rotation":0,"texture":"#5"},"down":{"uv":[5.9375,5.0,5.71875,5.3],"tintindex":0,"rotation":0,"texture":"#5"}},"rotation":{"origin":[11.120001,11.6045,8.168],"angle":45.0,"axis":"z"}},{"from":[7.959753,8.044582,5.0220003],"to":[10.379753,12.91658,7.684],"faces":{"east":{"uv":[5.9375,5.0,5.71875,5.3],"tintindex":0,"rotation":0,"texture":"#5"},"south":{"uv":[5.9375,5.0,5.71875,5.3],"tintindex":0,"rotation":0,"texture":"#5"},"north":{"uv":[5.9375,5.0,5.71875,5.3],"tintindex":0,"rotation":0,"texture":"#5"},"west":{"uv":[5.9375,5.0,5.71875,5.3],"tintindex":0,"rotation":0,"texture":"#5"},"up":{"uv":[5.9375,5.0,5.71875,5.3],"tintindex":0,"rotation":0,"texture":"#5"},"down":{"uv":[5.9375,5.0,5.71875,5.3],"tintindex":0,"rotation":0,"texture":"#5"}},"rotation":{"origin":[3.3760004,7.732498,6.232],"angle":-45.0,"axis":"z"}},{"from":[10.152,4.732498,5.506],"to":[13.056,12.508499,12.04],"faces":{"east":{"uv":[5.9375,5.0,5.71875,5.3],"tintindex":0,"rotation":0,"texture":"#5"},"south":{"uv":[5.9375,5.0,5.71875,5.3],"tintindex":0,"rotation":0,"texture":"#5"},"north":{"uv":[5.9375,5.0,5.71875,5.3],"tintindex":0,"rotation":0,"texture":"#5"},"west":{"uv":[5.9375,5.0,5.71875,5.3],"tintindex":0,"rotation":0,"texture":"#5"},"up":{"uv":[5.9375,5.0,5.71875,5.3],"tintindex":0,"rotation":0,"texture":"#5"},"down":{"uv":[5.9375,5.0,5.71875,5.3],"tintindex":0,"rotation":0,"texture":"#5"}},"rotation":{"origin":[11.120001,11.6045,8.168],"angle":22.5,"axis":"z"}},{"from":[6.072397,2.1191444,10.104],"to":[10.670397,5.5391426,12.766],"faces":{"east":{"uv":[5.9375,5.0,5.71875,5.3],"tintindex":0,"rotation":0,"texture":"#5"},"south":{"uv":[5.9375,5.0,5.71875,5.3],"tintindex":0,"rotation":0,"texture":"#5"},"north":{"uv":[5.9375,5.0,5.71875,5.3],"tintindex":0,"rotation":0,"texture":"#5"},"west":{"uv":[5.9375,5.0,5.71875,5.3],"tintindex":0,"rotation":0,"texture":"#5"},"up":{"uv":[5.9375,5.0,5.71875,5.3],"tintindex":0,"rotation":0,"texture":"#5"},"down":{"uv":[5.9375,5.0,5.71875,5.3],"tintindex":0,"rotation":0,"texture":"#5"}},"rotation":{"origin":[8.216001,5.7964973,11.798],"angle":-45.0,"axis":"z"}},{"from":[6.038,7.1525,7.2],"to":[10.152,12.508499,12.04],"faces":{"east":{"uv":[5.9375,5.0,5.71875,5.3],"tintindex":0,"rotation":0,"texture":"#5"},"south":{"uv":[5.9375,5.0,5.71875,5.3],"tintindex":0,"rotation":0,"texture":"#5"},"north":{"uv":[5.9375,5.0,5.71875,5.3],"tintindex":0,"rotation":0,"texture":"#5"},"west":{"uv":[5.9375,5.0,5.71875,5.3],"tintindex":0,"rotation":0,"texture":"#5"},"up":{"uv":[5.9375,5.0,5.71875,5.3],"tintindex":0,"rotation":0,"texture":"#5"},"down":{"uv":[5.9375,5.0,5.71875,5.3],"tintindex":0,"rotation":0,"texture":"#5"}},"rotation":{"origin":[11.120001,11.6045,8.168],"angle":22.5,"axis":"z"}},{"from":[7.959753,8.044582,10.588],"to":[10.379753,12.91658,13.25],"faces":{"east":{"uv":[5.9375,5.0,5.71875,5.3],"tintindex":0,"rotation":0,"texture":"#5"},"south":{"uv":[5.9375,5.0,5.71875,5.3],"tintindex":0,"rotation":0,"texture":"#5"},"north":{"uv":[5.9375,5.0,5.71875,5.3],"tintindex":0,"rotation":0,"texture":"#5"},"west":{"uv":[5.9375,5.0,5.71875,5.3],"tintindex":0,"rotation":0,"texture":"#5"},"up":{"uv":[5.9375,5.0,5.71875,5.3],"tintindex":0,"rotation":0,"texture":"#5"},"down":{"uv":[5.9375,5.0,5.71875,5.3],"tintindex":0,"rotation":0,"texture":"#5"}},"rotation":{"origin":[3.3760004,7.732498,11.798],"angle":-45.0,"axis":"z"}}],"display":{"gui":{"rotation":[30,225,0]}}}