{"textures":{"0":"modelengine:entity/cannonball"},"elements":[{"from":[5.0,4.4,8.0],"to":[9.0,5.2,12.0],"faces":{"east":{"uv":[12.0,11.5,14.5,12.0],"tintindex":0,"rotation":0,"texture":"#0"},"south":{"uv":[12.0,12.0,14.5,12.5],"tintindex":0,"rotation":0,"texture":"#0"},"north":{"uv":[12.0,11.0,14.5,11.5],"tintindex":0,"rotation":0,"texture":"#0"},"west":{"uv":[12.5,2.5,15.0,3.0],"tintindex":0,"rotation":0,"texture":"#0"},"up":{"uv":[13.5,8.5,11.0,6.0],"tintindex":0,"rotation":0,"texture":"#0"},"down":{"uv":[11.0,11.0,8.5,13.5],"tintindex":0,"rotation":0,"texture":"#0"}},"rotation":{"origin":[7.0,8.0,10.0],"angle":22.5,"axis":"y"}},{"from":[-3.0,10.8,9.0],"to":[1.0,11.6,13.0],"faces":{"east":{"uv":[14.5,10.0,12.0,10.5],"tintindex":0,"rotation":0,"texture":"#0"},"south":{"uv":[14.5,9.5,12.0,10.0],"tintindex":0,"rotation":0,"texture":"#0"},"north":{"uv":[14.5,10.5,12.0,11.0],"tintindex":0,"rotation":0,"texture":"#0"},"west":{"uv":[14.5,9.0,12.0,9.5],"tintindex":0,"rotation":0,"texture":"#0"},"up":{"uv":[2.5,10.5,0.0,13.0],"tintindex":0,"rotation":90,"texture":"#0"},"down":{"uv":[13.0,2.5,10.5,0.0],"tintindex":0,"rotation":270,"texture":"#0"}},"rotation":{"origin":[-1.0,8.0,11.0],"angle":-45.0,"axis":"z"}},{"from":[-3.0,6.0,13.799999],"to":[1.0,10.0,14.6],"faces":{"east":{"uv":[3.5,10.5,3.0,13.0],"tintindex":0,"rotation":0,"texture":"#0"},"south":{"uv":[6.0,7.0,3.5,9.5],"tintindex":0,"rotation":0,"texture":"#0"},"north":{"uv":[9.5,3.5,7.0,6.0],"tintindex":0,"rotation":0,"texture":"#0"},"west":{"uv":[3.0,10.5,2.5,13.0],"tintindex":0,"rotation":0,"texture":"#0"},"up":{"uv":[11.5,8.5,11.0,11.0],"tintindex":0,"rotation":90,"texture":"#0"},"down":{"uv":[11.5,13.5,11.0,11.0],"tintindex":0,"rotation":270,"texture":"#0"}},"rotation":{"origin":[-1.0,8.0,11.0],"angle":-45.0,"axis":"z"}},{"from":[-3.8000002,5.2,8.2],"to":[1.8000002,10.8,13.799999],"faces":{"east":{"uv":[7.0,0.0,3.5,3.5],"tintindex":0,"rotation":0,"texture":"#0"},"south":{"uv":[3.5,3.5,0.0,7.0],"tintindex":0,"rotation":0,"texture":"#0"},"north":{"uv":[7.0,3.5,3.5,7.0],"tintindex":0,"rotation":0,"texture":"#0"},"west":{"uv":[3.5,0.0,0.0,3.5],"tintindex":0,"rotation":0,"texture":"#0"},"up":{"uv":[3.5,7.0,0.0,10.5],"tintindex":0,"rotation":90,"texture":"#0"},"down":{"uv":[10.5,3.5,7.0,0.0],"tintindex":0,"rotation":270,"texture":"#0"}},"rotation":{"origin":[-1.0,8.0,11.0],"angle":-45.0,"axis":"z"}},{"from":[-3.0,6.0,7.4],"to":[1.0,10.0,8.2],"faces":{"east":{"uv":[12.0,11.0,11.5,13.5],"tintindex":0,"rotation":0,"texture":"#0"},"south":{"uv":[8.5,7.0,6.0,9.5],"tintindex":0,"rotation":0,"texture":"#0"},"north":{"uv":[11.0,6.0,8.5,8.5],"tintindex":0,"rotation":0,"texture":"#0"},"west":{"uv":[12.0,8.5,11.5,11.0],"tintindex":0,"rotation":0,"texture":"#0"},"up":{"uv":[12.5,2.5,12.0,5.0],"tintindex":0,"rotation":90,"texture":"#0"},"down":{"uv":[4.0,14.5,3.5,12.0],"tintindex":0,"rotation":270,"texture":"#0"}},"rotation":{"origin":[-1.0,8.0,11.0],"angle":-45.0,"axis":"z"}},{"from":[4.2,5.2,7.2],"to":[9.799999,10.8,12.799999],"faces":{"east":{"uv":[0.0,3.5,3.5,7.0],"tintindex":0,"rotation":0,"texture":"#0"},"south":{"uv":[3.5,0.0,7.0,3.5],"tintindex":0,"rotation":0,"texture":"#0"},"north":{"uv":[0.0,0.0,3.5,3.5],"tintindex":0,"rotation":0,"texture":"#0"},"west":{"uv":[3.5,3.5,7.0,7.0],"tintindex":0,"rotation":0,"texture":"#0"},"up":{"uv":[3.5,10.5,0.0,7.0],"tintindex":0,"rotation":0,"texture":"#0"},"down":{"uv":[10.5,0.0,7.0,3.5],"tintindex":0,"rotation":0,"texture":"#0"}},"rotation":{"origin":[7.0,8.0,10.0],"angle":22.5,"axis":"y"}},{"from":[1.8000002,6.0,9.0],"to":[2.6,10.0,13.0],"faces":{"east":{"uv":[6.0,9.5,3.5,12.0],"tintindex":0,"rotation":0,"texture":"#0"},"south":{"uv":[4.5,12.0,4.0,14.5],"tintindex":0,"rotation":0,"texture":"#0"},"north":{"uv":[5.0,12.0,4.5,14.5],"tintindex":0,"rotation":0,"texture":"#0"},"west":{"uv":[11.0,8.5,8.5,11.0],"tintindex":0,"rotation":0,"texture":"#0"},"up":{"uv":[7.5,12.0,5.0,12.5],"tintindex":0,"rotation":90,"texture":"#0"},"down":{"uv":[14.5,5.5,12.0,5.0],"tintindex":0,"rotation":270,"texture":"#0"}},"rotation":{"origin":[-1.0,8.0,11.0],"angle":-45.0,"axis":"z"}},{"from":[9.799999,6.0,8.0],"to":[10.6,10.0,12.0],"faces":{"east":{"uv":[3.5,7.0,6.0,9.5],"tintindex":0,"rotation":0,"texture":"#0"},"south":{"uv":[3.0,10.5,3.5,13.0],"tintindex":0,"rotation":0,"texture":"#0"},"north":{"uv":[2.5,10.5,3.0,13.0],"tintindex":0,"rotation":0,"texture":"#0"},"west":{"uv":[7.0,3.5,9.5,6.0],"tintindex":0,"rotation":0,"texture":"#0"},"up":{"uv":[11.5,11.0,11.0,8.5],"tintindex":0,"rotation":0,"texture":"#0"},"down":{"uv":[11.5,11.0,11.0,13.5],"tintindex":0,"rotation":0,"texture":"#0"}},"rotation":{"origin":[7.0,8.0,10.0],"angle":22.5,"axis":"y"}},{"from":[3.0,10.8,15.2],"to":[7.0,11.6,19.2],"faces":{"east":{"uv":[14.5,9.5,12.0,10.0],"tintindex":0,"rotation":0,"texture":"#0"},"south":{"uv":[14.5,9.0,12.0,9.5],"tintindex":0,"rotation":0,"texture":"#0"},"north":{"uv":[14.5,10.0,12.0,10.5],"tintindex":0,"rotation":0,"texture":"#0"},"west":{"uv":[14.5,10.5,12.0,11.0],"tintindex":0,"rotation":0,"texture":"#0"},"up":{"uv":[2.5,10.5,0.0,13.0],"tintindex":0,"rotation":0,"texture":"#0"},"down":{"uv":[13.0,2.5,10.5,0.0],"tintindex":0,"rotation":0,"texture":"#0"}},"rotation":{"origin":[5.0,8.0,17.2],"angle":-22.5,"axis":"y"}},{"from":[-4.6000004,6.0,9.0],"to":[-3.8000002,10.0,13.0],"faces":{"east":{"uv":[8.5,9.5,6.0,12.0],"tintindex":0,"rotation":0,"texture":"#0"},"south":{"uv":[8.0,12.0,7.5,14.5],"tintindex":0,"rotation":0,"texture":"#0"},"north":{"uv":[8.5,12.0,8.0,14.5],"tintindex":0,"rotation":0,"texture":"#0"},"west":{"uv":[12.0,3.5,9.5,6.0],"tintindex":0,"rotation":0,"texture":"#0"},"up":{"uv":[14.5,5.5,12.0,6.0],"tintindex":0,"rotation":90,"texture":"#0"},"down":{"uv":[14.5,9.0,12.0,8.5],"tintindex":0,"rotation":270,"texture":"#0"}},"rotation":{"origin":[-1.0,8.0,11.0],"angle":-45.0,"axis":"z"}},{"from":[-3.0,4.4,9.0],"to":[1.0,5.2,13.0],"faces":{"east":{"uv":[14.5,12.0,12.0,12.5],"tintindex":0,"rotation":0,"texture":"#0"},"south":{"uv":[14.5,11.5,12.0,12.0],"tintindex":0,"rotation":0,"texture":"#0"},"north":{"uv":[15.0,2.5,12.5,3.0],"tintindex":0,"rotation":0,"texture":"#0"},"west":{"uv":[14.5,11.0,12.0,11.5],"tintindex":0,"rotation":0,"texture":"#0"},"up":{"uv":[13.5,6.0,11.0,8.5],"tintindex":0,"rotation":90,"texture":"#0"},"down":{"uv":[11.0,13.5,8.5,11.0],"tintindex":0,"rotation":270,"texture":"#0"}},"rotation":{"origin":[-1.0,8.0,11.0],"angle":-45.0,"axis":"z"}},{"from":[3.4,6.0,8.0],"to":[4.2,10.0,12.0],"faces":{"east":{"uv":[6.0,7.0,8.5,9.5],"tintindex":0,"rotation":0,"texture":"#0"},"south":{"uv":[11.5,11.0,12.0,13.5],"tintindex":0,"rotation":0,"texture":"#0"},"north":{"uv":[11.5,8.5,12.0,11.0],"tintindex":0,"rotation":0,"texture":"#0"},"west":{"uv":[8.5,6.0,11.0,8.5],"tintindex":0,"rotation":0,"texture":"#0"},"up":{"uv":[12.5,5.0,12.0,2.5],"tintindex":0,"rotation":0,"texture":"#0"},"down":{"uv":[4.0,12.0,3.5,14.5],"tintindex":0,"rotation":0,"texture":"#0"}},"rotation":{"origin":[7.0,8.0,10.0],"angle":22.5,"axis":"y"}},{"from":[1.3999996,6.0,15.2],"to":[2.1999998,10.0,19.2],"faces":{"east":{"uv":[8.5,7.0,6.0,9.5],"tintindex":0,"rotation":0,"texture":"#0"},"south":{"uv":[12.0,8.5,11.5,11.0],"tintindex":0,"rotation":0,"texture":"#0"},"north":{"uv":[12.0,11.0,11.5,13.5],"tintindex":0,"rotation":0,"texture":"#0"},"west":{"uv":[11.0,6.0,8.5,8.5],"tintindex":0,"rotation":0,"texture":"#0"},"up":{"uv":[12.5,2.5,12.0,5.0],"tintindex":0,"rotation":0,"texture":"#0"},"down":{"uv":[4.0,14.5,3.5,12.0],"tintindex":0,"rotation":0,"texture":"#0"}},"rotation":{"origin":[5.0,8.0,17.2],"angle":-22.5,"axis":"y"}},{"from":[3.0,6.0,20.0],"to":[7.0,10.0,20.8],"faces":{"east":{"uv":[8.0,12.0,7.5,14.5],"tintindex":0,"rotation":0,"texture":"#0"},"south":{"uv":[12.0,3.5,9.5,6.0],"tintindex":0,"rotation":0,"texture":"#0"},"north":{"uv":[8.5,9.5,6.0,12.0],"tintindex":0,"rotation":0,"texture":"#0"},"west":{"uv":[8.5,12.0,8.0,14.5],"tintindex":0,"rotation":0,"texture":"#0"},"up":{"uv":[14.5,5.5,12.0,6.0],"tintindex":0,"rotation":0,"texture":"#0"},"down":{"uv":[14.5,9.0,12.0,8.5],"tintindex":0,"rotation":0,"texture":"#0"}},"rotation":{"origin":[5.0,8.0,17.2],"angle":-22.5,"axis":"y"}},{"from":[5.0,6.0,6.4],"to":[9.0,10.0,7.2],"faces":{"east":{"uv":[7.5,12.0,8.0,14.5],"tintindex":0,"rotation":0,"texture":"#0"},"south":{"uv":[6.0,9.5,8.5,12.0],"tintindex":0,"rotation":0,"texture":"#0"},"north":{"uv":[9.5,3.5,12.0,6.0],"tintindex":0,"rotation":0,"texture":"#0"},"west":{"uv":[8.0,12.0,8.5,14.5],"tintindex":0,"rotation":0,"texture":"#0"},"up":{"uv":[14.5,6.0,12.0,5.5],"tintindex":0,"rotation":0,"texture":"#0"},"down":{"uv":[14.5,8.5,12.0,9.0],"tintindex":0,"rotation":0,"texture":"#0"}},"rotation":{"origin":[7.0,8.0,10.0],"angle":22.5,"axis":"y"}},{"from":[5.0,10.8,8.0],"to":[9.0,11.6,12.0],"faces":{"east":{"uv":[12.0,9.5,14.5,10.0],"tintindex":0,"rotation":0,"texture":"#0"},"south":{"uv":[12.0,10.0,14.5,10.5],"tintindex":0,"rotation":0,"texture":"#0"},"north":{"uv":[12.0,9.0,14.5,9.5],"tintindex":0,"rotation":0,"texture":"#0"},"west":{"uv":[12.0,10.5,14.5,11.0],"tintindex":0,"rotation":0,"texture":"#0"},"up":{"uv":[2.5,13.0,0.0,10.5],"tintindex":0,"rotation":0,"texture":"#0"},"down":{"uv":[13.0,0.0,10.5,2.5],"tintindex":0,"rotation":0,"texture":"#0"}},"rotation":{"origin":[7.0,8.0,10.0],"angle":22.5,"axis":"y"}},{"from":[7.7999997,6.0,15.2],"to":[8.6,10.0,19.2],"faces":{"east":{"uv":[6.0,7.0,3.5,9.5],"tintindex":0,"rotation":0,"texture":"#0"},"south":{"uv":[3.0,10.5,2.5,13.0],"tintindex":0,"rotation":0,"texture":"#0"},"north":{"uv":[3.5,10.5,3.0,13.0],"tintindex":0,"rotation":0,"texture":"#0"},"west":{"uv":[9.5,3.5,7.0,6.0],"tintindex":0,"rotation":0,"texture":"#0"},"up":{"uv":[11.5,8.5,11.0,11.0],"tintindex":0,"rotation":0,"texture":"#0"},"down":{"uv":[11.5,13.5,11.0,11.0],"tintindex":0,"rotation":0,"texture":"#0"}},"rotation":{"origin":[5.0,8.0,17.2],"angle":-22.5,"axis":"y"}},{"from":[2.1999998,5.2,14.4],"to":[7.7999997,10.8,20.0],"faces":{"east":{"uv":[3.5,3.5,0.0,7.0],"tintindex":0,"rotation":0,"texture":"#0"},"south":{"uv":[3.5,0.0,0.0,3.5],"tintindex":0,"rotation":0,"texture":"#0"},"north":{"uv":[7.0,0.0,3.5,3.5],"tintindex":0,"rotation":0,"texture":"#0"},"west":{"uv":[7.0,3.5,3.5,7.0],"tintindex":0,"rotation":0,"texture":"#0"},"up":{"uv":[3.5,7.0,0.0,10.5],"tintindex":0,"rotation":0,"texture":"#0"},"down":{"uv":[10.5,3.5,7.0,0.0],"tintindex":0,"rotation":0,"texture":"#0"}},"rotation":{"origin":[5.0,8.0,17.2],"angle":-22.5,"axis":"y"}},{"from":[5.0,6.0,12.799999],"to":[9.0,10.0,13.6],"faces":{"east":{"uv":[4.0,12.0,4.5,14.5],"tintindex":0,"rotation":0,"texture":"#0"},"south":{"uv":[3.5,9.5,6.0,12.0],"tintindex":0,"rotation":0,"texture":"#0"},"north":{"uv":[8.5,8.5,11.0,11.0],"tintindex":0,"rotation":0,"texture":"#0"},"west":{"uv":[4.5,12.0,5.0,14.5],"tintindex":0,"rotation":0,"texture":"#0"},"up":{"uv":[7.5,12.5,5.0,12.0],"tintindex":0,"rotation":0,"texture":"#0"},"down":{"uv":[14.5,5.0,12.0,5.5],"tintindex":0,"rotation":0,"texture":"#0"}},"rotation":{"origin":[7.0,8.0,10.0],"angle":22.5,"axis":"y"}},{"from":[3.0,4.4,15.2],"to":[7.0,5.2,19.2],"faces":{"east":{"uv":[14.5,11.5,12.0,12.0],"tintindex":0,"rotation":0,"texture":"#0"},"south":{"uv":[14.5,11.0,12.0,11.5],"tintindex":0,"rotation":0,"texture":"#0"},"north":{"uv":[14.5,12.0,12.0,12.5],"tintindex":0,"rotation":0,"texture":"#0"},"west":{"uv":[15.0,2.5,12.5,3.0],"tintindex":0,"rotation":0,"texture":"#0"},"up":{"uv":[13.5,6.0,11.0,8.5],"tintindex":0,"rotation":0,"texture":"#0"},"down":{"uv":[11.0,13.5,8.5,11.0],"tintindex":0,"rotation":0,"texture":"#0"}},"rotation":{"origin":[5.0,8.0,17.2],"angle":-22.5,"axis":"y"}},{"from":[3.0,6.0,13.6],"to":[7.0,10.0,14.4],"faces":{"east":{"uv":[4.5,12.0,4.0,14.5],"tintindex":0,"rotation":0,"texture":"#0"},"south":{"uv":[11.0,8.5,8.5,11.0],"tintindex":0,"rotation":0,"texture":"#0"},"north":{"uv":[6.0,9.5,3.5,12.0],"tintindex":0,"rotation":0,"texture":"#0"},"west":{"uv":[5.0,12.0,4.5,14.5],"tintindex":0,"rotation":0,"texture":"#0"},"up":{"uv":[7.5,12.0,5.0,12.5],"tintindex":0,"rotation":0,"texture":"#0"},"down":{"uv":[14.5,5.5,12.0,5.0],"tintindex":0,"rotation":0,"texture":"#0"}},"rotation":{"origin":[5.0,8.0,17.2],"angle":-22.5,"axis":"y"}}],"display":{"gui":{"rotation":[30,225,0]}}}