{"textures":{"0":"modelengine:entity/cannonball"},"elements":[{"from":[7.5,7.5,7.5],"to":[8.5,8.5,8.5],"faces":{"east":{"uv":[13.5,0.5,14.0,1.0],"tintindex":0,"rotation":0,"texture":"#0"},"south":{"uv":[13.5,0.5,14.0,1.0],"tintindex":0,"rotation":0,"texture":"#0"},"north":{"uv":[13.5,0.5,14.0,1.0],"tintindex":0,"rotation":0,"texture":"#0"},"west":{"uv":[13.5,0.5,14.0,1.0],"tintindex":0,"rotation":0,"texture":"#0"},"up":{"uv":[13.5,0.5,14.0,1.0],"tintindex":0,"rotation":0,"texture":"#0"},"down":{"uv":[13.5,0.5,14.0,1.0],"tintindex":0,"rotation":0,"texture":"#0"}}}],"display":{"gui":{"rotation":[30,225,0]}}}