{"textures":{"0":"modelengine:entity/cannonball"},"elements":[{"from":[6.0,10.8,6.0],"to":[10.0,11.599999,10.0],"faces":{"east":{"uv":[12.0,9.5,14.5,10.0],"tintindex":0,"rotation":0,"texture":"#0"},"south":{"uv":[12.0,10.0,14.5,10.5],"tintindex":0,"rotation":0,"texture":"#0"},"north":{"uv":[12.0,9.0,14.5,9.5],"tintindex":0,"rotation":0,"texture":"#0"},"west":{"uv":[12.0,10.5,14.5,11.0],"tintindex":0,"rotation":0,"texture":"#0"},"up":{"uv":[2.5,13.0,0.0,10.5],"tintindex":0,"rotation":0,"texture":"#0"},"down":{"uv":[13.0,0.0,10.5,2.5],"tintindex":0,"rotation":0,"texture":"#0"}},"rotation":{"origin":[8.0,8.0,8.0],"angle":22.5,"axis":"y"}},{"from":[6.0,6.0,4.3999996],"to":[10.0,10.0,5.2],"faces":{"east":{"uv":[7.5,12.0,8.0,14.5],"tintindex":0,"rotation":0,"texture":"#0"},"south":{"uv":[6.0,9.5,8.5,12.0],"tintindex":0,"rotation":0,"texture":"#0"},"north":{"uv":[9.5,3.5,12.0,6.0],"tintindex":0,"rotation":0,"texture":"#0"},"west":{"uv":[8.0,12.0,8.5,14.5],"tintindex":0,"rotation":0,"texture":"#0"},"up":{"uv":[14.5,6.0,12.0,5.5],"tintindex":0,"rotation":0,"texture":"#0"},"down":{"uv":[14.5,8.5,12.0,9.0],"tintindex":0,"rotation":0,"texture":"#0"}},"rotation":{"origin":[8.0,8.0,8.0],"angle":22.5,"axis":"y"}},{"from":[4.3999996,6.0,6.0],"to":[5.2,10.0,10.0],"faces":{"east":{"uv":[6.0,7.0,8.5,9.5],"tintindex":0,"rotation":0,"texture":"#0"},"south":{"uv":[11.5,11.0,12.0,13.5],"tintindex":0,"rotation":0,"texture":"#0"},"north":{"uv":[11.5,8.5,12.0,11.0],"tintindex":0,"rotation":0,"texture":"#0"},"west":{"uv":[8.5,6.0,11.0,8.5],"tintindex":0,"rotation":0,"texture":"#0"},"up":{"uv":[12.5,5.0,12.0,2.5],"tintindex":0,"rotation":0,"texture":"#0"},"down":{"uv":[4.0,12.0,3.5,14.5],"tintindex":0,"rotation":0,"texture":"#0"}},"rotation":{"origin":[8.0,8.0,8.0],"angle":22.5,"axis":"y"}},{"from":[10.8,6.0,6.0],"to":[11.6,10.0,10.0],"faces":{"east":{"uv":[3.5,7.0,6.0,9.5],"tintindex":0,"rotation":0,"texture":"#0"},"south":{"uv":[3.0,10.5,3.5,13.0],"tintindex":0,"rotation":0,"texture":"#0"},"north":{"uv":[2.5,10.5,3.0,13.0],"tintindex":0,"rotation":0,"texture":"#0"},"west":{"uv":[7.0,3.5,9.5,6.0],"tintindex":0,"rotation":0,"texture":"#0"},"up":{"uv":[11.5,11.0,11.0,8.5],"tintindex":0,"rotation":0,"texture":"#0"},"down":{"uv":[11.5,11.0,11.0,13.5],"tintindex":0,"rotation":0,"texture":"#0"}},"rotation":{"origin":[8.0,8.0,8.0],"angle":22.5,"axis":"y"}},{"from":[6.0,4.3999996,6.0],"to":[10.0,5.2,10.0],"faces":{"east":{"uv":[12.0,11.5,14.5,12.0],"tintindex":0,"rotation":0,"texture":"#0"},"south":{"uv":[12.0,12.0,14.5,12.5],"tintindex":0,"rotation":0,"texture":"#0"},"north":{"uv":[12.0,11.0,14.5,11.5],"tintindex":0,"rotation":0,"texture":"#0"},"west":{"uv":[12.5,2.5,15.0,3.0],"tintindex":0,"rotation":0,"texture":"#0"},"up":{"uv":[13.5,8.5,11.0,6.0],"tintindex":0,"rotation":0,"texture":"#0"},"down":{"uv":[11.0,11.0,8.5,13.5],"tintindex":0,"rotation":0,"texture":"#0"}},"rotation":{"origin":[8.0,8.0,8.0],"angle":22.5,"axis":"y"}},{"from":[6.0,6.0,10.8],"to":[10.0,10.0,11.6],"faces":{"east":{"uv":[4.0,12.0,4.5,14.5],"tintindex":0,"rotation":0,"texture":"#0"},"south":{"uv":[3.5,9.5,6.0,12.0],"tintindex":0,"rotation":0,"texture":"#0"},"north":{"uv":[8.5,8.5,11.0,11.0],"tintindex":0,"rotation":0,"texture":"#0"},"west":{"uv":[4.5,12.0,5.0,14.5],"tintindex":0,"rotation":0,"texture":"#0"},"up":{"uv":[7.5,12.5,5.0,12.0],"tintindex":0,"rotation":0,"texture":"#0"},"down":{"uv":[14.5,5.0,12.0,5.5],"tintindex":0,"rotation":0,"texture":"#0"}},"rotation":{"origin":[8.0,8.0,8.0],"angle":22.5,"axis":"y"}},{"from":[5.2,5.2,5.2],"to":[10.8,10.8,10.8],"faces":{"east":{"uv":[0.0,3.5,3.5,7.0],"tintindex":0,"rotation":0,"texture":"#0"},"south":{"uv":[3.5,0.0,7.0,3.5],"tintindex":0,"rotation":0,"texture":"#0"},"north":{"uv":[0.0,0.0,3.5,3.5],"tintindex":0,"rotation":0,"texture":"#0"},"west":{"uv":[3.5,3.5,7.0,7.0],"tintindex":0,"rotation":0,"texture":"#0"},"up":{"uv":[3.5,10.5,0.0,7.0],"tintindex":0,"rotation":0,"texture":"#0"},"down":{"uv":[10.5,0.0,7.0,3.5],"tintindex":0,"rotation":0,"texture":"#0"}},"rotation":{"origin":[8.0,8.0,8.0],"angle":22.5,"axis":"y"}}],"display":{"gui":{"rotation":[30,225,0]}}}