{"textures":{"0":"modelengine:entity/lrd_yukio_iceshards"},"elements":[{"from":[4.5,8.0,2.5],"to":[11.0,14.5,10.0],"faces":{"east":{"uv":[5.3125,6.6875,6.25,7.5],"tintindex":0,"rotation":0,"texture":"#0"},"south":{"uv":[7.1875,6.6875,8.0,7.5],"tintindex":0,"rotation":0,"texture":"#0"},"north":{"uv":[7.0625,3.0625,7.875,3.875],"tintindex":0,"rotation":0,"texture":"#0"},"west":{"uv":[6.25,6.6875,7.1875,7.5],"tintindex":0,"rotation":0,"texture":"#0"},"up":{"uv":[4.75,7.6875,3.9375,6.75],"tintindex":0,"rotation":0,"texture":"#0"},"down":{"uv":[3.1875,6.9375,2.375,7.875],"tintindex":0,"rotation":0,"texture":"#0"}}},{"from":[4.5,14.5,2.5],"to":[8.5,25.0,8.5],"faces":{"east":{"uv":[6.625,4.0625,7.375,5.375],"tintindex":0,"rotation":0,"texture":"#0"},"south":{"uv":[3.1875,6.9375,3.6875,8.25],"tintindex":0,"rotation":0,"texture":"#0"},"north":{"uv":[4.75,6.75,5.25,8.0625],"tintindex":0,"rotation":0,"texture":"#0"},"west":{"uv":[6.625,5.375,7.375,6.6875],"tintindex":0,"rotation":0,"texture":"#0"},"up":{"uv":[0.75,8.125,0.25,7.375],"tintindex":0,"rotation":0,"texture":"#0"},"down":{"uv":[1.25,7.375,0.75,8.125],"tintindex":0,"rotation":0,"texture":"#0"}}}],"display":{"gui":{"rotation":[30,225,0]}}}