{"textures":{"0":"modelengine:entity/lrd_yukio_iceshards"},"elements":[{"from":[0.5,15.5,5.5],"to":[19.5,31.5,5.5],"faces":{"south":{"uv":[5.4375,5.6875,6.625,6.6875],"tintindex":0,"rotation":0,"texture":"#0"},"north":{"uv":[5.4375,4.6875,6.625,5.6875],"tintindex":0,"rotation":0,"texture":"#0"}},"rotation":{"origin":[10.0,23.5,5.5],"angle":-22.5,"axis":"y"}},{"from":[-2.5,-0.5,0.5],"to":[18.5,16.5,15.5],"faces":{"east":{"uv":[3.0,5.875,3.9375,6.9375],"tintindex":0,"rotation":0,"texture":"#0"},"south":{"uv":[4.0,1.0625,5.3125,2.125],"tintindex":0,"rotation":0,"texture":"#0"},"north":{"uv":[4.0,0.0,5.3125,1.0625],"tintindex":0,"rotation":0,"texture":"#0"},"west":{"uv":[6.4375,2.0,7.375,3.0625],"tintindex":0,"rotation":0,"texture":"#0"},"up":{"uv":[5.4375,5.75,4.125,4.8125],"tintindex":0,"rotation":0,"texture":"#0"},"down":{"uv":[6.4375,2.125,5.125,3.0625],"tintindex":0,"rotation":0,"texture":"#0"}}}],"display":{"gui":{"rotation":[30,225,0]}}}