{"textures":{"0":"modelengine:entity/lrd_yukio_iceshards"},"elements":[{"from":[11.25,8.0,3.25],"to":[20.75,16.0,3.25],"faces":{"south":{"uv":[1.1875,6.375,2.375,7.375],"tintindex":0,"rotation":0,"texture":"#0"},"north":{"uv":[0.0,6.375,1.1875,7.375],"tintindex":0,"rotation":0,"texture":"#0"}},"rotation":{"origin":[16.0,12.0,3.25],"angle":22.5,"axis":"y"}},{"from":[5.5,8.0,14.0],"to":[15.0,16.0,14.0],"faces":{"south":{"uv":[5.875,3.0625,7.0625,4.0625],"tintindex":0,"rotation":0,"texture":"#0"},"north":{"uv":[4.125,5.75,5.3125,6.75],"tintindex":0,"rotation":0,"texture":"#0"}},"rotation":{"origin":[15.0,8.0,14.5],"angle":22.5,"axis":"x"}},{"from":[4.0,8.0,-4.0],"to":[4.0,16.0,5.5],"faces":{"east":{"uv":[6.0625,0.0,7.25,1.0],"tintindex":0,"rotation":0,"texture":"#0"},"west":{"uv":[6.0625,1.0,7.25,2.0],"tintindex":0,"rotation":0,"texture":"#0"}},"rotation":{"origin":[3.5,8.0,5.5],"angle":45.0,"axis":"y"}}],"display":{"gui":{"rotation":[30,225,0]}}}