{"textures":{"0":"modelengine:entity/lrd_yukio_iceshards"},"elements":[{"from":[4.0,-13.5,3.5],"to":[12.0,29.5,12.5],"faces":{"east":{"uv":[3.0,3.1875,3.5625,5.875],"tintindex":0,"rotation":0,"texture":"#0"},"south":{"uv":[4.625,2.125,5.125,4.8125],"tintindex":0,"rotation":0,"texture":"#0"},"north":{"uv":[4.125,2.125,4.625,4.8125],"tintindex":0,"rotation":0,"texture":"#0"},"west":{"uv":[3.5625,3.1875,4.125,5.875],"tintindex":0,"rotation":0,"texture":"#0"},"up":{"uv":[6.375,4.625,5.875,4.0625],"tintindex":0,"rotation":0,"texture":"#0"},"down":{"uv":[2.875,6.375,2.375,6.9375],"tintindex":0,"rotation":0,"texture":"#0"}}}],"display":{"gui":{"rotation":[30,225,0]}}}