{"textures":{"0":"modelengine:entity/imp"},"elements":[{"from":[9.0,23.84776,5.765367],"to":[11.0,23.84776,7.765367],"faces":{"up":{"uv":[7.5,8.75,8.0,8.25],"tintindex":0,"rotation":0,"texture":"#0"},"down":{"uv":[8.0,8.25,8.5,8.75],"tintindex":0,"rotation":0,"texture":"#0"}}},{"from":[6.0,6.8118086,7.9734426],"to":[10.0,11.811808,10.973443],"faces":{"east":{"uv":[0.0,6.0,0.75,7.25],"tintindex":0,"rotation":0,"texture":"#0"},"south":{"uv":[0.0,4.75,1.0,6.0],"tintindex":0,"rotation":0,"texture":"#0"},"north":{"uv":[2.25,4.5,3.25,5.75],"tintindex":0,"rotation":0,"texture":"#0"},"west":{"uv":[6.0,5.5,6.75,6.75],"tintindex":0,"rotation":0,"texture":"#0"},"up":{"uv":[4.25,7.25,3.25,6.5],"tintindex":0,"rotation":0,"texture":"#0"},"down":{"uv":[7.75,1.5,6.75,2.25],"tintindex":0,"rotation":0,"texture":"#0"}},"rotation":{"origin":[8.0,13.311808,8.973443],"angle":22.5,"axis":"x"}},{"from":[5.0,22.304865,3.4683423],"to":[7.0,24.304863,3.4683423],"faces":{"south":{"uv":[8.25,7.25,8.75,7.75],"tintindex":0,"rotation":0,"texture":"#0"},"north":{"uv":[7.0,8.25,7.5,8.75],"tintindex":0,"rotation":0,"texture":"#0"}},"rotation":{"origin":[8.0,18.304865,3.4683423],"angle":22.5,"axis":"x"}},{"from":[6.0,14.0,8.0],"to":[10.0,18.0,10.0],"faces":{"east":{"uv":[7.75,4.5,8.25,5.5],"tintindex":0,"rotation":0,"texture":"#0"},"south":{"uv":[3.25,5.5,4.25,6.5],"tintindex":0,"rotation":0,"texture":"#0"},"north":{"uv":[1.0,5.5,2.0,6.5],"tintindex":0,"rotation":0,"texture":"#0"},"west":{"uv":[5.0,7.75,5.5,8.75],"tintindex":0,"rotation":0,"texture":"#0"},"up":{"uv":[8.75,2.75,7.75,2.25],"tintindex":0,"rotation":0,"texture":"#0"},"down":{"uv":[7.5,7.75,6.5,8.25],"tintindex":0,"rotation":0,"texture":"#0"}},"rotation":{"origin":[8.0,16.0,5.0],"angle":-22.5,"axis":"x"}},{"from":[5.0,23.84776,5.765367],"to":[7.0,23.84776,7.765367],"faces":{"up":{"uv":[8.0,8.75,7.5,8.25],"tintindex":0,"rotation":0,"texture":"#0"},"down":{"uv":[8.5,8.25,8.0,8.75],"tintindex":0,"rotation":0,"texture":"#0"}}},{"from":[4.0,11.811808,6.9734426],"to":[12.0,14.811808,10.973443],"faces":{"east":{"uv":[6.5,0.0,7.5,0.75],"tintindex":0,"rotation":0,"texture":"#0"},"south":{"uv":[3.75,4.0,5.75,4.75],"tintindex":0,"rotation":0,"texture":"#0"},"north":{"uv":[3.75,3.25,5.75,4.0],"tintindex":0,"rotation":0,"texture":"#0"},"west":{"uv":[6.5,0.75,7.5,1.5],"tintindex":0,"rotation":0,"texture":"#0"},"up":{"uv":[4.25,1.0,2.25,0.0],"tintindex":0,"rotation":0,"texture":"#0"},"down":{"uv":[4.25,1.0,2.25,2.0],"tintindex":0,"rotation":0,"texture":"#0"}},"rotation":{"origin":[8.0,13.311808,8.973443],"angle":22.5,"axis":"x"}},{"from":[5.0,17.0,4.0],"to":[11.0,22.0,7.0],"faces":{"east":{"uv":[5.25,5.5,6.0,6.75],"tintindex":0,"rotation":0,"texture":"#0"},"south":{"uv":[2.25,3.25,3.75,4.5],"tintindex":0,"rotation":0,"texture":"#0"},"north":{"uv":[2.25,2.0,3.75,3.25],"tintindex":0,"rotation":0,"texture":"#0"},"west":{"uv":[2.0,5.75,2.75,7.0],"tintindex":0,"rotation":0,"texture":"#0"},"up":{"uv":[4.75,5.5,3.25,4.75],"tintindex":0,"rotation":0,"texture":"#0"},"down":{"uv":[6.25,4.75,4.75,5.5],"tintindex":0,"rotation":0,"texture":"#0"}}},{"from":[9.0,22.304865,3.4683423],"to":[11.0,24.304863,3.4683423],"faces":{"south":{"uv":[8.75,7.25,8.25,7.75],"tintindex":0,"rotation":0,"texture":"#0"},"north":{"uv":[7.5,8.25,7.0,8.75],"tintindex":0,"rotation":0,"texture":"#0"}},"rotation":{"origin":[8.0,18.304865,3.4683423],"angle":22.5,"axis":"x"}},{"from":[5.0,16.0,4.0],"to":[11.0,19.0,9.0],"faces":{"east":{"uv":[5.75,3.0,7.0,3.75],"tintindex":0,"rotation":0,"texture":"#0"},"south":{"uv":[5.25,2.25,6.75,3.0],"tintindex":0,"rotation":0,"texture":"#0"},"north":{"uv":[5.25,1.5,6.75,2.25],"tintindex":0,"rotation":0,"texture":"#0"},"west":{"uv":[5.75,3.75,7.0,4.5],"tintindex":0,"rotation":0,"texture":"#0"},"up":{"uv":[1.5,4.75,0.0,3.5],"tintindex":0,"rotation":0,"texture":"#0"},"down":{"uv":[5.25,2.0,3.75,3.25],"tintindex":0,"rotation":0,"texture":"#0"}},"rotation":{"origin":[8.0,19.0,9.0],"angle":-22.5,"axis":"x"}},{"from":[5.0,19.0,7.0],"to":[11.0,22.0,9.0],"faces":{"east":{"uv":[1.0,4.75,1.5,5.5],"tintindex":0,"rotation":0,"texture":"#0"},"south":{"uv":[5.0,0.75,6.5,1.5],"tintindex":0,"rotation":0,"texture":"#0"},"north":{"uv":[5.0,0.0,6.5,0.75],"tintindex":0,"rotation":0,"texture":"#0"},"west":{"uv":[1.0,8.25,1.5,9.0],"tintindex":0,"rotation":0,"texture":"#0"},"up":{"uv":[7.75,5.0,6.25,4.5],"tintindex":0,"rotation":0,"texture":"#0"},"down":{"uv":[7.75,5.0,6.25,5.5],"tintindex":0,"rotation":0,"texture":"#0"}}},{"from":[8.25,18.0,3.75],"to":[11.25,21.0,6.75],"faces":{"east":{"uv":[2.0,7.5,1.25,8.25],"tintindex":0,"rotation":0,"texture":"#0"},"south":{"uv":[8.25,0.75,7.5,1.5],"tintindex":0,"rotation":0,"texture":"#0"},"north":{"uv":[8.0,6.25,7.25,7.0],"tintindex":0,"rotation":0,"texture":"#0"},"west":{"uv":[8.25,0.0,7.5,0.75],"tintindex":0,"rotation":0,"texture":"#0"},"up":{"uv":[2.5,8.25,3.25,7.5],"tintindex":0,"rotation":0,"texture":"#0"},"down":{"uv":[4.25,7.5,5.0,8.25],"tintindex":0,"rotation":0,"texture":"#0"}}},{"from":[6.0,14.065659,8.384765],"to":[10.0,16.065659,10.384765],"faces":{"east":{"uv":[6.5,8.25,7.0,8.75],"tintindex":0,"rotation":0,"texture":"#0"},"south":{"uv":[8.0,2.75,9.0,3.25],"tintindex":0,"rotation":0,"texture":"#0"},"north":{"uv":[7.5,7.75,8.5,8.25],"tintindex":0,"rotation":0,"texture":"#0"},"west":{"uv":[8.25,6.75,8.75,7.25],"tintindex":0,"rotation":0,"texture":"#0"},"up":{"uv":[4.25,8.5,3.25,8.0],"tintindex":0,"rotation":0,"texture":"#0"},"down":{"uv":[9.0,3.25,8.0,3.75],"tintindex":0,"rotation":0,"texture":"#0"}}},{"from":[4.75,18.0,3.75],"to":[7.75,21.0,6.75],"faces":{"east":{"uv":[7.5,0.0,8.25,0.75],"tintindex":0,"rotation":0,"texture":"#0"},"south":{"uv":[7.5,0.75,8.25,1.5],"tintindex":0,"rotation":0,"texture":"#0"},"north":{"uv":[7.25,6.25,8.0,7.0],"tintindex":0,"rotation":0,"texture":"#0"},"west":{"uv":[1.25,7.5,2.0,8.25],"tintindex":0,"rotation":0,"texture":"#0"},"up":{"uv":[3.25,8.25,2.5,7.5],"tintindex":0,"rotation":0,"texture":"#0"},"down":{"uv":[5.0,7.5,4.25,8.25],"tintindex":0,"rotation":0,"texture":"#0"}}},{"from":[6.0,5.689275,5.562121],"to":[10.0,7.6892757,8.56212],"faces":{"east":{"uv":[8.25,1.0,9.0,1.5],"tintindex":0,"rotation":0,"texture":"#0"},"south":{"uv":[8.0,6.25,9.0,6.75],"tintindex":0,"rotation":0,"texture":"#0"},"north":{"uv":[8.0,3.75,9.0,4.25],"tintindex":0,"rotation":0,"texture":"#0"},"west":{"uv":[8.25,5.75,9.0,6.25],"tintindex":0,"rotation":0,"texture":"#0"},"up":{"uv":[4.25,8.0,3.25,7.25],"tintindex":0,"rotation":0,"texture":"#0"},"down":{"uv":[8.25,5.5,7.25,6.25],"tintindex":0,"rotation":0,"texture":"#0"}}}],"display":{"gui":{"rotation":[30,225,0]}}}