{"textures":{"0":"modelengine:entity/imp"},"elements":[{"from":[6.0,2.1504507,4.812967],"to":[8.0,10.15045,7.812967],"faces":{"east":{"uv":[1.5,3.5,2.25,5.5],"tintindex":0,"rotation":0,"texture":"#0"},"south":{"uv":[4.75,5.5,5.25,7.5],"tintindex":0,"rotation":0,"texture":"#0"},"north":{"uv":[4.25,5.5,4.75,7.5],"tintindex":0,"rotation":0,"texture":"#0"},"west":{"uv":[4.25,0.0,5.0,2.0],"tintindex":0,"rotation":0,"texture":"#0"},"up":{"uv":[8.75,5.75,8.25,5.0],"tintindex":0,"rotation":0,"texture":"#0"},"down":{"uv":[6.5,8.25,6.0,9.0],"tintindex":0,"rotation":0,"texture":"#0"}},"rotation":{"origin":[7.5,6.1504507,6.312967],"angle":45.0,"axis":"x"}},{"from":[5.5,-3.0,-0.5],"to":[8.5,-3.0,2.5],"faces":{"up":{"uv":[8.25,7.75,7.5,7.0],"tintindex":0,"rotation":0,"texture":"#0"},"down":{"uv":[7.5,7.0,8.25,7.75],"tintindex":0,"rotation":0,"texture":"#0"}},"rotation":{"origin":[7.5,-3.0,1.5],"angle":-22.5,"axis":"x"}},{"from":[6.5,-2.6173162,2.4238796],"to":[7.5,4.3826838,4.4238796],"faces":{"east":{"uv":[2.75,5.75,3.25,7.5],"tintindex":0,"rotation":0,"texture":"#0"},"south":{"uv":[0.75,8.25,1.0,10.0],"tintindex":0,"rotation":0,"texture":"#0"},"north":{"uv":[0.5,7.25,0.75,9.0],"tintindex":0,"rotation":0,"texture":"#0"},"west":{"uv":[0.75,6.5,1.25,8.25],"tintindex":0,"rotation":0,"texture":"#0"},"up":{"uv":[4.0,9.0,3.75,8.5],"tintindex":0,"rotation":0,"texture":"#0"},"down":{"uv":[4.25,8.5,4.0,9.0],"tintindex":0,"rotation":0,"texture":"#0"}}}],"display":{"gui":{"rotation":[30,225,0]}}}