{"textures":{"0":"modelengine:entity/imp"},"elements":[{"from":[5.3909054,-3.9470081,13.0],"to":[6.3909054,-0.94700813,15.0],"faces":{"east":{"uv":[4.25,8.25,4.75,9.0],"tintindex":0,"rotation":0,"texture":"#0"},"south":{"uv":[0.25,8.5,0.5,9.25],"tintindex":0,"rotation":0,"texture":"#0"},"north":{"uv":[0.0,8.5,0.25,9.25],"tintindex":0,"rotation":0,"texture":"#0"},"west":{"uv":[8.25,4.25,8.75,5.0],"tintindex":0,"rotation":0,"texture":"#0"},"up":{"uv":[3.5,9.0,3.25,8.5],"tintindex":0,"rotation":0,"texture":"#0"},"down":{"uv":[3.75,8.5,3.5,9.0],"tintindex":0,"rotation":0,"texture":"#0"}},"rotation":{"origin":[5.8909054,-2.4470081,14.0],"angle":-22.5,"axis":"z"}},{"from":[5.9268703,6.1365566,7.2824855],"to":[7.9268703,10.136557,10.282486],"faces":{"east":{"uv":[1.25,6.5,2.0,7.5],"tintindex":0,"rotation":0,"texture":"#0"},"south":{"uv":[8.25,0.0,8.75,1.0],"tintindex":0,"rotation":0,"texture":"#0"},"north":{"uv":[5.5,7.75,6.0,8.75],"tintindex":0,"rotation":0,"texture":"#0"},"west":{"uv":[5.25,6.75,6.0,7.75],"tintindex":0,"rotation":0,"texture":"#0"},"up":{"uv":[2.0,9.0,1.5,8.25],"tintindex":0,"rotation":0,"texture":"#0"},"down":{"uv":[2.5,8.25,2.0,9.0],"tintindex":0,"rotation":0,"texture":"#0"}},"rotation":{"origin":[6.9268703,8.636557,8.282486],"angle":-45.0,"axis":"x"}},{"from":[2.5,-9.5,12.0],"to":[2.5,-6.5,16.0],"faces":{"east":{"uv":[7.5,7.0,6.5,7.75],"tintindex":0,"rotation":0,"texture":"#0"},"west":{"uv":[6.5,7.0,7.5,7.75],"tintindex":0,"rotation":0,"texture":"#0"}},"rotation":{"origin":[3.0,-5.0,14.0],"angle":45.0,"axis":"z"}},{"from":[5.9268703,1.1365566,8.282486],"to":[6.9268703,6.1365566,10.282486],"faces":{"east":{"uv":[2.0,7.0,2.5,8.25],"tintindex":0,"rotation":0,"texture":"#0"},"south":{"uv":[4.75,8.25,5.0,9.5],"tintindex":0,"rotation":0,"texture":"#0"},"north":{"uv":[3.0,8.25,3.25,9.5],"tintindex":0,"rotation":0,"texture":"#0"},"west":{"uv":[0.0,7.25,0.5,8.5],"tintindex":0,"rotation":0,"texture":"#0"},"up":{"uv":[5.25,2.0,5.0,1.5],"tintindex":0,"rotation":0,"texture":"#0"},"down":{"uv":[1.0,6.0,0.75,6.5],"tintindex":0,"rotation":0,"texture":"#0"}},"rotation":{"origin":[6.9268703,8.636557,8.282486],"angle":-45.0,"axis":"x"}},{"from":[5.9268703,-1.2525301,13.0],"to":[6.9268703,4.747469,15.0],"faces":{"east":{"uv":[6.75,5.5,7.25,7.0],"tintindex":0,"rotation":0,"texture":"#0"},"south":{"uv":[2.75,8.25,3.0,9.75],"tintindex":0,"rotation":0,"texture":"#0"},"north":{"uv":[2.5,8.25,2.75,9.75],"tintindex":0,"rotation":0,"texture":"#0"},"west":{"uv":[6.0,6.75,6.5,8.25],"tintindex":0,"rotation":0,"texture":"#0"},"up":{"uv":[2.75,7.5,2.5,7.0],"tintindex":0,"rotation":0,"texture":"#0"},"down":{"uv":[8.75,1.5,8.5,2.0],"tintindex":0,"rotation":0,"texture":"#0"}}},{"from":[5.3909054,-6.947008,12.0],"to":[5.3909054,-3.9470081,16.0],"faces":{"east":{"uv":[8.0,3.0,7.0,3.75],"tintindex":0,"rotation":0,"texture":"#0"},"west":{"uv":[7.0,3.0,8.0,3.75],"tintindex":0,"rotation":0,"texture":"#0"}},"rotation":{"origin":[5.8909054,-2.4470081,14.0],"angle":-22.5,"axis":"z"}}],"display":{"gui":{"rotation":[30,225,0]}}}