{"textures":{"0":"modelengine:entity/imp"},"elements":[{"from":[9.609095,-3.9470081,13.0],"to":[10.609095,-0.94700813,15.0],"faces":{"east":{"uv":[8.75,4.25,8.25,5.0],"tintindex":0,"rotation":0,"texture":"#0"},"south":{"uv":[0.5,8.5,0.25,9.25],"tintindex":0,"rotation":0,"texture":"#0"},"north":{"uv":[0.25,8.5,0.0,9.25],"tintindex":0,"rotation":0,"texture":"#0"},"west":{"uv":[4.75,8.25,4.25,9.0],"tintindex":0,"rotation":0,"texture":"#0"},"up":{"uv":[3.25,9.0,3.5,8.5],"tintindex":0,"rotation":0,"texture":"#0"},"down":{"uv":[3.5,8.5,3.75,9.0],"tintindex":0,"rotation":0,"texture":"#0"}},"rotation":{"origin":[10.109095,-2.4470081,14.0],"angle":22.5,"axis":"z"}},{"from":[8.07313,6.1365566,7.2824855],"to":[10.07313,10.136557,10.282486],"faces":{"east":{"uv":[6.0,6.75,5.25,7.75],"tintindex":0,"rotation":0,"texture":"#0"},"south":{"uv":[8.75,0.0,8.25,1.0],"tintindex":0,"rotation":0,"texture":"#0"},"north":{"uv":[6.0,7.75,5.5,8.75],"tintindex":0,"rotation":0,"texture":"#0"},"west":{"uv":[2.0,6.5,1.25,7.5],"tintindex":0,"rotation":0,"texture":"#0"},"up":{"uv":[1.5,9.0,2.0,8.25],"tintindex":0,"rotation":0,"texture":"#0"},"down":{"uv":[2.0,8.25,2.5,9.0],"tintindex":0,"rotation":0,"texture":"#0"}},"rotation":{"origin":[9.07313,8.636557,8.282486],"angle":-45.0,"axis":"x"}},{"from":[9.07313,1.1365566,8.282486],"to":[10.07313,6.1365566,10.282486],"faces":{"east":{"uv":[0.5,7.25,0.0,8.5],"tintindex":0,"rotation":0,"texture":"#0"},"south":{"uv":[5.0,8.25,4.75,9.5],"tintindex":0,"rotation":0,"texture":"#0"},"north":{"uv":[3.25,8.25,3.0,9.5],"tintindex":0,"rotation":0,"texture":"#0"},"west":{"uv":[2.5,7.0,2.0,8.25],"tintindex":0,"rotation":0,"texture":"#0"},"up":{"uv":[5.0,2.0,5.25,1.5],"tintindex":0,"rotation":0,"texture":"#0"},"down":{"uv":[0.75,6.0,1.0,6.5],"tintindex":0,"rotation":0,"texture":"#0"}},"rotation":{"origin":[9.07313,8.636557,8.282486],"angle":-45.0,"axis":"x"}},{"from":[10.609095,-6.947008,12.0],"to":[10.609095,-3.9470081,16.0],"faces":{"east":{"uv":[8.0,3.0,7.0,3.75],"tintindex":0,"rotation":0,"texture":"#0"},"west":{"uv":[7.0,3.0,8.0,3.75],"tintindex":0,"rotation":0,"texture":"#0"}},"rotation":{"origin":[10.109095,-2.4470081,14.0],"angle":22.5,"axis":"z"}},{"from":[9.07313,-1.2525301,13.0],"to":[10.07313,4.747469,15.0],"faces":{"east":{"uv":[6.5,6.75,6.0,8.25],"tintindex":0,"rotation":0,"texture":"#0"},"south":{"uv":[3.0,8.25,2.75,9.75],"tintindex":0,"rotation":0,"texture":"#0"},"north":{"uv":[2.75,8.25,2.5,9.75],"tintindex":0,"rotation":0,"texture":"#0"},"west":{"uv":[7.25,5.5,6.75,7.0],"tintindex":0,"rotation":0,"texture":"#0"},"up":{"uv":[2.5,7.5,2.75,7.0],"tintindex":0,"rotation":0,"texture":"#0"},"down":{"uv":[8.5,1.5,8.75,2.0],"tintindex":0,"rotation":0,"texture":"#0"}}},{"from":[13.5,-9.5,12.0],"to":[13.5,-6.5,16.0],"faces":{"east":{"uv":[7.5,7.0,6.5,7.75],"tintindex":0,"rotation":0,"texture":"#0"},"west":{"uv":[6.5,7.0,7.5,7.75],"tintindex":0,"rotation":0,"texture":"#0"}},"rotation":{"origin":[13.0,-5.0,14.0],"angle":-45.0,"axis":"z"}}],"display":{"gui":{"rotation":[30,225,0]}}}