{"textures":{"0":"modelengine:entity/imp"},"elements":[{"from":[8.0,2.1504507,4.812967],"to":[10.0,10.15045,7.812967],"faces":{"east":{"uv":[5.0,0.0,4.25,2.0],"tintindex":0,"rotation":0,"texture":"#0"},"south":{"uv":[5.25,5.5,4.75,7.5],"tintindex":0,"rotation":0,"texture":"#0"},"north":{"uv":[4.75,5.5,4.25,7.5],"tintindex":0,"rotation":0,"texture":"#0"},"west":{"uv":[2.25,3.5,1.5,5.5],"tintindex":0,"rotation":0,"texture":"#0"},"up":{"uv":[8.25,5.75,8.75,5.0],"tintindex":0,"rotation":0,"texture":"#0"},"down":{"uv":[6.0,8.25,6.5,9.0],"tintindex":0,"rotation":0,"texture":"#0"}},"rotation":{"origin":[8.5,6.1504507,6.312967],"angle":45.0,"axis":"x"}},{"from":[8.5,-2.6173162,2.4238796],"to":[9.5,4.3826838,4.4238796],"faces":{"east":{"uv":[1.25,6.5,0.75,8.25],"tintindex":0,"rotation":0,"texture":"#0"},"south":{"uv":[1.0,8.25,0.75,10.0],"tintindex":0,"rotation":0,"texture":"#0"},"north":{"uv":[0.75,7.25,0.5,9.0],"tintindex":0,"rotation":0,"texture":"#0"},"west":{"uv":[3.25,5.75,2.75,7.5],"tintindex":0,"rotation":0,"texture":"#0"},"up":{"uv":[3.75,9.0,4.0,8.5],"tintindex":0,"rotation":0,"texture":"#0"},"down":{"uv":[4.0,8.5,4.25,9.0],"tintindex":0,"rotation":0,"texture":"#0"}}},{"from":[7.5,-3.0,-0.5],"to":[10.5,-3.0,2.5],"faces":{"up":{"uv":[7.5,7.75,8.25,7.0],"tintindex":0,"rotation":0,"texture":"#0"},"down":{"uv":[8.25,7.0,7.5,7.75],"tintindex":0,"rotation":0,"texture":"#0"}},"rotation":{"origin":[8.5,-3.0,1.5],"angle":-22.5,"axis":"x"}}],"display":{"gui":{"rotation":[30,225,0]}}}