{"textures":{"1":"modelengine:entity/slimegirlqueen"},"elements":[{"from":[4.0,4.0,5.0],"to":[12.0,9.0,12.0],"faces":{"east":{"uv":[7.25,6.5,8.125,7.125],"tintindex":0,"rotation":0,"texture":"#1"},"south":{"uv":[6.625,2.25,7.625,2.875],"tintindex":0,"rotation":0,"texture":"#1"},"north":{"uv":[6.625,0.75,7.625,1.375],"tintindex":0,"rotation":0,"texture":"#1"},"west":{"uv":[7.25,7.125,8.125,7.75],"tintindex":0,"rotation":0,"texture":"#1"},"up":{"uv":[6.625,3.125,5.625,2.25],"tintindex":0,"rotation":0,"texture":"#1"},"down":{"uv":[2.25,5.75,1.25,6.625],"tintindex":0,"rotation":0,"texture":"#1"}}},{"from":[4.5,10.0,4.0],"to":[11.5,14.0,8.0],"faces":{"east":{"uv":[8.75,1.5,9.25,2.0],"tintindex":0,"rotation":0,"texture":"#1"},"south":{"uv":[7.0,7.75,7.875,8.25],"tintindex":0,"rotation":0,"texture":"#1"},"north":{"uv":[7.75,3.0,8.625,3.5],"tintindex":0,"rotation":0,"texture":"#1"},"west":{"uv":[8.75,7.875,9.25,8.375],"tintindex":0,"rotation":0,"texture":"#1"},"up":{"uv":[2.25,8.375,1.375,7.875],"tintindex":0,"rotation":0,"texture":"#1"},"down":{"uv":[3.125,7.875,2.25,8.375],"tintindex":0,"rotation":0,"texture":"#1"}},"rotation":{"origin":[8.0,13.0,3.0],"angle":-45.0,"axis":"x"}},{"from":[4.25,14.0,5.0],"to":[11.75,18.0,11.0],"faces":{"east":{"uv":[8.0,1.5,8.75,2.0],"tintindex":0,"rotation":0,"texture":"#1"},"south":{"uv":[7.375,3.5,8.375,4.0],"tintindex":0,"rotation":0,"texture":"#1"},"north":{"uv":[1.5,7.375,2.5,7.875],"tintindex":0,"rotation":0,"texture":"#1"},"west":{"uv":[4.375,8.0,5.125,8.5],"tintindex":0,"rotation":0,"texture":"#1"},"up":{"uv":[5.125,6.5,4.125,5.75],"tintindex":0,"rotation":0,"texture":"#1"},"down":{"uv":[6.875,0.0,5.875,0.75],"tintindex":0,"rotation":0,"texture":"#1"}}},{"from":[4.75,9.0,5.5],"to":[11.25,14.0,10.5],"faces":{"east":{"uv":[3.125,7.875,3.75,8.5],"tintindex":0,"rotation":0,"texture":"#1"},"south":{"uv":[6.875,2.875,7.75,3.5],"tintindex":0,"rotation":0,"texture":"#1"},"north":{"uv":[6.875,0.0,7.75,0.625],"tintindex":0,"rotation":0,"texture":"#1"},"west":{"uv":[3.75,7.875,4.375,8.5],"tintindex":0,"rotation":0,"texture":"#1"},"up":{"uv":[8.0,2.0,7.125,1.375],"tintindex":0,"rotation":0,"texture":"#1"},"down":{"uv":[8.0,5.875,7.125,6.5],"tintindex":0,"rotation":0,"texture":"#1"}}}],"display":{"gui":{"rotation":[30,225,0]}}}