{"textures":{"1":"modelengine:entity/slimegirlqueen"},"elements":[{"from":[7.0,-3.0,10.0],"to":[9.0,8.0,12.0],"faces":{"east":{"uv":[7.0,8.25,7.25,9.625],"tintindex":0,"rotation":0,"texture":"#1"},"south":{"uv":[7.25,8.25,7.5,9.625],"tintindex":0,"rotation":0,"texture":"#1"},"north":{"uv":[6.75,8.125,7.0,9.5],"tintindex":0,"rotation":0,"texture":"#1"},"west":{"uv":[7.5,8.25,7.75,9.625],"tintindex":0,"rotation":0,"texture":"#1"},"up":{"uv":[9.0,4.5,8.75,4.25],"tintindex":0,"rotation":0,"texture":"#1"},"down":{"uv":[9.0,7.125,8.75,7.375],"tintindex":0,"rotation":0,"texture":"#1"}},"rotation":{"origin":[13.0,0.0,5.0],"angle":-22.5,"axis":"x"}},{"from":[6.5,-6.0,10.5],"to":[8.5,3.0,12.5],"faces":{"east":{"uv":[4.5,8.5,4.75,9.625],"tintindex":0,"rotation":0,"texture":"#1"},"south":{"uv":[4.75,8.5,5.0,9.625],"tintindex":0,"rotation":0,"texture":"#1"},"north":{"uv":[4.25,8.5,4.5,9.625],"tintindex":0,"rotation":0,"texture":"#1"},"west":{"uv":[8.5,8.25,8.75,9.375],"tintindex":0,"rotation":0,"texture":"#1"},"up":{"uv":[9.5,7.25,9.25,7.0],"tintindex":0,"rotation":0,"texture":"#1"},"down":{"uv":[9.625,2.625,9.375,2.875],"tintindex":0,"rotation":0,"texture":"#1"}},"rotation":{"origin":[13.0,0.0,5.0],"angle":-22.5,"axis":"x"}}],"display":{"gui":{"rotation":[30,225,0]}}}