{"textures":{"0":"modelengine:entity/skeleton_shaman"},"elements":[{"from":[1.8464546,7.0750103,9.710095],"to":[6.8464546,9.07501,9.710095],"faces":{"south":{"uv":[3.0,10.125,3.625,10.375],"tintindex":0,"rotation":0,"texture":"#0"},"north":{"uv":[10.125,1.125,10.75,1.375],"tintindex":0,"rotation":0,"texture":"#0"}}},{"from":[9.846455,7.0750103,5.710096],"to":[14.846455,9.07501,5.710096],"faces":{"south":{"uv":[9.875,8.5,10.5,8.75],"tintindex":0,"rotation":0,"texture":"#0"},"north":{"uv":[9.875,7.75,10.5,8.0],"tintindex":0,"rotation":0,"texture":"#0"}}},{"from":[9.846455,10.07501,9.710095],"to":[13.846455,12.07501,9.710095],"faces":{"south":{"uv":[10.625,0.375,11.125,0.625],"tintindex":0,"rotation":0,"texture":"#0"},"north":{"uv":[10.125,10.5,10.625,10.75],"tintindex":0,"rotation":0,"texture":"#0"}}},{"from":[2.8464546,10.07501,5.710096],"to":[6.8464546,12.07501,5.710096],"faces":{"south":{"uv":[10.875,5.75,11.375,6.0],"tintindex":0,"rotation":0,"texture":"#0"},"north":{"uv":[10.875,5.375,11.375,5.625],"tintindex":0,"rotation":0,"texture":"#0"}}},{"from":[9.846455,10.07501,5.710096],"to":[13.846455,12.07501,5.710096],"faces":{"south":{"uv":[10.5,7.375,11.0,7.625],"tintindex":0,"rotation":0,"texture":"#0"},"north":{"uv":[6.375,2.75,6.875,3.0],"tintindex":0,"rotation":0,"texture":"#0"}}},{"from":[14.846455,7.0750103,5.710096],"to":[14.846455,9.07501,9.710095],"faces":{"east":{"uv":[10.625,2.0,11.125,2.25],"tintindex":0,"rotation":0,"texture":"#0"},"west":{"uv":[10.625,2.375,11.125,2.625],"tintindex":0,"rotation":0,"texture":"#0"}}},{"from":[6.8714547,6.8250103,7.960096],"to":[9.821455,12.82501,10.960096],"faces":{"east":{"uv":[1.25,8.75,1.625,9.5],"tintindex":0,"rotation":0,"texture":"#0"},"south":{"uv":[6.75,8.75,7.125,9.5],"tintindex":0,"rotation":0,"texture":"#0"},"north":{"uv":[2.75,8.625,3.125,9.375],"tintindex":0,"rotation":0,"texture":"#0"},"west":{"uv":[5.25,8.875,5.625,9.625],"tintindex":0,"rotation":0,"texture":"#0"},"up":{"uv":[4.125,10.5,3.75,10.125],"tintindex":0,"rotation":0,"texture":"#0"},"down":{"uv":[7.125,10.125,6.75,10.5],"tintindex":0,"rotation":0,"texture":"#0"}}},{"from":[6.8464546,12.174864,7.691593],"to":[9.846455,14.174864,10.691593],"faces":{"east":{"uv":[2.0,11.125,2.375,11.375],"tintindex":0,"rotation":0,"texture":"#0"},"south":{"uv":[11.125,2.75,11.5,3.0],"tintindex":0,"rotation":0,"texture":"#0"},"north":{"uv":[11.0,10.875,11.375,11.125],"tintindex":0,"rotation":0,"texture":"#0"},"west":{"uv":[4.375,11.125,4.75,11.375],"tintindex":0,"rotation":0,"texture":"#0"},"up":{"uv":[1.375,10.75,1.0,10.375],"tintindex":0,"rotation":0,"texture":"#0"},"down":{"uv":[1.875,10.375,1.5,10.75],"tintindex":0,"rotation":0,"texture":"#0"}},"rotation":{"origin":[8.346455,13.174864,9.191593],"angle":-22.5,"axis":"x"}},{"from":[2.8464546,10.07501,9.710095],"to":[6.8464546,12.07501,9.710095],"faces":{"south":{"uv":[10.875,1.5,11.375,1.75],"tintindex":0,"rotation":0,"texture":"#0"},"north":{"uv":[10.875,1.125,11.375,1.375],"tintindex":0,"rotation":0,"texture":"#0"}}},{"from":[1.8464546,7.0750103,5.710096],"to":[6.8464546,9.07501,5.710096],"faces":{"south":{"uv":[10.125,0.75,10.75,1.0],"tintindex":0,"rotation":0,"texture":"#0"},"north":{"uv":[9.625,10.0,10.25,10.25],"tintindex":0,"rotation":0,"texture":"#0"}}},{"from":[13.846455,10.07501,5.710096],"to":[13.846455,12.07501,9.710095],"faces":{"east":{"uv":[10.5,8.125,11.0,8.375],"tintindex":0,"rotation":0,"texture":"#0"},"west":{"uv":[8.25,10.5,8.75,10.75],"tintindex":0,"rotation":0,"texture":"#0"}}},{"from":[9.846455,7.0750103,9.710095],"to":[14.846455,9.07501,9.710095],"faces":{"south":{"uv":[9.875,0.375,10.5,0.625],"tintindex":0,"rotation":0,"texture":"#0"},"north":{"uv":[9.75,8.125,10.375,8.375],"tintindex":0,"rotation":0,"texture":"#0"}}},{"from":[1.8464546,7.0750103,5.710096],"to":[1.8464546,9.07501,9.710095],"faces":{"east":{"uv":[5.375,10.75,5.875,11.0],"tintindex":0,"rotation":0,"texture":"#0"},"west":{"uv":[10.75,6.125,11.25,6.375],"tintindex":0,"rotation":0,"texture":"#0"}}},{"from":[2.8464546,10.07501,5.710096],"to":[2.8464546,12.07501,9.710095],"faces":{"east":{"uv":[10.875,3.125,11.375,3.375],"tintindex":0,"rotation":0,"texture":"#0"},"west":{"uv":[10.875,5.0,11.375,5.25],"tintindex":0,"rotation":0,"texture":"#0"}}}],"display":{"gui":{"rotation":[30,225,0]}}}