{"textures":{"0":"modelengine:entity/skeleton_shaman"},"elements":[{"from":[3.8464546,15.281107,1.4042292],"to":[12.846455,19.281107,1.4042292],"faces":{"south":{"uv":[1.875,5.875,0.75,6.375],"tintindex":0,"rotation":0,"texture":"#0"},"north":{"uv":[0.75,5.875,1.875,6.375],"tintindex":0,"rotation":0,"texture":"#0"}},"rotation":{"origin":[8.346455,17.281107,1.4042292],"angle":22.5,"axis":"x"}},{"from":[3.8464546,14.863016,12.469269],"to":[12.846455,17.863016,12.469269],"faces":{"south":{"uv":[6.125,6.0,7.25,6.375],"tintindex":0,"rotation":0,"texture":"#0"},"north":{"uv":[7.25,6.0,6.125,6.375],"tintindex":0,"rotation":0,"texture":"#0"}},"rotation":{"origin":[8.346455,16.363016,12.469269],"angle":45.0,"axis":"x"}},{"from":[3.8464546,18.396631,3.9373627],"to":[12.846455,23.396631,3.9373627],"faces":{"south":{"uv":[6.125,2.0,5.0,2.625],"tintindex":0,"rotation":0,"texture":"#0"},"north":{"uv":[5.0,2.0,6.125,2.625],"tintindex":0,"rotation":0,"texture":"#0"}},"rotation":{"origin":[8.346455,20.896631,3.9373627],"angle":45.0,"axis":"x"}},{"from":[7.3464546,11.585588,-0.1265049],"to":[9.346455,13.585588,1.8734951],"faces":{"east":{"uv":[4.375,11.5,4.625,11.75],"tintindex":0,"rotation":0,"texture":"#0"},"south":{"uv":[4.75,11.5,5.0,11.75],"tintindex":0,"rotation":0,"texture":"#0"},"north":{"uv":[11.5,3.125,11.75,3.375],"tintindex":0,"rotation":0,"texture":"#0"},"west":{"uv":[11.5,5.0,11.75,5.25],"tintindex":0,"rotation":0,"texture":"#0"},"up":{"uv":[5.375,11.75,5.125,11.5],"tintindex":0,"rotation":0,"texture":"#0"},"down":{"uv":[11.75,5.375,11.5,5.625],"tintindex":0,"rotation":0,"texture":"#0"}}},{"from":[2.6952686,3.659111,0.9678931],"to":[2.6952686,7.659111,1.9678931],"faces":{"east":{"uv":[7.75,11.5,7.875,12.0],"tintindex":0,"rotation":0,"texture":"#0"},"west":{"uv":[7.875,11.5,7.75,12.0],"tintindex":0,"rotation":0,"texture":"#0"}}},{"from":[3.8464546,11.585588,-0.1265049],"to":[4.8464546,13.585588,1.8734951],"faces":{"east":{"uv":[11.5,6.5,11.75,6.75],"tintindex":0,"rotation":0,"texture":"#0"},"south":{"uv":[1.5,11.875,1.625,12.125],"tintindex":0,"rotation":0,"texture":"#0"},"north":{"uv":[11.875,1.125,12.0,1.375],"tintindex":0,"rotation":0,"texture":"#0"},"west":{"uv":[11.5,6.875,11.75,7.125],"tintindex":0,"rotation":0,"texture":"#0"},"up":{"uv":[12.0,1.75,11.875,1.5],"tintindex":0,"rotation":0,"texture":"#0"},"down":{"uv":[1.875,11.875,1.75,12.125],"tintindex":0,"rotation":0,"texture":"#0"}}},{"from":[12.497641,6.7304306,3.1749997],"to":[14.497641,10.730429,5.174999],"faces":{"east":{"uv":[10.25,10.875,10.5,11.375],"tintindex":0,"rotation":0,"texture":"#0"},"south":{"uv":[10.625,10.875,10.875,11.375],"tintindex":0,"rotation":0,"texture":"#0"},"north":{"uv":[10.875,9.875,11.125,10.375],"tintindex":0,"rotation":0,"texture":"#0"},"west":{"uv":[0.375,11.0,0.625,11.5],"tintindex":0,"rotation":0,"texture":"#0"},"up":{"uv":[10.0,11.75,9.75,11.5],"tintindex":0,"rotation":0,"texture":"#0"},"down":{"uv":[10.375,11.5,10.125,11.75],"tintindex":0,"rotation":0,"texture":"#0"}},"rotation":{"origin":[13.497641,8.730431,4.174999],"angle":45.0,"axis":"x"}},{"from":[2.8845153,8.902613,3.29632],"to":[4.884515,12.902613,6.29632],"faces":{"east":{"uv":[4.625,9.875,4.25,10.375],"tintindex":0,"rotation":0,"texture":"#0"},"south":{"uv":[10.125,10.875,9.875,11.375],"tintindex":0,"rotation":0,"texture":"#0"},"north":{"uv":[9.75,10.875,9.5,11.375],"tintindex":0,"rotation":0,"texture":"#0"},"west":{"uv":[0.875,9.875,0.5,10.375],"tintindex":0,"rotation":0,"texture":"#0"},"up":{"uv":[1.125,11.625,1.375,11.25],"tintindex":0,"rotation":0,"texture":"#0"},"down":{"uv":[11.25,1.875,11.5,2.25],"tintindex":0,"rotation":0,"texture":"#0"}},"rotation":{"origin":[3.8845153,10.902613,4.79632],"angle":-22.5,"axis":"z"}},{"from":[3.8464546,13.367689,1.0236268],"to":[3.8464546,17.36769,11.023626],"faces":{"east":{"uv":[5.25,4.25,6.5,4.75],"tintindex":0,"rotation":0,"texture":"#0"},"west":{"uv":[6.5,4.25,5.25,4.75],"tintindex":0,"rotation":0,"texture":"#0"}},"rotation":{"origin":[3.8464546,15.367689,6.0236263],"angle":22.5,"axis":"x"}},{"from":[3.8464546,11.596048,-0.12442398],"to":[12.846455,13.596048,9.875576],"faces":{"east":{"uv":[8.375,8.125,9.625,8.375],"tintindex":0,"rotation":0,"texture":"#0"},"south":{"uv":[9.0,4.875,10.125,5.125],"tintindex":0,"rotation":0,"texture":"#0"},"north":{"uv":[9.0,4.5,10.125,4.75],"tintindex":0,"rotation":0,"texture":"#0"},"west":{"uv":[8.5,0.5,9.75,0.75],"tintindex":0,"rotation":0,"texture":"#0"},"up":{"uv":[1.125,1.25,0.0,0.0],"tintindex":0,"rotation":0,"texture":"#0"},"down":{"uv":[2.375,0.0,1.25,1.25],"tintindex":0,"rotation":0,"texture":"#0"}},"rotation":{"origin":[8.346455,12.596048,4.875576],"angle":22.5,"axis":"x"}},{"from":[4.3464546,9.211271,0.79631996],"to":[12.346455,15.211271,8.79632],"faces":{"east":{"uv":[1.875,4.25,2.875,5.0],"tintindex":0,"rotation":0,"texture":"#0"},"south":{"uv":[3.0,4.25,4.0,5.0],"tintindex":0,"rotation":0,"texture":"#0"},"north":{"uv":[0.75,4.25,1.75,5.0],"tintindex":0,"rotation":0,"texture":"#0"},"west":{"uv":[4.125,4.25,5.125,5.0],"tintindex":0,"rotation":0,"texture":"#0"},"up":{"uv":[1.0,2.375,0.0,1.375],"tintindex":0,"rotation":0,"texture":"#0"},"down":{"uv":[2.125,1.375,1.125,2.375],"tintindex":0,"rotation":0,"texture":"#0"}}},{"from":[3.8714547,14.714651,2.8264503],"to":[3.8714547,20.714651,12.82645],"faces":{"east":{"uv":[2.25,1.375,3.5,2.125],"tintindex":0,"rotation":0,"texture":"#0"},"west":{"uv":[3.5,1.375,2.25,2.125],"tintindex":0,"rotation":0,"texture":"#0"}},"rotation":{"origin":[3.8714547,17.714651,7.82645],"angle":45.0,"axis":"x"}},{"from":[12.846455,13.367689,1.0236268],"to":[12.846455,17.36769,11.023626],"faces":{"east":{"uv":[5.25,4.25,6.5,4.75],"tintindex":0,"rotation":0,"texture":"#0"},"west":{"uv":[6.5,4.25,5.25,4.75],"tintindex":0,"rotation":0,"texture":"#0"}},"rotation":{"origin":[12.846455,15.367689,6.0236263],"angle":22.5,"axis":"x"}},{"from":[5.8464546,8.211271,0.79631996],"to":[6.8464546,9.211271,0.79631996],"faces":{"south":{"uv":[5.375,11.875,5.5,12.0],"tintindex":0,"rotation":0,"texture":"#0"},"north":{"uv":[11.875,5.125,12.0,5.25],"tintindex":0,"rotation":0,"texture":"#0"}}},{"from":[11.846455,11.585588,-0.1265049],"to":[12.846455,13.585588,1.8734951],"faces":{"east":{"uv":[5.5,11.5,5.75,11.75],"tintindex":0,"rotation":0,"texture":"#0"},"south":{"uv":[0.0,11.875,0.125,12.125],"tintindex":0,"rotation":0,"texture":"#0"},"north":{"uv":[11.75,11.625,11.875,11.875],"tintindex":0,"rotation":0,"texture":"#0"},"west":{"uv":[11.5,5.75,11.75,6.0],"tintindex":0,"rotation":0,"texture":"#0"},"up":{"uv":[12.0,0.25,11.875,0.0],"tintindex":0,"rotation":0,"texture":"#0"},"down":{"uv":[12.0,0.75,11.875,1.0],"tintindex":0,"rotation":0,"texture":"#0"}}},{"from":[12.821455,14.714651,2.8264503],"to":[12.821455,20.714651,12.82645],"faces":{"east":{"uv":[2.25,1.375,3.5,2.125],"tintindex":0,"rotation":0,"texture":"#0"},"west":{"uv":[3.5,1.375,2.25,2.125],"tintindex":0,"rotation":0,"texture":"#0"}},"rotation":{"origin":[12.821455,17.714651,7.82645],"angle":45.0,"axis":"x"}},{"from":[13.997641,4.659111,4.4678926],"to":[13.997641,8.659111,5.4678926],"faces":{"east":{"uv":[8.25,11.5,8.375,12.0],"tintindex":0,"rotation":0,"texture":"#0"},"west":{"uv":[8.375,11.5,8.25,12.0],"tintindex":0,"rotation":0,"texture":"#0"}}},{"from":[11.808394,8.902613,3.29632],"to":[13.808394,12.902613,6.29632],"faces":{"east":{"uv":[0.5,9.875,0.875,10.375],"tintindex":0,"rotation":0,"texture":"#0"},"south":{"uv":[9.875,10.875,10.125,11.375],"tintindex":0,"rotation":0,"texture":"#0"},"north":{"uv":[9.5,10.875,9.75,11.375],"tintindex":0,"rotation":0,"texture":"#0"},"west":{"uv":[4.25,9.875,4.625,10.375],"tintindex":0,"rotation":0,"texture":"#0"},"up":{"uv":[1.375,11.625,1.125,11.25],"tintindex":0,"rotation":0,"texture":"#0"},"down":{"uv":[11.5,1.875,11.25,2.25],"tintindex":0,"rotation":0,"texture":"#0"}},"rotation":{"origin":[12.808394,10.902613,4.79632],"angle":22.5,"axis":"z"}},{"from":[2.6952686,4.659111,4.4678926],"to":[2.6952686,8.659111,5.4678926],"faces":{"east":{"uv":[8.25,11.5,8.375,12.0],"tintindex":0,"rotation":0,"texture":"#0"},"west":{"uv":[8.375,11.5,8.25,12.0],"tintindex":0,"rotation":0,"texture":"#0"}}},{"from":[13.997641,3.659111,0.9678931],"to":[13.997641,7.659111,1.9678931],"faces":{"east":{"uv":[7.75,11.5,7.875,12.0],"tintindex":0,"rotation":0,"texture":"#0"},"west":{"uv":[7.875,11.5,7.75,12.0],"tintindex":0,"rotation":0,"texture":"#0"}}},{"from":[13.472641,7.3364162,-0.18852425],"to":[14.472641,8.336416,3.8114753],"faces":{"east":{"uv":[8.5,3.0,9.0,3.125],"tintindex":0,"rotation":0,"texture":"#0"},"south":{"uv":[11.875,7.0,12.0,7.125],"tintindex":0,"rotation":0,"texture":"#0"},"north":{"uv":[11.875,6.75,12.0,6.875],"tintindex":0,"rotation":0,"texture":"#0"},"west":{"uv":[10.875,6.875,11.375,7.0],"tintindex":0,"rotation":0,"texture":"#0"},"up":{"uv":[10.625,12.0,10.5,11.5],"tintindex":0,"rotation":0,"texture":"#0"},"down":{"uv":[11.625,10.625,11.5,11.125],"tintindex":0,"rotation":0,"texture":"#0"}},"rotation":{"origin":[13.972641,7.8364162,1.8114758],"angle":22.5,"axis":"x"}},{"from":[3.8464546,11.454271,10.643024],"to":[12.846455,15.454271,10.643024],"faces":{"south":{"uv":[6.125,4.875,7.25,5.375],"tintindex":0,"rotation":0,"texture":"#0"},"north":{"uv":[7.25,4.875,6.125,5.375],"tintindex":0,"rotation":0,"texture":"#0"}},"rotation":{"origin":[8.346455,13.454271,10.643024],"angle":22.5,"axis":"x"}},{"from":[2.2202687,7.3364162,-0.18852425],"to":[3.2202687,8.336416,3.8114753],"faces":{"east":{"uv":[11.375,6.875,10.875,7.0],"tintindex":0,"rotation":0,"texture":"#0"},"south":{"uv":[12.0,7.0,11.875,7.125],"tintindex":0,"rotation":0,"texture":"#0"},"north":{"uv":[12.0,6.75,11.875,6.875],"tintindex":0,"rotation":0,"texture":"#0"},"west":{"uv":[9.0,3.0,8.5,3.125],"tintindex":0,"rotation":0,"texture":"#0"},"up":{"uv":[10.5,12.0,10.625,11.5],"tintindex":0,"rotation":0,"texture":"#0"},"down":{"uv":[11.5,10.625,11.625,11.125],"tintindex":0,"rotation":0,"texture":"#0"}},"rotation":{"origin":[2.7202687,7.8364162,1.8114758],"angle":22.5,"axis":"x"}},{"from":[9.846455,8.211271,0.79631996],"to":[10.846455,9.211271,0.79631996],"faces":{"south":{"uv":[7.5,3.25,7.625,3.375],"tintindex":0,"rotation":0,"texture":"#0"},"north":{"uv":[0.5,7.0,0.625,7.125],"tintindex":0,"rotation":0,"texture":"#0"}}},{"from":[2.1952686,6.7304306,3.1749997],"to":[4.1952686,10.730429,5.174999],"faces":{"east":{"uv":[0.625,11.0,0.375,11.5],"tintindex":0,"rotation":0,"texture":"#0"},"south":{"uv":[10.875,10.875,10.625,11.375],"tintindex":0,"rotation":0,"texture":"#0"},"north":{"uv":[11.125,9.875,10.875,10.375],"tintindex":0,"rotation":0,"texture":"#0"},"west":{"uv":[10.5,10.875,10.25,11.375],"tintindex":0,"rotation":0,"texture":"#0"},"up":{"uv":[9.75,11.75,10.0,11.5],"tintindex":0,"rotation":0,"texture":"#0"},"down":{"uv":[10.125,11.5,10.375,11.75],"tintindex":0,"rotation":0,"texture":"#0"}},"rotation":{"origin":[3.1952686,8.730431,4.174999],"angle":45.0,"axis":"x"}}],"display":{"gui":{"rotation":[30,225,0]}}}