{"textures":{"0":"modelengine:entity/skeleton_shaman"},"elements":[{"from":[10.846455,4.089056,0.54345655],"to":[11.846455,5.089056,0.54345655],"faces":{"south":{"uv":[5.875,4.875,6.0,5.0],"tintindex":0,"rotation":0,"texture":"#0"},"north":{"uv":[5.875,0.625,6.0,0.75],"tintindex":0,"rotation":0,"texture":"#0"}},"rotation":{"origin":[11.346455,4.589056,0.54345655],"angle":-22.5,"axis":"x"}},{"from":[11.846455,4.2803974,0.5053959],"to":[11.846455,5.2803974,1.5053959],"faces":{"east":{"uv":[2.5,9.25,2.625,9.375],"tintindex":0,"rotation":0,"texture":"#0"},"west":{"uv":[8.875,10.5,9.0,10.625],"tintindex":0,"rotation":0,"texture":"#0"}},"rotation":{"origin":[11.846455,4.7803974,1.0053959],"angle":-22.5,"axis":"x"}},{"from":[4.8464546,4.089056,0.54345655],"to":[5.8464546,5.089056,0.54345655],"faces":{"south":{"uv":[5.125,11.875,5.25,12.0],"tintindex":0,"rotation":0,"texture":"#0"},"north":{"uv":[11.875,4.875,12.0,5.0],"tintindex":0,"rotation":0,"texture":"#0"}},"rotation":{"origin":[5.3464546,4.589056,0.54345655],"angle":-22.5,"axis":"x"}},{"from":[4.8464546,4.2803974,0.5053959],"to":[4.8464546,5.2803974,1.5053959],"faces":{"east":{"uv":[0.75,11.0,0.875,11.125],"tintindex":0,"rotation":0,"texture":"#0"},"west":{"uv":[11.75,11.0,11.875,11.125],"tintindex":0,"rotation":0,"texture":"#0"}},"rotation":{"origin":[4.8464546,4.7803974,1.0053959],"angle":-22.5,"axis":"x"}},{"from":[7.3464546,4.089056,0.54345655],"to":[9.346455,5.089056,0.54345655],"faces":{"south":{"uv":[11.625,7.5,11.875,7.625],"tintindex":0,"rotation":0,"texture":"#0"},"north":{"uv":[2.625,10.25,2.875,10.375],"tintindex":0,"rotation":0,"texture":"#0"}},"rotation":{"origin":[8.346455,4.589056,0.54345655],"angle":-22.5,"axis":"x"}},{"from":[4.8464546,2.7720299,1.0043411],"to":[11.846455,5.77203,9.004341],"faces":{"east":{"uv":[5.75,6.5,6.75,6.875],"tintindex":0,"rotation":0,"texture":"#0"},"south":{"uv":[7.75,0.0,8.625,0.375],"tintindex":0,"rotation":0,"texture":"#0"},"north":{"uv":[7.5,2.75,8.375,3.125],"tintindex":0,"rotation":0,"texture":"#0"},"west":{"uv":[6.625,0.0,7.625,0.375],"tintindex":0,"rotation":0,"texture":"#0"},"up":{"uv":[2.25,4.125,1.375,3.125],"tintindex":0,"rotation":0,"texture":"#0"},"down":{"uv":[3.25,3.125,2.375,4.125],"tintindex":0,"rotation":0,"texture":"#0"}},"rotation":{"origin":[8.346455,4.27203,5.004341],"angle":-22.5,"axis":"x"}}],"display":{"gui":{"rotation":[30,225,0]}}}