{"textures":{"0":"modelengine:entity/skeleton_shaman"},"elements":[{"from":[6.8464546,-0.057201385,5.240584],"to":[9.846455,7.9427986,8.240584],"faces":{"east":{"uv":[7.5,1.625,7.875,2.625],"tintindex":0,"rotation":0,"texture":"#0"},"south":{"uv":[1.5,7.625,1.875,8.625],"tintindex":0,"rotation":0,"texture":"#0"},"north":{"uv":[7.5,0.5,7.875,1.5],"tintindex":0,"rotation":0,"texture":"#0"},"west":{"uv":[6.75,7.625,7.125,8.625],"tintindex":0,"rotation":0,"texture":"#0"},"up":{"uv":[3.5,10.875,3.125,10.5],"tintindex":0,"rotation":0,"texture":"#0"},"down":{"uv":[4.625,10.5,4.25,10.875],"tintindex":0,"rotation":0,"texture":"#0"}},"rotation":{"origin":[8.346455,3.9427986,6.7405844],"angle":22.5,"axis":"x"}}],"display":{"gui":{"rotation":[30,225,0]}}}