{"textures":{"0":"modelengine:entity/skeleton_shaman"},"elements":[{"from":[4.153999,-0.5800953,6.4211907],"to":[7.153999,7.4199047,9.421191],"faces":{"east":{"uv":[5.0,7.125,5.375,8.125],"tintindex":0,"rotation":0,"texture":"#0"},"south":{"uv":[0.5,7.25,0.875,8.25],"tintindex":0,"rotation":0,"texture":"#0"},"north":{"uv":[4.5,7.125,4.875,8.125],"tintindex":0,"rotation":0,"texture":"#0"},"west":{"uv":[1.0,7.25,1.375,8.25],"tintindex":0,"rotation":0,"texture":"#0"},"up":{"uv":[10.0,10.75,9.625,10.375],"tintindex":0,"rotation":0,"texture":"#0"},"down":{"uv":[10.75,10.0,10.375,10.375],"tintindex":0,"rotation":0,"texture":"#0"}},"rotation":{"origin":[5.653999,3.4199047,7.9211907],"angle":-22.5,"axis":"z"}},{"from":[5.368747,6.0403423,5.421191],"to":[10.368748,9.040342,10.421191],"faces":{"east":{"uv":[9.125,8.5,9.75,8.875],"tintindex":0,"rotation":0,"texture":"#0"},"south":{"uv":[9.125,9.0,9.75,9.375],"tintindex":0,"rotation":0,"texture":"#0"},"north":{"uv":[8.375,9.125,9.0,9.5],"tintindex":0,"rotation":0,"texture":"#0"},"west":{"uv":[1.75,9.25,2.375,9.625],"tintindex":0,"rotation":0,"texture":"#0"},"up":{"uv":[6.875,1.875,6.25,1.25],"tintindex":0,"rotation":0,"texture":"#0"},"down":{"uv":[6.875,2.0,6.25,2.625],"tintindex":0,"rotation":0,"texture":"#0"}},"rotation":{"origin":[7.8687477,7.5403423,7.9211907],"angle":22.5,"axis":"z"}},{"from":[3.9141345,2.5857296,10.396191],"to":[6.9141345,7.5857296,10.396191],"faces":{"south":{"uv":[2.5,9.5,2.875,10.125],"tintindex":0,"rotation":0,"texture":"#0"},"north":{"uv":[2.875,9.5,2.5,10.125],"tintindex":0,"rotation":0,"texture":"#0"}},"rotation":{"origin":[5.4141345,5.0857296,10.396191],"angle":-22.5,"axis":"z"}},{"from":[4.028315,3.1597538,5.421191],"to":[4.028315,8.159754,10.421191],"faces":{"east":{"uv":[3.375,6.375,2.75,7.0],"tintindex":0,"rotation":0,"texture":"#0"},"west":{"uv":[2.75,6.375,3.375,7.0],"tintindex":0,"rotation":0,"texture":"#0"}},"rotation":{"origin":[4.028315,5.659754,7.921191],"angle":-22.5,"axis":"z"}},{"from":[3.9141345,2.5857296,5.446191],"to":[6.9141345,7.5857296,5.446191],"faces":{"south":{"uv":[9.625,2.375,9.25,3.0],"tintindex":0,"rotation":0,"texture":"#0"},"north":{"uv":[9.25,2.375,9.625,3.0],"tintindex":0,"rotation":0,"texture":"#0"}},"rotation":{"origin":[5.4141345,5.0857296,5.446191],"angle":-22.5,"axis":"z"}}],"display":{"gui":{"rotation":[30,225,0]}}}