{"textures":{"0":"modelengine:entity/skeleton_shaman"},"elements":[{"from":[6.8464546,5.25,3.440917],"to":[9.846455,7.25,9.440917],"faces":{"east":{"uv":[9.75,2.125,10.5,2.375],"tintindex":0,"rotation":0,"texture":"#0"},"south":{"uv":[5.375,11.125,5.75,11.375],"tintindex":0,"rotation":0,"texture":"#0"},"north":{"uv":[4.875,11.125,5.25,11.375],"tintindex":0,"rotation":0,"texture":"#0"},"west":{"uv":[9.75,2.5,10.5,2.75],"tintindex":0,"rotation":0,"texture":"#0"},"up":{"uv":[9.375,4.375,9.0,3.625],"tintindex":0,"rotation":0,"texture":"#0"},"down":{"uv":[4.875,9.0,4.5,9.75],"tintindex":0,"rotation":0,"texture":"#0"}}}],"display":{"gui":{"rotation":[30,225,0]}}}