{"textures":{"0":"modelengine:entity/skeleton_shaman"},"elements":[{"from":[6.8714547,-0.15258789,7.840473],"to":[9.821455,7.847412,10.840473],"faces":{"east":{"uv":[7.375,4.625,7.75,5.625],"tintindex":0,"rotation":0,"texture":"#0"},"south":{"uv":[7.375,5.75,7.75,6.75],"tintindex":0,"rotation":0,"texture":"#0"},"north":{"uv":[7.25,3.5,7.625,4.5],"tintindex":0,"rotation":0,"texture":"#0"},"west":{"uv":[7.375,6.875,7.75,7.875],"tintindex":0,"rotation":0,"texture":"#0"},"up":{"uv":[0.875,10.875,0.5,10.5],"tintindex":0,"rotation":0,"texture":"#0"},"down":{"uv":[3.0,10.5,2.625,10.875],"tintindex":0,"rotation":0,"texture":"#0"}},"rotation":{"origin":[8.346455,3.847412,9.340473],"angle":-22.5,"axis":"x"}},{"from":[10.427286,1.3091869,7.385444],"to":[10.427286,6.309187,11.385445],"faces":{"east":{"uv":[3.375,8.25,3.875,8.875],"tintindex":0,"rotation":0,"texture":"#0"},"west":{"uv":[3.875,8.25,3.375,8.875],"tintindex":0,"rotation":0,"texture":"#0"}},"rotation":{"origin":[10.427286,3.809187,9.385445],"angle":-22.5,"axis":"x"}},{"from":[6.427286,2.0745535,11.233204],"to":[10.427286,7.0745535,11.233204],"faces":{"south":{"uv":[0.625,8.375,1.125,9.0],"tintindex":0,"rotation":0,"texture":"#0"},"north":{"uv":[1.125,8.375,0.625,9.0],"tintindex":0,"rotation":0,"texture":"#0"}},"rotation":{"origin":[8.427286,4.574554,11.233204],"angle":-22.5,"axis":"x"}},{"from":[6.427286,0.5438199,7.5376854],"to":[10.427286,5.54382,7.5376854],"faces":{"south":{"uv":[5.125,8.25,4.625,8.875],"tintindex":0,"rotation":0,"texture":"#0"},"north":{"uv":[4.625,8.25,5.125,8.875],"tintindex":0,"rotation":0,"texture":"#0"}},"rotation":{"origin":[8.427286,3.04382,7.5376854],"angle":-22.5,"axis":"x"}},{"from":[6.427286,1.3091869,7.385444],"to":[6.427286,6.309187,11.385445],"faces":{"east":{"uv":[7.125,4.125,6.625,4.75],"tintindex":0,"rotation":0,"texture":"#0"},"west":{"uv":[6.625,4.125,7.125,4.75],"tintindex":0,"rotation":0,"texture":"#0"}},"rotation":{"origin":[6.427286,3.809187,9.385445],"angle":-22.5,"axis":"x"}}],"display":{"gui":{"rotation":[30,225,0]}}}