{"textures":{"0":"modelengine:entity/skeleton_shaman"},"elements":[{"from":[6.5893116,1.3411407,8.661248],"to":[10.589312,6.3411407,8.661248],"faces":{"south":{"uv":[0.625,8.375,1.125,9.0],"tintindex":0,"rotation":0,"texture":"#0"},"north":{"uv":[1.125,8.375,0.625,9.0],"tintindex":0,"rotation":0,"texture":"#0"}},"rotation":{"origin":[8.589312,3.8411407,8.661248],"angle":22.5,"axis":"x"}},{"from":[7.0893116,1.1065073,5.313489],"to":[10.089312,8.106506,8.313489],"faces":{"east":{"uv":[8.0,0.5,8.375,1.375],"tintindex":0,"rotation":0,"texture":"#0"},"south":{"uv":[8.0,1.5,8.375,2.375],"tintindex":0,"rotation":0,"texture":"#0"},"north":{"uv":[7.875,7.25,8.25,8.125],"tintindex":0,"rotation":0,"texture":"#0"},"west":{"uv":[7.25,8.0,7.625,8.875],"tintindex":0,"rotation":0,"texture":"#0"},"up":{"uv":[6.625,10.75,6.25,10.375],"tintindex":0,"rotation":0,"texture":"#0"},"down":{"uv":[8.125,10.375,7.75,10.75],"tintindex":0,"rotation":0,"texture":"#0"}},"rotation":{"origin":[8.589312,4.6065063,6.813489],"angle":22.5,"axis":"x"}},{"from":[10.589312,2.1065073,4.813489],"to":[10.589312,7.1065063,8.813489],"faces":{"east":{"uv":[3.375,8.25,3.875,8.875],"tintindex":0,"rotation":0,"texture":"#0"},"west":{"uv":[3.875,8.25,3.375,8.875],"tintindex":0,"rotation":0,"texture":"#0"}},"rotation":{"origin":[10.589312,4.6065063,6.813489],"angle":22.5,"axis":"x"}},{"from":[6.5893116,2.1065073,4.813489],"to":[6.5893116,7.1065063,8.813489],"faces":{"east":{"uv":[7.125,4.125,6.625,4.75],"tintindex":0,"rotation":0,"texture":"#0"},"west":{"uv":[6.625,4.125,7.125,4.75],"tintindex":0,"rotation":0,"texture":"#0"}},"rotation":{"origin":[6.5893116,4.6065063,6.813489],"angle":22.5,"axis":"x"}},{"from":[6.5893116,2.8718739,4.9657297],"to":[10.589312,7.871874,4.9657297],"faces":{"south":{"uv":[5.125,8.25,4.625,8.875],"tintindex":0,"rotation":0,"texture":"#0"},"north":{"uv":[4.625,8.25,5.125,8.875],"tintindex":0,"rotation":0,"texture":"#0"}},"rotation":{"origin":[8.589312,5.371874,4.9657297],"angle":22.5,"axis":"x"}}],"display":{"gui":{"rotation":[30,225,0]}}}