{"textures":{"0":"modelengine:entity/skeleton_shaman"},"elements":[{"from":[6.8464546,5.25,3.440917],"to":[9.846455,7.25,9.440917],"faces":{"east":{"uv":[9.0,7.75,9.75,8.0],"tintindex":0,"rotation":0,"texture":"#0"},"south":{"uv":[3.875,11.0,4.25,11.25],"tintindex":0,"rotation":0,"texture":"#0"},"north":{"uv":[3.375,11.0,3.75,11.25],"tintindex":0,"rotation":0,"texture":"#0"},"west":{"uv":[9.625,7.375,10.375,7.625],"tintindex":0,"rotation":0,"texture":"#0"},"up":{"uv":[6.125,9.625,5.75,8.875],"tintindex":0,"rotation":0,"texture":"#0"},"down":{"uv":[6.625,8.875,6.25,9.625],"tintindex":0,"rotation":0,"texture":"#0"}}}],"display":{"gui":{"rotation":[30,225,0]}}}