{"textures":{"0":"modelengine:entity/skeleton_shaman"},"elements":[{"from":[6.8464546,-0.057201385,5.240584],"to":[9.846455,7.9427986,8.240584],"faces":{"east":{"uv":[3.0,7.125,3.375,8.125],"tintindex":0,"rotation":0,"texture":"#0"},"south":{"uv":[3.5,7.125,3.875,8.125],"tintindex":0,"rotation":0,"texture":"#0"},"north":{"uv":[2.5,7.125,2.875,8.125],"tintindex":0,"rotation":0,"texture":"#0"},"west":{"uv":[4.0,7.125,4.375,8.125],"tintindex":0,"rotation":0,"texture":"#0"},"up":{"uv":[10.625,9.875,10.25,9.5],"tintindex":0,"rotation":0,"texture":"#0"},"down":{"uv":[0.375,10.375,0.0,10.75],"tintindex":0,"rotation":0,"texture":"#0"}},"rotation":{"origin":[8.346455,3.9427986,6.7405844],"angle":22.5,"axis":"x"}}],"display":{"gui":{"rotation":[30,225,0]}}}