{"textures":{"0":"modelengine:entity/skeleton_shaman"},"elements":[{"from":[5.9535975,2.2315073,4.813489],"to":[5.9535975,7.2315063,8.813489],"faces":{"east":{"uv":[3.375,8.25,3.875,8.875],"tintindex":0,"rotation":0,"texture":"#0"},"west":{"uv":[3.875,8.25,3.375,8.875],"tintindex":0,"rotation":0,"texture":"#0"}},"rotation":{"origin":[5.9535975,4.7315063,6.813489],"angle":22.5,"axis":"x"}},{"from":[6.453597,1.2315073,5.313489],"to":[9.453597,8.231506,8.313489],"faces":{"east":{"uv":[7.875,4.25,8.25,5.125],"tintindex":0,"rotation":0,"texture":"#0"},"south":{"uv":[7.875,5.25,8.25,6.125],"tintindex":0,"rotation":0,"texture":"#0"},"north":{"uv":[7.75,3.25,8.125,4.125],"tintindex":0,"rotation":0,"texture":"#0"},"west":{"uv":[7.875,6.25,8.25,7.125],"tintindex":0,"rotation":0,"texture":"#0"},"up":{"uv":[2.5,10.625,2.125,10.25],"tintindex":0,"rotation":0,"texture":"#0"},"down":{"uv":[10.625,4.625,10.25,5.0],"tintindex":0,"rotation":0,"texture":"#0"}},"rotation":{"origin":[7.953597,4.7315063,6.813489],"angle":22.5,"axis":"x"}},{"from":[9.953597,2.2315073,4.813489],"to":[9.953597,7.2315063,8.813489],"faces":{"east":{"uv":[7.125,4.125,6.625,4.75],"tintindex":0,"rotation":0,"texture":"#0"},"west":{"uv":[6.625,4.125,7.125,4.75],"tintindex":0,"rotation":0,"texture":"#0"}},"rotation":{"origin":[9.953597,4.7315063,6.813489],"angle":22.5,"axis":"x"}},{"from":[5.9535975,2.9968739,4.9657297],"to":[9.953597,7.996874,4.9657297],"faces":{"south":{"uv":[4.625,8.25,5.125,8.875],"tintindex":0,"rotation":0,"texture":"#0"},"north":{"uv":[5.125,8.25,4.625,8.875],"tintindex":0,"rotation":0,"texture":"#0"}},"rotation":{"origin":[7.953597,5.496874,4.9657297],"angle":22.5,"axis":"x"}},{"from":[5.9535975,1.4661407,8.661248],"to":[9.953597,6.4661407,8.661248],"faces":{"south":{"uv":[1.125,8.375,0.625,9.0],"tintindex":0,"rotation":0,"texture":"#0"},"north":{"uv":[0.625,8.375,1.125,9.0],"tintindex":0,"rotation":0,"texture":"#0"}},"rotation":{"origin":[7.953597,3.9661407,8.661248],"angle":22.5,"axis":"x"}}],"display":{"gui":{"rotation":[30,225,0]}}}