{"textures":{"0":"modelengine:entity/skeleton_shaman"},"elements":[{"from":[6.2656236,2.0745535,11.233204],"to":[10.265623,7.0745535,11.233204],"faces":{"south":{"uv":[1.125,8.375,0.625,9.0],"tintindex":0,"rotation":0,"texture":"#0"},"north":{"uv":[0.625,8.375,1.125,9.0],"tintindex":0,"rotation":0,"texture":"#0"}},"rotation":{"origin":[8.265623,4.574554,11.233204],"angle":-22.5,"axis":"x"}},{"from":[10.265623,1.3091869,7.385444],"to":[10.265623,6.309187,11.385445],"faces":{"east":{"uv":[7.125,4.125,6.625,4.75],"tintindex":0,"rotation":0,"texture":"#0"},"west":{"uv":[6.625,4.125,7.125,4.75],"tintindex":0,"rotation":0,"texture":"#0"}},"rotation":{"origin":[10.265623,3.809187,9.385445],"angle":-22.5,"axis":"x"}},{"from":[6.2656236,0.5438199,7.5376854],"to":[10.265623,5.54382,7.5376854],"faces":{"south":{"uv":[4.625,8.25,5.125,8.875],"tintindex":0,"rotation":0,"texture":"#0"},"north":{"uv":[5.125,8.25,4.625,8.875],"tintindex":0,"rotation":0,"texture":"#0"}},"rotation":{"origin":[8.265623,3.04382,7.5376854],"angle":-22.5,"axis":"x"}},{"from":[6.8714547,-0.15258789,7.840473],"to":[9.821455,7.847412,10.840473],"faces":{"east":{"uv":[5.75,7.0,6.125,8.0],"tintindex":0,"rotation":0,"texture":"#0"},"south":{"uv":[6.25,7.0,6.625,8.0],"tintindex":0,"rotation":0,"texture":"#0"},"north":{"uv":[7.0,2.375,7.375,3.375],"tintindex":0,"rotation":0,"texture":"#0"},"west":{"uv":[2.0,7.125,2.375,8.125],"tintindex":0,"rotation":0,"texture":"#0"},"up":{"uv":[7.625,10.625,7.25,10.25],"tintindex":0,"rotation":0,"texture":"#0"},"down":{"uv":[9.5,10.25,9.125,10.625],"tintindex":0,"rotation":0,"texture":"#0"}},"rotation":{"origin":[8.346455,3.847412,9.340473],"angle":-22.5,"axis":"x"}},{"from":[6.2656236,1.3091869,7.385444],"to":[6.2656236,6.309187,11.385445],"faces":{"east":{"uv":[3.375,8.25,3.875,8.875],"tintindex":0,"rotation":0,"texture":"#0"},"west":{"uv":[3.875,8.25,3.375,8.875],"tintindex":0,"rotation":0,"texture":"#0"}},"rotation":{"origin":[6.2656236,3.809187,9.385445],"angle":-22.5,"axis":"x"}}],"display":{"gui":{"rotation":[30,225,0]}}}