{"textures":{"0":"modelengine:entity/skeleton_shaman"},"elements":[{"from":[9.778774,2.5857296,5.446191],"to":[12.778774,7.5857296,5.446191],"faces":{"south":{"uv":[9.25,2.375,9.625,3.0],"tintindex":0,"rotation":0,"texture":"#0"},"north":{"uv":[9.625,2.375,9.25,3.0],"tintindex":0,"rotation":0,"texture":"#0"}},"rotation":{"origin":[11.278774,5.0857296,5.446191],"angle":22.5,"axis":"z"}},{"from":[6.324162,6.0403423,5.421191],"to":[11.324162,9.040342,10.421191],"faces":{"east":{"uv":[2.375,9.25,1.75,9.625],"tintindex":0,"rotation":0,"texture":"#0"},"south":{"uv":[9.75,9.0,9.125,9.375],"tintindex":0,"rotation":0,"texture":"#0"},"north":{"uv":[9.0,9.125,8.375,9.5],"tintindex":0,"rotation":0,"texture":"#0"},"west":{"uv":[9.75,8.5,9.125,8.875],"tintindex":0,"rotation":0,"texture":"#0"},"up":{"uv":[6.25,1.875,6.875,1.25],"tintindex":0,"rotation":0,"texture":"#0"},"down":{"uv":[6.25,2.0,6.875,2.625],"tintindex":0,"rotation":0,"texture":"#0"}},"rotation":{"origin":[8.824162,7.5403423,7.9211907],"angle":-22.5,"axis":"z"}},{"from":[9.538911,-0.5800953,6.4211907],"to":[12.538912,7.4199047,9.421191],"faces":{"east":{"uv":[6.875,6.5,7.25,7.5],"tintindex":0,"rotation":0,"texture":"#0"},"south":{"uv":[0.0,7.0,0.375,8.0],"tintindex":0,"rotation":0,"texture":"#0"},"north":{"uv":[1.5,6.5,1.875,7.5],"tintindex":0,"rotation":0,"texture":"#0"},"west":{"uv":[7.0,1.25,7.375,2.25],"tintindex":0,"rotation":0,"texture":"#0"},"up":{"uv":[5.125,10.625,4.75,10.25],"tintindex":0,"rotation":0,"texture":"#0"},"down":{"uv":[5.625,10.25,5.25,10.625],"tintindex":0,"rotation":0,"texture":"#0"}},"rotation":{"origin":[11.038912,3.4199047,7.9211907],"angle":22.5,"axis":"z"}},{"from":[9.778774,2.5857296,10.396191],"to":[12.778774,7.5857296,10.396191],"faces":{"south":{"uv":[2.875,9.5,2.5,10.125],"tintindex":0,"rotation":0,"texture":"#0"},"north":{"uv":[2.5,9.5,2.875,10.125],"tintindex":0,"rotation":0,"texture":"#0"}},"rotation":{"origin":[11.278774,5.0857296,10.396191],"angle":22.5,"axis":"z"}},{"from":[12.664595,3.1597538,5.421191],"to":[12.664595,8.159754,10.421191],"faces":{"east":{"uv":[3.375,6.375,2.75,7.0],"tintindex":0,"rotation":0,"texture":"#0"},"west":{"uv":[2.75,6.375,3.375,7.0],"tintindex":0,"rotation":0,"texture":"#0"}},"rotation":{"origin":[12.664595,5.659754,7.921191],"angle":22.5,"axis":"z"}}],"display":{"gui":{"rotation":[30,225,0]}}}