{"textures":{"0":"modelengine:entity/skeleton_shaman"},"elements":[{"from":[2.8464546,10.364067,5.183683],"to":[2.8464546,12.364067,9.183682],"faces":{"east":{"uv":[10.75,9.5,11.25,9.75],"tintindex":0,"rotation":0,"texture":"#0"},"west":{"uv":[10.75,10.5,11.25,10.75],"tintindex":0,"rotation":0,"texture":"#0"}}},{"from":[2.8464546,10.364067,5.183683],"to":[6.8464546,12.364067,5.183683],"faces":{"south":{"uv":[8.875,10.75,9.375,11.0],"tintindex":0,"rotation":0,"texture":"#0"},"north":{"uv":[6.75,10.75,7.25,11.0],"tintindex":0,"rotation":0,"texture":"#0"}}},{"from":[9.846455,10.364067,5.183683],"to":[13.846455,12.364067,5.183683],"faces":{"south":{"uv":[4.75,10.75,5.25,11.0],"tintindex":0,"rotation":0,"texture":"#0"},"north":{"uv":[10.75,4.625,11.25,4.875],"tintindex":0,"rotation":0,"texture":"#0"}}},{"from":[2.8464546,10.364067,9.183682],"to":[6.8464546,12.364067,9.183682],"faces":{"south":{"uv":[1.0,10.875,1.5,11.125],"tintindex":0,"rotation":0,"texture":"#0"},"north":{"uv":[10.875,0.75,11.375,1.0],"tintindex":0,"rotation":0,"texture":"#0"}}},{"from":[12.346455,5.364067,6.9336824],"to":[13.346455,7.364067,10.933683],"faces":{"east":{"uv":[10.625,8.5,11.125,8.75],"tintindex":0,"rotation":0,"texture":"#0"},"south":{"uv":[0.75,11.75,0.875,12.0],"tintindex":0,"rotation":0,"texture":"#0"},"north":{"uv":[11.75,0.375,11.875,0.625],"tintindex":0,"rotation":0,"texture":"#0"},"west":{"uv":[10.625,8.875,11.125,9.125],"tintindex":0,"rotation":0,"texture":"#0"},"up":{"uv":[5.125,9.5,5.0,9.0],"tintindex":0,"rotation":0,"texture":"#0"},"down":{"uv":[3.125,9.5,3.0,10.0],"tintindex":0,"rotation":0,"texture":"#0"}}},{"from":[10.846455,8.114067,6.4336824],"to":[12.846455,10.114067,6.4336824],"faces":{"south":{"uv":[11.375,3.5,11.625,3.75],"tintindex":0,"rotation":0,"texture":"#0"},"north":{"uv":[3.375,11.375,3.625,11.625],"tintindex":0,"rotation":0,"texture":"#0"}}},{"from":[6.1173167,7.6444397,4.433683],"to":[7.1173167,9.64444,6.4336824],"faces":{"east":{"uv":[11.75,1.5,11.5,1.75],"tintindex":0,"rotation":0,"texture":"#0"},"south":{"uv":[11.875,9.875,11.75,10.125],"tintindex":0,"rotation":0,"texture":"#0"},"north":{"uv":[11.875,9.25,11.75,9.5],"tintindex":0,"rotation":0,"texture":"#0"},"west":{"uv":[1.75,11.5,1.5,11.75],"tintindex":0,"rotation":0,"texture":"#0"},"up":{"uv":[11.75,10.5,11.875,10.25],"tintindex":0,"rotation":0,"texture":"#0"},"down":{"uv":[11.75,10.625,11.875,10.875],"tintindex":0,"rotation":0,"texture":"#0"}},"rotation":{"origin":[6.6173167,8.64444,5.433683],"angle":22.5,"axis":"z"}},{"from":[5.9828014,9.213394,4.033017],"to":[6.9828014,11.213394,5.033017],"faces":{"east":{"uv":[11.875,8.875,11.75,9.125],"tintindex":0,"rotation":0,"texture":"#0"},"south":{"uv":[11.875,8.5,11.75,8.75],"tintindex":0,"rotation":0,"texture":"#0"},"north":{"uv":[7.5,11.75,7.375,12.0],"tintindex":0,"rotation":0,"texture":"#0"},"west":{"uv":[11.875,7.75,11.75,8.0],"tintindex":0,"rotation":0,"texture":"#0"},"up":{"uv":[11.875,5.75,12.0,5.625],"tintindex":0,"rotation":0,"texture":"#0"},"down":{"uv":[11.875,5.875,12.0,6.0],"tintindex":0,"rotation":0,"texture":"#0"}},"rotation":{"origin":[6.4828014,10.213394,4.533017],"angle":-22.5,"axis":"x"}},{"from":[3.3464546,5.364067,5.933683],"to":[13.346455,7.364067,6.9336824],"faces":{"east":{"uv":[5.5,7.75,5.625,8.0],"tintindex":0,"rotation":0,"texture":"#0"},"south":{"uv":[5.0,2.75,6.25,3.0],"tintindex":0,"rotation":0,"texture":"#0"},"north":{"uv":[3.625,2.75,4.875,3.0],"tintindex":0,"rotation":0,"texture":"#0"},"west":{"uv":[1.25,8.375,1.375,8.625],"tintindex":0,"rotation":0,"texture":"#0"},"up":{"uv":[11.0,3.0,9.75,2.875],"tintindex":0,"rotation":0,"texture":"#0"},"down":{"uv":[11.125,9.25,9.875,9.375],"tintindex":0,"rotation":0,"texture":"#0"}}},{"from":[9.710108,9.213394,4.033017],"to":[10.710108,11.213394,5.033017],"faces":{"east":{"uv":[11.75,7.75,11.875,8.0],"tintindex":0,"rotation":0,"texture":"#0"},"south":{"uv":[11.75,8.5,11.875,8.75],"tintindex":0,"rotation":0,"texture":"#0"},"north":{"uv":[7.375,11.75,7.5,12.0],"tintindex":0,"rotation":0,"texture":"#0"},"west":{"uv":[11.75,8.875,11.875,9.125],"tintindex":0,"rotation":0,"texture":"#0"},"up":{"uv":[12.0,5.75,11.875,5.625],"tintindex":0,"rotation":0,"texture":"#0"},"down":{"uv":[12.0,5.875,11.875,6.0],"tintindex":0,"rotation":0,"texture":"#0"}},"rotation":{"origin":[10.210108,10.213394,4.533017],"angle":-22.5,"axis":"x"}},{"from":[6.8464546,3.8609304,3.4357781],"to":[9.846455,5.8609304,5.435778],"faces":{"east":{"uv":[11.375,10.25,11.625,10.5],"tintindex":0,"rotation":0,"texture":"#0"},"south":{"uv":[11.125,8.125,11.5,8.375],"tintindex":0,"rotation":0,"texture":"#0"},"north":{"uv":[11.125,7.375,11.5,7.625],"tintindex":0,"rotation":0,"texture":"#0"},"west":{"uv":[0.0,11.5,0.25,11.75],"tintindex":0,"rotation":0,"texture":"#0"},"up":{"uv":[9.25,11.375,8.875,11.125],"tintindex":0,"rotation":0,"texture":"#0"},"down":{"uv":[11.625,0.375,11.25,0.625],"tintindex":0,"rotation":0,"texture":"#0"}}},{"from":[3.8464546,8.114067,11.433683],"to":[5.8464546,10.114067,11.433683],"faces":{"south":{"uv":[11.375,6.125,11.625,6.375],"tintindex":0,"rotation":0,"texture":"#0"},"north":{"uv":[11.375,4.625,11.625,4.875],"tintindex":0,"rotation":0,"texture":"#0"}}},{"from":[3.8464546,8.114067,6.4336824],"to":[5.8464546,10.114067,6.4336824],"faces":{"south":{"uv":[11.375,9.25,11.625,9.5],"tintindex":0,"rotation":0,"texture":"#0"},"north":{"uv":[7.375,11.375,7.625,11.625],"tintindex":0,"rotation":0,"texture":"#0"}}},{"from":[9.846455,10.364067,9.183682],"to":[13.846455,12.364067,9.183682],"faces":{"south":{"uv":[2.0,10.75,2.5,11.0],"tintindex":0,"rotation":0,"texture":"#0"},"north":{"uv":[10.75,0.0,11.25,0.25],"tintindex":0,"rotation":0,"texture":"#0"}}},{"from":[9.575593,7.6444397,4.433683],"to":[10.575593,9.64444,6.4336824],"faces":{"east":{"uv":[1.5,11.5,1.75,11.75],"tintindex":0,"rotation":0,"texture":"#0"},"south":{"uv":[11.75,9.875,11.875,10.125],"tintindex":0,"rotation":0,"texture":"#0"},"north":{"uv":[11.75,9.25,11.875,9.5],"tintindex":0,"rotation":0,"texture":"#0"},"west":{"uv":[11.5,1.5,11.75,1.75],"tintindex":0,"rotation":0,"texture":"#0"},"up":{"uv":[11.875,10.5,11.75,10.25],"tintindex":0,"rotation":0,"texture":"#0"},"down":{"uv":[11.875,10.625,11.75,10.875],"tintindex":0,"rotation":0,"texture":"#0"}},"rotation":{"origin":[10.075593,8.64444,5.433683],"angle":-22.5,"axis":"z"}},{"from":[3.8464546,6.114067,6.4336824],"to":[12.846455,8.114067,11.433683],"faces":{"east":{"uv":[9.875,8.875,10.5,9.125],"tintindex":0,"rotation":0,"texture":"#0"},"south":{"uv":[3.25,9.0,4.375,9.25],"tintindex":0,"rotation":0,"texture":"#0"},"north":{"uv":[8.75,0.0,9.875,0.25],"tintindex":0,"rotation":0,"texture":"#0"},"west":{"uv":[10.0,0.0,10.625,0.25],"tintindex":0,"rotation":0,"texture":"#0"},"up":{"uv":[5.875,4.125,4.75,3.5],"tintindex":0,"rotation":0,"texture":"#0"},"down":{"uv":[6.125,1.25,5.0,1.875],"tintindex":0,"rotation":0,"texture":"#0"}}},{"from":[13.846455,10.364067,5.183683],"to":[13.846455,12.364067,9.183682],"faces":{"east":{"uv":[10.75,3.625,11.25,3.875],"tintindex":0,"rotation":0,"texture":"#0"},"west":{"uv":[10.75,4.0,11.25,4.25],"tintindex":0,"rotation":0,"texture":"#0"}}},{"from":[3.8464546,8.114067,6.4336824],"to":[3.8464546,10.114067,11.433683],"faces":{"east":{"uv":[10.125,6.75,10.75,7.0],"tintindex":0,"rotation":0,"texture":"#0"},"west":{"uv":[8.375,10.125,9.0,10.375],"tintindex":0,"rotation":0,"texture":"#0"}}},{"from":[12.846455,8.114067,6.4336824],"to":[12.846455,10.114067,11.433683],"faces":{"east":{"uv":[10.0,3.625,10.625,3.875],"tintindex":0,"rotation":0,"texture":"#0"},"west":{"uv":[10.0,4.0,10.625,4.25],"tintindex":0,"rotation":0,"texture":"#0"}}},{"from":[6.8464546,8.114067,7.433683],"to":[9.846455,13.114067,10.433683],"faces":{"east":{"uv":[0.625,9.125,1.0,9.75],"tintindex":0,"rotation":0,"texture":"#0"},"south":{"uv":[9.125,0.875,9.5,1.5],"tintindex":0,"rotation":0,"texture":"#0"},"north":{"uv":[7.875,9.0,8.25,9.625],"tintindex":0,"rotation":0,"texture":"#0"},"west":{"uv":[9.125,1.625,9.5,2.25],"tintindex":0,"rotation":0,"texture":"#0"},"up":{"uv":[10.75,1.875,10.375,1.5],"tintindex":0,"rotation":0,"texture":"#0"},"down":{"uv":[10.75,3.125,10.375,3.5],"tintindex":0,"rotation":0,"texture":"#0"}}},{"from":[3.3464546,5.364067,10.933683],"to":[13.346455,7.364067,11.933683],"faces":{"east":{"uv":[1.0,11.75,1.125,12.0],"tintindex":0,"rotation":0,"texture":"#0"},"south":{"uv":[8.25,3.25,9.5,3.5],"tintindex":0,"rotation":0,"texture":"#0"},"north":{"uv":[2.0,8.25,3.25,8.5],"tintindex":0,"rotation":0,"texture":"#0"},"west":{"uv":[1.25,11.75,1.375,12.0],"tintindex":0,"rotation":0,"texture":"#0"},"up":{"uv":[11.375,7.25,10.125,7.125],"tintindex":0,"rotation":0,"texture":"#0"},"down":{"uv":[11.5,4.375,10.25,4.5],"tintindex":0,"rotation":0,"texture":"#0"}}},{"from":[10.846455,8.114067,11.433683],"to":[12.846455,10.114067,11.433683],"faces":{"south":{"uv":[11.375,3.875,11.625,4.125],"tintindex":0,"rotation":0,"texture":"#0"},"north":{"uv":[3.75,11.375,4.0,11.625],"tintindex":0,"rotation":0,"texture":"#0"}}},{"from":[6.3464546,5.364067,3.933683],"to":[10.346455,8.364067,5.933683],"faces":{"east":{"uv":[2.125,9.75,2.375,10.125],"tintindex":0,"rotation":0,"texture":"#0"},"south":{"uv":[5.625,9.75,6.125,10.125],"tintindex":0,"rotation":0,"texture":"#0"},"north":{"uv":[5.0,9.75,5.5,10.125],"tintindex":0,"rotation":0,"texture":"#0"},"west":{"uv":[6.625,11.125,6.875,11.5],"tintindex":0,"rotation":0,"texture":"#0"},"up":{"uv":[6.5,11.125,6.0,10.875],"tintindex":0,"rotation":0,"texture":"#0"},"down":{"uv":[11.375,6.5,10.875,6.75],"tintindex":0,"rotation":0,"texture":"#0"}},"rotation":{"origin":[8.346455,6.864067,4.933683],"angle":22.5,"axis":"x"}},{"from":[3.3464546,5.364067,6.9336824],"to":[4.3464546,7.364067,10.933683],"faces":{"east":{"uv":[3.625,10.625,4.125,10.875],"tintindex":0,"rotation":0,"texture":"#0"},"south":{"uv":[11.625,8.125,11.75,8.375],"tintindex":0,"rotation":0,"texture":"#0"},"north":{"uv":[4.75,9.875,4.875,10.125],"tintindex":0,"rotation":0,"texture":"#0"},"west":{"uv":[10.625,7.75,11.125,8.0],"tintindex":0,"rotation":0,"texture":"#0"},"up":{"uv":[5.625,7.625,5.5,7.125],"tintindex":0,"rotation":0,"texture":"#0"},"down":{"uv":[5.375,8.25,5.25,8.75],"tintindex":0,"rotation":0,"texture":"#0"}}}],"display":{"gui":{"rotation":[30,225,0]}}}