{"textures":{"0":"modelengine:entity/sea_mine"},"elements":[{"from":[13.46875,13.714754,7.25],"to":[14.96875,15.214754,8.75],"faces":{"east":{"uv":[8.5,8.0,7.75,8.75],"tintindex":0,"rotation":0,"texture":"#0"},"south":{"uv":[8.75,7.0,8.0,7.75],"tintindex":0,"rotation":0,"texture":"#0"},"north":{"uv":[7.0,8.0,6.25,8.75],"tintindex":0,"rotation":0,"texture":"#0"},"west":{"uv":[7.75,8.0,7.0,8.75],"tintindex":0,"rotation":0,"texture":"#0"},"up":{"uv":[8.5,6.0,9.25,5.25],"tintindex":0,"rotation":0,"texture":"#0"},"down":{"uv":[8.5,6.0,9.25,6.75],"tintindex":0,"rotation":0,"texture":"#0"}},"rotation":{"origin":[14.0,8.0,8.0],"angle":45.0,"axis":"z"}},{"from":[12.684359,7.25,12.0],"to":[14.184359,8.75,13.5],"faces":{"east":{"uv":[7.0,8.0,7.75,8.75],"tintindex":0,"rotation":270,"texture":"#0"},"south":{"uv":[9.25,6.0,8.5,5.25],"tintindex":0,"rotation":0,"texture":"#0"},"north":{"uv":[9.25,6.0,8.5,6.75],"tintindex":0,"rotation":180,"texture":"#0"},"west":{"uv":[7.75,8.0,8.5,8.75],"tintindex":0,"rotation":90,"texture":"#0"},"up":{"uv":[6.25,8.0,7.0,8.75],"tintindex":0,"rotation":180,"texture":"#0"},"down":{"uv":[8.0,7.0,8.75,7.75],"tintindex":0,"rotation":0,"texture":"#0"}},"rotation":{"origin":[14.0,8.0,8.0],"angle":45.0,"axis":"x"}},{"from":[13.71875,-2.714755,7.5],"to":[14.71875,0.7852454,8.5],"faces":{"east":{"uv":[6.25,9.75,5.75,8.0],"tintindex":0,"rotation":0,"texture":"#0"},"south":{"uv":[8.5,7.0,8.0,5.25],"tintindex":0,"rotation":0,"texture":"#0"},"north":{"uv":[5.25,9.75,4.75,8.0],"tintindex":0,"rotation":0,"texture":"#0"},"west":{"uv":[5.75,9.75,5.25,8.0],"tintindex":0,"rotation":0,"texture":"#0"},"up":{"uv":[8.5,8.75,9.0,8.25],"tintindex":0,"rotation":0,"texture":"#0"},"down":{"uv":[8.5,7.75,9.0,8.25],"tintindex":0,"rotation":0,"texture":"#0"}},"rotation":{"origin":[14.0,8.0,8.0],"angle":-45.0,"axis":"z"}},{"from":[12.934359,13.5,7.5],"to":[13.934359,17.0,8.5],"faces":{"east":{"uv":[5.25,8.0,5.75,9.75],"tintindex":0,"rotation":0,"texture":"#0"},"south":{"uv":[8.0,5.25,8.5,7.0],"tintindex":0,"rotation":0,"texture":"#0"},"north":{"uv":[4.75,8.0,5.25,9.75],"tintindex":0,"rotation":0,"texture":"#0"},"west":{"uv":[5.75,8.0,6.25,9.75],"tintindex":0,"rotation":0,"texture":"#0"},"up":{"uv":[9.0,8.25,8.5,7.75],"tintindex":0,"rotation":0,"texture":"#0"},"down":{"uv":[9.0,8.25,8.5,8.75],"tintindex":0,"rotation":0,"texture":"#0"}},"rotation":{"origin":[14.0,8.0,8.0],"angle":45.0,"axis":"x"}},{"from":[13.46875,7.25,13.714754],"to":[14.96875,8.75,15.214754],"faces":{"east":{"uv":[8.5,8.0,7.75,8.75],"tintindex":0,"rotation":270,"texture":"#0"},"south":{"uv":[8.5,6.0,9.25,5.25],"tintindex":0,"rotation":0,"texture":"#0"},"north":{"uv":[8.5,6.0,9.25,6.75],"tintindex":0,"rotation":180,"texture":"#0"},"west":{"uv":[7.75,8.0,7.0,8.75],"tintindex":0,"rotation":90,"texture":"#0"},"up":{"uv":[7.0,8.0,6.25,8.75],"tintindex":0,"rotation":180,"texture":"#0"},"down":{"uv":[8.75,7.0,8.0,7.75],"tintindex":0,"rotation":0,"texture":"#0"}},"rotation":{"origin":[14.0,8.0,8.0],"angle":-45.0,"axis":"y"}},{"from":[12.684359,12.0,7.25],"to":[14.184359,13.5,8.75],"faces":{"east":{"uv":[7.0,8.0,7.75,8.75],"tintindex":0,"rotation":0,"texture":"#0"},"south":{"uv":[8.0,7.0,8.75,7.75],"tintindex":0,"rotation":0,"texture":"#0"},"north":{"uv":[6.25,8.0,7.0,8.75],"tintindex":0,"rotation":0,"texture":"#0"},"west":{"uv":[7.75,8.0,8.5,8.75],"tintindex":0,"rotation":0,"texture":"#0"},"up":{"uv":[9.25,6.0,8.5,5.25],"tintindex":0,"rotation":0,"texture":"#0"},"down":{"uv":[9.25,6.0,8.5,6.75],"tintindex":0,"rotation":0,"texture":"#0"}},"rotation":{"origin":[14.0,8.0,8.0],"angle":45.0,"axis":"x"}},{"from":[12.934359,-1.0,7.5],"to":[13.934359,2.5,8.5],"faces":{"east":{"uv":[5.25,9.75,5.75,8.0],"tintindex":0,"rotation":0,"texture":"#0"},"south":{"uv":[8.0,7.0,8.5,5.25],"tintindex":0,"rotation":0,"texture":"#0"},"north":{"uv":[4.75,9.75,5.25,8.0],"tintindex":0,"rotation":0,"texture":"#0"},"west":{"uv":[5.75,9.75,6.25,8.0],"tintindex":0,"rotation":0,"texture":"#0"},"up":{"uv":[9.0,8.75,8.5,8.25],"tintindex":0,"rotation":0,"texture":"#0"},"down":{"uv":[9.0,7.75,8.5,8.25],"tintindex":0,"rotation":0,"texture":"#0"}},"rotation":{"origin":[14.0,8.0,8.0],"angle":45.0,"axis":"x"}},{"from":[11.87776,12.561264,7.25],"to":[13.37776,14.061264,8.75],"faces":{"east":{"uv":[7.0,8.0,7.75,8.75],"tintindex":0,"rotation":0,"texture":"#0"},"south":{"uv":[8.0,7.0,8.75,7.75],"tintindex":0,"rotation":0,"texture":"#0"},"north":{"uv":[6.25,8.0,7.0,8.75],"tintindex":0,"rotation":0,"texture":"#0"},"west":{"uv":[7.75,8.0,8.5,8.75],"tintindex":0,"rotation":0,"texture":"#0"},"up":{"uv":[9.25,6.0,8.5,5.25],"tintindex":0,"rotation":0,"texture":"#0"},"down":{"uv":[9.25,6.0,8.5,6.75],"tintindex":0,"rotation":0,"texture":"#0"}},"rotation":{"origin":[14.0,8.0,8.0],"angle":-45.0,"axis":"z"}},{"from":[7.6843596,6.75,8.0],"to":[9.184359,9.25,8.0],"faces":{"south":{"uv":[4.75,8.0,4.0,9.25],"tintindex":0,"rotation":0,"texture":"#0"},"north":{"uv":[4.0,8.0,4.75,9.25],"tintindex":0,"rotation":0,"texture":"#0"}},"rotation":{"origin":[14.0,8.0,8.0],"angle":45.0,"axis":"x"}},{"from":[11.87776,7.25,1.9387355],"to":[13.37776,8.75,3.4387355],"faces":{"east":{"uv":[7.0,8.75,7.75,8.0],"tintindex":0,"rotation":270,"texture":"#0"},"south":{"uv":[9.25,6.75,8.5,6.0],"tintindex":0,"rotation":0,"texture":"#0"},"north":{"uv":[9.25,5.25,8.5,6.0],"tintindex":0,"rotation":180,"texture":"#0"},"west":{"uv":[7.75,8.75,8.5,8.0],"tintindex":0,"rotation":90,"texture":"#0"},"up":{"uv":[6.25,8.75,7.0,8.0],"tintindex":0,"rotation":180,"texture":"#0"},"down":{"uv":[8.0,7.75,8.75,7.0],"tintindex":0,"rotation":0,"texture":"#0"}},"rotation":{"origin":[14.0,8.0,8.0],"angle":-45.0,"axis":"y"}},{"from":[12.934359,7.5,13.5],"to":[13.934359,8.5,17.0],"faces":{"east":{"uv":[5.25,8.0,5.75,9.75],"tintindex":0,"rotation":270,"texture":"#0"},"south":{"uv":[9.0,8.25,8.5,7.75],"tintindex":0,"rotation":0,"texture":"#0"},"north":{"uv":[9.0,8.25,8.5,8.75],"tintindex":0,"rotation":180,"texture":"#0"},"west":{"uv":[5.75,8.0,6.25,9.75],"tintindex":0,"rotation":90,"texture":"#0"},"up":{"uv":[4.75,8.0,5.25,9.75],"tintindex":0,"rotation":180,"texture":"#0"},"down":{"uv":[8.0,5.25,8.5,7.0],"tintindex":0,"rotation":0,"texture":"#0"}},"rotation":{"origin":[14.0,8.0,8.0],"angle":45.0,"axis":"x"}},{"from":[12.684359,7.25,2.5],"to":[14.184359,8.75,4.0],"faces":{"east":{"uv":[7.0,8.75,7.75,8.0],"tintindex":0,"rotation":270,"texture":"#0"},"south":{"uv":[9.25,6.75,8.5,6.0],"tintindex":0,"rotation":0,"texture":"#0"},"north":{"uv":[9.25,5.25,8.5,6.0],"tintindex":0,"rotation":180,"texture":"#0"},"west":{"uv":[7.75,8.75,8.5,8.0],"tintindex":0,"rotation":90,"texture":"#0"},"up":{"uv":[6.25,8.75,7.0,8.0],"tintindex":0,"rotation":180,"texture":"#0"},"down":{"uv":[8.0,7.75,8.75,7.0],"tintindex":0,"rotation":0,"texture":"#0"}},"rotation":{"origin":[14.0,8.0,8.0],"angle":45.0,"axis":"x"}},{"from":[11.87776,7.25,12.561264],"to":[13.37776,8.75,14.061264],"faces":{"east":{"uv":[7.0,8.0,7.75,8.75],"tintindex":0,"rotation":270,"texture":"#0"},"south":{"uv":[9.25,6.0,8.5,5.25],"tintindex":0,"rotation":0,"texture":"#0"},"north":{"uv":[9.25,6.0,8.5,6.75],"tintindex":0,"rotation":180,"texture":"#0"},"west":{"uv":[7.75,8.0,8.5,8.75],"tintindex":0,"rotation":90,"texture":"#0"},"up":{"uv":[6.25,8.0,7.0,8.75],"tintindex":0,"rotation":180,"texture":"#0"},"down":{"uv":[8.0,7.0,8.75,7.75],"tintindex":0,"rotation":0,"texture":"#0"}},"rotation":{"origin":[14.0,8.0,8.0],"angle":45.0,"axis":"y"}},{"from":[13.71875,7.5,15.214754],"to":[14.71875,8.5,18.714756],"faces":{"east":{"uv":[6.25,8.0,5.75,9.75],"tintindex":0,"rotation":270,"texture":"#0"},"south":{"uv":[8.5,8.25,9.0,7.75],"tintindex":0,"rotation":0,"texture":"#0"},"north":{"uv":[8.5,8.25,9.0,8.75],"tintindex":0,"rotation":180,"texture":"#0"},"west":{"uv":[5.75,8.0,5.25,9.75],"tintindex":0,"rotation":90,"texture":"#0"},"up":{"uv":[5.25,8.0,4.75,9.75],"tintindex":0,"rotation":180,"texture":"#0"},"down":{"uv":[8.5,5.25,8.0,7.0],"tintindex":0,"rotation":0,"texture":"#0"}},"rotation":{"origin":[14.0,8.0,8.0],"angle":-45.0,"axis":"y"}},{"from":[18.43436,7.5,7.5],"to":[21.93436,8.5,8.5],"faces":{"east":{"uv":[9.0,8.25,8.5,7.75],"tintindex":0,"rotation":90,"texture":"#0"},"south":{"uv":[8.0,5.25,8.5,7.0],"tintindex":0,"rotation":90,"texture":"#0"},"north":{"uv":[4.75,8.0,5.25,9.75],"tintindex":0,"rotation":270,"texture":"#0"},"west":{"uv":[9.0,8.25,8.5,8.75],"tintindex":0,"rotation":90,"texture":"#0"},"up":{"uv":[5.75,8.0,6.25,9.75],"tintindex":0,"rotation":90,"texture":"#0"},"down":{"uv":[5.25,8.0,5.75,9.75],"tintindex":0,"rotation":90,"texture":"#0"}}},{"from":[12.12776,14.061264,7.5],"to":[13.12776,17.561264,8.5],"faces":{"east":{"uv":[5.25,8.0,5.75,9.75],"tintindex":0,"rotation":0,"texture":"#0"},"south":{"uv":[8.0,5.25,8.5,7.0],"tintindex":0,"rotation":0,"texture":"#0"},"north":{"uv":[4.75,8.0,5.25,9.75],"tintindex":0,"rotation":0,"texture":"#0"},"west":{"uv":[5.75,8.0,6.25,9.75],"tintindex":0,"rotation":0,"texture":"#0"},"up":{"uv":[9.0,8.25,8.5,7.75],"tintindex":0,"rotation":0,"texture":"#0"},"down":{"uv":[9.0,8.25,8.5,8.75],"tintindex":0,"rotation":0,"texture":"#0"}},"rotation":{"origin":[14.0,8.0,8.0],"angle":-45.0,"axis":"z"}},{"from":[13.71875,15.214754,7.5],"to":[14.71875,18.714756,8.5],"faces":{"east":{"uv":[6.25,8.0,5.75,9.75],"tintindex":0,"rotation":0,"texture":"#0"},"south":{"uv":[8.5,5.25,8.0,7.0],"tintindex":0,"rotation":0,"texture":"#0"},"north":{"uv":[5.25,8.0,4.75,9.75],"tintindex":0,"rotation":0,"texture":"#0"},"west":{"uv":[5.75,8.0,5.25,9.75],"tintindex":0,"rotation":0,"texture":"#0"},"up":{"uv":[8.5,8.25,9.0,7.75],"tintindex":0,"rotation":0,"texture":"#0"},"down":{"uv":[8.5,8.25,9.0,8.75],"tintindex":0,"rotation":0,"texture":"#0"}},"rotation":{"origin":[14.0,8.0,8.0],"angle":45.0,"axis":"z"}},{"from":[11.87776,1.9387355,7.25],"to":[13.37776,3.4387355,8.75],"faces":{"east":{"uv":[7.0,8.75,7.75,8.0],"tintindex":0,"rotation":0,"texture":"#0"},"south":{"uv":[8.0,7.75,8.75,7.0],"tintindex":0,"rotation":0,"texture":"#0"},"north":{"uv":[6.25,8.75,7.0,8.0],"tintindex":0,"rotation":0,"texture":"#0"},"west":{"uv":[7.75,8.75,8.5,8.0],"tintindex":0,"rotation":0,"texture":"#0"},"up":{"uv":[9.25,6.75,8.5,6.0],"tintindex":0,"rotation":0,"texture":"#0"},"down":{"uv":[9.25,5.25,8.5,6.0],"tintindex":0,"rotation":0,"texture":"#0"}},"rotation":{"origin":[14.0,8.0,8.0],"angle":45.0,"axis":"z"}},{"from":[12.12776,7.5,-1.561264],"to":[13.12776,8.5,1.9387355],"faces":{"east":{"uv":[5.25,9.75,5.75,8.0],"tintindex":0,"rotation":270,"texture":"#0"},"south":{"uv":[9.0,8.75,8.5,8.25],"tintindex":0,"rotation":0,"texture":"#0"},"north":{"uv":[9.0,7.75,8.5,8.25],"tintindex":0,"rotation":180,"texture":"#0"},"west":{"uv":[5.75,9.75,6.25,8.0],"tintindex":0,"rotation":90,"texture":"#0"},"up":{"uv":[4.75,9.75,5.25,8.0],"tintindex":0,"rotation":180,"texture":"#0"},"down":{"uv":[8.0,7.0,8.5,5.25],"tintindex":0,"rotation":0,"texture":"#0"}},"rotation":{"origin":[14.0,8.0,8.0],"angle":-45.0,"axis":"y"}},{"from":[12.934359,7.5,-1.0],"to":[13.934359,8.5,2.5],"faces":{"east":{"uv":[5.25,9.75,5.75,8.0],"tintindex":0,"rotation":270,"texture":"#0"},"south":{"uv":[9.0,8.75,8.5,8.25],"tintindex":0,"rotation":0,"texture":"#0"},"north":{"uv":[9.0,7.75,8.5,8.25],"tintindex":0,"rotation":180,"texture":"#0"},"west":{"uv":[5.75,9.75,6.25,8.0],"tintindex":0,"rotation":90,"texture":"#0"},"up":{"uv":[4.75,9.75,5.25,8.0],"tintindex":0,"rotation":180,"texture":"#0"},"down":{"uv":[8.0,7.0,8.5,5.25],"tintindex":0,"rotation":0,"texture":"#0"}},"rotation":{"origin":[14.0,8.0,8.0],"angle":45.0,"axis":"x"}},{"from":[12.12776,-1.561264,7.5],"to":[13.12776,1.9387355,8.5],"faces":{"east":{"uv":[5.25,9.75,5.75,8.0],"tintindex":0,"rotation":0,"texture":"#0"},"south":{"uv":[8.0,7.0,8.5,5.25],"tintindex":0,"rotation":0,"texture":"#0"},"north":{"uv":[4.75,9.75,5.25,8.0],"tintindex":0,"rotation":0,"texture":"#0"},"west":{"uv":[5.75,9.75,6.25,8.0],"tintindex":0,"rotation":0,"texture":"#0"},"up":{"uv":[9.0,8.75,8.5,8.25],"tintindex":0,"rotation":0,"texture":"#0"},"down":{"uv":[9.0,7.75,8.5,8.25],"tintindex":0,"rotation":0,"texture":"#0"}},"rotation":{"origin":[14.0,8.0,8.0],"angle":45.0,"axis":"z"}},{"from":[13.46875,0.7852454,7.25],"to":[14.96875,2.2852454,8.75],"faces":{"east":{"uv":[8.5,8.75,7.75,8.0],"tintindex":0,"rotation":0,"texture":"#0"},"south":{"uv":[8.75,7.75,8.0,7.0],"tintindex":0,"rotation":0,"texture":"#0"},"north":{"uv":[7.0,8.75,6.25,8.0],"tintindex":0,"rotation":0,"texture":"#0"},"west":{"uv":[7.75,8.75,7.0,8.0],"tintindex":0,"rotation":0,"texture":"#0"},"up":{"uv":[8.5,6.75,9.25,6.0],"tintindex":0,"rotation":0,"texture":"#0"},"down":{"uv":[8.5,5.25,9.25,6.0],"tintindex":0,"rotation":0,"texture":"#0"}},"rotation":{"origin":[14.0,8.0,8.0],"angle":-45.0,"axis":"z"}},{"from":[12.12776,7.5,14.061264],"to":[13.12776,8.5,17.561264],"faces":{"east":{"uv":[5.25,8.0,5.75,9.75],"tintindex":0,"rotation":270,"texture":"#0"},"south":{"uv":[9.0,8.25,8.5,7.75],"tintindex":0,"rotation":0,"texture":"#0"},"north":{"uv":[9.0,8.25,8.5,8.75],"tintindex":0,"rotation":180,"texture":"#0"},"west":{"uv":[5.75,8.0,6.25,9.75],"tintindex":0,"rotation":90,"texture":"#0"},"up":{"uv":[4.75,8.0,5.25,9.75],"tintindex":0,"rotation":180,"texture":"#0"},"down":{"uv":[8.0,5.25,8.5,7.0],"tintindex":0,"rotation":0,"texture":"#0"}},"rotation":{"origin":[14.0,8.0,8.0],"angle":45.0,"axis":"y"}},{"from":[12.684359,2.5,7.25],"to":[14.184359,4.0,8.75],"faces":{"east":{"uv":[7.0,8.75,7.75,8.0],"tintindex":0,"rotation":0,"texture":"#0"},"south":{"uv":[8.0,7.75,8.75,7.0],"tintindex":0,"rotation":0,"texture":"#0"},"north":{"uv":[6.25,8.75,7.0,8.0],"tintindex":0,"rotation":0,"texture":"#0"},"west":{"uv":[7.75,8.75,8.5,8.0],"tintindex":0,"rotation":0,"texture":"#0"},"up":{"uv":[9.25,6.75,8.5,6.0],"tintindex":0,"rotation":0,"texture":"#0"},"down":{"uv":[9.25,5.25,8.5,6.0],"tintindex":0,"rotation":0,"texture":"#0"}},"rotation":{"origin":[14.0,8.0,8.0],"angle":45.0,"axis":"x"}},{"from":[13.46875,7.25,0.7852454],"to":[14.96875,8.75,2.2852454],"faces":{"east":{"uv":[8.5,8.75,7.75,8.0],"tintindex":0,"rotation":270,"texture":"#0"},"south":{"uv":[8.5,6.75,9.25,6.0],"tintindex":0,"rotation":0,"texture":"#0"},"north":{"uv":[8.5,5.25,9.25,6.0],"tintindex":0,"rotation":180,"texture":"#0"},"west":{"uv":[7.75,8.75,7.0,8.0],"tintindex":0,"rotation":90,"texture":"#0"},"up":{"uv":[7.0,8.75,6.25,8.0],"tintindex":0,"rotation":180,"texture":"#0"},"down":{"uv":[8.75,7.75,8.0,7.0],"tintindex":0,"rotation":0,"texture":"#0"}},"rotation":{"origin":[14.0,8.0,8.0],"angle":45.0,"axis":"y"}},{"from":[13.71875,7.5,-2.714755],"to":[14.71875,8.5,0.7852454],"faces":{"east":{"uv":[6.25,9.75,5.75,8.0],"tintindex":0,"rotation":270,"texture":"#0"},"south":{"uv":[8.5,8.75,9.0,8.25],"tintindex":0,"rotation":0,"texture":"#0"},"north":{"uv":[8.5,7.75,9.0,8.25],"tintindex":0,"rotation":180,"texture":"#0"},"west":{"uv":[5.75,9.75,5.25,8.0],"tintindex":0,"rotation":90,"texture":"#0"},"up":{"uv":[5.25,9.75,4.75,8.0],"tintindex":0,"rotation":180,"texture":"#0"},"down":{"uv":[8.5,7.0,8.0,5.25],"tintindex":0,"rotation":0,"texture":"#0"}},"rotation":{"origin":[14.0,8.0,8.0],"angle":45.0,"axis":"y"}},{"from":[16.93436,7.25,7.25],"to":[18.43436,8.75,8.75],"faces":{"east":{"uv":[9.25,6.0,8.5,5.25],"tintindex":0,"rotation":90,"texture":"#0"},"south":{"uv":[8.0,7.0,8.75,7.75],"tintindex":0,"rotation":90,"texture":"#0"},"north":{"uv":[6.25,8.0,7.0,8.75],"tintindex":0,"rotation":270,"texture":"#0"},"west":{"uv":[9.25,6.0,8.5,6.75],"tintindex":0,"rotation":90,"texture":"#0"},"up":{"uv":[7.75,8.0,8.5,8.75],"tintindex":0,"rotation":90,"texture":"#0"},"down":{"uv":[7.0,8.0,7.75,8.75],"tintindex":0,"rotation":90,"texture":"#0"}}},{"from":[9.184359,4.0,4.0],"to":[17.18436,12.0,12.0],"faces":{"east":{"uv":[0.0,4.0,4.0,8.0],"tintindex":0,"rotation":0,"texture":"#0"},"south":{"uv":[4.0,0.0,8.0,4.0],"tintindex":0,"rotation":0,"texture":"#0"},"north":{"uv":[0.0,0.0,4.0,4.0],"tintindex":0,"rotation":0,"texture":"#0"},"west":{"uv":[4.0,4.0,8.0,8.0],"tintindex":0,"rotation":0,"texture":"#0"},"up":{"uv":[4.0,12.0,0.0,8.0],"tintindex":0,"rotation":0,"texture":"#0"},"down":{"uv":[12.0,0.0,8.0,4.0],"tintindex":0,"rotation":0,"texture":"#0"}},"rotation":{"origin":[14.0,8.0,8.0],"angle":45.0,"axis":"x"}}],"display":{"gui":{"rotation":[30,225,0]}}}